state,district,company_name,contact_name,emails,contact_numbers,total_installed_capacity_kwp,no_of_installations
GUJARAT,Ahmedabad,SOLARIUM GREEN ENERGY LIMITED,Solarium,np@solariumenergy.in,9687133338,21183,5621
GUJARAT,Ahmedabad,AUSTRALIAN PREMIUM SOLAR INDIA PVT LTD,EXECUTIVE,systems@australianpremiumsolar.co.in,7966006600,16567,4656
GUJARAT,Ahmedabad,SOLAR ACE,Solar Ace,project.solarace@gmail.com,9909037803,16311,4355
GUJARAT,Ahmedabad,BHANU ENTERPRISES,ANAND KOTHARI,akkothari1964@gmail.com,9263635946,13610,4090
GUJARAT,Ahmedabad,EFARM INTERNATIONAL PRIVATE LIMITED,efarmenergy,info@efarmenergy.com,9723610012,13421,3957
GUJARAT,Ahmedabad,AVIRAT ENERGY PVT LTD,KEYUR SAVALIYA,aviratenergy@gmail.com,9697443344,13421,3911
GUJARAT,Ahmedabad,BHANU PV SOLAR PVT LTD,VIMAL VINODBHAI RAIYANI,bhanupvsolarpvtltd@gmail.com,9510398989,13138,3770
GUJARAT,Ahmedabad,KSQUARE ENERGY PVT LTD,Mr. Vishal Punia,projects@ksquareenergy.com,9725218150,13876,3712
GUJARAT,Ahmedabad,GREENERA ENERTECH PVT LTD,SAGAR BHAYANI,greenera.solarenergy@gmail.com,9427726620,12599,3687
GUJARAT,Ahmedabad,POWERSHINE ENERGY,VISHBU BHALODI,powershineenergy1993@gmail.com,9723096888,10629,3099
GUJARAT,Ahmedabad,HEAVEN GREEN ENERGY LTD. (FORMERLY KNOWN AS HEAVEN SOLAR ENERGY PVT LTD),dipak khagad,heavensolarenergy@gmail.com,9979532167,10683,2896
GUJARAT,Ahmedabad,SANELITE SOLAR PVT LTD,SANELITE SOLAR PVT LTD,bhavesh.modi@sanelitesolar.com,9374021722,9579,2669
GUJARAT,Ahmedabad,MADHAV SOLAR ENERGY LIMITED (FORMERLY KNOWN AS MADHAV ENTERPRISE - SURAT),KRUTIKA AMIPARA,info@madhavsolarenergy.com,8849299212,8888,2614
GUJARAT,Ahmedabad,D-LIGHT SOLAR ENERGY LLP,PRATIK DHAMELIYA,epc@dlightsolarenergy.in,9898511535,7082,2609
GUJARAT,Ahmedabad,SATYAM SALES,SATYAM BOGHARA,kishanagroagencyamreli@gmail.com,9825360183,8693,2560
GUJARAT,Ahmedabad,INFRAX INTERNATIONAL,BHARGV VACHHANI,info@infraxsolar.com,7778002780,8438,2478
GUJARAT,Ahmedabad,ARIS SOLAR,RAHUL PATEL,arissolartech@gmail.com,9662336115,9288,2478
GUJARAT,Ahmedabad,GREEN ENERGY - RAJKOT,BHAVESH BHIMANI,greenenergy123@gmail.com,9428010202,8497,2431
GUJARAT,Ahmedabad,SHREEJI MARKETING - TALOD,RASHMIKANT TRIVEDI,rajuksales@gmail.com,9974612008,8392,2243
GUJARAT,Ahmedabad,CAPTAIN POLYPLAST LIMITED,CAPTAIN POLYPLAST LIMITED,solar@captainpolyplast.in,9313925889,7631,2237
GUJARAT,Ahmedabad,EARTHWAVE TECHNOLOGY PRIVATE LIMITED,EARTHWAVETECHNOLOGY@GMAIL.COM,EARTHWAVETECHNOLOGY@GMAIL.COM,9426373334,7616,2200
GUJARAT,Ahmedabad,SURYASE ENERGY,MADHAV PATEL,suryaseenergy@gmail.com,9662047390,8002,2148
GUJARAT,Ahmedabad,WATERSUN ELECTRICAL SOLUTIONS PVT LTD,SANDIPKUMAR J TRIVEDI,watersunelectrical@gmail.com,7016589864,7317,2115
GUJARAT,Ahmedabad,JANTA RENEWABLE ENRGY,PRASHANT CHUDASAMA,jantarenewableenergy@gmail.com,9898897373,7336,2112
GUJARAT,Ahmedabad,ANK SOLAR ENERGY,HIT A KHANDOR,anksolarenergy@gmail.com,9724816510,7926,2105
GUJARAT,Ahmedabad,MAHISAGAR SOLAR ENERGY,NAITIK PANCHAL,mahisagarsolarenergy23@gmail.com,8200154972,7753,2099
GUJARAT,Ahmedabad,SOLAR SMART PVT LTD,SOLAR SMART NP,solarsmart2021@gmail.com,7284000580,7267,2029
GUJARAT,Ahmedabad,INFINITY SOLAR - RAJKOT,chintan padaliya,infinitysolar2022@gmail.com,7201070799,6715,1932
GUJARAT,Ahmedabad,MARUTI SUNSOLREN,DOBARIYA MILANKUMAR VRAJLALA,marutisunsolren@gmail.com,8238145153,6075,1923
GUJARAT,Ahmedabad,EFFORTS SOLAR PRIVATE LIMITED (FORMERLY KNOWN AS EFFORTS ENTERPRISES),ADESH VANPARIYA,admin@effortsgroup.in,9067817117,6721,1861
GUJARAT,Ahmedabad,ADINSON ENERGY LLP,SAGAR PANELIYA,adinsonenergy2022@gmail.com,9724272728,6465,1850
GUJARAT,Ahmedabad,HARSH COMMUNICATION,CHINTAN PATHAK,harshcomm.solar@gmail.com,9137373727,6409,1840
GUJARAT,Ahmedabad,RK SUN POWER LLP,MR PARTH MADAAN,rksunpowertrading@gmail.com,9913785000,6789,1833
GUJARAT,Ahmedabad,GLOBAL SOLAR ENERGY,SAGAR VAKOTAR,globalsolar99@gmail.com,8866190358,6284,1809
GUJARAT,Ahmedabad,INFRAX RENEWABLE LIMITED,Bhavik Gandhi,pmsg@infraxrenewable.com,9033260985,6152,1760
GUJARAT,Ahmedabad,FERUS ENERGIES CO,PARESHBHAI V BORAD,info@ferusenergies.com,9913341342,6051,1743
GUJARAT,Ahmedabad,PETLAD SOJITRA TALUKA SAURAURJA UTPADAK SAHKARI MANDALI LIMITED,TRUSHAR PATEL,pssumandali@gmail.com,8140968999,6681,1740
GUJARAT,Ahmedabad,NEOCENT SOLAR SYSTEM LLP,MAYANK PATEL,m.neocent@gmail.com,9974710486,5748,1715
GUJARAT,Ahmedabad,BELIANCE ENERGY INDIA PVT.LTD.,BHARGAV KURJIBHAI PATOLIYA,belianceenergy@gmail.com,8511651364,5915,1703
GUJARAT,Ahmedabad,SHAYONAAM ENTERPRISE,PARTH MOLIYA,shayonaam12@gmail.com,9638766943,5929,1697
GUJARAT,Ahmedabad,HELIOSNATURAL RENEWTECH PRIVATE LIMITED,VISHAL KADIA,marketing@heliosnatural.com,7600052305,6001,1681
GUJARAT,Ahmedabad,GREEN WATT ENERGY,BHAUTIK KARKAR,info@greenwattenergy.co.in,9913853055,5279,1637
GUJARAT,Ahmedabad,CORWIND RENERGY LLP,VISHAL PRAJAPATI,corwind.renergy@gmail.com,9428490118,6258,1603
GUJARAT,Ahmedabad,RAJKOT E-BIKES AND SOLAR,VIPUL R FALDU,rajkotebikesandsolar@gmail.com,8306020890,5475,1573
GUJARAT,Ahmedabad,SURYANCE SOLAR,suryancesolar@gmail.com,suryancesolar@gmail.com,9664504655,5515,1534
GUJARAT,Ahmedabad,SUNCELL SOLAR LLP,Harsh,suncellsolarenergy@gmail.com,9512668884,5586,1511
GUJARAT,Ahmedabad,FRELIT ENERGY PRIVATE LIMITED,ANKUR KARKAR,frelitenergy@gmail.com,9512700130,5737,1500
GUJARAT,Ahmedabad,SKYVIEW POWER,DHAVAL PAMBHAR,skyviewpower17@gmail.com,8140055305,5143,1497
GUJARAT,Ahmedabad,SURYA SOLAR AND WATERS,NUMBER(S),rooftop@suryasolarwaters.com,9033266039,6069,1486
GUJARAT,Ahmedabad,HITECH SOLAR,JAYESH BALDHA,jayesh@hitechsolar.in,7600059073,5541,1481
GUJARAT,Ahmedabad,VEDANTA SOLAR,HARSH PATEL,info.vedantasolar@gmail.com,8140233119,5495,1462
GUJARAT,Ahmedabad,GLOBAL ENTERPRISE,BHAGIRATH DHANDHALIYA,globalsolarent@gmail.com,9924900304,5110,1432
GUJARAT,Ahmedabad,ANANYA SOLAR TECHNOLOGIES,KETUL PANDAV,sales.ananyasolar@gmail.com,7573850419,4636,1422
GUJARAT,Ahmedabad,INOX SOLAR ENERGY,RAVI KAPADIYA,inoxsolarenergy@gmail.com,9904604047,5054,1419
GUJARAT,Ahmedabad,AMAR JYOT SPRAY PUMP,RITESH PATEL,ajagriandsolar@gmail.com,9722227299,5198,1416
GUJARAT,Ahmedabad,SHREE SOLAR POWER,NILESH SORATHIYA,nileshsorthiya2@gmail.com,9727620417,5531,1365
GUJARAT,Ahmedabad,PRAVEG SOLAR,Vishwa Raval,office.praveg@gmail.com,9081714161,4880,1362
GUJARAT,Ahmedabad,SKY BLUE SOLAR,PRUTHVI GALANI,skybluesolar56@gmail.com,9824965349,3612,1337
GUJARAT,Ahmedabad,BHASKAR SOLAR ENTERPRISE,BHAVIK VANZARA,info.bhaskarsolar@gmail.com,8980451231,4749,1323
GUJARAT,Ahmedabad,JJ PV SOLAR PRIVATE LIMITED,RAJESH P JOSHI,rajesh@jjpvsolar.com,9904809006,4413,1310
GUJARAT,Ahmedabad,LOBEL SOLAR POWER SYSTEM,FENIL BHAVSAR,info@lobelpower.com,9327007854,4514,1282
GUJARAT,Ahmedabad,YUVAAN ENERGY PRIVATE LIMITED,JAY BHATT,sales@yuvaanenergy.com,9825045890,5081,1268
GUJARAT,Ahmedabad,ENJOY TECHNOLOGY,JAYESH DHAMELIYA,care.enjoytechnology@gmail.com,9727718887,4622,1267
GUJARAT,Ahmedabad,PERFECT RENEWTECH PRIVATE LIMITED,info@perfectrenewtech.com,info@perfectrenewtech.com,9965200700,4690,1254
GUJARAT,Ahmedabad,SKY POWER,SHAILESH PRAJAPATI,skypowersvp@gmail.com,9723070267,4291,1249
GUJARAT,Ahmedabad,ARKAY ICONIC PRIVATE LIMITED,MAULIK KACHHADIYA,arkaysolar@gmail.com,8401236600,4162,1248
GUJARAT,Ahmedabad,ALFA SOLAR ENERGY,ASHVIN PANSARA,alfasolarenergy2020@gmail.com,9825374250,4146,1220
GUJARAT,Ahmedabad,JAIMAX SUNBIM PVT LTD,SANATAN PATEL,jaimaxsunbim@gmail.com,8980024055,4237,1214
GUJARAT,Ahmedabad,SHREE UMIYA CORPORATION,CHIRAG PATEL,shreeumiyacorp@gmail.com,8866731185,4197,1203
GUJARAT,Ahmedabad,AMPERE GREEN ENERGY,MIT KAVATHIYA,amperegreenenergy@gmail.com,9033116472,4443,1203
GUJARAT,Ahmedabad,BELIEVER RENEWAL ENERGY,DHRUVIL LATHIYA,bre.solar20@gmail.com,7434972242,4357,1191
GUJARAT,Ahmedabad,SURYA URJA SYSTEMS,manish prajapati,suryaurjasystems@gmail.com,9824276142,4547,1174
GUJARAT,Ahmedabad,AAI SHREE KHODIYAR FEBRICATION,JAYESH PATOLIYA,ASKF2024@GMAIL.COM,9725001682,4116,1168
GUJARAT,Ahmedabad,UNIQUE ELECTRICAL,MAYUR VASTARPARA,sales.epc2016@gmail.com,9099000148,4310,1165
GUJARAT,Ahmedabad,SUNFREE ENERGY,ALOK PATEL,sunfreeenergy2017@gmail.com,7600002358,4802,1165
GUJARAT,Ahmedabad,SUNSNATCH SOLUTIONS LLP,NUMBER(S),monark.sunsnatch@gmail.com,7698536878,4985,1138
GUJARAT,Ahmedabad,PRAGATI INDUSTRIES,NUMBER(S),pragatipv8@gmail.com,9428799552,5065,1131
GUJARAT,Ahmedabad,WHITESUN GREEN ENERGY PRIVATE LIMITED,RAKESH BHUDIA,rakesh.bhudia14@hotmail.com,8511740671,3824,1130
GUJARAT,Ahmedabad,PRINCE ELECTRICAL,HARSH PATEL,princeelectrical20@gmail.com,8866507173,4047,1129
GUJARAT,Ahmedabad,AARISH POWER,HARSH PATEL,harshpatel5268@gmail.com,7600621060,3949,1121
GUJARAT,Ahmedabad,LGM ENERGY AND INFRACON LLP,ASHISH MOVALIYA,lgmenergyandinfraconllp@gmail.com,7574000906,3927,1120
GUJARAT,Ahmedabad,JANSA SOLAR SOLUTIONS PVT LTD,NIMIT GUPTA,jansa@kalptaru.co.in,9998000769,4291,1110
GUJARAT,Ahmedabad,SYNCHRO ENERGY,ZULASANA MANJULABEN NILESHBHAI,synchroenergy389@gmail.com,9974737316,3824,1108
GUJARAT,Ahmedabad,MANGROLIYA NIKUNJ J.,MANGROLIYA NIKUNJ J.,nikunjmangroliya54@gmail.com,8866685082,3612,1099
GUJARAT,Ahmedabad,SCION POWER,SHUBHAM SAVALIYA,scionpower@yahoo.com,7043511106,3650,1095
GUJARAT,Ahmedabad,H AND S ENGINEERING,HARSH PATEL,HSENGINEERING9698@GMAIL.COM,8980818699,3733,1092
GUJARAT,Ahmedabad,ZODIAC ENERGY LIMITED,KARTIK PATEL,info@zodiacenergy.com,7861852582,4476,1088
GUJARAT,Ahmedabad,AILIS ENERGY PRIVATE LIMITED,MEHUL PRAJAPATI,suryagujarat@ailisenergy.com,8401541048,4328,1086
GUJARAT,Ahmedabad,SHREEJI ENTERPRISE-SURAT,NITULKUMAR B MORADIYA,epc.solar@shreejiconstruction.com,9825108890,3885,1085
GUJARAT,Ahmedabad,AHAD SOLARTECH,SHABBIRALI ABBASALI SUTHAR,ahad.solartech@gmail.com,9724259440,3765,1076
GUJARAT,Ahmedabad,APS ROOFTOP SOLAR PRIVATE LIMITED,EXECUTIVE,info@apsrooftopsolar.co.in,7966009900,3926,1072
GUJARAT,Ahmedabad,ASV ENERGY SOLUTIONS,Vikas Singhal,vikas30.asv@gmail.com,7879064335,3867,1067
GUJARAT,Ahmedabad,RAICHURA ENERGY,MIHIR RAICHURA,raichuraenergy@gmail.com,9879152830,3704,1062
GUJARAT,Ahmedabad,POWER TECH ENERGY SOLUTUIONS,DWIP PARIKH,epc@ptes.in,6357502081,3681,1054
GUJARAT,Ahmedabad,RADIANT GREENS SOLAR,NIKUNJ SAGAR POTRA,info@radiantgreens.in,8140316334,4072,1050
GUJARAT,Ahmedabad,ICON ENERGY,HARSH PATEL,info@iconenergy.in,9909999162,3670,1050
GUJARAT,Ahmedabad,GLOBAL SOLAR SOLUTION,MOKSHAK BODA,moxakboda111@gmail.com,8460820618,3411,1050
GUJARAT,Ahmedabad,VARDHAN SALES,VARDHAN,vardhansolar91@gmail.com,9512020935,3632,1046
GUJARAT,Ahmedabad,RADIANT SOLAR SOLUTIONS,PARESH@RADIANTSOLARSOLUTION.COM,paresh@radiantsolarsolution.com,9979632096,3542,1016
GUJARAT,Ahmedabad,SHIVAY SOLAR ENERGY PRIVATE LIMITED,SANJAY PRAJAPATI,sanjay1482@gmail.com,7490013700,3730,1013
GUJARAT,Ahmedabad,LIGHTRIC POWER SOLUTION,BHAUMIK PATEL,lightricpower@gmail.com,6355768984,3597,1005
GUJARAT,Ahmedabad,PATWA MARKETING,NIGAM SHAH,nigam82002@yahoo.co.in,9825622939,3825,996
GUJARAT,Ahmedabad,DELICATE SOLAR PRIVATE LIMITED,JEMISH J GABANI,gabanijemish3@gmail.com,8238340836,3653,974
GUJARAT,Ahmedabad,ZAVICH INFRASTRUCTURE AND POWER PVT LTD,ROHAN PATEL,zavichinfra@gmail.com,9106129608,3719,950
GUJARAT,Ahmedabad,ULTRASUN ENERGY,DEEP JAYANTIBHAI PATEL,info@ultrasunenergy.com,9909911071,3187,949
GUJARAT,Ahmedabad,SOLSKIN ENERGY LLP,ASHUTOSH MAKATI,solskinenergy@gmail.com,8128988878,3314,949
GUJARAT,Ahmedabad,TRIZONE POWER,GOSAI SANJAYGIRI,trizonepower05@gmail.com,9638052084,3619,948
GUJARAT,Ahmedabad,GRACE RENEWABLE ENERGY PVT LTD,MANISH BAGDIA,project1@gracerenew.com,7573027788,3988,946
GUJARAT,Ahmedabad,SUNBOOST PRIVATE LTD,PIYUSH KUMAR NATVARLAL PATEL,info@sunboostenergy.com,9104227788,3602,944
GUJARAT,Ahmedabad,SOLARSQUARE ENERGY PRIVATE LIMITED,SolarSquare,nationalportal@solarsquare.in,9830003000,3934,943
GUJARAT,Ahmedabad,KRISHIV ENTERPRISE,PANSURIYA JAIVIN SAMJUBHAI,jevinpansuriya4@gmail.com,7359294060,3130,940
GUJARAT,Ahmedabad,RADHE ELECTRICAL,Sanjay Patel,radheelectrical24@gmail.com,9601294783,3294,936
GUJARAT,Ahmedabad,RADIANT GREEN SOLUTIONS,MANTHAN DAVDA,davda.manthan@yahoo.in,9978911803,3388,935
GUJARAT,Ahmedabad,ONIX RENEWABLE LIMITED,NAMAN VIRADIYA,naman.viradiya@onixrenewable.in,9586043661,2988,935
GUJARAT,Ahmedabad,ELLENCE ENERGY LLP,DHAVAL PATEL,dhaval@ellenceenergy.com,9054073345,2968,933
GUJARAT,Ahmedabad,VITRAG TECHNO PRIVATE LIMITED,VIVEK MANJIBHAI DANKHARA,ad.vitragsolar@gmail.com,7778882668,3256,929
GUJARAT,Ahmedabad,MADYSON ELECTRICAL,SRUJAL PATEL,madyson.electrical41@gmail.com,9998864567,3308,927
GUJARAT,Ahmedabad,SUNSKY SOLAR,SUNSKY,trdesai@sunskysolar.co.in,9727518665,3305,923
GUJARAT,Ahmedabad,ARRAY ENERGY SOLUTION,NUMBER(S),ceo.arrayenergysolution@gmail.com,9979898440,3466,923
GUJARAT,Ahmedabad,SHREE RAM SOLAR RAJKOT,VIKESH CHOVATIYA,vikeshchovatiya@gmail.com,9898921527,3103,916
GUJARAT,Ahmedabad,SAMRUDDDHI ENTERPRISE,DHARA SAGAR LAMBA,samruddhienterprise22@gmail.com,9033676399,3299,903
GUJARAT,Ahmedabad,SOMPOWER ENTERPRISE,YASH S SOMPORA,sompower.enterprise@gmail.com,9879615264,3268,891
GUJARAT,Ahmedabad,GURUKRUPA SOLAR AND AGRO INDUSTRIES,VISHAL PRAJAPATI,vishal@vishal-group.com,9328854525,3318,887
GUJARAT,Ahmedabad,URJASTROT PRIVATE LIMITED,Urjastrot,urjastrotenterprise@gmail.com,7621010012,3178,885
GUJARAT,Ahmedabad,MAHADEV SALES AGENCY,Raval Kishankumar Dashrathbhai,mahadevsolarproject@gmail.com,7393939139,3043,880
GUJARAT,Ahmedabad,UNIQUE SOLAR SERVICE,PARMAR RANJITSINH,UNIQUESOLARSERVICERAJKOT@GMAIL.COM,7046082382,3071,878
GUJARAT,Ahmedabad,GARUDA POWER,DHAVALSINH KHATANA,garudapower26@gmail.com,9016555765,3214,873
GUJARAT,Ahmedabad,OXEN ENERGIES,BIPIN SAVALIYA,oxenenergies@gmail.com,8866699444,2964,869
GUJARAT,Ahmedabad,MEGHAL POWER,GIRISHBHAI HIRABHAI KARAMATA,meghalpower23@gmail.com,9712726390,2954,865
GUJARAT,Ahmedabad,JAFFINS ENTERPRISE,JAFAR KAPASI,solarbhavnagar@gmail.com,9375465252,2976,858
GUJARAT,Ahmedabad,SOLIS ENERGY SYSTEM,BHARGAV A PANENIYA,bhargavpaneliya@solisenergysystem.com,9601270077,2841,851
GUJARAT,Ahmedabad,MECPOWER SOLUTIONS LIMITED,MANOJ SHAH,tender@mecpower.in,9328911577,3043,849
GUJARAT,Ahmedabad,DGR ENERGY PRIVATE LIMITED,Jigar Shukla,dgrenergygroup@gmail.com,8128603082,3199,847
GUJARAT,Ahmedabad,TVARIT ENERGY LLP,JAYKUMAR HARSUKHBHAI PATEL,meet@tvritenergy.in,8511600853,2722,843
GUJARAT,Ahmedabad,SURYAKAMAL INFRA PVT.LTD.,Suryakamalinfra,sales@suryakamalinfra.com,9727756866,2919,840
GUJARAT,Ahmedabad,VIDE ENERGY,VIRANG PATEL,ankita.videenergy@gmail.com,9712668268,3395,836
GUJARAT,Ahmedabad,SPARCO MULTIPLAST PVT LTD,JEET SHAH,info@sparcoenergy.com,9409269062,2721,834
GUJARAT,Ahmedabad,TROM INDUSTRIES LIMITED,KETUL PANCHASARA,marketing@tromsolar.in,9081017444,2950,827
GUJARAT,Ahmedabad,PAHAL SOLAR EPC LLP,AVINASH SHINGALA,avinash@pahalsolar.com,9512323223,3029,827
GUJARAT,Ahmedabad,KIRTAN MARKETING,SHILUBHAI PATEL,kirtanmarketing@gmail.com,9714440026,2745,827
GUJARAT,Ahmedabad,SOLAR SUNPOWER,MANOJ SHELADIYA,solarsunpower2020@gmail.com,8238835771,2633,826
GUJARAT,Ahmedabad,COSMIC POWER TECH,CHARCHIL SHAH,cosmicpowertech@gmail.com,9313720672,3034,824
GUJARAT,Ahmedabad,SKYWIN SOLAR,SANKET BHALODIA,skywinsolar@gmail.com,7984435493,2818,822
GUJARAT,Ahmedabad,SIMMS ENGINEERING PVT LTD,VISHAL DHOYDA,simms_eng@yahoo.co.in,9825142376,2999,815
GUJARAT,Ahmedabad,SHREE KHODIYAR REFRIGERATION SALES AND SERVICE,MANISH PATEL,shreekhodiyarref85@gmail.com,9825289293,2835,813
GUJARAT,Ahmedabad,P AND N ENGINEERING AND MARKETING,PANDN ENGINEERING,pandnsolarenergy@gmail.com,7622023251,2765,810
GUJARAT,Ahmedabad,SHREE KRISHNA ENERGY,SARLABEN SHIRISHBHAI SHAH,shreekrishna.energy@gmail.com,9979559334,3048,803
GUJARAT,Ahmedabad,E2 SOLUTIONS,SAVAN PATEL,e2solutions.ahm@gmail.com,9409049645,2710,802
GUJARAT,Ahmedabad,GREENTECH ENERGY,PIYUSH BHUVA,bhuvapiyush89@gmail.com,7990053035,2777,800
GUJARAT,Ahmedabad,SGK SOLAR,DIPAK KARSHAN DHADUK,sgksolarrjt@gmail.com,9313885348,2661,798
GUJARAT,Ahmedabad,INFINITY SOLAR - SURAT,MANTHAN ANAGHAN,infinity.solar01@gmail.com,8866860686,2739,798
GUJARAT,Ahmedabad,EVERGREEN RENEWABLE TECHNOLOGIES,ASHISHKUMAR VASANTBHAI PANCHAL,ashishpanchal888@gmail.com,7359743295,2723,793
GUJARAT,Ahmedabad,JAI SOMNATH ENTERPRISE,KISHAN GUNVANTRAI TRIVEDI,msjaisomnathenterprise@gmail.com,9979990909,2715,789
GUJARAT,Ahmedabad,EARTH WISE ENERGIES,MILAN PATHAK,earthwiseenergies@gmail.com,9033330463,3028,789
GUJARAT,Ahmedabad,SHREEJI SOLAR & SERVICES,NEEL SANJAYBHAI VADERA,NILVADERA141@GMAIL.COM,9106331904,2597,784
GUJARAT,Ahmedabad,ONEVOLT GREEN PVT LTD,AKSHAY MAGANBHAI VORA,onevoltgreens@gmail.com,9925292721,2615,783
GUJARAT,Ahmedabad,DIGI SOLAR ENERGY,NIKUNJ VAGHASIYA,digisolarenergy@gmail.com,9687818686,2843,777
GUJARAT,Ahmedabad,ELIOS ENERGY,SAGAR RAVAL,info@eliosenergy.co.in,7016192219,2748,775
GUJARAT,Ahmedabad,NAVKAR POWER SOLUTIONS,MERUP SHAH,contact@navkarpower.co.in,9879613334,2939,769
GUJARAT,Ahmedabad,CHEHAR ENERGY,PRAJAPATI RAJAT VISHNUBHAI,cheharenergy@gmail.com,9998077796,3096,767
GUJARAT,Ahmedabad,KARTAVY AGROTECH,TEJASBHAI VINUBHAI BAVISIYA,kartavysolar@gmail.com,9426465233,2677,762
GUJARAT,Ahmedabad,RUDRA SOLAR ENERGY,RUDRA SOLAR ENERGY,info.rudrasolar@gmail.com,9427903084,2609,747
GUJARAT,Ahmedabad,GREEN FEEDS,DHAVAL PATEL,greenfeedsolar@gmail.com,9426780778,2904,747
GUJARAT,Ahmedabad,RUDRA SOLAR AND ELECTRICAL,SHAKTISINH GOHIL,rudrasolar2019@gmail.com,9510514672,2575,741
GUJARAT,Ahmedabad,ANUPAM SMART ENERGY SOLAR,RAMANI KAUSHIK MANUBHAI,anupamsmartenergy@gmail.com,9601719818,2766,740
GUJARAT,Ahmedabad,RIA SOLAR,PANKAJ KANANI,riasolar2021@gmail.com,8320210323,2397,738
GUJARAT,Ahmedabad,R. K. CONSTRUCTION,RAMESH S KAMBARIYA,rkconstruction101@gmail.com,9106065865,2517,737
GUJARAT,Ahmedabad,POWERMAC TECHNOLOGY,VIRENDRA RANA,info@powermacgroup.com,9099939972,2596,735
GUJARAT,Ahmedabad,MAHAVEER ENTRPRISE,BHAUMIK PATEL,me.solarmaster@gmail.com,7878647771,2539,734
GUJARAT,Ahmedabad,IMPULSE SYSTEM,PRASHANT PANCHAL,info@impulsesystem.in,9426471057,2907,732
GUJARAT,Ahmedabad,SHREE SURYA SOLAR SOLUTION,HARDIK SANGHVI,shreesurya2016@gmail.com,8000720006,2763,731
GUJARAT,Ahmedabad,FOURSUN SOLAR,SAGAR PIPALIYA,project@foursunsolar.co.in,7435023502,2560,726
GUJARAT,Ahmedabad,SUNSPOT,YUVRAJSINH DABHI,msn.sunspot@gmail.com,6356810701,2614,723
GUJARAT,Ahmedabad,SHREEJI ENTERPRISE - MANJALPUR,ANKIT MEHTA,shreejienergy844@gmail.com,7041803421,2628,720
GUJARAT,Ahmedabad,SOLARATIVE ENERGY SOLUTION,ASHIK SHAH,pavan.solarative@gmail.com,9327151411,2661,719
GUJARAT,Ahmedabad,RSV POWER ENGINEERING,RINKAL KUNAL SUNAVIA,rsv.power.engineering@gmail.com,9033590507,2995,714
GUJARAT,Ahmedabad,P V ENERGY,PRATIK BHATT,pvenergy999@gmail.com,9924195999,2635,707
GUJARAT,Ahmedabad,OCEANIC POWER ENGINEERS PRIVATE LIMITED,SOYEB PATEL,oceanicpower.in@gmail.com,7778065600,2953,707
GUJARAT,Ahmedabad,MITRAYA ELECTRICAL,SANJAY CHAUHAN,mitrayaelectrical@gmail.com,7016415834,2471,707
GUJARAT,Ahmedabad,GETWAY ENERGY,ATUL GOYANI,getwayenergy@gmail.com,9925827815,2356,707
GUJARAT,Ahmedabad,EMPYREAL SOLAR,GHANSHYAM CHOVATIYA,liaison@empyreAlsolar.in,9099526261,2376,705
GUJARAT,Ahmedabad,URATOM SOLAR INDIA PVT LTD,NIHIT DOBARIA,pv@uratom.com,9925099249,2400,704
GUJARAT,Ahmedabad,IMPERIUM POWERTECH,VANRAJ KOTHIWAL,imperiumtender@gmail.com,9054457166,2387,704
GUJARAT,Ahmedabad,SATTVA ENERGIES,DHRUV PATEL,sattvaenergies@gmail.com,8401156604,2707,701
GUJARAT,Ahmedabad,GIMS ENERGY PRIVATE LIMITED (FORMERLY KNOWN AS GUPTA INDUSTRIAL MAINTENANCE SERVICES PVT.LTD),YASH GUPTA,yash@gimsindia.com,9879806111,2798,701
GUJARAT,Ahmedabad,RK RENEWABLE ENERGY & ENGINEERING WORKS,Jayendrasinh Rathod,rkrenewable.engineering2020@gmail.com,9824961523,2671,694
GUJARAT,Ahmedabad,SHREE GAJANAND ENERGIES,magicwithparth@gmail.com,magicwithparth@gmail.com,6351126699,2406,692
GUJARAT,Ahmedabad,REDREN ENERGY PVT LTD,VIJAY BADIANI,rooftop@redren.in,9104591041,2373,690
GUJARAT,Ahmedabad,SHREE HARI SOLAR,RAVIT PATEL,patelravit1@gmail.com,9819049759,2383,688
GUJARAT,Ahmedabad,VAGHASIA HITESH B,HITESH VAGHASIA,vaghasia_hitesh@yahoo.com,9979773121,2350,685
GUJARAT,Ahmedabad,SOHAM TECHNO SOLUTIONS,NUMBER(S),stssolar.document@gmail.com,9274349757,2444,684
GUJARAT,Ahmedabad,SHREEJI SOLAR ENERGY SYSTEMS,BHAGVATIBEN PATEL,snpatel2605@gmail.com,9712914272,2392,677
GUJARAT,Ahmedabad,24R ENERGY,ABHINAV GAHARWAR SINGH,abhinav.24renergy@gmail.com,9898881359,2741,677
GUJARAT,Ahmedabad,QORX ENERGY,BHAVESH GOSWAMI,qorxenergy1366@gmail.com,9904000629,2448,673
GUJARAT,Ahmedabad,DK SOLAR TECHNOLOGY,RAJESH HARSHUKHBHAI BHUVA,dksolartechno@gmail.com,9824998007,2453,673
GUJARAT,Ahmedabad,URJA ASSISTANCE,PALLAV GODHANI,gujarat@urjaassistance.com,9724806341,2375,667
GUJARAT,Ahmedabad,SKY WINGS SOLAR ENERGY,NISHIT PATEL,skywingssolar@gmail.com,9974839830,2547,666
GUJARAT,Ahmedabad,YOG ENTERPRISE,SHETA HETALBEN SATISHBHAI,yogenterprise.vallabhipur@gmail.com,7600790079,2303,657
GUJARAT,Ahmedabad,JIYAAN SOLAR COMPANY,BIPINCHANDRA NIMAVAT,jiyaansolar.co@gmail.com,8160645436,2448,657
GUJARAT,Ahmedabad,GREEN POWER SOLUTION,HARDIK P DARJI,darjihardik777@gmail.com,8141216635,2322,655
GUJARAT,Ahmedabad,FLAME SOLREN PRIVATE LIMITED,SANDIP HADIYA,operations@flamesolren.com,8849478907,2474,651
GUJARAT,Ahmedabad,SUNTECH ENERGY,CHIRAG KHANDELWAL,sales@suntechenergy.co.in,7383932396,2213,649
GUJARAT,Ahmedabad,RISING ENERGY SOLUTIONS,DIPESHKUMAR PATEL,risingenergy@yahoo.com,7990391839,2337,648
GUJARAT,Ahmedabad,SHREE MARUTI SOLAR ENERGY,NUMBER(S),shreemarutisolarenergy@gmail.com,8320045640,2158,639
GUJARAT,Ahmedabad,FUSION TECHNOLOGIES,PRIYANK PATEL,fusiontech025@gmail.com,8200697067,2308,639
GUJARAT,Ahmedabad,AHAD ENERGY,SALIM LOHANI,info@ahadenergy.in,9737673768,2233,637
GUJARAT,Ahmedabad,U R ENERGY INDIA PVT LTD,Mr. ALPESH DESAI,india@urenergyglobal.com,9512040442,2463,636
GUJARAT,Ahmedabad,EURO SOLAR SYSTEM,DARSHAN PATEL,eurosolarsystem@gmail.com,6351892467,2381,635
GUJARAT,Ahmedabad,AHMEDABAD SOLAR,RAVI CHAUDHARY,ravichaudhary1403@gmail.com,9512365653,2782,635
GUJARAT,Ahmedabad,SMIT ENGINEERING SOLUTION,MADHUR PATEL,smitengineering10@gmail.com,9033381684,2531,631
GUJARAT,Ahmedabad,SOLINE SOLAR PRIVATE LIMITED,NUMBER(S),info@soline.in,9898535056,2285,626
GUJARAT,Ahmedabad,AYAN SOLAR ENERGY,BHAVESH PRAJAPATI,ayansolar25@gmail.com,7623886775,2055,624
GUJARAT,Ahmedabad,IDEAL ELECTRICAL,BHAVIN C. PATEL,idealelectric7@gmail.com,9638324167,2187,620
GUJARAT,Ahmedabad,BHAVI URJA,BHARATBHAI VALLABHBHAI PATEL,bhaviurja@gmail.com,9377359007,2174,619
GUJARAT,Ahmedabad,SOLAR TECH WORLD,MANISH SITLANI,support@solartechworld.com,8460728007,2317,616
GUJARAT,Ahmedabad,RAGHURAM SOLAR POWER GREEN ENERGY LLP,RAJKUMAR G. DANGAR,raghuramsolar9@gmail.com,7575019877,2109,614
GUJARAT,Ahmedabad,SOLAR GREEN DEVELOPERS,PARTH PATEL,solargreendevelopers@gmail.com,9924507751,2081,611
GUJARAT,Ahmedabad,UNITY ENERGY SOLUTION,DHARM PARIKH,unityenergysolution@gmail.com,9099094027,2256,607
GUJARAT,Ahmedabad,JANGID SOLAR ENERGY PVT LTD,JAYKUMAR JANGID,info@jsepl.in,6358931609,2307,602
GUJARAT,Ahmedabad,SOLAR CLEAN ENERGY,NIKUNJ AMRUTLAL PRAJAPATI,socleanenergy@gmail.com,6354418196,2494,601
GUJARAT,Ahmedabad,HINDUSTAN SOLAR AND POWER PACK,MUKESH BHUVA,hindustansolar86@gmail.com,7016087359,2069,601
GUJARAT,Ahmedabad,SOLAR ENERGY,TEJAS GAJJAR,solarpioneer19@gmail.com,9033868265,2246,593
GUJARAT,Ahmedabad,SHREE GANGESHWAR ENGINEERING PRIVATE LIMITED,NUMBER(S),shreegangeshwarengineering@gmail.com,9157974445,2027,590
GUJARAT,Ahmedabad,GS POWERTECH,NUMBER(S),info.gspowertech@gmail.com,7567438385,1944,589
GUJARAT,Ahmedabad,SHIVAM PHOTOVOLTICS PVT LTD,HARSHAD RAIYA,tenders@spvpl.com,9426023829,2228,585
GUJARAT,Ahmedabad,ARK SOLAR ENERGY SOLUTIONS,NUMBER(S),arksolarenergy3@gmail.com,7874463444,2026,585
GUJARAT,Ahmedabad,SAURASHTRA SOLAR SERVICES LLP,NUMBER(S),SaurashtraSolar.Gujrat@gmail.com,9925448033,2088,581
GUJARAT,Ahmedabad,EVAANTA ENERGY,HARDIP BHARATBHAI GAJIPARA,info@evaantaenergy.com,9712326261,1263,578
GUJARAT,Ahmedabad,TITAN ENERGY,BHARGAV SAVSANI,info@titanenergy.in,9054825825,1803,577
GUJARAT,Ahmedabad,RAYS RENEWABLE ENERGY,KINJALBEN NAYEE,raysrenewableenergy@gmail.com,7069175139,2102,575
GUJARAT,Ahmedabad,PATIDAR ENTERPRISE,Karetiya Raj Mukeshbhai,patidarenterprise13@gmail.com,8980312782,1971,575
GUJARAT,Ahmedabad,CRYSTASOL ENERGY SOLUTIONS PRIVATE LIMITED,NIDHIP PATHAK,n.s.pathak18@gmail.com,7069335544,2002,574
GUJARAT,Ahmedabad,VENTURE SOLAR SOLUTION,VIMAL SHILU,info@venturesolarsolution.com,9979632050,1968,573
GUJARAT,Ahmedabad,DHRUVA ENTERPRISE,BHAVESH MANSUKH KANERIYA,dhruvaenterprise123@gmail.com,9978124597,1766,573
GUJARAT,Ahmedabad,EUROSOLAR ENERGY INDUSTRIES,DHARMENDRA PATEL,modasaeurosolar@gmail.com,9558823245,2023,570
GUJARAT,Ahmedabad,GOLDI SOLAR PRIVATE LIMITED,GOLDI SOLAR PRIVATE LIMITED,info@goldisolar.com,7211134134,1150,566
GUJARAT,Ahmedabad,GREEN EARTH SOLAR,RAJESH MONPARA,info.ges2015@gmail.com,9723076250,1926,565
GUJARAT,Ahmedabad,VIRTA ENTERPRISE,HARISHCHANDRA KUMAR K RATHAVI,INFO.VIRTAENTERPRISE@GMAIL.COM,7698432673,2055,564
GUJARAT,Ahmedabad,NILKANTH ENTERPRISE,NIKUL HARIBHAI CHOVATIYA,nilkanthenterprise96@gmail.com,9157369603,2030,564
GUJARAT,Ahmedabad,SILVER CONSUMER ELECTRICALS LIMITED (FORMERLY KNOWN AS SILVER CONSUMER ELECTRICALS PRIVATE LIMITED),KEVIN VACHHANI,kevin.patel@silverpumps.com,7486059400,1878,560
GUJARAT,Ahmedabad,GREENERGY SOLAR SOLUTIONS,ANUJ SHAH,greenergysolarsolutions26@gmail.com,9409215712,2248,554
GUJARAT,Ahmedabad,ECOWATT ENERGY,RAHUL KOLADIYA,ecowattenergy18@gmail.com,9978638437,1921,552
GUJARAT,Ahmedabad,YAGNIKKUMAR VALLABHBHAI SAVALIYA,yagnik v savaliya,yagniks1999@gmail.com,9409326590,1844,546
GUJARAT,Ahmedabad,AKSHAR SOLAR ENERGY,KAMLESH P NAGVADIYA,aksharsolarenergy@gmail.com,8200328133,1919,544
GUJARAT,Ahmedabad,VARIZONE SOLAR PRIVATE LIMITED,PASHWA SHAH,varizonesolar@gmail.com,9426111113,2106,543
GUJARAT,Ahmedabad,SOULSHINE RENEWABLE ENERGY,ARJUN DHIRUBHAI PANDAV,epc.soulshine@gmail.com,9913895893,1627,543
GUJARAT,Ahmedabad,SNETRIC POWER,PRAJAPATI CHIRAG V,snetricpower@gmail.com,8487013107,1968,543
GUJARAT,Ahmedabad,EVOTAR TECHNOLOGIES PRIVATE LIMITED,YASH BHATT,info@evotartech.com,6358999573,2101,538
GUJARAT,Ahmedabad,SN GROUP OF COMPANY,TUSHAR BABUBHAI RIBADIYA,sngroupofcompany2022@gmail.com,9725324439,1821,534
GUJARAT,Ahmedabad,RELIABLE ELECTRIX,MAHESH SUDHIRBHAI CHAUHAN,reliableelectrix@gmail.com,9925448033,1812,534
GUJARAT,Ahmedabad,MITRAY ENGINEERING,KAMEJALIYA DASHARATHKUMAR PARSOTTAMBHAI,mitray.engineering@gmail.com,7621895796,1958,534
GUJARAT,Ahmedabad,BISON ENGINEERS,HIRAL PANDYA,bisonengineers19@gmail.com,7573984542,2044,533
GUJARAT,Ahmedabad,AMPLE SOLAR PVT LTD,Ravi,ravi@amplesolar.in,9979792403,2012,531
GUJARAT,Ahmedabad,PRACHI GREEN GREEN ENERGY PVT LTD,SURYADIP PATIVALA,prachigreenenergy@gmail.com,9737830854,2072,524
GUJARAT,Ahmedabad,POWERTRAC INDUSTRIES LIMITED,Hiren Parmar,info@powertracsolar.com,7573014610,1751,524
GUJARAT,Ahmedabad,J S COMPANY,J S COMPANY,jscompany9@gmail.com,7990307424,2021,523
GUJARAT,Ahmedabad,SHIV ENERGY,LAXMANBHAI,shivenergy23@gmail.com,9409142500,1668,521
GUJARAT,Ahmedabad,MEERA SUN ENERGIES,AMRISH JOSHI,info@meerasunenergies.com,8200447359,1958,518
GUJARAT,Ahmedabad,KOTSON PROJECTS PRIVATE LIMITED,KRUNAL PANCHAL,kotsonprojects@gmail.com,9978909595,2022,514
GUJARAT,Ahmedabad,EQUINOX SOLAR PRIVATE LIMITED,Shreekar Rakholiya,info@equinoxsolar.in,7573044078,1766,514
GUJARAT,Ahmedabad,SUNLIGHT GREEN ENERGY,SUNLIGHT GREEN ENERGY,sunlightgreenmeh@gmail.com,8460043385,1789,513
GUJARAT,Ahmedabad,PRAYOSHA CORPORATION,MAHESH VIRANI,prayoshacorporation.india@gmail.com,9825390162,1871,512
GUJARAT,Ahmedabad,UDB ENERGY PVT. LTD.,USDAD BHAUTIK LALITBHAI,udbenergypvtltd@gmail.com,7077014714,1713,511
GUJARAT,Ahmedabad,SHREEJI & SONS,MAHAVIRSINH JADEJA,shreejiandsolar2211@gmail.com,8140165509,1821,511
GUJARAT,Ahmedabad,ND ENERGY INDIA PRIVATE LIMITED,RA DIVYESH,ndenergyindia@gmail.com,8000001124,1776,511
GUJARAT,Ahmedabad,MAPS TECHNO SOLUTIONS,KEYURKUMAR M PATEL,mapstechnosolutions@gmail.com,9974386038,1846,511
GUJARAT,Ahmedabad,RAYNEX POWER SOLUTION,YAGNESH THUMMAR,raynexps@gmail.com,8758239470,1850,510
GUJARAT,Ahmedabad,OMEGA POWER,OMEGA POWER,omegapower2018@gmail.com,7990226349,1532,508
GUJARAT,Ahmedabad,ARIHAA SOLAR PVT LTD,Ashish Parmar,ashish.arihaasolar@gmail.com,9825877888,1815,508
GUJARAT,Ahmedabad,INFLUX SOLAR SOLUTIONS,Hiten Bhatt,influxsolarsolution@gmail.com,6352563582,1864,507
GUJARAT,Ahmedabad,SOLWAVE SOLAR,SANKET PATEL,solwave4solar@gmail.com,9409344465,1773,504
GUJARAT,Ahmedabad,SADGURU ELECTRICALS,KALPESHBHAI LATHIYA,sadguruelectricals23@gmail.com,9714715649,1751,504
GUJARAT,Ahmedabad,GREENLAND,PRAKASH AHIR,greenlandsolar.projects@gmail.com,9825545043,1946,503
GUJARAT,Ahmedabad,AMUL ENTERPRISE,HANIF BADI,amulenterprise92@gmail.com,9898618448,1788,502
GUJARAT,Ahmedabad,INSTANT TECHNOLOGY,JAYDIPSINH GOHIL,info@instantgroup.live,8200782232,1746,500
GUJARAT,Ahmedabad,HARI OM SOLAR ENERGY,VIRAL R PRAJAPATI,prajapativr697@gmail.com,9428490890,1925,498
GUJARAT,Ahmedabad,SUNSAFE INFRA SERVICES,Ronak Jam,INFO@SUNSAFE.IN,9033673308,1992,497
GUJARAT,Ahmedabad,SOLAR EARTH RENEWABLES PRIVATE LIMITED,HARDIKKUMAR VIJAYBHAI PATEL,ser@solarearth.in,7990378370,1723,494
GUJARAT,Ahmedabad,DIVY SOLAR TECHNOLOGY,PARESH CHITALIYA,divysolartechnology@gmail.com,9978551782,1455,494
GUJARAT,Ahmedabad,DELUXE ENTERPRISE,Gopal Patel,infodeluxeenterprise@gmail.com,9429040663,1800,493
GUJARAT,Ahmedabad,SHIVHARDHA SHD PROJECTS,DHARABEN H PATEL,shivhardha@gmail.com,9898692603,1889,490
GUJARAT,Ahmedabad,VECTON ENERGY,DEVANG NIMAVAT,vectonenergy@gmail.com,8000140159,1724,487
GUJARAT,Ahmedabad,SUNPOWER ENERGY,BHAVIN BAKARANIYA,sunpowerenergy.solar@gmail.com,7405095299,1804,487
GUJARAT,Ahmedabad,ADVANCED ELETRICAL SOLUTIONS,DHRUV SHAH,info.aessolar@gmail.com,7574880300,1985,487
GUJARAT,Ahmedabad,ANADI SOLAR,HAREKRUSHN JOGANI,anadisolar3030@gmail.com,6359248000,1862,485
GUJARAT,Ahmedabad,PDF ENGINEERS PRIVATE LIMITED,JAY VAGHELA,project2.pepl@gmail.com,8803910391,2087,484
GUJARAT,Ahmedabad,JALARK SOLAR SOLUTIONS OPC PVT LTD,CHINTAN MAHIDA,infojalark@gmail.com,9426661857,1699,484
GUJARAT,Ahmedabad,SAAN ELECTRICAL,SALMAN B LULAT,saanelectrical@gmail.com,9033735490,2326,481
GUJARAT,Ahmedabad,NIDHI ELECTRICALS,UMANG THAKKAR,thakkarumang82@gmail.com,9409322020,1739,481
GUJARAT,Ahmedabad,KHUSHI IRRIGATION AND SOLAR,SHARMISTHA PATEL,khushi.irrigationandsolar@gmail.com,9638370303,1681,473
GUJARAT,Ahmedabad,ASCENT ENERGY,BHAVIN KAKA,ascentenergys@gmail.com,8799447675,1709,472
GUJARAT,Ahmedabad,VRUND ENERGY,NIRAV DAMJIBHAI TRAPASIYA,vrundenergy@gmail.com,9574779572,1630,469
GUJARAT,Ahmedabad,CHEMITEX EXPORTS PVT LTD,MANISH PARIKH,shrijichem@hotmail.com,9099940535,1638,469
GUJARAT,Ahmedabad,AKV ENERGY SOLUTIONS,ASHISH DHANANI,akvenergysolutions@gmail.com,9033401435,1596,469
GUJARAT,Ahmedabad,VIABLE SOLAR,CHANDUBHAI BHINGARADIYA,viable.solar9990@gmail.com,9913344841,1756,468
GUJARAT,Ahmedabad,TECHSUNBIO GREEN ENERGY PRIVATE LIMITED,ZANKAR PATEL,info@techsunbio.com,9925336536,1907,468
GUJARAT,Ahmedabad,SOLEOS GREEN ENERGY PRIVATE LIMITED,Parth Rangholia,pruthvi@soleos.in,9512448900,1814,467
GUJARAT,Ahmedabad,PRIDE SOLAR ENERGY LLP,URVIL V SHELADIA,Pridesolarenergyllp@outlook.com,9664975264,1668,467
GUJARAT,Ahmedabad,SKY TECH ENERGY,PRATIK J KATHIRIYA,info.skytechenergy@gmail.com,6355092898,1792,466
GUJARAT,Ahmedabad,RIDHAM ENTERPRISE,CHETANKUMAR RAMJIBHAI RAIYANI,ridhamenterprise770@gmail.com,6351158633,1534,464
GUJARAT,Ahmedabad,GENESIS ELECTRICAL,RONAKKUMAR KHRISTI,genesiselectricalindia@gmail.com,8200480623,1785,464
GUJARAT,Ahmedabad,MD ENERGIES,VISHAL NAKRANI,mdenergies01@gmail.com,9099260004,1798,459
GUJARAT,Ahmedabad,GOLDSUN SOLAR,DHRUV PADASUMBIYA,dhruvpadasumbiya@gmail.com,9409016021,1564,458
GUJARAT,Ahmedabad,VIRAJBHAI VISUBHAI KHACHAR,VIRAJBHAI KHACHAR,gchauhan17388@gmail.com,9898986662,1635,456
GUJARAT,Ahmedabad,MADHAV ENERGY SOLUTION,SUTHAR RAHULKUMAR M.,info.madhavenergy@gmail.com,9408354018,1694,454
GUJARAT,Ahmedabad,SOLAR EARTH,HARDIK PATEL,solarearth7@gmail.com,7990378370,1548,450
GUJARAT,Ahmedabad,MADHVAN POLYPLAST PVT. LTD.,NIKHIL MANJIBHAI SONANI,cmp.madhavanpolyplast@gmail.com,9104306162,1607,450
GUJARAT,Ahmedabad,DEVASYAM ENTERPRISE LLP,ABHISHEK PATEL,abpatel4318@gmail.com,9106684467,1621,450
GUJARAT,Ahmedabad,SOHAM SOLAR SOLUTION,MRUNAL DOSHI,sohamsolarsolution@yahoo.com,9601751327,1754,448
GUJARAT,Ahmedabad,ACCLIMATE SYSTEMS PRIVATE LIMITED,HARSHUL SHAH,acclimatesystem@gmail.com,7878538141,1713,448
GUJARAT,Ahmedabad,SUNLAND SOLAR ENERGY,MAYUR ODEDARA,sunlandsolarenergy@gmail.com,8141810505,1581,447
GUJARAT,Ahmedabad,JAISHANAVI SOLAR,RUSHIKESH THAKKAR,rishikeshthakkar@gmail.com,9974143899,1741,447
GUJARAT,Ahmedabad,SOLARIS TECHNO,NIKHIL MEHTA,solaristechno@gmail.com,8767917570,1841,446
GUJARAT,Ahmedabad,INTEGRITY DESIGN ENGINEERING,NEEL PATHAK,neelpathak19@gmail.com,9638888049,1693,446
GUJARAT,Ahmedabad,SOLAR EXPERT,POOJAN BHATT,solarexpert35@gmail.com,9426167233,1390,444
GUJARAT,Ahmedabad,SHRI KHATRI BATTERY SERVICE,TEJENDRA KHATRI,khatribattery@gmail.com,9426029459,1850,443
GUJARAT,Ahmedabad,ROYAL POWER MART,ABHISHEK BAXI,royalmotormart1@gmail.com,9825440269,1460,441
GUJARAT,Ahmedabad,AIRSUN SOLAR ENERGY LLP,JATIN PRAJAPATI,jatin@airsunsolarenergy.in,8799571627,1375,439
GUJARAT,Ahmedabad,BAPA SITARAM SOLAR POWER PVT LTD,RAMESH GOSWAMI,bapasitaramsolarpower@gmail.com,8511362222,1449,438
GUJARAT,Ahmedabad,ZY ENTERPRISE,Mohammad Atir Bula,zyenterprise12@gmail.com,8460313094,1606,433
GUJARAT,Ahmedabad,TRISHLA ELECTRICAL SOLUTIONS,MEHUL PATEL,info@trishlaelectricals.com,8980026865,1845,433
GUJARAT,Ahmedabad,CEYONE SOLAR,PARIMAL HIRPARA,ceyonesolar@gmail.com,7567091000,1574,430
GUJARAT,Ahmedabad,SOLISTA ENERGY,PARAG B VORA,solistaenergy8@gmail.com,9106194946,1383,429
GUJARAT,Ahmedabad,BANSIDHAR SOLAR ENERGY,MAKWANA DEEP HITESHBHAI,banshidharsolarenergy@gmail.com,9726035143,1530,423
GUJARAT,Ahmedabad,AKSHAR ENERGY SOLUTIONS,aksharenergysolutions@gmail.com,aksharenergysolutions@gmail.com,9662042835,1662,423
GUJARAT,Ahmedabad,GRIWA INTERNATIONAL LLP,PRAKASH P KORIYA,prakashkoriya17@gmail.com,8200988481,1502,422
GUJARAT,Ahmedabad,MARUTI ENTERPRISE,BHAUTIK PRINCE,maruti.enterprise0915@hotmail.com,8866239646,1551,421
GUJARAT,Ahmedabad,KT SOLAR ENERGY,Karan Yogesh Patil,KTSOLARENERGY14418@GMAIL.COM,9033092122,1550,419
GUJARAT,Ahmedabad,ADVANCE SOLAR,HIRALBEN PARASBHAI VADACHHAK,advancesolar139@gmail.com,7698756075,1522,419
GUJARAT,Ahmedabad,KHUSHI SOLAR,Dhruvini Patel,khushisolar13.info@gmail.com,7600094866,1497,418
GUJARAT,Ahmedabad,DHWANIL LIGHT ZONE,RIKIN PATEL,patelrikin3054@gmail.com,9409505790,1487,418
GUJARAT,Ahmedabad,SANGANI ENTERPRISE,SANGANI SHIVAM HARESHBHAI,sanganienterprise1610@gmail.com,8347958992,1600,417
GUJARAT,Ahmedabad,EWC SOLAR PRIVITED LIMITED (FORMERLY KNOWN AS ENERGY POWER SYSTEMS),Jitendra Ahire,ewcsolarpvtltd@gmail.com,8141150688,1580,416
GUJARAT,Ahmedabad,VARUN ENGINEERING,VARUN PATEL,varunpatel2027@gmail.com,9727854101,1476,415
GUJARAT,Ahmedabad,MK ELECTRICAL AND CO,TRIKAM BHATT,mkelectrical.co@gmail.com,8866525483,1481,413
GUJARAT,Ahmedabad,ANANT SOLAR ENRGY,KALARIYA HIREN,anantsolarenergy@gmail.com,9904198764,1445,413
GUJARAT,Ahmedabad,TOUCHCORE CONSULTANCY,MAYUR SOLANKI,touchcore27@gmail.com,9909284285,1547,411
GUJARAT,Ahmedabad,JAY SARDAR SOLAR PVT.LTD.,KISHORBHAI NARANBHAI TILALA,jaysardarsolar@gmail.com,8141500062,1438,410
GUJARAT,Ahmedabad,UKEL AUTOMATION LLP,RAKESH SARVAIYA,ukelautomation@gmail.com,9998008889,1418,409
GUJARAT,Ahmedabad,SHRI SAI ELECTRICAL,CHETAN PATEL,rooftop@shrisaielectrical.co.in,6353970979,1408,408
GUJARAT,Ahmedabad,JIGS ELECTRICAL,BIRJU PATEL,jigselectrical@gmail.com,9979129392,1348,406
GUJARAT,Ahmedabad,SHREEJI ELECTRICAL - VADSAR,DHARMESH PADHIYAR,shreejielectrical13@gmail.com,9624542806,1523,405
GUJARAT,Ahmedabad,RECARE ELECTRICAL LLP,Mitesh Desai,projects.recare@gmail.com,7600184425,1606,402
GUJARAT,Ahmedabad,MADHULI CORPORATION,Parth Mukeshbhai Bambhaniya,madhulicorporation@gmail.com,9904990630,1409,402
GUJARAT,Ahmedabad,PANCHAMRUT ENTERPRISE,Ishvar Prajapati,panchamrut2019@gmail.com,7016103662,1620,401
GUJARAT,Ahmedabad,EFFICIENT ENERTECH PVT LTD,MAULESH PATEL,info@efficientenergyindia.com,9925624989,1403,399
GUJARAT,Ahmedabad,D R ENTERPRISE,HARDIK RAMANBHAI PATEL,DRENTERPRISE3029@GMAIL.COM,7990689506,1554,398
GUJARAT,Ahmedabad,GREENBRILLIANCE RENEWABLE ENERGY LLP,JAY PATEL,jay.patel@gbreenergy.com,9879611302,1395,397
GUJARAT,Ahmedabad,GAJGATI STEEL AND ENERGY PVT LTD.,SAMEER SURATWALA,sales@gajgati.com,7990480061,1197,394
GUJARAT,Ahmedabad,NATIONAL ELECTRICALS AND ELECTRONICS CORPORATION,ASHOK M PATEL,ashokpatel@neec.in,9429136631,1539,392
GUJARAT,Ahmedabad,JAYRAJ SOLAR LLP,TEJAS BHATT,tejas@jayrajsolar.com,9033963450,1460,391
GUJARAT,Ahmedabad,GANESH CORPORATION,SUCHIT PRAJAPATI,ganeshcorporation3003@gmail.com,9979856236,1401,391
GUJARAT,Ahmedabad,SURYAM ENERGY,DHAVAL PATEL,dhavalpatel7037@gmail.com,8320698043,1304,390
GUJARAT,Ahmedabad,SOLEX ENERGY LIMITED,SURESHBHAI PRAJAPATI,solexcd@gmail.com,6354605180,1567,388
GUJARAT,Ahmedabad,DESTINY ELECTRICAL,VISHALKUMAR R SAVALIYA,destinyelectricals@gmail.com,9016172698,1261,386
GUJARAT,Ahmedabad,MARUTI SOLAR SYSTEMS,DINESH NAVAR,dinesh.navar@gmail.com,9409080149,1360,385
GUJARAT,Ahmedabad,DHARMANANDAN SOLAR ENERGY,DHARIYAPARMAR MAYUR RANCHOODBHAI,mayurdhariyaparmar@gmail.com,9016367556,1345,385
GUJARAT,Ahmedabad,VOLTECH ELECTRICALS,JAY DHAMELIA,voltechelectricals156@gmail.com,7567771900,1322,383
GUJARAT,Ahmedabad,JAY CONSTRUCTION CO,PARAS VORA,greenerenergy48@gmail.com,8200558867,1282,383
GUJARAT,Ahmedabad,SKYLARK ENERGY SOLUTIONS,SATYAJEET SINH JHALA,satyajeetjhala7227@icloud.com,9726200054,1440,381
GUJARAT,Ahmedabad,GREEN ENERGY-VALSAD,DHRUVINKUMAR AMRISHBHAI TANDEL,solar@greenenergy.ind.in,8866249369,1464,380
GUJARAT,Ahmedabad,HELIOPATH SOLAR TECHNOLOGIES,TANAY PARIKH,enquiry.heliopath@gmail.com,8238664332,1480,379
GUJARAT,Ahmedabad,ERA ENVIRO SOLUTIONS,APARNATHI CHANDUGIRI,info.eraenviro@gmail.com,9227849825,1150,378
GUJARAT,Ahmedabad,SEVEN SOLAR ENERGY,DIVYANG PATEL,divyang@sevensolarenergy.com,9825554277,1383,376
GUJARAT,Ahmedabad,RAJ ELECTRICALS,SUNNY CHAUHAN,solar.rajelectricals@gmail.com,9998656539,1365,376
GUJARAT,Ahmedabad,DAY LIGHT SOLAR ENRGY,MITESH KUMAR NAVINCHANDRA PATEL,daylightsolarahm@gmail.com,8401605515,1333,376
GUJARAT,Ahmedabad,VITRAG ENTERPRISE,VIVEK DANKHAKRA,vitrag.enterprise@yahoo.com,8866709860,1314,375
GUJARAT,Ahmedabad,NILESH ENGINEERS,KALPESH BHUVA,nileshengineers57@gmail.com,9033005732,1286,373
GUJARAT,Ahmedabad,GREEN SOLAR ENERGY ENTERPRISES,VIPULKUMAR PATEL,greensolar.ahmedabad@gmail.com,9712909823,1411,373
GUJARAT,Ahmedabad,SOL ENERGY,Rajan Chimanbhai Meghani,solenergyn@gmail.com,7621852735,1369,371
GUJARAT,Ahmedabad,LIPO TECHNOLOGY PRIVATE LIMITED,KALPESH PARMAR,kalpesh@lipotechnology.in,9722266550,1356,371
GUJARAT,Ahmedabad,SANJEE ENTERPRISE,DHANKECHA AMITKUMAR JAYANTIBHAI,sanjee.enterprise@gmail.com,9157353735,1297,370
GUJARAT,Ahmedabad,KAARVI GREEN ENERGY,KALPESHBHAI VALLABHBHAI TEJANI,kaarvienergy01@gmail.com,9824094291,1024,370
GUJARAT,Ahmedabad,VIJAY SOLAR ENERGY,Vijay Chaudhary,vijaysolarenergy940@gmail.com,6351211549,1272,368
GUJARAT,Ahmedabad,R K ENTERPRICE,RAVI JAYSWAL,jayswal.ravi@ymail.com,9722252875,1348,368
GUJARAT,Ahmedabad,GROWTH POWER,ANKIT DHANANI,solar@growthpower.co.in,9724959244,1288,368
GUJARAT,Ahmedabad,SATYASARA ENERGY PRIVATE LIMITED,VISHAL PATEL,satyasaraenergy@gmail.com,9909365808,1286,367
GUJARAT,Ahmedabad,INTIFY SOLAR PVT LTD,KANABHAI MERAMBHAI BADIYAVADAR,intifysolar@gmail.com,6358788735,1268,365
GUJARAT,Ahmedabad,KOSOL ENERGIE PVT. LTD.,AHTESAM,bharat@sunray.co.in,8799696356,1345,362
GUJARAT,Ahmedabad,BRITI ENERGY,BHARAT BAVARVA,britienergy2021@gmail.com,8460227728,1319,362
GUJARAT,Ahmedabad,ALAYNA GREEN ENERGY,TAHARKHAN PATHAN,taharkhantna@gmail.com,6353439659,1496,362
GUJARAT,Ahmedabad,VAIJNATH GLOBAL,Hardik sathvara,vaijnathglobal@gmail.com,9106991946,1218,360
GUJARAT,Ahmedabad,SHREEJI SOLAR,PRATAP SINDHAV,info.shreejisolar@gmail.com,9904351125,1391,358
GUJARAT,Ahmedabad,GROW EARTH RENEWABLE TECHNOLOGIES,DIVYESH D RAJPUT,divyesh@growearthsolar.com,9104495364,1390,358
GUJARAT,Ahmedabad,TRIDENT POWER,KETAN ARJANBHAI SARDHARA,trident.power24@gmail.com,7698264402,1263,357
GUJARAT,Ahmedabad,FARMSON ENERGY,MAULIK PATEL,info.pv@farmsonsolar.com,9687692733,1357,355
GUJARAT,Ahmedabad,SIGMA ENGINEERING,YOGESH VYAS,sigma_engg@yahoo.co.in,9825205934,1278,351
GUJARAT,Ahmedabad,EXCEL ELECTRICAL INFRA,DWARKESH CHHABHAYA,info@excelelectricalinfra.com,8866900379,1341,351
GUJARAT,Ahmedabad,AEILUS RENEWABLE ENERGY,JIGNESH PATEL,aeilusrenewableenergy@gmail.com,8866581528,1448,351
GUJARAT,Ahmedabad,SUNSAI SOLAR SYSTEMS,KALPESH BAROT,solar@sunsai.co.in,9925808788,1044,349
GUJARAT,Ahmedabad,KAIZEN ENERGY,KIRTI VASANIYA,info.kaizenenergy@gmail.com,8347424158,1238,349
GUJARAT,Ahmedabad,SHREE OFFICE SOLUTIONS PRIVATE LIMITED,RAMNIK DEVRAJBHAI RANIPA,rajranipa.sospl@gmail.com,9898084466,1151,348
GUJARAT,Ahmedabad,DRAYS ENERGY SOLUTIONS,Draysenergysolutions,draysenergy@gmail.com,7802893258,1242,347
GUJARAT,Ahmedabad,DEVDEEP ELECTRICALS,DEEP MORADIYA,devdeepelectricals@gmail.com,9726879009,1229,347
GUJARAT,Ahmedabad,DIMAN SOLAR PVT LTD (FORMERLY KNOWN AS DIMAN OVERSEAS PVT LTD),VISHAL UNADKAT,info@dimansolar.com,9909928959,1408,346
GUJARAT,Ahmedabad,ARKAY SOLAR ENERGY LLP,HARDIK SAVALIYA,arkaysolar02@gmail.com,9737636600,1163,346
GUJARAT,Ahmedabad,SUNTRAC SOLAR,JAYESH ALGOTAR,suntrac.jh@gmail.com,9979363442,1269,345
GUJARAT,Ahmedabad,SUN MICRA RENEWABLE ENERGY,MOHIT BHALANI,info@sunmicra.co.in,7990662677,1249,345
GUJARAT,Ahmedabad,P.M.BAROT GREEN ENERGY,JAY PRAVINBHAI BAROT,jaybarotkdbm@gmail.com,9327129667,1197,345
GUJARAT,Ahmedabad,SUN SPARKLE ENERGY,Vadsola Bhavya,sunsparkleenergy@gmail.com,9016093505,1151,343
GUJARAT,Ahmedabad,VEER SOLAR GREEN ENERGY,JEKI VAGHELA,veersolar2024@gmail.com,8347173977,1235,338
GUJARAT,Ahmedabad,BHAKTINANDAN POWER PVTLTD,DINESH J CHAVADA,bhaktinandanpower@gmail.com,9724031529,1299,338
GUJARAT,Ahmedabad,SHREEMAD ENGINEERS,PATEL BHAVIN KUMAR,shreemadbg@gmail.com,9913721961,1311,337
GUJARAT,Ahmedabad,MADHAV ENTERPRISE,Shailesh Patel,madhavsolarshop@gmail.com,7990485674,1147,337
GUJARAT,Ahmedabad,KRISHA SOLAR & AGRO INDUSTRIES,Nipesh Dabhi,krishasolarandagro21@gmail.com,9574856582,1286,337
GUJARAT,Ahmedabad,AVINYA POWER SOLUTION,AVINYA POWER SOLUTION,avinyapowersolution@gmail.com,9099317212,1133,337
GUJARAT,Ahmedabad,HARIOM ENGINEERING,NIKHI PUNANI,hariomsolarbotad@gmail.com,8140771766,1182,336
GUJARAT,Ahmedabad,PEAKSUN ENERGY PRIVATE LIMITED,YOGESH PATEL,info@peaksunenergy.co.in,7486089901,1213,335
GUJARAT,Ahmedabad,H & M COMPANY,BHAVIKABEN HARESHBHAI AMBALIYA,info@hmcompany.in,9157768561,1191,334
GUJARAT,Ahmedabad,PV RENEWABLES,Keyur Dudhat,keyurdudhat871@gmail.com,9714872871,1086,332
GUJARAT,Ahmedabad,PRISHA CORPORATION,BHAUMIK PATEL,prishacorporation183@gmail.com,9825505023,1315,331
GUJARAT,Ahmedabad,ANANY URJA,PRAYAG KHATRANI,ananyurja@outlook.com,8866442477,1031,329
GUJARAT,Ahmedabad,LAKSH POWER TECH,LAKSHDEEP P RAOL,lakshpowertech777@gmail.com,9825692073,1061,326
GUJARAT,Ahmedabad,NEW RESEARCH TECHNOLOGY,DIPAK JETHAVA,nrtsolar@gmail.com,9427809253,1109,324
GUJARAT,Ahmedabad,R V SOLAR,MAHESH KUMAR RAMANLAL PATEL,rvsolarvijapur@gmail.com,9726801070,1088,321
GUJARAT,Ahmedabad,SUNWAVE ENERGY,DHARMESH PADSALA,sunwave.energy123@gmail.com,7046070468,1139,320
GUJARAT,Ahmedabad,SUNCENTER SOLAR ENERGY,AMIN GAURAV KIRTIBHAI,suncentersolarenergy@gmail.com,8905055513,1114,318
GUJARAT,Ahmedabad,SHREE KHODIYAR SOLAR PRIVATE LIMITED,YOGESH BORAD,sk.solar@yahoo.com,9825820612,1062,317
GUJARAT,Ahmedabad,NILKANTH ENGINEERING,SAGAR J MARKANA,nilkanthengineering9@gmail.com,8155928825,995,317
GUJARAT,Ahmedabad,GEETANJALI INDUSTRIES,JIGAR PANCHAL,jaskoenergy@gmail.com,8866200620,1398,316
GUJARAT,Ahmedabad,UMA POWER SOLUTIONS,PRAKASHKUMAR BALDEVBHAI PATEL,umapowersolution@gmail.com,9638953281,1118,315
GUJARAT,Ahmedabad,HET CONSULTANCY,SAUNAK PATEL,hetconsultancy01@gmail.com,9586618784,1247,315
GUJARAT,Ahmedabad,PLUGIN ELECTRICAL,MIT PATEL,info@pluginelectrical.in,9512020316,1174,314
GUJARAT,Ahmedabad,ECLIPTIC SOLAR,VISHAL DAVE,davevishalkumar@gmail.com,9825023276,1155,314
GUJARAT,Ahmedabad,APEX RENEWABLE ENERGY,HEMAL PATEL,apexenergy95@gmail.com,9737972543,1245,314
GUJARAT,Ahmedabad,R V ENERGY,TEJASH PATEL,rvenergy5@gmail.com,9427507035,1061,313
GUJARAT,Ahmedabad,POWER PLUS,CHAUDHARY PARESHKUMAR BHAGVANBHAI,powerplusbhabhar@gmail.com,8128435584,866,311
GUJARAT,Ahmedabad,MANYAH ENERGY PVTLTD,VIDHYUT PATEL,manyahenergy@gmail.com,9925065224,1121,311
GUJARAT,Ahmedabad,BHAGWATI ELECTRICALS,SAVALIYA BRIJESH,bhagwatielectricals99091@gmail.com,7990883575,1066,311
GUJARAT,Ahmedabad,VRAJ BATTERIES AND POWER SOLUTION,RAMCHANDRA KAPADIA,ramkapadia68@gmail.com,9925084825,1027,309
GUJARAT,Ahmedabad,OM SHANTI SOLAR GROUP,SAGAR K PAMBHAR,omshantisolar@gmail.com,8530122612,1290,308
GUJARAT,Ahmedabad,NOBLE INFOTECH,PANKAJ PATEL,sankhala2002@gmail.com,9909986188,1052,308
GUJARAT,Ahmedabad,SHIVAM ENTERPRISE (SURAT),MANISHBHAI NANJIBHAI GHINAIYA,shivamenterprise24365@gmail.com,9998883132,1098,307
GUJARAT,Ahmedabad,RAYSOLAR ENERGY SOLUTIONS PRIVATE LIMITED,RAYSOLARENERGYSOLUTIONS,raysolarenergysolutions@gmail.com,7874390654,1105,307
GUJARAT,Ahmedabad,OM SHANTI MACHINERIES EXIM,Milan Bhimani,grandosolar@gmail.com,9824868078,1174,307
GUJARAT,Ahmedabad,M S ENERGY,Jatinbhai M Baldaniya,msenergy2021@gmail.com,7265939104,1051,307
GUJARAT,Ahmedabad,SRI BALAJI SUN ENERGY,SRIBALAJI2024,info@sribalajienergy.com,7878375444,913,306
GUJARAT,Ahmedabad,SAHAYOG ENERGY,VIJAYBHAI VALLABHBHAI GALANI,sahayogenergy@gmail.com,9429124424,1075,306
GUJARAT,Ahmedabad,COMPASS ENERGIES,ABHISHEK GHEEWALA,abhishek@compassenergies.in,9974458840,1062,306
GUJARAT,Ahmedabad,SWAMI INTEGRATOR AND CONSULTANTS LLP,PRITESH D PITHWA,sanjib@swamisolar.com,8980800743,1282,301
GUJARAT,Ahmedabad,PROMECH SOLAR ENERGY,KARTIK PATEL,promechsolarenergy@gmail.com,9662026679,974,301
GUJARAT,Ahmedabad,INQILAB ENGINEERING PRIVATE LIMITED,HARESH BARAD,inqilabengineering@gmail.com,9099598998,1068,301
GUJARAT,Ahmedabad,DIVINE TECHNO SOLAR INDIA LLP,PRAFULBHAI MEHTA,divinetechnosolar@gmail.com,9825229205,1116,300
GUJARAT,Ahmedabad,URJA ELECTRICALS,SAVJIBHAI LAKUM,urja.electricals.dhg@gmail.com,8469551508,1066,299
GUJARAT,Ahmedabad,TOPCON SOLAR ENERGY,Tushar,topconsolarenergy@gmail.com,9081773500,1016,299
GUJARAT,Ahmedabad,SHREE GAJANAND SOLAR,GANESH BHAVSAR,gajanandsolar@gmail.com,8347972590,1245,299
GUJARAT,Ahmedabad,R C ELECTRICALS,MANTHAN UNAGAR,info@rcelectricals.in,9824757160,1244,299
GUJARAT,Ahmedabad,EURO PREMIUM SOLAR SYSTEM (INDIA) PRIVATE LIMITED,EURO PREMIUM SOLAR,info@europremiumsolar.com,7622023253,1055,299
GUJARAT,Ahmedabad,ARYAVEER ENERGY INCORPORATION,TARPARA AMITBHAI JADAVBHAI,aryaveerenergyincorporation@gmail.com,9712987874,1032,299
GUJARAT,Ahmedabad,GHANSHYAM SOLAR ENERGY,ISHABEN GOSAI,ghanshyam.solar.energy@gmail.com,9510734317,1072,298
GUJARAT,Ahmedabad,SUNBUY RENEWABLES PVT LTD,SHIVAMSHAH,darshan@sunbuy.in,9328281611,998,296
GUJARAT,Ahmedabad,SHREEJI ELECTRICAL - ISANPUR,Jeet Shah,shreejielec312@yahoo.com,9408197081,1209,296
GUJARAT,Ahmedabad,RITUDHAN SOLAR POWER,DHANESH PATEL,ritudhansolarpower@gmail.com,9879111390,1123,296
GUJARAT,Ahmedabad,RADIANT SUN ENERGY LLP,SLESH PATEL,slesh.patel@gmail.com,8140000257,1163,295
GUJARAT,Ahmedabad,SMART ENERGY SOLUTIONS,PARAS HARIBHAI ITALIYA,smartenergysolutions99@gmail.com,8511495982,981,294
GUJARAT,Ahmedabad,BRAHMANI ELECTRICS,RAJESHBHAI NAGJIBHAI RAJANI,brahmanielectrics1987@gmail.com,9429758674,994,293
GUJARAT,Ahmedabad,AVDHOOT ELECTRICAL INFRA,Mr. KETAN PATEL,avdhootelectrical.infra@gmail.com,9586547798,1048,291
GUJARAT,Ahmedabad,RISING GREEN ENERGY,PARTH CHAUHAN,rgesolar@gmail.com,9033119375,1173,290
GUJARAT,Ahmedabad,RAY ENERGY,Varun Trivedi,info.rayenergy@gmail.com,8401481453,1237,290
GUJARAT,Ahmedabad,INFINITE URJA LLP,ARPAN PATEL,info@infiniteurja.in,8000049380,1051,290
GUJARAT,Ahmedabad,SHREE KRISHNA SALES AND SERVICES,Govind R Patel,info@skss.co.in,9998990694,1004,289
GUJARAT,Ahmedabad,KUNTHU CONSULTANTS PVT LTD,NEELESH MUTHA,neelesh@kunthusolar.com,7405992700,1028,289
GUJARAT,Ahmedabad,VISWAN ENERGY SOLUTIONS,SHREEDUTT DHANALIYA,viswanenergy@gmail.com,8866641649,1210,288
GUJARAT,Ahmedabad,TARA SOLAR ENERGY,RAVAL KEYURKUMAR PARASHARBHAI,tara.solar.2111@gmail.com,9408966600,1008,288
GUJARAT,Ahmedabad,NYALKARAN ENERGY LLP,KAUSHIK ADROJA,kaushik@nyalkaranenergy.com,9825412783,964,288
GUJARAT,Ahmedabad,KRIVA TECHNOLOGIES,RITESH GOHIL,krivasolartechnologies@gmail.com,7227074480,929,285
GUJARAT,Ahmedabad,AMPLE ELECTRICAL SYSTEMS,DAXESH VASAVA,ample.info.in@gmail.com,9924391221,975,285
GUJARAT,Ahmedabad,THE SHIVSHAKTI ENTERPRISE,Hasmukh Makwana,Shivshakti2688@gmail.com,9913418634,971,284
GUJARAT,Ahmedabad,TECHNO ENERGY SOLUTIONS,NIRAV PATEL,tes010421@gmail.com,9725022866,1120,284
GUJARAT,Ahmedabad,SHREE MARUTI ELECTRIFICATION ENGINEERS,BAPOTRA JAYMAL NAGA,shreemarutieleCtrificationengi@gmail.com,7016480100,1000,284
GUJARAT,Ahmedabad,7 STAR SOLAR ENERGY,IKBAL BADI,7STAR51751@GMAIL.COM,9624899019,1028,284
GUJARAT,Ahmedabad,KARMAA SOLAR LLP,DIPEN BRAHMBHATT,dipen@karmaasolar.com,9724666479,997,282
GUJARAT,Ahmedabad,CITIZEN SOLAR PVT. LTD.,T S JAIN,tsjain@citizensolar.com,9825144499,1073,282
GUJARAT,Ahmedabad,SHIVAM SOLAR,DHAVAL PATEL,solar.shivam2020@gmail.com,7575007551,1010,281
GUJARAT,Ahmedabad,GOVARDHAN TRADERS,NUMBER(S),govardhantraders2512@gmail.com,7600029983,1076,280
GUJARAT,Ahmedabad,D SUN SOLAR,Dharmeshkumar hirapara,dsunsolar429@gmail.com,9904131777,707,280
GUJARAT,Ahmedabad,AXIS ENERTECH,MEET VACHHANI,meet@axisenertech.com,9428028009,970,279
GUJARAT,Ahmedabad,SHIV SOLARTECH,CHIRAG JOSHI,info.shivsolartech@gmail.com,9825245956,972,278
GUJARAT,Ahmedabad,HEER SOLAR ENERGY,CHINTAN PATEL,heersolarenergy@gmail.com,9427063399,936,276
GUJARAT,Ahmedabad,ANANYA RENEWABLE ENERGY LLP,CHITALIYA AJAY BHARATBHAI,energy.ananyarenewable@gmail.com,9327003360,1028,276
GUJARAT,Ahmedabad,STAR ENERGY SYSTEMS,SACHIN R SHAH,starenergyindia@gmail.com,9825014314,1137,275
GUJARAT,Ahmedabad,SOLVEIG SOLAR PRIVATE LIMITED,RAJAN JHA,solveigsolar@gmail.com,9724362544,1065,275
GUJARAT,Ahmedabad,SAUR SOLAR SOLUTION LLP,PIYUSH PATEL,piyushpatel1974@gmail.com,9909417258,1062,275
GUJARAT,Ahmedabad,SP POWERTECH,PARTH PATEL,sppowertech44@gmail.com,9408129713,963,274
GUJARAT,Ahmedabad,CAPITAL WELDING,JAYESH KACHHADIYA,freexindia@gmail.com,9499602041,914,274
GUJARAT,Ahmedabad,ASHISH ELECTROMECH,IKBAL MANSURI,ashishelectromech@gmail.com,9426048587,986,274
GUJARAT,Ahmedabad,SHREEJI GRIN SOLAR,ZAPADIYA NIKUNJ K.,shrijigreensolar@gmail.com,7203005770,958,273
GUJARAT,Ahmedabad,ISHITA ENGINEERING,PATEL NIKUNJKUMAR RAJENDRABHAI,ishitaengineering13@gmail.com,8866649177,1026,273
GUJARAT,Ahmedabad,BHAVI SOLAR AND ELECTRICALS,DINESH CHAUDHARY,chaudharid04@gmail.com,9099754254,934,273
GUJARAT,Ahmedabad,FORTUNE TECHNOLOGIST,KIRIT JOSHI,fortunetechnologist@gmail.com,9427597246,992,272
GUJARAT,Ahmedabad,BNG GREEN ENERGY SOLUTION,BHARAT KUMAR NANJIBHAI GOHEL,bng.greenenergy@gmail.com,9727777171,942,272
GUJARAT,Ahmedabad,ZMR ENERGY INCORPORATION,PARESH RAMANI,zmrenergyincorporation@gmail.com,9924818113,945,270
GUJARAT,Ahmedabad,VENUS ENTERPRISE,VIRUT JAGANI,venusenergy2228@gmail.com,7990678583,999,269
GUJARAT,Ahmedabad,SUNNOVATIVE SOLAR ENERGY SOLUTION PVT LTD,RAVI HARSODA,ravi@sunnovative.com,8153819531,944,269
GUJARAT,Ahmedabad,SP ENGINEERING,GHANSHYAM RAMESHBHAI VAGHASIYA,sp.engineering2k19@gmail.com,6353577489,912,269
GUJARAT,Ahmedabad,SOM ENERGY SYSTEMS,RAKESH,info@somenergysystems.com,8401909576,1125,267
GUJARAT,Ahmedabad,SHAKTI GREEN ENERGY,DIPAK GADHIYA,shaktigreenenergy96@gmail.com,7405252123,979,267
GUJARAT,Ahmedabad,SWEV INDIA PVT LIMITED,SHAIL B DESAI,swevindia@gmail.com,7984328691,951,266
GUJARAT,Ahmedabad,SOLAR TECHNOLOGY,SOLAR TECHNOLOGY,info@solartechnology.in,9998063204,926,266
GUJARAT,Ahmedabad,LIGHTFLOW INDIA SOLAR,KRUNAL UPADHYAY,lightflowindia@gmail.com,8000835616,902,266
GUJARAT,Ahmedabad,AATREY SOLUTIONS,DILIP FOSI,aatreysolutions@gmail.com,7698120241,979,266
GUJARAT,Ahmedabad,SATYAM SOLAR,MR. RAJNIKANT VITTHALBHAI LIMBANI,satyamsolar823@gmail.com,9227941770,1031,265
GUJARAT,Ahmedabad,N J ENERGY,Nehalkumar Panchal,nj.energy9@gmail.com,7487022943,852,265
GUJARAT,Ahmedabad,OCEAN POWER TECHNOLOGIES,HENIL DALSANIYA,ocean.powertech19@gmail.com,9924065610,1087,264
GUJARAT,Ahmedabad,MEKTECH SOLUTION,CHAHIL SAPKAL,mektechsolution@gmail.com,7984595405,1003,264
GUJARAT,Ahmedabad,INFINITY RENEWABLE ENERGY,PATEL ANANDKUMAR VIJAYBHAI,anand.infinityrenewableenergy@gmail.com,9913784000,1104,264
GUJARAT,Ahmedabad,YELLOW RAY SOLAR,VANSAL I RAY,yellowraysolar@gmail.com,9427443581,1041,263
GUJARAT,Ahmedabad,H.K ENERGY,HARDIK KACHHIA,hkenergy001@gmail.com,9586401312,1091,263
GUJARAT,Ahmedabad,ELCON POWER,KARAN THAKKER,elconpower@outlook.com,8200061494,952,263
GUJARAT,Ahmedabad,SOLMECH ENERGY,PRAJAPATI VAISHALIBEN CHIRAGKUMAR,solmechenergy@gmail.com,9998930960,979,262
GUJARAT,Ahmedabad,RANJAN INDUSTRIES,ranjan28496@gmail.com,ranjan28496@gmail.com,9924818113,883,261
GUJARAT,Ahmedabad,SHIV TRADERS,NINAMA JITENDRAKUMAR BABUBHAI,shivtraders7233@gmail.com,9998820863,867,259
GUJARAT,Ahmedabad,GOPI TECHNOLOGIES,BHUPATBHAI LAXMANBHAI BHUT,epc@gopitechnologies.com,8866077344,810,259
GUJARAT,Ahmedabad,HYSUN SOLAR PRIVATE LIMITED,OMRAM PRAJAPATI,prajapatiomaram62@gmail.com,7573999961,717,258
GUJARAT,Ahmedabad,BANAS POWER,DASHRATHBHAI C GOLETAR,banaspower2020@gmail.com,9998418825,794,258
GUJARAT,Ahmedabad,SUNSHREE SOLAR,MONTU GOTI,sunshreesolar@gmail.com,9157838777,929,257
GUJARAT,Ahmedabad,NARMADA RENEWABLES,ALPESH PATEL,narmadarenewables@gmail.com,7623870035,1053,257
GUJARAT,Ahmedabad,SUNLIGHT SOLAR ENTERPRISE,BHAVESH PARMAR,bhaveshparmar4793@gmail.com,8320866769,1042,256
GUJARAT,Ahmedabad,REFLECT SOLAR,DHRUVEN MAKWANA,reflect.solar.energy@gmail.com,9998419211,864,255
GUJARAT,Ahmedabad,AK GREEN ENERGY,NUMBER(S),akgreenenergy49@gmail.com,9974846833,1056,255
GUJARAT,Ahmedabad,SHANTINIKETAN COMPUTER AND COMMUNICATION PVT LTD,KISHAN PATEL,shantiniketan@hotmail.com,9428444211,993,253
GUJARAT,Ahmedabad,SAVALIYA BROTHERS,DHARMESH PATEL,SB.SAVALIYABROTHERS@GMAIL.COM,9687651107,940,253
GUJARAT,Ahmedabad,HARSIDDHI ENGINEERING WORKS,MANISH RAMESHBHAI BHARAKHADA,harsiddiengineering@yahoo.com,9428342940,878,253
GUJARAT,Ahmedabad,BRAHMADIP ENTERPRISE,KASHYAP PANDYA,brahmadip.solar@yahoo.com,9427230047,854,251
GUJARAT,Ahmedabad,SHANTI CORPORATION,DILIPKUMAR PRANJIVANBHAI AMRUTIYA,info.shanticorporation@gmail.com,8980524444,837,250
GUJARAT,Ahmedabad,ACHYUT ENERGY,KRIYANKA PATEL,achyutenergy@gmail.com,9275382879,965,250
GUJARAT,Ahmedabad,ENWATECH SOLUTION PVT.LTD,Hiral Kumar Makadia,enwatechsolutionpvtltd@gmail.com,9427269089,775,249
GUJARAT,Ahmedabad,NAVI ENERGY,KISHAN THUMMAR,contact@navienergy.in,9979435742,810,248
GUJARAT,Ahmedabad,ENERSOL SOLUTIONS LLP,ENERSOL SOLUTIONS LLP,karan@enersol.co.in,7069555533,886,248
GUJARAT,Ahmedabad,Y CAME SYSTEMS,TANDEL MITESHKUMAR KHANDUBHAI,ycamesystem009@gmail.com,8320408867,938,247
GUJARAT,Ahmedabad,CHALAKNESI ENERGY,GADHAVI SHENIDANJI PAHADDANJI,CHALAKNESHIENERGY@GMAIL.COM,9408539887,931,247
GUJARAT,Ahmedabad,P C LINK ENTERPRISE,PATEL HITESHBHAI,pclinkenterprise@gmail.com,8238053941,821,246
GUJARAT,Ahmedabad,PHOENIX CREATIONS LIMITED,VISHAL PATEL,phoenixcreations2011@gmail.com,9978578599,980,245
GUJARAT,Ahmedabad,SUN TECH ENERGY SOLUTION,Rutvij M Pandya,suntech.rutvij@gmail.com,8320301975,955,244
GUJARAT,Ahmedabad,5 RAYS ENERGY,SANJAY PANSURIYA,5raysenergy@gmail.com,9979595404,914,244
GUJARAT,Ahmedabad,K T ELECTRICALS,Parth Thakkar,ktthakkar567@gmail.com,8905168423,759,243
GUJARAT,Ahmedabad,SAMPTEL ENERGY PRIVATE LIMITED,Sharadkumar Dhameliya,project@samptelenergy.com,9727755187,884,242
GUJARAT,Ahmedabad,SHINE ENERGY SOLUTION,KALPITKUMAR PATEL,info@shineenergysolution.in,9687959342,807,241
GUJARAT,Ahmedabad,REVA RENEWABLES,PRANAMI UPASANI,revarenewables@gmail.com,6358844490,868,241
GUJARAT,Ahmedabad,STEAM POWER ENERTECH PVT LTD,NIRBHAY SAVALIYA,steampowersolar@gmail.com,9316732949,903,239
GUJARAT,Ahmedabad,MEENA SOLAR,RIPAL SONPAL,ripalsonpal@gmail.com,8408944904,900,239
GUJARAT,Ahmedabad,F SOLAR ROOFTOP,GANJA FAIZAL ABDULBHAI,fsolarrooftop@gmail.com,8469525856,883,239
GUJARAT,Ahmedabad,COSMIC SOLAR EPC PVT LTD,JENISHKUMAR DEEPAKKUMAR GHAEL,cosmicsolarepc@gmail.com,7984721299,1167,238
GUJARAT,Ahmedabad,AARUSH ENTERPRISE,NUMBER(S),info@aarushsolar.com,9724302078,914,238
GUJARAT,Ahmedabad,UMIYA ENTERPRISE - NARODA,Bhavin Patel,umiyaenterprise1981@gmail.com,9725033295,891,237
GUJARAT,Ahmedabad,SAHJANAND ENTERPRISE,Kamlesh Patel,sahjanandeprise@gmail.com,9737671777,886,237
GUJARAT,Ahmedabad,JASMIN J BAMBHAROLIYA,JASMIN JAYANTILAL BAMBHROLIYA,jasmin.bambharolia14@gmail.com,8140916256,794,237
GUJARAT,Ahmedabad,TIRUPATI SOLAR,DEVANK PATEL,tirupatisolar@hotmail.com,7043343509,929,236
GUJARAT,Ahmedabad,RAYCAL POWER INFRA PVT LTD,DARSHAN KUMAR PIYUSHBHAI KATBA,darshan@raycal.in,6358196472,788,236
GUJARAT,Ahmedabad,OM ELECTRICALS SERVICES,ANANT MAHERA,omelectricals2104@gmail.com,9998004891,936,236
GUJARAT,Ahmedabad,SHYAM ENTERPRISE,SHYAM M. NANDANIYA,shyamsolarenergy10@gmail.com,8000145645,827,235
GUJARAT,Ahmedabad,JAY ADITYA SOLAR,KALPESH JOSHI,darshit.dj619@gmail.com,8160931631,858,235
GUJARAT,Ahmedabad,JANETA SOLAR,Parth Dave,info.janetasolar90@gmail.com,8734829145,904,234
GUJARAT,Ahmedabad,EARTH SOLAR,VIRENKUMAR PATEL,earthsollar@gmail.com,9879911777,924,233
GUJARAT,Ahmedabad,SUTARIAS SOLUTIONS PRIVATE LTD,HASMUKH SUTARIA,sspl.hasmukh@gmail.com,9099510408,811,232
GUJARAT,Ahmedabad,GREEN EVER SYSTEMS PRIVATE LIMITED,ADIT SHAH,greeneversystems@gmail.com,8866167111,847,232
GUJARAT,Ahmedabad,CYBRIA SOLUTIONS,Jagdish Parmar,jagdish@cybriasolutions.com,9925026091,850,232
GUJARAT,Ahmedabad,AZOLE POWER,MALI URMILABEN PRAKASHBHAI,azolepower9998@gmail.com,9998743101,791,232
GUJARAT,Ahmedabad,SYSTEM LEVEL SOLUTIONS INDIA PVT LTD,RONAK SEVAK,sales@getsunsights.com,7486992856,893,231
GUJARAT,Ahmedabad,SHIVIK ENTERPRISE,VIKASKUMAR BASAVBHAI PATEL,shivikenterprise@gmail.com,9512839262,658,231
GUJARAT,Ahmedabad,SASA ENERGY LLP,YOGESH DALSANIYA,sasaenergyllp@gmail.com,9099207722,738,229
GUJARAT,Ahmedabad,PRIME ENERGY,JAYESH DUDHAT,primeenergy321@gmail.com,9512022199,807,228
GUJARAT,Ahmedabad,FRS ENTERPRISE,TAUFIK BADI,frsenterprise1@gmail.com,7990366078,865,228
GUJARAT,Ahmedabad,SUNROOF ELECTRICAL ENERGY,JAY PADHYA,sunroofenergy100@gmail.com,9687893989,805,227
GUJARAT,Ahmedabad,SMART SOLAR ENERGY,ARVIND VELJIBHAI KHANPARA,smartsolarenergy8542@gmail.com,7435907512,611,227
GUJARAT,Ahmedabad,LUCIDUS ENERGY PRIVATE LIMITED,RAJESH JAIN,lucidusenergy21@gmail.com,9327990722,937,226
GUJARAT,Ahmedabad,SOL MAX SOLUTION,MOHITBHAI PRABHATBHAI BORICHA,mpboricha111@gmail.com,9429343757,815,224
GUJARAT,Ahmedabad,RUPABHAI MAGANBHAI PATEL,RUPABHAI MAGANBHAI PATEL,RMP.GEMPORTAL@GMAIL.COM,9426004861,719,224
GUJARAT,Ahmedabad,MAPSTECH SYSTEMS,HARDIK PATEL,mapstechsystems@gmail.com,9998854510,834,224
GUJARAT,Ahmedabad,GAYATRI CONSTRUCTION,CHETANSINH RAYJADA,chetansinh270@gmail.com,7408636363,755,224
GUJARAT,Ahmedabad,SUKOON POWER TECHNOLOGY,KAUSHAL P,sukoonpowertech@gmail.com,9712946594,865,223
GUJARAT,Ahmedabad,RADIANT SOLAR SYSTEMS,BHARGAV KIRITBHAI JOSHI,bhargavec40@gmail.com,9408503198,820,222
GUJARAT,Ahmedabad,LIGHTWELL SOLAR,BHAUMIK PATEL,lightwellsolar@gmail.com,9054524293,917,222
GUJARAT,Ahmedabad,KREYA ENTERPRISES,Bhaumik Patel,kreyaentp@gmail.com,6359233332,860,222
GUJARAT,Ahmedabad,HARIPRIY INDUSTRIES,PRAKASH PATEL,haripriyindustries@gmail.com,9725022146,838,222
GUJARAT,Ahmedabad,AANJNEY ENTERPRISE,AKASH PATEL,aanjneysolar@gmail.com,6353161531,880,222
GUJARAT,Ahmedabad,ULTRAMECH ENERGIES,JAIMIN PATEL,jaiminptl886@gmail.com,8320126712,893,221
GUJARAT,Ahmedabad,B-SOLAR CONSULTANT AND ENGINEER PVT LTD,ANIL GUPTA,md@bsolar.in,8000888019,842,221
GUJARAT,Ahmedabad,CELESTIAL RENEWABLE ENERGY,HEMANTBHAI PATEL,celestialrenewableenergy@gmail.com,9099033033,813,220
GUJARAT,Ahmedabad,ZEBRON SOLAR POWER SOLUTIONS,PRAVIN GOTHI,zebronsolar@gmail.com,9510370572,824,219
GUJARAT,Ahmedabad,SOORYABHUMI ENERGY,VAGH KARAN PARBATBHAI,sooryabhumienergy2024@gmail.com,8155887304,743,219
GUJARAT,Ahmedabad,PV RAYS ENERGY,PRADIP RAKHASIYA,pvraysenergy@gmail.com,9898097222,624,219
GUJARAT,Ahmedabad,R N SALES CORPORATION,PRANAV PANSURIYA,r.tech.2000@gmail.com,9574472134,723,217
GUJARAT,Ahmedabad,HARI INFRA PROJECTS,KRUPAL MEHTA,info@hariindia.in,9998037067,788,216
GUJARAT,Ahmedabad,TECHNOCRATS ENGINEERS,MONIKA KAPIL PARMAR,technocratsengineers007@gmail.com,9974214007,766,215
GUJARAT,Ahmedabad,SIGMA SUN ENERGY,PIYUSH VINODBHAI MAKVANE,info.sigmasunenergy@gmail.com,9726764498,678,215
GUJARAT,Ahmedabad,SHREEJI SALES - KARAMSAD,MEHUL KORAT,shreejisales125@gmail.com,9586548051,754,215
GUJARAT,Ahmedabad,TECHNOCELL INDUSTRIAL SERVICES,SHILENDRA GUPTA,skg23aqua@yahoo.in,9979348446,781,214
GUJARAT,Ahmedabad,ICONIC SOLAR ENERGY,SHAILESH NARSHIBHAI LIMBASIYA,iconicsolarenergy26@gmail.com,7698504095,749,214
GUJARAT,Ahmedabad,BHARTI SOLAR,Jayesh Surtani,bhartisolar1@gmail.com,8160804583,859,214
GUJARAT,Ahmedabad,KAGI RENEWABLE ENERGY,JIGAR RAJ,info.kagirenew@gmail.com,8401935902,844,212
GUJARAT,Ahmedabad,BALA SOLAR,VIJAY SINH PRAVINSINH RANA,balasolar@yahoo.com,9879188034,881,212
GUJARAT,Ahmedabad,H K SOLAR ENERGY,CHAUDHARY KALPESHKUMAR BECHARBHAI,hkenergy16@gmail.com,9714516576,701,211
GUJARAT,Ahmedabad,EMISSIONS FREE WORLD PVT LTD,PANCHAL SIDDARTHKUMAR,emissionsfreeworld@gmail.com,8320097477,889,211
GUJARAT,Ahmedabad,VIDHYUT SOLAR,Darshan Dhola,vidhyutsolarenergy@gmail.com,8347838900,697,210
GUJARAT,Ahmedabad,STARLUMEN ENERGY LLP,Milan Ramabhai Patel,sales.starlumen@gmail.com,8758737125,824,210
GUJARAT,Ahmedabad,GREENARCH SOLAR PRIVATE LIMITED,PRAVIN BORLE,greenarchsolar@gmail.com,9879262766,815,210
GUJARAT,Ahmedabad,A U ENTERPRISE,UMANG PATEL,contact.auenterprise@gmail.com,8140570688,712,210
GUJARAT,Ahmedabad,SUNISTIC SOLAR ENERGY LLP,MAULIK SHRIMALI,info@sunisticsolarenergy.com,9909507507,862,209
GUJARAT,Ahmedabad,SUNIFY SOLAR LLP,NIKUNJ PATEL,sunifysolar@gmail.com,8141455505,702,208
GUJARAT,Ahmedabad,SHIV ENTERPRISE,NAYI PARESHKUMAR LALLUBHAI,shiventerprisesolor@gmail.com,7600438578,731,208
GUJARAT,Ahmedabad,ARYA ELECTRICALS,MUKUND BAROT,arya.electricals2013@gmail.com,9428266003,726,208
GUJARAT,Ahmedabad,VERTEX SOLAR SOLUTIONS PVT LTD,BHARGAV PATEL,vertexnad@gmail.com,8758614088,787,207
GUJARAT,Ahmedabad,SKY SUN ENTERPRISE,PIYUSH CHAUDHARY,skysunenterprise@gmail.com,9408931070,736,207
GUJARAT,Ahmedabad,YUG SOLAR,SHIYAL BHAVESH,yugsolar@gmail.com,6359410052,718,206
GUJARAT,Ahmedabad,KHODIYAR ELECTRICAL (VISNAGAR),RAHULKUMAR KANTILAL PRAJAPATI,khodiyar.electrical210@gmail.com,9979632702,704,206
GUJARAT,Ahmedabad,KHODAL CORPORATION,HARDIK KALTHIYA,khodalcorporation10@gmail.com,9974129558,553,206
GUJARAT,Ahmedabad,ARRAYCOM INDIA LIMITED,KISHAN PATEL,solar@arraycom.co.in,9909941004,691,206
GUJARAT,Ahmedabad,AARU SOLAR PRIVATE LIMITED,Sharad Jani,sharad.aarusolar@gmail.com,9427954432,772,206
GUJARAT,Ahmedabad,SHIV SALES AGENCY,RAHUL JAYANTIBHAI GHADIYA,ghadiyabhaisolar08@gmail.com,9428798679,684,205
GUJARAT,Ahmedabad,OCTA ENTERPRISE,KISHAN MALAVIYA DESIGNATION,octaenterprise7@gmail.com,8469023543,749,205
GUJARAT,Ahmedabad,KASHYAP INFRAPROJECTS PVT. LTD.,HIREN D BHAVSAR,info@kashyap.in,9898031010,608,205
GUJARAT,Ahmedabad,POOJA ELECTRICALS,ANAND UPADHYAY,poojaelectrical21@gmail.com,7434034056,778,204
GUJARAT,Ahmedabad,TANAY SS LLP,JIGNESH MANANI,tanayss.llp@gmail.com,9033910000,773,203
GUJARAT,Ahmedabad,PRAKASH PUMP INDUSTRIES,PRAVIN VACHHANI,prakashpumpindustries@gmail.com,9687222263,661,201
GUJARAT,Ahmedabad,GUJARAT ENERGY,GUJARAT ENERGY,info@gujaratenergy.in,9723431234,686,201
GUJARAT,Ahmedabad,COMET EVSOL,AVINASH PRAVINBHAI RUPAVATIYA,cometevsol@gmail.com,8780440726,770,201
GUJARAT,Ahmedabad,BESIGNATURE SOLAR ENERGY PVT.LTD,Prit Patel,signaturesolar975@gmail.com,7265996001,702,201
GUJARAT,Ahmedabad,JUPISOL POWER INDIA PRIVATE LIMITED,SWAPNEEL PATEL,spatel@jupisolpower.com,9879284007,591,200
GUJARAT,Ahmedabad,HIRANYA,CHINTAN KANUBHAI PATEL,chintan6310@gmail.com,9909009425,700,200
GUJARAT,Ahmedabad,RUDRASOL ENERGY PRIVATE LIMITED,KAMALESH SHUKLA,rudrasolenergy@gmail.com,9408397604,778,199
GUJARAT,Ahmedabad,MARUTI SOLAR PUMP SYSTEM,DIVYABEN SANDIPBHAI PATEL,patelsandip0226@gmail.com,9426849250,668,199
GUJARAT,Ahmedabad,JAY SARDAR SOLAR POWER PRIVATE LIMITED,VIPULBHAI CHAUDHARY,dbchaudhary108@gmail.com,9737550593,714,199
GUJARAT,Ahmedabad,NEELAM MICRO ELECTRONICS,VIBHAKAR PATEL,neelammicro@yahoo.co.in,9824042405,733,197
GUJARAT,Ahmedabad,HARIOM ELECTRICS,MANOJKUMAR JAGDISHBHAI PATIWALA,manoj.patiwala.in@gmail.com,8140438508,712,197
GUJARAT,Ahmedabad,GREENCLEAN POWER SOLUTION,Anurag Singh,greencleanpowersolution@gmail.com,9909047056,777,197
GUJARAT,Ahmedabad,DIVINE ENERGY,VIVEK CHAUHAN,divineenergy42@gmail.com,6354051676,679,197
GUJARAT,Ahmedabad,A J INFRATECH AND SOLAR,aj_infratechsolar,aryanpatelvisnagar@gmail.com,9429083193,628,197
GUJARAT,Ahmedabad,SAMAR ENERGY SOLUTIONS,PATEL KRUNAL KISHORBHAI,samarenergysolutions@gmail.com,9662727432,761,196
GUJARAT,Ahmedabad,PAVAN ENERGY,MAULIK CHAUDHARI,pavanenergy1209@gmail.com,7016265112,699,196
GUJARAT,Ahmedabad,IMAGINE POWERTREE PRIVATE LIMITED,SHANI PANDYA,imagine.powertree@gmail.com,9586121111,636,196
GUJARAT,Ahmedabad,PROSPER ENTERPRISE,NIRAJ VASAVA,prosperenterprise07@gmail.com,9824420913,786,195
GUJARAT,Ahmedabad,FATHUN RENEWABLE ENERGY (FORMERLY KNOWN AS KENVUE ENERGY),SHARIF ABDUL SATAR BHURI,fathunrenewable@gmail.com,9898589612,699,195
GUJARAT,Ahmedabad,RISING SUN ENERGY,DHRUV PATEL,risingsunenergy2018@gmail.com,7405303305,722,193
GUJARAT,Ahmedabad,SHAKTI ENTERPRISE,PATEL JAIMINKUMAR RAMESHBHAI,shaktienterprise0507@gmail.com,8866124840,704,191
GUJARAT,Ahmedabad,PARISHRAM INFOENERGY,HARSH PATEL,parishraminfoenergy@gmail.com,9909433132,793,191
GUJARAT,Ahmedabad,M R ENTERPRISE,PATEL RAVIKUMAR RAMESHBHAI,mr.enterprise1324@gmail.com,9099408818,634,191
GUJARAT,Ahmedabad,BELIEVE TECH ENERGY SERVICES,Kavina Vaghela,infobtes@gmail.com,9499631316,675,191
GUJARAT,Ahmedabad,SPEED O ENERGY,K.S.PRAJAPATI,INFO.SPEEDOENERGY@GMAIL.COM,7016826003,621,189
GUJARAT,Ahmedabad,SHREEJI ELECTRICALS,BHAKARBHAI BHATT,shreejiele@gmail.com,9825089343,693,189
GUJARAT,Ahmedabad,HIYA ELECTRO ENGINEERS,NIKHIL BHOJAK,hiyaelectroengineers@gmail.com,8128672333,701,189
GUJARAT,Ahmedabad,KP GREEN ENERGY,SHASHEEKANT AGNIHOTRI,kpgreenenergy46@gmail.com,7048370774,749,188
GUJARAT,Ahmedabad,GREEN SUN ENERGY,RAJESH GANDHI,teamgreensun@gmail.com,9274525232,756,188
GUJARAT,Ahmedabad,BACKBONE ELECTRICALS,C M AMRUTIA,backbone.electricals@gmail.com,6356044325,635,187
GUJARAT,Ahmedabad,SUNFLARE SOLUTIONS AND SERVICES PVT LTD,APURVA GANDHI,info@sunflaresns.com,9998430407,791,186
GUJARAT,Ahmedabad,JAYVEER ELECTRICAL PRIVATE LIMITED,MR. PRATIK PATEL,jayveerelectrical@gmail.com,9601679621,643,186
GUJARAT,Ahmedabad,TATSAT NRGS,NISARG PATEL,tatsatnrgs@gmail.com,7984576567,760,185
GUJARAT,Ahmedabad,AONE RENEWABLE ENERGY,AONE RENEWABLE ENERGY,md.aonerenewableenergy@gmail.com,7435061657,744,185
GUJARAT,Ahmedabad,KOMAL ELECTRIC,CHETANDAS R.RAMPRASADI,chetanramprasadi@gmail.com,9825047503,609,184
GUJARAT,Ahmedabad,EMDERS ENTERPRISE,AJAY D PANCHAL,info.emders@gmail.com,7016614013,856,184
GUJARAT,Ahmedabad,ARETE ELECTROPOWER PVT LTD,DEEP SHAH,projects@arelectropower.com,9099940283,728,184
GUJARAT,Ahmedabad,SUNSPOT ENERGY LLP,TARVINDERSINGH HARBHAJANSINGH RAKKAD,info.sunspotenergy@gmail.com,8866110577,705,183
GUJARAT,Ahmedabad,PARSANA GROUP,PARSANA RAJ NANDLAL,infoparsanagroup9@gmail.com,6358141994,606,183
GUJARAT,Ahmedabad,INSTANT SOLUTION,GALANI VISHAL PARSHOTAMBHAI,info@instantsolar.in,9512123598,643,183
GUJARAT,Ahmedabad,AADITYA SOLAR,GAUTAMBHAI R PATEL,adityasolarnarmada@gmail.com,9265740687,696,183
GUJARAT,Ahmedabad,KARMA POWER,MAYURBHAI JAYANTIBHAI VEKARIYA,karmapower001@gmail.com,8849370511,597,182
GUJARAT,Ahmedabad,VR ENERGY,HARDIK RAIYANI,vrenergy4@gmail.com,9924390293,634,181
GUJARAT,Ahmedabad,SARVAYOGAM,SHRIKANT IYER,sarvayogamgroup@gmail.com,9510356575,780,181
GUJARAT,Ahmedabad,AC DC PROJECTS,MAULIK PANCHAL,acdcprojects1@gmail.com,8200193182,727,181
GUJARAT,Ahmedabad,ULTRAVIOLET SOLAR PVT.LTD.,JIGNESH P SORATHIYA,info@uvrays.co.in,7878699099,619,179
GUJARAT,Ahmedabad,RD ENERGY SOLUTIONS,VIJAYRAJSINH GOHIL,rdenergysolutions@outlook.com,8866226473,662,179
GUJARAT,Ahmedabad,CONCEPT SOLAR ENERGY,GAUTAM PRAJAPATI,conceptsolarenergy21@gmail.com,9662414865,588,179
GUJARAT,Ahmedabad,RIA POWER,PRAFULBHAI P JOGANI,riapower24@gmail.com,8758463929,648,177
GUJARAT,Ahmedabad,AANGI SOLAR,ATULKUMAR PARSHOTTAMBHAI KHUNT,aangisolar@gmail.com,8000848307,614,177
GUJARAT,Ahmedabad,GREEN ENERGY SOLAR,GOYANI TUSHARBHAI DHIRUBHAI,ges.solar24@gmail.com,8866993164,669,176
GUJARAT,Ahmedabad,V POWER SOLAR SERVICES,VISHAL LIMBACHIYA,vpowersolarservices@gmail.com,9904254440,665,174
GUJARAT,Ahmedabad,SUNSAFE INFRA PRIVATE LIMITED,RONAK RAJENDRAKUMAR JAIN,sunsafe.np@gmail.com,7227050091,652,174
GUJARAT,Ahmedabad,UNIVERSE ENTERPRISE,MULJI NAKUM,muljinakum1103@gmail.com,7878789968,611,173
GUJARAT,Ahmedabad,SURYA ENTERPRISE,KULDIP A. DODIYA,suryaenterprise8324@gmail.com,9687975891,654,172
GUJARAT,Ahmedabad,SUNRAISE INDUSTRIES,NAVNEET SHELADIYA,info@sunraiseindustries.com,9722106810,647,172
GUJARAT,Ahmedabad,LABDHI ENTERPRISE,HENAL BHAGATWALA,labdhi1touchsolution@gmail.com,7405069474,659,172
GUJARAT,Ahmedabad,MNS GLOBAL ENGINEERING AND SERVICES,SHASHIKANT RATHOD,mnsglobalengineeringservices@gmail.com,9727207075,689,171
GUJARAT,Ahmedabad,ACCURATE INFOTECH,MOHMMEDAHSAN SHABIRMIYAN SHAIKH,accurateinfotech1@gmail.com,8866445623,790,171
GUJARAT,Ahmedabad,TECHNO ELECTRONICS,MEHUL SHAH,sales@technopower.co.in,9825236894,630,170
GUJARAT,Ahmedabad,SOR ENTERPRISE,HIREN VAGHASIYA,sorsolar@yahoo.com,9824428293,690,170
GUJARAT,Ahmedabad,EARTHTECH INNOVATIONS PRIVATE LIMITED,KHOJEMA MAKDA,earthtechinnovations@gmail.com,8490850276,611,170
GUJARAT,Ahmedabad,MAKKWANA INDUSTRIES,PRIYAKANT MAKWANA,rooftopindia@gmail.com,9879398464,665,169
GUJARAT,Ahmedabad,NINE TECH AUTOMATION,PATEL NAYAN KANUBHAI,ninetechautomation09@gmail.com,9313375388,585,168
GUJARAT,Ahmedabad,AAMOKSH ELECTRICALS PRIVATE LIMITED,AAMOKSH ELECTRICALS PRIVATE LIMITED,hardik.pandya4166@gmail.com,9998367462,601,168
GUJARAT,Ahmedabad,VOLTEX SOLUTION,Manan Ghia,info.voltexsolution@gmail.com,9104629229,663,167
GUJARAT,Ahmedabad,SHARVA SOLAR,MALAVIYA AMIT PANCHABHAI,sharvasolar@gmail.com,9909449650,671,166
GUJARAT,Ahmedabad,SUNRISE ENTERPRISE,YOGESH PATEL,sunriseenterprise6388@gmail.com,9904889087,598,165
GUJARAT,Ahmedabad,ENERZYTECH INDUSTRIES PRIVATE LIMITED,deep.bhojani@enerzytech.com,deep.bhojani@enerzytech.com,9727139999,718,165
GUJARAT,Ahmedabad,AQUILINE ENERGY SOLUTION,KALPANA SHAH,aquilineenergysolution@gmail.com,7016762587,509,165
GUJARAT,Ahmedabad,PRODES CONSULTING ENGINEERS PRIVATE LIMITED,RAJIV RANJAN PRAKASH,rajiv.ranjan.prakash786@gmail.com,8690444556,587,164
GUJARAT,Ahmedabad,BENCHMARK AGENCIES PRIVATE LIMITED,TARANG MEHTA,tarang@benchmarkagencies.com,8200267346,619,164
GUJARAT,Ahmedabad,AUTO FORGE ENGINEERS,Pradip Patel,autoforge2300@gmail.com,9925237321,561,164
GUJARAT,Ahmedabad,VEE SECURE,VRAJESH SHARMA,veesecure.in@gmail.com,9825070982,592,163
GUJARAT,Ahmedabad,HI TECH ENERGY,SHREYANS TRIVEDI,hitechenergy17@gmail.com,9924388540,590,163
GUJARAT,Ahmedabad,E-TECH SOLUTION & SOLAR,JAYDIP PADMANI,etechsolution.solar@gmail.com,9099563174,573,163
GUJARAT,Ahmedabad,MAHAKALI POWER,CHIRAG B.DAVRA,mahakalipower9252@gmail.com,9687209519,581,162
GUJARAT,Ahmedabad,IDEAL RENEWABLE LLP,BARASARA KEVALKUMAR MAHADEVBHAI,idealrenewable@gmail.com,9979083323,526,162
GUJARAT,Ahmedabad,EARTH SOLARISM,PATHAR TUSHAR G,earthsolarism@gmail.com,9724990231,643,162
GUJARAT,Ahmedabad,SARDAR SOLAR ENERGY PRIVATE LIMITED,YASINMAHMAD GHORI,sardarsolarenergypvtltd015@gmail.com,9664915598,685,161
GUJARAT,Ahmedabad,SAFVI ELECTRICALS SOLUTIONS,MOHAMMAD VASEEM ASAD ALI KHAN,safvielectricalssolutions2013@gmail.com,9374754648,656,161
GUJARAT,Ahmedabad,RARA-AVIS RENEWABLE ENERGY PRIVATE LIMITED,SANDIP PATEL,info@raraavisenergy.com,7043374434,686,161
GUJARAT,Ahmedabad,SUNPLUG TECHNOLOGIES LLP,HARDIKSINH CHAVDA,hnchavda87@gmail.com,9427020496,628,160
GUJARAT,Ahmedabad,DISHACHI ENERGY,DILIPKUMAR NANUBHAI HIRPARA,dishachienergy@gmail.com,9898762600,592,160
GUJARAT,Ahmedabad,PATEL GREEN ENERGY SALES AND SERVICE,KORADIYA ARVIND KESHAVJI,patelgreenenergyinfo@gmail.com,9427412983,631,159
GUJARAT,Ahmedabad,DIVINE ENERGY INC,Arpita ben Shelat,divinein17@gmail.com,7874391679,635,159
GUJARAT,Ahmedabad,ARENA AUTOMATION,BRIJESH PATEL,arenaautomationb@gmail.com,9904018887,745,159
GUJARAT,Ahmedabad,SNAP SOLAR,SAHIL PADHIYAR,snapsolar7@gmail.com,7572851098,617,158
GUJARAT,Ahmedabad,SHAURYAM ENTERPRISE,VIRAL PATEL,shauryamsolarenterprise@gmail.com,9173645491,619,158
GUJARAT,Ahmedabad,AQUA AIR ENVIRONMENTAL ENGINEERS PVT LTD,Divyesh Patel,aquasolarsurat@gmail.com,9898068808,613,158
GUJARAT,Ahmedabad,AAJEY ENTERPRISE,PRUTHVIRAJ THAKOR,aajeyenterprise@gmail.com,9274901971,608,158
GUJARAT,Ahmedabad,DIVINE SOLAR ENERGY,Solanki Kanji,divinesolarenergy33@gmail.com,7069853208,552,157
GUJARAT,Ahmedabad,BAPA SITARAM RENEWABLE ENERGY,KISHAN KUMAR ANILBHAI PANDYA,BSREVADODARA@GMAIL.COM,9925557878,587,157
GUJARAT,Ahmedabad,N M POWER,GAURAV KARELIYA,gauravkareliya1@gmail.com,8141958041,569,156
GUJARAT,Ahmedabad,ELITO ENERGY PRIVATE LIMITED,MILAN BAROT,info@elitoenergy.com,7226024441,491,156
GUJARAT,Ahmedabad,STANDARD ENGINEERS & CONTRACTORS,Faiz Mohamad,standardelectricals7177@gmail.com,8140080726,663,155
GUJARAT,Ahmedabad,RAJANJI ENTERPRISE,RANA SHAHEALAMMOHAMMAD LAVENDRASINHJI,RAJANJI72.LV@GMAIL.COM,8849116749,659,155
GUJARAT,Ahmedabad,FOURCELL ENERGY PRIVATE LIMITED,PRAYAG NAKRANI,fourcellenergy@gmail.com,9377776564,608,155
GUJARAT,Ahmedabad,VA PATEL INFRA PRIVATE LIMITED,MAYURDHVAJSINH GOHIL,mayurdhavajsinhgohil00@gmail.com,9428269204,562,154
GUJARAT,Ahmedabad,INVENTRIK ENTERPRISE,HARSH CHAUDHARI,info@inventrik.co.in,8238083000,522,153
GUJARAT,Ahmedabad,AKHAND SHAKTI SOLAR,ARUN PARANJAPEE,apparanjape@gmail.com,9427003484,541,152
GUJARAT,Ahmedabad,A D ENERGY SOLUTIONS,DHARMIKKUMAR KAUSHIKBHAI PATHAK,adenergysolutions64@gmail.com,9924503387,562,152
GUJARAT,Ahmedabad,SCORP ENERGY PRIVATE LIMITED,MOHIT AGARWAL,mohit@scorpenergy.com,9925345121,636,151
GUJARAT,Ahmedabad,NRS SOLAR SOLUTION,PRAMOD KUMAR KANSARA,info.nrssolarsolution@gmail.com,8488953026,592,151
GUJARAT,Ahmedabad,AARSUN ENERGY SOLUTIONS,Mr. YUVRAJSINH UDAVAT,aarsunenergy@gmail.com,8200328869,594,151
GUJARAT,Ahmedabad,GEER AGRO WORKS,MAYANK PATEL,geeragro@gmail.com,9898799789,533,150
GUJARAT,Ahmedabad,DEV ELECTRICALS,DIVYESHKUMAR BALVANTBHAI PATEL,develectricals2024@gmail.com,9974821967,614,150
GUJARAT,Ahmedabad,VAKRATUND INNOVATION PRIVATE LIMITED,DHRUVKUMAR PARMAR,operation@vakratundinnovation.com,6351039120,525,149
GUJARAT,Ahmedabad,CELESTRA SOLAR PVT LTD,DIXAN PANCHAL,info@celestrasolar.com,9998805002,640,149
GUJARAT,Ahmedabad,MAXIM ENERGY,PARTH HIRAPARA,maximenergy21@gmail.com,9265123804,508,148
GUJARAT,Ahmedabad,EVERGREEN SOLAR,SHARMISTHABEN VIJAYBHAI MAKWANA,evergreensolar20@gmail.com,9408938979,573,148
GUJARAT,Ahmedabad,ETECH ENERGY,KALPESHBHAI,admin@etechenergy.com,9328509877,486,148
GUJARAT,Ahmedabad,AAJIVAN SOLAR POWER,MAYANK SAKARIYA,aajivansolarpower@gmail.com,9106798337,594,148
GUJARAT,Ahmedabad,SHRI KHODIYAR ENTERPRISE,KATARIYA PRAVIN KANABHAI,shrikhodiyar1978@gmail.com,9727358029,514,147
GUJARAT,Ahmedabad,RENEW ENERGIES,PRASHANT KHAIRE,information.renew@gmail.com,7405507073,594,147
GUJARAT,Ahmedabad,PROTON POWER SERVICE,PRATIK PATEL,sprotonpower@gmail.com,9033765370,639,147
GUJARAT,Ahmedabad,MITRA RENEWABLE ENERGY,KERALIYA BHAVIKBHAI SHANKARBHAI,mitra.renewable@gmail.com,9824792815,482,146
GUJARAT,Ahmedabad,VIVAAN INFRA,JAYRAJ SOLANKI,info@vivaaninfra.in,9909916448,542,145
GUJARAT,Ahmedabad,SUNFRAA RENEWABLES LLP,ESHAN CHOLIYA,partner@sunfraa.com,6354296570,554,145
GUJARAT,Ahmedabad,SUMERU SOLUTION,Akash Parmar,sumerusolution22@gmail.com,8866426625,581,145
GUJARAT,Ahmedabad,KESHRI NANDANAM ENERGY,MAHESH PRAJAPATI,keshrinandanamenergy@gmail.com,8200147522,529,145
GUJARAT,Ahmedabad,EVITUS ENERGY SOLUTIONS,ASHVIN HADIYAL,evitusenergysolutions@gmail.com,8156006133,528,145
GUJARAT,Ahmedabad,ECOLUX SOLAR,GALANI CHIRAG BHAI BHUPAT BHAI,ecoluxsolar007@gmail.com,8980088806,455,145
GUJARAT,Ahmedabad,UTSAV ELECTRICALS,SAGAR PRAKASHBHAI PRAJAPATI,info.utsavelectricals@gmail.com,9106623744,581,144
GUJARAT,Ahmedabad,TULAJA ENTERPRISE,DAXESH GANDHI,tulajaenterprise@gmail.com,9904866630,504,144
GUJARAT,Ahmedabad,RAMAA SOLAR,RISHABH SAJKA,ramaasolar@gmail.com,8866697632,470,144
GUJARAT,Ahmedabad,KESHWALA ENGINEERING CO.,RAMBHAI KESHWALA,RKESHWALA26@GMAIL.COM,7575082097,503,144
GUJARAT,Ahmedabad,BHARAT ENERGY,SIDDHRAJSINH,bharatenergy8889@gmail.com,9714131394,601,144
GUJARAT,Ahmedabad,VISION INFOSYS,Pradeepsinh Gohil,info@vision-infosys.in,9825061749,538,143
GUJARAT,Ahmedabad,SUCCESS TECHNOCRAT,BHUPENDRA KHATRI,khatri292@gmail.com,9624001021,522,142
GUJARAT,Ahmedabad,ONETIME SOLAR SYSTEM,BHAVIN GOTHI,onetimesolarsystem@gmail.com,9925296957,477,142
GUJARAT,Ahmedabad,NP ELECTRICALS,NAYAN KUMBHANI,info@npelectricals.co.in,9824144945,466,142
GUJARAT,Ahmedabad,VISHWASH ENTERPRISE,LALITBHAI PARSOTTAMBHAI POKAL,vishwashenterprise2422@gmail.com,6355098324,468,140
GUJARAT,Ahmedabad,SUNCARE ENERTECH PVT LTD,SAGAR SANGHANI,suncaresolar3@gmail.com,7405450545,497,140
GUJARAT,Ahmedabad,SPY AUTOMATION,AVESH U. BADI,spyautomation61@gmail.com,7227000497,536,140
GUJARAT,Ahmedabad,NAVKALP GROUPS,MAULIK NAVNITBHAI BHOJAK,navkalprenewable@gmail.com,8460109090,465,140
GUJARAT,Ahmedabad,LUCRATIVE ENERGY PRIVATE LIMITED,AASHUTOSH CHATURVEDI,lucrativein24@gmail.com,9408152427,556,139
GUJARAT,Ahmedabad,SPIKE ENERGY,NUMBER(S),vspikeenergy@gmail.com,9662485355,502,138
GUJARAT,Ahmedabad,SARJAN CONSTRUCTION PVT LTD,KISHOR PATEL,info.solardiv@sarjanconstruction.com,8000052226,449,138
GUJARAT,Ahmedabad,PATEL JOYATABHAI GALABHAI,JOYTABHAI GALABHAI PATEL,pateljoytabhai1134@gmail.com,9724674544,431,137
GUJARAT,Ahmedabad,MARUTI ELECTRICALS,LOVE K PATEL,info.maruti16@yahoo.com,9727474683,552,137
GUJARAT,Ahmedabad,ANGEL PUMPS PVT.LTD.,BHARAT ASODARIYA,solar1@pumpsangel.com,9904809409,486,137
GUJARAT,Ahmedabad,HELIOS SELENE,KISHAN SHUKLA,sales@heliosselene.in,7600132252,525,136
GUJARAT,Ahmedabad,ANTARES TECHNOLOGY,RAVI DARJI,ravi@antarestechnology.in,8866515373,550,136
GUJARAT,Ahmedabad,NEELKANTHESHWAR SOLAR ENERGY,SATYAM DINESHBHAI PATEL,neelkantheshwarsolarenergy@gmail.com,8460048549,462,135
GUJARAT,Ahmedabad,ARCHER RENEWABLE PRIVATE LIMITED,Chhayank D Patel,info@archersolar.in,8000041003,457,135
GUJARAT,Ahmedabad,PROSTARM INFO SYSTEMS LIMITED,BHALABHAI ASAL,mktg.ahm@prostarm.com,9316466272,496,134
GUJARAT,Ahmedabad,EARTH SOLAR ENERGY,MAYUR GOYANI,EARTHSOLARE@GMAIL.COM,8200115874,451,134
GUJARAT,Ahmedabad,SUNSHINE SOLAR,HIRENBHAI LALJIBHAI VAVADIYA,sunshinesolarsurat@gmail.com,9537733133,489,133
GUJARAT,Ahmedabad,AVANTA,JAYDIPSINH AMARSINH DODIYA,info@avantasolar.com,9586355511,562,133
GUJARAT,Ahmedabad,SUNBLOOM ENERGY PRIVATE LIMITED,POOJA KAPADIA,info@sunbloomenergy.com,9662874669,581,132
GUJARAT,Ahmedabad,SOLARPLUS ENERGY SOLUTIONS,SANJAYKUMAR MISTRY,esolarplus@gmail.com,9327269583,507,132
GUJARAT,Ahmedabad,PRAYOSHAM SOLAR ENERGY,PARMAR JAYRAJSINH BHARATBHAI,jayrajp880@gmail.com,9574242883,460,132
GUJARAT,Ahmedabad,KHODIYAR ELECTRICAL,Alpesh Patel,khodiyarelectrical9199@gmail.com,6355714181,447,132
GUJARAT,Ahmedabad,GITANJALI DEVELOPERS,Somabhai Moghabhai Chamar,dhavalparmar.dp39@gmail.com,8200332871,486,132
GUJARAT,Ahmedabad,AATREY ASSOCIATES PRIVATE LIMITED,TUMESHKUMAR JADEJA,aatreyassociates@gmail.com,9824089144,545,132
GUJARAT,Ahmedabad,VRTECH ENERGY,VISHAL RAMESHBHAI GOTI,vrtechenergy20@gmail.com,9157988889,397,131
GUJARAT,Ahmedabad,SHREE GOKUL ENTERPRISE,Kaushik Khetani,shreegokulenterprise123@gmail.com,8160000871,444,131
GUJARAT,Ahmedabad,DHM SOLAR POWER PVT LTD,DINESHBHAI M.HADIYA,dhmsolarpower@gmail.com,8980508730,551,131
GUJARAT,Ahmedabad,C J ENTERPRISE,Krunal Patel,cjenterprise93@gmail.com,9429670026,522,131
GUJARAT,Ahmedabad,POWERTECH ENGINEERS SURAT,SANAT BAROT,sanatbarot@gmail.com,9377625242,565,130
GUJARAT,Ahmedabad,MATRIX ENTERPRISE,JAYABEN D PATEL,matrixsolar41@gmail.com,8905314234,473,129
GUJARAT,Ahmedabad,SOLAR ONLINE SKP,PATEL YOGESHKUMAR PRAVINBHAI,onlinesk044@gmail.com,8238539443,427,128
GUJARAT,Ahmedabad,SEVENTH SKY RENEWABLE LLP,DARSHAN PATTANI,seventhskyrenewable@gmail.com,7874524574,457,128
GUJARAT,Ahmedabad,INSTANT ELECTRIC SERVICES,RAJAN SONERA,instantelectricservices@gmail.com,9909415407,475,128
GUJARAT,Ahmedabad,VALAM ENTERPRISE,NARESHBHAI KANUBHAI MAKVANA,valamenterprise007@gmail.com,9824881693,441,127
GUJARAT,Ahmedabad,TROPICAL SOLAR ENERGY PRIVATE LIMITED,AKSHAY PATEL,connect@tropicalsolar.in,8160023355,594,127
GUJARAT,Ahmedabad,RVMOVALIYA CONSTRUCTION CO,KAUSHIK MOVALIYA,rvmovaliya.solarenergy@gmail.com,9724543742,447,127
GUJARAT,Ahmedabad,RAJANI MOTORS,HAIDER ALI SHOKAT ALI RAJANI,rajanimotors21@gmail.com,7227807262,456,127
GUJARAT,Ahmedabad,I-TECH STORE,RONAK PARIKH,info.itechsolar@gmail.com,9879603933,516,127
GUJARAT,Ahmedabad,BONS LIGHT PVT LTD,DHAVAL PATEL,info@bonslight.com,8155054410,434,127
GUJARAT,Ahmedabad,SUNREST INFRA ENERGY,HITESH G KANZARIYA,sunrestinfraenergy@gmail.com,9638063381,437,125
GUJARAT,Ahmedabad,SHREEJI SOLAR SYSTEM,PRERAK DESAI,shreejisolars@gmail.com,9265296741,484,125
GUJARAT,Ahmedabad,PIXON GREEN ENERGY PRIVATE LIMITED,SUMIT MEHTA,tender@pixonenergy.in,7229035912,414,125
GUJARAT,Ahmedabad,GRIDSOL ENERGY,PATEL AKASH PANKAJKUMAR,GRIDSOLENERGY@GMAIL.COM,9724634747,525,125
GUJARAT,Ahmedabad,ALFA SOLAR ENERGY PVT. LTD.,KETANBHAI PANSARA,alfaenergypvtltd24@gmail.com,9825374299,440,125
GUJARAT,Ahmedabad,AAROHI SOLAR ENERGY,RAMABHAI PARMAR,pram8384@gmail.com,8347341291,432,125
GUJARAT,Ahmedabad,SWAMI ENERGY,Jigar Swami,jigar.swamienergy@gmail.com,9725451293,493,124
GUJARAT,Ahmedabad,SOLAR CLEAN ENERGY LIMITED,NIKUNJ AMRUTLAL PRAJAPATI,socleanenergy@gmail.com,9712666866,488,124
GUJARAT,Ahmedabad,I SQUARE SOLAR,SANJAY RAMESHBHAI BUDHELIYA,work.srbudheliya@gmail.com,9722272775,416,124
GUJARAT,Ahmedabad,AAKASH ENTERPRISES,Akash Parmar,Enterprise.aakash2010@gmail.com,8735074986,518,124
GUJARAT,Ahmedabad,GOVINDJI POWER,PRIYANK BABUBHAI VAGHANI,priyankvaghani86@gmail.com,9726643435,402,123
GUJARAT,Ahmedabad,MOVA GREEN ENERGY,MOHIT PATEL,movagreenenergy1112@gmail.com,7778033298,513,122
GUJARAT,Ahmedabad,GROWSUN RENEWABLE LLP,GROWSUN RENEWABLE LLP,info.growsunrenewablellp@gmail.com,9925590193,473,122
GUJARAT,Ahmedabad,ANANY URJA PRIVATE LIMITED,PRAYAGKUMAR KANUBHAI KHATRANI,ananyurjapvtltd@outlook.com,8866442477,392,122
GUJARAT,Ahmedabad,RENEWZA ENERGY,SARDHARA SAGAR,renewzaenergy@gmail.com,8511148225,457,121
GUJARAT,Ahmedabad,RAJ CORPORATION,MOHAMADSHAHID SIRAJAHEMAD SUBUGAR,raj.corporation07@gmail.com,7990452182,420,121
GUJARAT,Ahmedabad,HARISH ENGINEERING WORKS,SUMIT CHAUHAN,harish.engg91@gmail.com,9428618859,430,121
GUJARAT,Ahmedabad,TECHNO POWER,Techno Power,technopower0001@gmail.com,8200360798,444,120
GUJARAT,Ahmedabad,ROYAL ENTERPRISE,NAYAN MAHERIYA,royalenterprise.vadodara@gmail.com,6352205345,458,120
GUJARAT,Ahmedabad,PRAKASHI ENTERPRISE,PRAKASHIBEN B SHAH,prakashienterprise@gmail.com,9879797965,376,120
GUJARAT,Ahmedabad,GAYATRI TRADING,JIGNESH PATEL,jigneshchopada78@yahoo.in,9687606194,455,120
GUJARAT,Ahmedabad,DHAVAL ELECTRIC SOLUTION,PATEL DHAVAL ANILBHAI,dhavalelectricsolution@gmail.com,8490990138,445,120
GUJARAT,Ahmedabad,SAFECON INDUSTRIAL MAINTENANCE & ENGINEERING SERVICES,DEVANAND KAMBARIYA,safeconservices2013@gmail.com,9925854491,425,119
GUJARAT,Ahmedabad,PRINIX POWER OPC PRIVATE LIMITED,DIVYANG PATEL,prinixpower@gmail.com,7600755058,455,119
GUJARAT,Ahmedabad,CRESCENS ENERGY,SILVESTER CHRISTIAN,crescens.in@gmail.com,9879635395,413,119
GUJARAT,Ahmedabad,UMA SOLAR,HARSHIL BABUBHAI PATEL,umasolar1995@gmail.com,9924491881,411,118
GUJARAT,Ahmedabad,SUNDROP POWER,NAYAN PANCHAL,powersundrop@gmail.com,9429482526,444,118
GUJARAT,Ahmedabad,GREEN LIGHT ENERGY,ABHISHEK KISHORBHAI KUNJADIYA,glenergy2024@gmail.com,9998754265,395,118
GUJARAT,Ahmedabad,SP TECHNOLOGY,PIYUSH SAVALIYA,Sptechnology2023@gmail.com,9586267664,423,117
GUJARAT,Ahmedabad,SHIVAM ELECTRICAL,KAUSHAL NILESHBHAI DAVE,kaushaldave2@gmail.com,9687575600,429,117
GUJARAT,Ahmedabad,ODHAV ENTERPRISE,VASHRAM TALSHABHAI CHAUDHRI,odhaventerpriseindia@gmail.com,9033231303,409,117
GUJARAT,Ahmedabad,HIYASHA SOLAR SYSTEMS LLP,HEMAL PETHAPARA,hiyashasolarsystems@gmail.com,9727097250,386,117
GUJARAT,Ahmedabad,DEV TECHNO,JADEJA GHANSHYAMSINH A,devtechno14@gmail.com,9898242190,435,117
GUJARAT,Ahmedabad,BHSQUARE SOLAR INSTALLATION SERVICES,HARSHKUMAR SURESHCHANDRA PATEL,harshwork2422@gmail.com,9909431526,392,117
GUJARAT,Ahmedabad,SMIT SOLAR SOLUTIONS,AAKASH PRAJAPATI,smitsolarsolutions@gmail.com,9924793020,469,116
GUJARAT,Ahmedabad,REAL MULTIPLE SOLUTIONS,Mehulkumar M Desai,rmssolar.bhavnagar@rediffmail.com,9099722722,442,116
GUJARAT,Ahmedabad,ENERGETIC SOLAR,DIVYANG PATNI,energeticsolar03@gmail.com,9537137427,501,116
GUJARAT,Ahmedabad,DHVANI ENERGY,Rohit Niravkumar,dhvanisolar@gmail.com,9537928064,468,116
GUJARAT,Ahmedabad,CYBRID INFRATECH PRIVATE LIMITED,DEEPAK S PANELIYA,DEEPAK@CYBRIDINFRA.COM,9925299942,423,116
GUJARAT,Ahmedabad,SOLAR EDGE,SAGARKUMAR R THUMMAR,solaredge.w@gmail.com,8000030407,417,115
GUJARAT,Ahmedabad,SILVER CYPHER TECHNOLOGIES,JAY MULIA,silvercyphersolar@gmail.com,8460699699,370,115
GUJARAT,Ahmedabad,REDSUN SOLAR INDUSTRIES,RIGALKUMAR DAMJI GHETIA,info@redsunin.com,9825632875,406,115
GUJARAT,Ahmedabad,KESARI SOLAR,PARTH MORADIYA,kesarisolar2322@gmail.com,8780553703,400,115
GUJARAT,Ahmedabad,A S SOLAR ENTERPRISE,VHORA MUSTKIMBHAI ILIYASBHAI,assolarenterprise@gmail.com,9510572504,460,115
GUJARAT,Ahmedabad,BHANU SOLAR ROOFTOP,HITESH GAJRA,info@bhanusolar.co.in,7600240535,466,114
GUJARAT,Ahmedabad,RG SOLAR SOLUTIONS,GOVINDBHAI M MAHESHWARI,info@rgsolarsolutions.com,7718719713,433,113
GUJARAT,Ahmedabad,NYSA POWER,RONAK PATEL,ronakpatel7319@gmail.com,9081819955,423,113
GUJARAT,Ahmedabad,ABHI ENERGETIC PVT LTD,NARENDRAKUMAR PATEL,abhi_electrical13@yahoo.com,9824345369,432,113
GUJARAT,Ahmedabad,SUNPRIDE ENERGY,CHIRAG PATEL,chiragpatel2592@gmail.com,9726880980,491,112
GUJARAT,Ahmedabad,JALESHWAR GREEN ENERGY,KALPESHBHAI NANJIBHAI PRAJAPATI,info.jaleshwargreen@gmail.com,8140023662,384,112
GUJARAT,Ahmedabad,HILL LIGHTING,RAKESH PATEL,rndungrani@gmail.com,9328385858,406,112
GUJARAT,Ahmedabad,VINARA SOLUTIONS,INDRAJIT SINH,vinarasolutions@gmail.com,8320754771,400,111
GUJARAT,Ahmedabad,SAVEGRID ENERGY,SALMAN JALOTARIYA,savegridenergy@gmail.com,6355785758,389,111
GUJARAT,Ahmedabad,BOND SOLAR,CHINTAN DUDHAT,bondsolar9@gmail.com,9998118505,388,111
GUJARAT,Ahmedabad,BADAL INDUSTRIES,BADAL SHAH,badalindustries@gmail.com,9824594844,457,111
GUJARAT,Ahmedabad,INFINITE ENERGY ANS TECHNOLOGY,Kamlesh Mistry,planning@infiniteenergy.co.in,9099971778,489,110
GUJARAT,Ahmedabad,UVR TECHSOL PRIVATE LIMITED,VIRAL D BHATT,uvrtechsol@gmail.com,9227106799,455,109
GUJARAT,Ahmedabad,ZEEPO ELECTRICAL SERVICES PRIVATE LIMITED,VIRAL PURANDAS DUDHREJIYA,zeepoelectricalservices@gmail.com,9664823942,411,108
GUJARAT,Ahmedabad,SWARG INDUSTRIES PVT LTD,NIRAV D PATEL,info@swargworld.com,9824999527,378,108
GUJARAT,Ahmedabad,SOLAR4U ENTERPRISE,solar4uenterprise1@gmail.com,solar4uenterprise1@gmail.com,9510708411,340,108
GUJARAT,Ahmedabad,KONARK,VIRAL KUMAR,heykonark@gmail.com,7016013500,429,108
GUJARAT,Ahmedabad,ZALA HAKUBHA NARSISINH,ZALA HAKUBHA N,solar.hakubha1508@gmail.com,9925103777,378,107
GUJARAT,Ahmedabad,NIL ENGINEERING,Nilay Zala,nil.engineering@yahoo.com,9228387183,377,107
GUJARAT,Ahmedabad,GALAXY ENERGY SOLUTION,solanki prakashbhai bhikhabhai,galaxyenergysolution@protonmail.com,9428158678,420,107
GUJARAT,Ahmedabad,EVERSHINE ENERGY,SUTHAR DASHRATH NARAYANLAL,contact@evershineenergy.com,8460167441,475,107
GUJARAT,Ahmedabad,SHREE RAM SOLAR,Prashant Jitendrabhai Vegad,shreeramsolar12@gmail.com,9726671212,364,106
GUJARAT,Ahmedabad,EUROLITE SOLAR,HARSHIL PATEL,harshil.patel@euroliteindia.com,7490007847,429,106
GUJARAT,Ahmedabad,PARK SHELDRAKE,Karan Tarar,parksheldrake@gmail.com,7862991878,252,104
GUJARAT,Ahmedabad,OM SOLAR,VIPUL KANTILAL PATEL,VIPULKUMARPATEL43@YAHOO.IN,9714384884,298,104
GUJARAT,Ahmedabad,SHREE HARGANGESHWAR WATER CARE,KUNIYA MAHENDRA KUMAR RAGNATHBHAI,shreehargangeshwarenergy@gmail.com,8128362108,340,103
GUJARAT,Ahmedabad,SHREYA AGENCY,SHARAD PANCHAL,sharad.panchal73.sp@gmail.com,9898021159,346,102
GUJARAT,Ahmedabad,JAY AMBE GREEN ENERGY,Viren Solanki,jayambegreenenergy@gmail.com,9824328725,376,102
GUJARAT,Ahmedabad,INFYZON ENERGY,ANCHIT UMRIGAR,infyzonenergy@gmail.com,8160599803,452,102
GUJARAT,Ahmedabad,GREEN ARTH,AKASH VYAS,info@greenarth.co.in,8780623141,399,102
GUJARAT,Ahmedabad,PARTHKUMAR VIKRAMBHAI KAMANIYA,PARTH VIKRAMBHAI KAMANIYA,kpv2322@gmail.com,9313098584,335,101
GUJARAT,Ahmedabad,GHADIYA RENEWABLE ENERGY,KALPESH GHADIYA,KALPESHPATEL8914@GMAIL.COM,9714000952,372,101
GUJARAT,Ahmedabad,ANSH SOLAR PRIVATE LIMITED,MEHUL CHHATBAR,info@anshsolar.com,7575035750,367,101
GUJARAT,Ahmedabad,ALPHA ENTERPRISE,MAULIK H SABHANI,maulik.solar@gmail.com,9725957991,376,101
GUJARAT,Ahmedabad,SHREEJI ENTERPRISES - WADI,Sandip Gandhi,Sandipgandhi113@gmail.com,9825077605,333,100
GUJARAT,Ahmedabad,MAXIFLUENCE TECHNOVATE LLP,AALAP RANPURA,info@maxifluencetechnovate.com,9662298809,414,100
GUJARAT,Ahmedabad,M AND P POWER SOLUTIONS,PRAKASH KUMAR,mnppowersolutions2021@gmail.com,9537006733,379,100
GUJARAT,Ahmedabad,LAXMI HI TECH,MIHIR GAJERA,laxmihitech36@gmail.com,7046494649,361,100
GUJARAT,Ahmedabad,GREENCUBE ENERGIES PRIVATE LIMITED,NIRANKUSH PRASAD,nirankush@gcepl.in,9106836019,431,100
GUJARAT,Ahmedabad,AADHYA SOLAR,JALPAM S SUTHAR,jalpam.aadhyasolar@gmail.com,9426624423,411,100
GUJARAT,Ahmedabad,STEELHACKS INDUSTRIES,CHINTAN PANDYA,unisolsolar2000@yahoo.com,9825049997,373,99
GUJARAT,Ahmedabad,SHREE NARAYAN ENERGY,Harsh Patel,snesolar@gmail.com,9879179079,421,99
GUJARAT,Ahmedabad,SHREE KHODIYAR SOLAR & ENTERPRISE,SAVALIYA TEJAS RAJESHBHAI,s60358186@gmail.com,9313405580,351,99
GUJARAT,Ahmedabad,KK ENTERPRISE,KRUSHAL LATHIYA,LATHIYA410@GMAIL.COM,9925590208,283,99
GUJARAT,Ahmedabad,GREEN E SOLAR,GORDHANBHAI DHANJIBHAI BHUVA,greene.vb@hotmail.com,9925751589,357,99
GUJARAT,Ahmedabad,FLORIAN VENTURE PVT.LTD.,JAYANTILAL B RABADIYA,florianventurepvt.ltd@gmail.com,9081684444,386,99
GUJARAT,Ahmedabad,ASTHA ENTERPRISE,KARIMBHAI BHIKHABHAI BELIM,asthaenterprise8010@gmail.com,9925668010,369,99
GUJARAT,Ahmedabad,VASANI SOLAR SOLUTION,RUTVIK J VASANI,vasani.solar.solution@gmail.com,9998404646,327,98
GUJARAT,Ahmedabad,SKYLINE SOLAR SYSTEM,PRAJAPATI JAYDEEPKUMAR BALDEVBHAI,skylinesolarsystem@gmail.com,9106430159,377,98
GUJARAT,Ahmedabad,NETWORKS TRADING AND CONSTRUCTION PVT LTD,ARVIND KUMAR,netccopvtltd@gmail.com,9319106152,375,98
GUJARAT,Ahmedabad,WHITEDESERT POWER PROJECTS PVT. LTD.,KETAN PARASIYA,wdplnkt@gmail.com,9427760723,391,97
GUJARAT,Ahmedabad,SURYABHUMI SOLAR ENERGY,HARSHIT LALJIBHAI GHADIYA,suryabhumisolarenergy@gmail.com,8866019146,317,97
GUJARAT,Ahmedabad,SHIV POWER,KETAN V VAGHELA,shivpowerimpex@gmail.com,9825511115,346,97
GUJARAT,Ahmedabad,PRASHANT ENTERPRISE,PRASHANT PATEL,prashantenterprise.solar@gmail.com,9409337000,355,97
GUJARAT,Ahmedabad,HEMALI ELECTRICALS,HARDIK PATEL,hemali_elect@rocketmail.com,9979874161,365,97
GUJARAT,Ahmedabad,SURYOSA SOLAR PRIVATE LIMITED,ABHISHEK GUPTA,info@suryosa.com,9998018314,393,96
GUJARAT,Ahmedabad,NATURE CARE ADVISORS,ISHWAR DESAI,naturecare.gujarat@gmail.com,8469991098,372,96
GUJARAT,Ahmedabad,VAATI POWER,BIRJU PATEL,vaatipower@gmail.com,9510010005,371,95
GUJARAT,Ahmedabad,SUNARC ELECTRICALS,DHARMIK JOSHI,sunarcelectricals@gmail.com,9687025729,405,95
GUJARAT,Ahmedabad,RE360,SHASHANK BHAVSAR,gogreen@re360.in,8258976667,378,95
GUJARAT,Ahmedabad,NYALKARAN RENEWABLE ENERGY,VAIBHAV PATEL,nyalkaranrenewableenergy@gmail.com,9998473073,332,95
GUJARAT,Ahmedabad,IMMIX SOLUTION,ABRARAHMED R MALIK,immixsolution@gmail.com,9265493249,386,95
GUJARAT,Ahmedabad,SOLARWAVE ENERGY,FAIZANKHAN PATHAN,solarwaveenergy2@gmail.com,7490083005,375,94
GUJARAT,Ahmedabad,SHIVDHARA SALES,RAMANI JAYDEEPBHAI BHUPATBHAI,shivdharasales8060@gmail.com,7433004040,337,94
GUJARAT,Ahmedabad,MARUTI ENERGY,PRASHANT VAISHNAV,marutienrgy@gmail.com,9033408939,320,94
GUJARAT,Ahmedabad,SOLARAM POWER INFRASTRUCTURE PRIVATE LIMITED,Mangilal Choudhary,solarampower@gmail.com,9898041008,339,92
GUJARAT,Ahmedabad,KUTCH SOLAR AND EV,DILIP LUHAR,kutchsolarev@gmail.com,9725436751,369,92
GUJARAT,Ahmedabad,SKYLAR INDIA,DARSHANKUMAR PATEL,darshansolarkheda@gmail.com,8530252952,386,91
GUJARAT,Ahmedabad,PARTH SALES,HARICHANDRASINH CHAMANSINH RAOL,parthsalessolar@gmail.com,9712426671,323,91
GUJARAT,Ahmedabad,INRAYS TECHNOLOGY,HARDIPSINH JADEJA,inraystechnology@gmail.com,9898878734,381,91
GUJARAT,Ahmedabad,GAYATRI SOLAR ENERGY,VIBHU PATEL,info@gayatrisolarenergy.com,6357293251,380,91
GUJARAT,Ahmedabad,SIYAVAR ENERGY,Priyanka Kashyap,SIYAVARENERGY@GMAIL.COM,9773131455,362,90
GUJARAT,Ahmedabad,PATEL ELECTRONICS,HARDIK PATEL,hardikpatelelec@gmail.com,9377767508,320,90
GUJARAT,Ahmedabad,MBTION ENGINEERING,JANAK JOSHI,mbtionengineering@gmail.com,8320565108,297,90
GUJARAT,Ahmedabad,AARKA SOLAR AND AUTOMATION,AVI PATEL,aarkasolarandautomation@gmail.com,8511330941,350,90
GUJARAT,Ahmedabad,4SUN POWER,PRAVIN GOSWAMI,4sunpower.ahd@gmail.com,8000859548,347,90
GUJARAT,Ahmedabad,PURNIMA SOLAR ENERGY,PURNIMABEN ROHITBHAI PATEL,rpateldeesa@gmail.com,9824320856,291,89
GUJARAT,Ahmedabad,4D ENERGY,JIGAR PRAJAPATI,4d.energy01@gmail.com,9574772407,316,89
GUJARAT,Ahmedabad,WISE GOAL SERVICES PRIVATE LIMITED,Tirth Acharya,hr.wisegoal@gmail.com,7567161902,298,88
GUJARAT,Ahmedabad,SOLARISE TECHNOLOGIES,Maulik Patel,solarisetechnologies1@gmail.com,6351562596,325,88
GUJARAT,Ahmedabad,RENEWABLE SUN SOLAR,NIKHIL PRAJAPATI,renewablesunsolar@gmail.com,7600201198,335,88
GUJARAT,Ahmedabad,LED LIGHT HOUSE,PATEL VAISHALIBEN PRASHANTBHAI,ledlighthouse161921@gmail.com,9624132754,296,88
GUJARAT,Ahmedabad,SURESHBHAI SADURBHAI BARBACHIYA,SURESHBHAI SADURBHAI BARBACHIYA,surechbarbachiya41@gmail.com,9879299136,290,87
GUJARAT,Ahmedabad,AEROVOLT ENERGY PRIVATE LIMITED,Aerovolt Energy,aerovoltenergy@gmail.com,9558002201,269,87
GUJARAT,Ahmedabad,KOTHIYA ELECTRIC CONTRACTOR,ATULBHAI RAVJIBHAI KOTHIYA,kothiyaelectric@gmail.com,9913212056,290,86
GUJARAT,Ahmedabad,JAY DADA SOLAR,jaydadasolar,jaydadasolar@gmail.com,6353659868,309,86
GUJARAT,Ahmedabad,GALAXY ENTERPRISE,ALKABEN RATHWA,galaxyenterprise265@gmail.com,9998017765,344,86
GUJARAT,Ahmedabad,ELEREN,BHAVIK PRAJAPATI,director@ele-ren.com,9979788449,327,86
GUJARAT,Ahmedabad,UMA CORPORATION,KAMLESH PATEL,kkpatel8634@gmail.com,8140846666,404,84
GUJARAT,Ahmedabad,SHINE SOLAR,NARENDRA PATEL,shinesolar.marketing@gmail.com,7622023355,326,84
GUJARAT,Ahmedabad,NISHRAY SOLAR,ANKIT SHAH,mkshahexport@gmail.com,9825409639,284,84
GUJARAT,Ahmedabad,GREYANAS INDUSTRIES PRIVATE LIMITED,SHASANKA SOURAV,greyanassolar@gmail.com,9408715033,319,84
GUJARAT,Ahmedabad,ATRI ENERGY,JAIMIN PATEL,atrienergy@gmail.com,7622838008,314,84
GUJARAT,Ahmedabad,SUNRUN GREEN ENERGY,CHIRAGKUMAR PATEL,sunrungreenenergy@gmail.com,6354883949,312,83
GUJARAT,Ahmedabad,SHRIJI ENERGY,IREN PAREKH,shrijienergy@gmail.com,9909930405,294,83
GUJARAT,Ahmedabad,MAKE INSIDE SOLUTIONS,CHIRAG PATEL,info@makeinside.co.in,9898302030,339,83
GUJARAT,Ahmedabad,KAIZEN NOW,YOGESH PUROHIT,kaizennowahd@gmail.com,9978985558,343,83
GUJARAT,Ahmedabad,GUJARAT SUN ENERGY,PARAG THAKER,info.gujaratsunenergy@gmail.com,9825608662,318,83
GUJARAT,Ahmedabad,AVADH ENERGY,PAVANKUMAR PRAVINBHAI PATEL,AVADHENERGY@GMAIL.COM,9265262773,304,83
GUJARAT,Ahmedabad,OM SOLAR SYSTEMS,KEYUR JOGI,omsolarsystems.rjt@gmail.com,8141405557,298,82
GUJARAT,Ahmedabad,360 POWER TECH,BHARGAV H PATEL,360powertech@gmail.com,8200827285,286,82
GUJARAT,Ahmedabad,SYNNOVE POWER TECHNOLOGY,VAIBHAV M EKBOTE,synnovepowertechnology@gmail.com,9033346701,289,81
GUJARAT,Ahmedabad,PARAS TECHNOCRAT PVT. LTD,PARTH TUSHARKUMAR JHAVERI,info@parastechnocrat.in,7621983131,315,81
GUJARAT,Ahmedabad,MAHALAXMI ELECTRICALS - SURAT,VISHAL JARIWALA,vish.jariwala@gmail.com,9979263393,730,81
GUJARAT,Ahmedabad,MAA MOGAL ENTERPRISE,VIRAT JITENDARBHAI RATHOD,maamogale1999@gmail.com,8401237990,317,81
GUJARAT,Ahmedabad,ECOVIBE RENEWTECH ENERGY,PARTH PANCHAL,ecoviberenewtechenergy@gmail.com,8401168101,281,81
GUJARAT,Ahmedabad,RV INFOTECH,VIJAY CHAUDHARY,rvinfotech2020@gmail.com,8141560037,246,80
GUJARAT,Ahmedabad,KHANAK SYSTEM,RAJAN JARIWALA,khanaksystem@yahoo.com,9824751581,253,80
GUJARAT,Ahmedabad,SIGNAL AUTOMATION,DharmendraKumar Manubhai Patel,solarservices1188@gmail.com,9978215636,268,79
GUJARAT,Ahmedabad,SHREE RADHE ELECTRICALS,RAHUL AMBALIYA,shreeradhesolar24@gmail.com,9974842981,270,79
GUJARAT,Ahmedabad,SANTKRUPA ELECTRICALS,RATHOD YUVRAJSINH VANRAJSINH,santkrupaelectricals19@gmail.com,8849254993,300,79
GUJARAT,Ahmedabad,KP GREEN ENGINEERING LIMITED,MOINULHAQUE KADVA,imam.syed@kpgroup.co,9104677596,226,79
GUJARAT,Ahmedabad,DELTA SOLAR ENERGY,YAGNESH VADODARIYA,deltasolarenergy1@gmail.com,9427539663,282,79
GUJARAT,Ahmedabad,D S POWER SOLUTION,VIPULBHAI CHAUHAN,vipulas094@gmail.com,9106304356,293,79
GUJARAT,Ahmedabad,UMAA ENTERPRISE,JIGAR PATEL,sales.umaa@gmail.com,9898701758,328,78
GUJARAT,Ahmedabad,SUN SAVER SOLAR,NIMESH SHARMA,support@sunsaversolar.in,9909908879,291,78
GUJARAT,Ahmedabad,SATYAM ELECTRICALS,SATYAM PANDYA,satyamelectrical@yahoo.com,9824256257,295,78
GUJARAT,Ahmedabad,GROWTECH ENERGY,ONDHIYA IRFAN,growtechenergy91@gmail.com,9998435528,295,78
GUJARAT,Ahmedabad,DUDANI RENEWABLES LLP,Sabbir Vasiwala,dudanirenewables@gmail.com,9429744710,254,78
GUJARAT,Ahmedabad,DEV ENTERPRISE,HAMIRANI ARMAN NURMAMANDBHAI,deventerprise424@gmail.com,9428121408,306,78
GUJARAT,Ahmedabad,AASHA SOLAR ENERGY,Amir Khanusiya,aashasolarenergy1@gmail.com,7016775306,277,78
GUJARAT,Ahmedabad,YELLOWFELLOW ENERGIES LLP,VIRAJ SHAH,viraj@yellowfellow.in,8200955676,313,77
GUJARAT,Ahmedabad,SAVARIYA CORPORATION,SONI DILIPKUMAR AMRUTLAL,savariyacorporation@gmail.com,9274166507,276,77
GUJARAT,Ahmedabad,PRIYANKA ENTERPRISE,HEMANSHU PATEL,enterpriseriya8002@gmail.com,9913032779,352,77
GUJARAT,Ahmedabad,PARESH S. VAIDYA,PARESH S VAIDYA,parvaidya2012@gmail.com,9879529203,273,77
GUJARAT,Ahmedabad,OORJA ELECTRIC,Lilaben Patel,oorjaforeveryone@gmail.com,9067598727,291,77
GUJARAT,Ahmedabad,ARBUDA SOLAR,MANAN JAYANTIBHAI CHAUDHARI,manan.chaudhari@hotmail.com,9638732097,270,77
GUJARAT,Ahmedabad,SIDDHI ELECTRICAL ENGINEER AND CONTRACTOR,RAVAL SUDHIRBHAI JAYANTILAL,siddhielectrical77@gmail.com,9662061492,286,76
GUJARAT,Ahmedabad,RAYBOTIX TECHNOLOGIES PVT LTD,Jaineel Gandhi,info@raybotix.com,9978100900,290,76
GUJARAT,Ahmedabad,MJR INDUSTRIES PRIVATE LIMITED,MJR INDUSTRIES PRIVATE LIMITED,mjrindustriespvtltd@gmail.com,9426998993,317,76
GUJARAT,Ahmedabad,JAYDEV ENERGY,Sureshpuri Maganpuri Gosvami,jaydevenergy83@gmail.com,9824885237,275,76
GUJARAT,Ahmedabad,J B POWER SOLAR,BHAVESH GELOT,jbpowersolar@gmail.com,9173390835,243,76
GUJARAT,Ahmedabad,AMRUTAM RENEWABLE ENERGY,VIVEKKUMAR AMRUTLAL PRAJAPATI,info@amrenergy.in,9016352248,287,76
GUJARAT,Ahmedabad,AMRUT ENGINEERS,KHUSHAL J.BHADRA,amrutengineersbhuj@gmail.com,9033492711,280,76
GUJARAT,Ahmedabad,VYAS IMPEX,KARTIKKUMAR VYAS,vyasimpex1982@gmail.com,8200849398,289,75
GUJARAT,Ahmedabad,TATVAM INDUSTRIES,PARTH DAVE,parth.tatvam@protonmail.com,7990101643,221,75
GUJARAT,Ahmedabad,SHIVA SOLAR ENERGY,Prashant Ashvinbhai Joshi,admin@shivasolarenergy.com,9624220197,332,75
GUJARAT,Ahmedabad,RELIGHT ENERGY LLP,DHARMENDRASINH GOHIL,relightenergy.info@gmail.com,8000194738,319,75
GUJARAT,Ahmedabad,RAMSUN ENERGY,RAJAN SUBHASHBHAI GAGLIYA,ramsunenergy09@gmail.com,7984300271,289,75
GUJARAT,Ahmedabad,RAJ GREEN ENERGY,NIRAV GOSALIA,rgeresource@gmail.com,9712911189,313,75
GUJARAT,Ahmedabad,UNICON ENERGY,PREM BRAHMBHATT,info@uniconenergy.com,9974545444,182,74
GUJARAT,Ahmedabad,KVP SOLAR AND SOLUTION,KALPESH SONI,kvpsolarandsolution.22@gmail.com,9033343105,261,74
GUJARAT,Ahmedabad,FASTRISE ENTERPRISE PRIVATE LIMITED,Hardik Patel,FASTRISEENTERPRISE@GMAIL.COM,7862079768,311,74
GUJARAT,Ahmedabad,SWASTIK SOLAR SYSTEM,BIJAL PATEL,swastiksolar07@gmail.com,9712412011,284,73
GUJARAT,Ahmedabad,CONNECT POWER PRIVATE LIMITED,Hannan Malik,hannan@connect-power.in,9898195122,321,73
GUJARAT,Ahmedabad,POWER SYSTEM,MAHESH PARMAR,powersystem2k11@gmail.com,9898068224,966,72
GUJARAT,Ahmedabad,POINTER INSTRUMENTS SERVICES,PATEL MAYURKUMAR,pointer1729@gmail.com,9033543187,250,72
GUJARAT,Ahmedabad,VISHWAKARMA ELECTRICALS,Arunaben A Suthar,info.vishwakarmaelectricals@gmail.com,9426730030,258,71
GUJARAT,Ahmedabad,SURYASIDDHI ENERGY SOLUTION PRIVATE LIMITED,SARAL KOTHARI,suryasiddhienergysolutions@gmail.com,8460641891,269,71
GUJARAT,Ahmedabad,GSL ENERGY,PARTH PATEL,gslenergy09@gmail.com,8320945187,270,71
GUJARAT,Ahmedabad,CHAUDHARY DESIGNERS & FABRICATORS,KAUSHIK CHAUDHARY,cdfsolarpv@gmail.com,9712922019,289,71
GUJARAT,Ahmedabad,SOLEX GREEN ENERGY PRIVATE LIMITED,Pravin Dankhara,pravin.d@solex.in,9376820081,265,70
GUJARAT,Ahmedabad,SAT GREENTECH PRIVATE LIMITED,NEEL PANSURIYA,satgreentech25@gmail.com,8758957741,231,70
GUJARAT,Ahmedabad,MAXSUN ENERGY PRIVATE LIMITED,Brijesh rokad,maxsunsolarenergy@gmail.com,7990361324,230,70
GUJARAT,Ahmedabad,HERMES TECHNOLOGIES PRIVATE LIMITED,VIJAY RAVAL,info@hermesdrives.com,9825066778,246,70
GUJARAT,Ahmedabad,SKY ENTERPRISE,BHUPENDRA RAMUBHAI PATEL,skyenterprise.re@gmail.com,9428164222,251,69
GUJARAT,Ahmedabad,RUDRAKSH ELECTRICALS,MONIKKUMAR RAMANBHAI PATEL,rudrakshelectricals4@gmail.com,6353460657,294,69
GUJARAT,Ahmedabad,KRISHA SOLAR SOLUTIONS,PARAG S MASHRU,acctkrishasolar@gmail.com,7622919575,254,69
GUJARAT,Ahmedabad,EXPERT POWER SOLUTION,BOGHARA HIREN,info.expertpowersolution@gmail.com,8780287091,235,69
GUJARAT,Ahmedabad,DINESHBHAI CHATURBHAI NANDANA,NANDANA DINESHBHAI CHATURBHAI,nandanadinesh62@gmail.com,6351782902,251,69
GUJARAT,Ahmedabad,BAPASITARAM ELECTRICAL,DIMPAL PATEL,besolarenergy3386@gmail.com,9737632777,304,69
GUJARAT,Ahmedabad,WISEN ENERGY LLP,Bhavik Patel,info@wisenenergyllp.com,9016979007,345,68
GUJARAT,Ahmedabad,VISHVAM POWER PRIVATE LIMITED,Niyati Pandya,vishvampowerpl@gmail.com,9723191446,256,68
GUJARAT,Ahmedabad,SHAKTI SOLAR SERVICE,Kirtiben Patel,ktptl52@gmail.com,9737854634,274,68
GUJARAT,Ahmedabad,RVV SOLAR PRIVATE LIMITED,Rushi vasani,rvvsolarpvtltd@gmail.com,8160825026,238,68
GUJARAT,Ahmedabad,PRATIKSHA ENTERPRISE,SANJAYKUMAR G SINDHA,pratikshaenterprise1006@gmail.com,8238516417,261,68
GUJARAT,Ahmedabad,JIYANSH ENERGY SOLUTIONS,MUKESHKUMAR V PATEL,mvp.jes.24@gmail.com,9924700866,277,68
GUJARAT,Ahmedabad,HEM SOLAR ENERGY & IRRIGATION,RAVINDRASINH PRATAPJI SOLANKI,hemirrigtion@gmail.com,7698309718,226,68
GUJARAT,Ahmedabad,360 ENERGY,SAURABH PATEL,buzz360energy@gmail.com,9898361401,262,68
GUJARAT,Ahmedabad,SOLARSYS GREENTECH PRIVATE LIMITED,DIPAK MALIWAL,deepak@solarsysgreentech.in,8488976829,330,67
GUJARAT,Ahmedabad,SHREE SOLAR VENTURE PVT LTD,SHREESOLAR,shreesolarventure@gmail.com,9571211118,224,67
GUJARAT,Ahmedabad,SHREE LALGHAR CORPORATION,UPENDRAKUMAR BALDEVBHAI PARMAR,shreelalgharcorporation@gmail.com,8200149120,272,67
GUJARAT,Ahmedabad,LOGICTECH SOLAR AND AUTOMATION PVT LTD,HITESH GOLANI,logictechsolar@gmail.com,9429580846,237,67
GUJARAT,Ahmedabad,I CARE ENGINEERING,MEMON TOFIQ,icareengr@gmail.com,9978920284,270,67
GUJARAT,Ahmedabad,G-POWER PLUS,RACHHADIA PARITKUMAR GHANSHYAMBHAI,gpowerplus.in@gmail.com,9898420613,220,67
GUJARAT,Ahmedabad,CHUDASAMA TEMUBHA BALVANTSINH,Temubha B Chudasama,adityasolar1987@gmail.com,8200459492,236,67
GUJARAT,Ahmedabad,ULTRA RAYS ENERGY SOLUTION,APOORV LIMBANI,ultrarays2019@gmail.com,7984482472,260,66
GUJARAT,Ahmedabad,TRADE X,MER INAYAT HUSEN,tradex.solarenergy22@gmail.com,9106834748,242,66
GUJARAT,Ahmedabad,S MEERA ELECTRICALS,GULAMNABI,s.meeraelectricals@gmail.com,9328249939,246,66
GUJARAT,Ahmedabad,BHAVANI ELECTRICALS,Yogesh Patel,beplpatan@gmail.com,9824014075,225,65
GUJARAT,Ahmedabad,SOLARTRONICS ENERGY,BHAVIK SONI,info.solartronics@gmail.com,9426424973,285,64
GUJARAT,Ahmedabad,H S ENTERPRISE,HIRAL PATEL,hiralpatel3031@gmail.com,9773257603,236,63
GUJARAT,Ahmedabad,GREENNETIC RENEWABLE PRIVATE LIMITED,PARTH PATEL,sales.greenneticrenewable@gmail.com,8320563819,161,63
GUJARAT,Ahmedabad,GLOWX SOLAR PROJECTS,KISHAN NATHANI,accounts@glowxsolar.com,9909517000,173,63
GUJARAT,Ahmedabad,ATARU RENEW POWER PVT. LTD,SHARVIL DAVE,info@atarurenew.com,9825307068,209,63
GUJARAT,Ahmedabad,TAIYO SOLAR SYTEM INTEGRATOR LLP,CHETAN SHAH,info@taiyosolar.co.in,9825324580,247,62
GUJARAT,Ahmedabad,REEWA SOLAR ENERGY,ASHOKBHAI S HAPALIYA,reewasolarenergy@gmail.com,9879353053,219,62
GUJARAT,Ahmedabad,MEERASUN ENERGY,MANISH SHRIMALI,meerasunenergy@gmail.com,9016680239,239,62
GUJARAT,Ahmedabad,JAY KHODIYAR IMPEX,PARESHBHAI BABUBHAI RAMOLIYA,pareshramoliya310@gmail.com,9537164431,200,62
GUJARAT,Ahmedabad,DIVINE BATTERY,JITENDRA AKBARI,divinesukam@gmail.com,9879246681,251,62
GUJARAT,Ahmedabad,VOLLT SOLAR ENERGY,RAVIBHAI MAHENDRABHAI RAVAL,volltsolar@gmail.com,8128550011,214,61
GUJARAT,Ahmedabad,VASHRAMBHAI LAKHABHAI GHED,VANRAJBHAI J BAMBHANIYA,satrang.com@gmail.com,9624152555,216,61
GUJARAT,Ahmedabad,RELIABLE CONSULTING ENGINEERS,JAYMIN FAJALIA,jaymin.fajalia@onlinerce.com,9327168907,215,61
GUJARAT,Ahmedabad,RAYNEX POWER SOLUTION PRIVATE LIMITED,ANKIT LIMBASIYA,info@raynexps.com,8758612077,208,61
GUJARAT,Ahmedabad,NES ENERGY SOLUTIONS,HARDIK SHAH,info.nesenergy@gmail.com,9825071551,262,61
GUJARAT,Ahmedabad,NAYRA ELECTRONICS,PARESH PARMAR,info.nayraelectronics@gmail.com,9054244430,200,61
GUJARAT,Ahmedabad,KRITA GREEN ENERGY,RAJIV POPAT,admin@kritagreenenergy.in,9824998266,214,61
GUJARAT,Ahmedabad,DEVYAMI GREEN SOLUTIONS,PRARABDH SAXENA,greensolutions@devyami.com,9925128619,233,61
GUJARAT,Ahmedabad,YELLOWCREST ENERGY LLP,MIRAJ UPENDRABHAI PANCHOLI,yellowcrestenergy@gmail.com,9904675445,260,60
GUJARAT,Ahmedabad,TECHNOVATIVE GREEN ENERGY SOLUTIONS,VINAY SHAH,technovativesolar@gmail.com,6354031108,200,60
GUJARAT,Ahmedabad,KIRTAN BATTERIES,ABHANI PARESHKUMAR VINODRAY,kirtanbatteries26@gmail.com,7043337333,211,60
GUJARAT,Ahmedabad,CREST ENERGY SOLUTIONS,JADAV ROHIT MANSUKHBHAI,crestenergysolutions@gmail.com,9327415839,213,60
GUJARAT,Ahmedabad,ABHISHEK ENTERPRISES,ABHISHEK AVARANI,abhishek.avarani@gmail.com,9727713162,187,60
GUJARAT,Ahmedabad,TERAIYA ENTERPRISE,Teraiya Shyam Nitinbhai,teraiyaenterprise@gmail.com,8780802225,213,59
GUJARAT,Ahmedabad,OM SALES ENTERPRISE,TARUNKUMAR KALYANBHAI AHIR,rahul.redrenbardoli@gmail.com,9428631515,260,59
GUJARAT,Ahmedabad,K K SOLAR SOLUTIONS,KETAN AHIR,kksolarsolutions@gmail.com,9537279900,232,59
GUJARAT,Ahmedabad,J K MACHINE TOOLS (GUJARAT) PVT. LTD.,PIPALIYA NIKUNJ JAMANBHAI,jk.solarium@gmail.com,9328290518,196,59
GUJARAT,Ahmedabad,YASHVI ENTERPRISE,JAYSINH CHAVDA,yashvientsami@gmail.com,8849331593,192,58
GUJARAT,Ahmedabad,ROLEX GREEN ENERGY,MILAN GHEDIYA,ghediyamilan@gmail.com,9429476592,207,58
GUJARAT,Ahmedabad,R B RENEWABLES LLP,MADHU M. SHARMA,info@brrenewables.com,9898985672,242,58
GUJARAT,Ahmedabad,PARECHA ENTERPRISES,Sagar Parecha,sagarmparecha999@gmail.com,9537704244,214,58
GUJARAT,Ahmedabad,INFINITY ELECTRICALS,NUMBER(S),info.infinityelectricals@gmail.com,7600458468,222,58
GUJARAT,Ahmedabad,GIR ENTERPRISES,TERAIYA ANKIT AMRUTLAL,ankitbhaiankit88@gmail.com,8686869015,202,58
GUJARAT,Ahmedabad,DIVU ENTERPRISE,AJAY MAKODBHAI BORADA,divuenterprise2023@gmail.com,7383114133,154,58
GUJARAT,Ahmedabad,CYMENS ENTERPRISE,JAY R MAKWANA,jaymakwana2062@gmail.com,9157133330,252,58
GUJARAT,Ahmedabad,BSN ELECTRICS PRIVATE LIMITED,BHARATBHAI M SONAGARA,bsnelectrics162018@gmail.com,9925249658,212,57
GUJARAT,Ahmedabad,RUDRA ENTERPRISE,AJAY JAYANTILAL GOHEL,rudraenterprise1110@gmail.com,8758462848,191,56
GUJARAT,Ahmedabad,NUJUM INDUSTRIES PRIVATE LIMITED,YASIR SHABBIR KANDOI,thenujum@gmail.com,9375188422,249,56
GUJARAT,Ahmedabad,MAHALAXMI ELECTRICALS - AHEMDABAD,HITESH PATEL,mahalaxmi.electricals_07@yahoo.com,8238914975,255,56
GUJARAT,Ahmedabad,ANAND AND ANAND ASSOCIATES,YOGESH KUSHWAHA,yogeshanandk@gmail.com,9426546256,225,56
GUJARAT,Ahmedabad,VIMAL ELECTRONICS,K C PATEL,kcpatel@vimalelectronics.com,9099777176,226,55
GUJARAT,Ahmedabad,SUNBYTE ENERGY SOLUTIONS LLP,KALPAN KANTIBHAI PATEL,info.sunbyteenergy@gmail.com,7698971717,235,55
GUJARAT,Ahmedabad,SHREE GOR SOLAR,CHIRAG KRISHNAKANT GOR,shreegorsolar@gmail.com,6361983041,244,55
GUJARAT,Ahmedabad,AVI APPLIANCES PVT. LTD.,PRITAM JAIN,design01@avi-products.com,9913759764,190,55
GUJARAT,Ahmedabad,ATLAS MATRIX PVT LTD,NIRAVBHAI BRAHMBHATT,atlassolar01@gmail.com,9016955068,187,55
GUJARAT,Ahmedabad,ADARSH ANUKAMPA SERVICES,BHARAT SHIROYA,info@adarshindia.net,9825389314,210,55
GUJARAT,Ahmedabad,SHREEJI SOLAR SOLUTION,NILESH PARIKH,npparikh@hotmail.com,9879537250,240,54
GUJARAT,Ahmedabad,TRINITY RENEWABLE ENERGY,PANDYA SMITKUMAR SHAILESH KUMAR,info.trinityrenewableenergy@gmail.com,9227000392,226,53
GUJARAT,Ahmedabad,TARUN AND CO,MAHENDRA VAGHELA,taruncopwr@gmail.com,9879534866,205,53
GUJARAT,Ahmedabad,SAVIOR SOLAR ENERGY,Dipti Parmar,saviorsolarenergy@outlook.com,8980517729,185,53
GUJARAT,Ahmedabad,MOTHER ELECTRICALS,YAGNIK PATEL,motherelectricals@yahoo.com,8128105018,215,53
GUJARAT,Ahmedabad,ASHAPURA SOLAR POWER,PARTH GOHIL,ashapurasolarpower2025@gmail.com,7778095905,225,53
GUJARAT,Ahmedabad,ORTEX CORPORATION,DIPENDRA UPADHYAY,ortexcorporation@gmail.com,9276103457,185,52
GUJARAT,Ahmedabad,KIRAN SOLAR TECH PT. LT,JATIN TRIVEDI,info@kiransolartech.com,9800932333,104,52
GUJARAT,Ahmedabad,K AND J ENTERPRISE,PATEL JAYESHKUMAR JAGDISHBHAI,kjenterprise15515@gmail.com,8320957225,199,52
GUJARAT,Ahmedabad,GROW ENERGY SOLAR SOLUTION,Anis Ahamad,growenergysolarsolution@gmail.com,7778999695,217,52
GUJARAT,Ahmedabad,DHRUVIN ELECTRICALS,KIRTIKUMAR GHANSHYAMBHAI PATEL,kirtipatel86665@gmail.com,9974814614,208,52
GUJARAT,Ahmedabad,SHREE HARI SALES & SERVICES,Dipika Hiteshkumar Hirani,shreeharisales16@gmail.com,7698916121,178,51
GUJARAT,Ahmedabad,ENERGY EQUIPMENTS,PIKIN MODI,energysolar58@gmail.com,9909923110,232,51
GUJARAT,Ahmedabad,SURYA INTERNATIONAL,VISHNU PATEL,suryavishnu159@yahoo.com,9825802298,196,50
GUJARAT,Ahmedabad,SHREEM SOLARIUM PVT LTD,JWALANT SHAH,shreemsolarium@gmail.com,7016455944,193,50
GUJARAT,Ahmedabad,PRATYUSH RENEWABLE ENERGY PRIVATE LIMITED,MR. NIRAJ DAVE,pratyushrenewables@gmail.com,8780737839,192,50
GUJARAT,Ahmedabad,GROWW SOLAR ENERGY,JITENDRAKUMAR VALABHAI DHULIYA,growwsolarenergy8@gmail.com,7874707545,155,50
GUJARAT,Ahmedabad,FRIENDLY FOOTPRINTS LLP,POOJA SHARMA,infosolar.ff@gmail.com,7874833399,205,50
GUJARAT,Ahmedabad,EMERALD ENTERPRISE,CHANDANI VYAS,emerald.vadodara@outlook.com,9173591485,177,50
GUJARAT,Ahmedabad,TECHNOGOODS ENTERPRISES,K H BARAD,TechnoGoods@outlook.com,9904709693,200,49
GUJARAT,Ahmedabad,SOLEAF ENERGY,DAXABEN PATEL,infosolarsoleaf@gmail.com,7600008915,172,49
GUJARAT,Ahmedabad,S DIPAK AND CO,BHUMI SHAH,sdipaksolar@gmail.com,9898664858,152,49
GUJARAT,Ahmedabad,PYRAMID PROJECTS,Jayendrsinh Makwana,pyramidsolarindia@gmail.com,9726430137,187,49
GUJARAT,Ahmedabad,GLOBAL ENERGY CORPORATION,NILESH SOLANKI,gec.accord@gmail.com,9825714919,198,48
GUJARAT,Ahmedabad,SODHA ELECTRIC SERVICE,RUBINA SOHAIL SODHA,sohail.sodha@gmail.com,8000093095,184,47
GUJARAT,Ahmedabad,RISHAV POWERTECH LLP,Parth Upadhyay,rishavpowertech@gmail.com,9898203470,190,47
GUJARAT,Ahmedabad,MICROVISE SOLUTIONS,CHANDULAL MAJITHIYA,info@microviseindia.com,7778092462,192,47
GUJARAT,Ahmedabad,COSMIC ENTERPRISE,GOHEL PUNIT,cosmicenergy13.info@gmail.com,9429213406,173,47
GUJARAT,Ahmedabad,SURYASTRA GREEN INITIATIVES PRIVATE LIMITED,JAYESH SHELADIYA,suryastraindia@gmail.com,8128007602,138,46
GUJARAT,Ahmedabad,SADGURU SOLAR SYSTEMS,DARSHAN PRAVINBHAI KALKANI,sadgurusolarsystems@gmail.com,9687621666,190,46
GUJARAT,Ahmedabad,RAMDEV SOLAR SYSTEM,BARAIYA ASHOKBHAI RAGHAVJIBHAI,ramdevsolarsytem@gmail.com,8758911969,151,46
GUJARAT,Ahmedabad,OMEGA ELECTRICALS,JAYESH PATEL,omele452@gmail.com,9979888452,165,46
GUJARAT,Ahmedabad,NIHAL ENTERPRISE,REHANABEN GULABBHAI DONAKIYA,rehanadonakiya786@gmail.com,8733978072,179,46
GUJARAT,Ahmedabad,MAHEK SOLAR POWER,HEMANT GORE,mahek.tech1@gmail.com,9925805953,208,46
GUJARAT,Ahmedabad,KRIVA ENTERPRISE,RONAK PATEL,krivaenterprise22@gmail.com,9722740977,185,46
GUJARAT,Ahmedabad,INNOVATIVE ENERGY SOLUTIONS,YASH DESAI,yashdesai2005@gmail.com,7201951515,167,46
GUJARAT,Ahmedabad,HILTON RENEWABLES,SHILPA S.SOLANKI,hiltonrenewables.amr@gmail.com,8181080800,154,46
GUJARAT,Ahmedabad,TEJ ENERGY LLP,KRUNAL PATEL,director@tejenergy.com,9426856508,169,45
GUJARAT,Ahmedabad,SUNSHINE SOLUTIONS,MODI MEHULKUMAR NAVINCHANDRA,modimehul26@gmail.com,9016959291,186,45
GUJARAT,Ahmedabad,SUNLIGHT INFRA ENERGY PRIVATE LIMITED,MEHUL PATEL,tender@sunlights.in,9998374580,188,45
GUJARAT,Ahmedabad,SOLAR EDITION,Pinakin Patel,solaredition18@gmail.com,7990909838,179,45
GUJARAT,Ahmedabad,PUSHPAK SOLAR ENERGY,VISHAL GAJJAR,pushpaksolarenergy@gmail.com,9924595205,161,45
GUJARAT,Ahmedabad,NEWYORK ENGINEERING CO.,HITESH THAKRAR,akashenergysolar@gmail.com,9824206059,180,45
GUJARAT,Ahmedabad,GREEN ERA SYSTEM,TOSIF KHAN PATHAN,greenerasystem@gmail.com,8320221647,167,45
GUJARAT,Ahmedabad,COMPUTER SHOP,PRADEEP DEPUTY,pradeep_deputy@yahoo.com,7043402514,176,45
GUJARAT,Ahmedabad,VIBRANT SOLAR SYSTEMS,SHIKHAR GUPTA,sales.vibrantsolar@gmail.com,9408330692,173,44
GUJARAT,Ahmedabad,SURYA SHAKTI,NERKAR YOGESH,suryashaktisolar.18@gmail.com,8488010488,186,44
GUJARAT,Ahmedabad,SOLARIZE RENEWABLES PVT. LTD.,SHASHANK MALPANDE,info@solarizerenewables.com,9081999400,181,44
GUJARAT,Ahmedabad,SKY POWER ENERGY,DHARMESH RAMESHBHAI SIDAPARA,skypowerenergy03@gmail.com,8849719837,174,44
GUJARAT,Ahmedabad,SANJAY SOLAR,SANJAYBHAI SANKHAT,sbheaters@gmail.com,7016893192,169,44
GUJARAT,Ahmedabad,AYKKA TECHNOVISION PRIVATE LIMITED,SEMAL OZA,aykka@outlook.in,9586508907,175,44
GUJARAT,Ahmedabad,SUKARM,KISHOR S MISTRY,sukarmsolar@gmail.com,9925045163,172,43
GUJARAT,Ahmedabad,NEETY EURO ASIA SOLAR ENERGY,Falgun Bhatt,falgun@nease.in,9909595442,232,43
GUJARAT,Ahmedabad,M SUN ENERGY,TILVA KULIN S,msunenergy30@gmail.com,9104145599,161,43
GUJARAT,Ahmedabad,LA CARTE RETAILERS PVT LTD,SANJAY SHAH,lacarte09@gmail.com,9909920700,178,43
GUJARAT,Ahmedabad,JAGRUTI TRADERS,BHARTIBEN THAKORBHAI PATEL,jagrutitraders.solar@gmail.com,8980498030,188,43
GUJARAT,Ahmedabad,HIMSON ENERGY,HARDIK PATEL,himson.energy@gmail.com,9825242728,157,43
GUJARAT,Ahmedabad,SIDOM SYNERGY PRIVATE LIMITED,sidomsynergy@gmail.com,sidomsynergy@gmail.com,9408454029,159,42
GUJARAT,Ahmedabad,SHREE VISHNU SALES AGENCY,SHASHIKANTBHAI N AMRUTIYA,shreevishnusalesagency@gmail.com,9825324608,143,42
GUJARAT,Ahmedabad,SHREE SOLAR,DINKAR PAREKH,dinkarparekh1983@gmail.com,9104030777,144,42
GUJARAT,Ahmedabad,SHIVRON INDUSTRY,NIRAV PATEL,shivronind.contr@gmail.com,9925248752,156,42
GUJARAT,Ahmedabad,RENEVIK SOLAR SOLUTIONS PRIVATE LIMITED,SEJAL CHAVDA,sejal.c@vikasaryagroup.com,9327572645,147,42
GUJARAT,Ahmedabad,PRAGATI URZA PRIVATE LIMITED,DEEP PATEL,pragatiurza@gmail.com,8347009697,234,42
GUJARAT,Ahmedabad,OM ELECTRICALS,OM ELECTRICALS,jaydratsinhzala09@gmail.com,9265589234,155,42
GUJARAT,Ahmedabad,NAKSHATRA INFOSYS,PANKAJKUMAR PARSHOTAMBHAI BHALALA,nakshatrainfosys178@gmail.com,9909697193,152,42
GUJARAT,Ahmedabad,GREENLAND,PRAKASH N AHIR,greenlandsolar.np@gmail.com,9825545043,164,42
GUJARAT,Ahmedabad,GREENEXCEL ENERGY SOLUTION PVT LTD,Jenil Mangukiya,info@greenexcelenergy.com,9898949719,158,42
GUJARAT,Ahmedabad,DRASHTI LIGHT CARE,SURESHKUMAR GORDHANBHAI VASIYANI,drashti3411@gmail.com,9825430097,149,42
GUJARAT,Ahmedabad,BHASKAR RAY ENERGY,HARSHAD CHAUHAN,bhaskarray018@gmail.com,9426975552,165,42
GUJARAT,Ahmedabad,SOMNATH ENERGY,pintu vora,somnath.solarenergy@gmail.com,7600250096,150,41
GUJARAT,Ahmedabad,PANAROOF ENERGY,NIHIR SHAH,panaroofenergy@outlook.com,9428449365,145,41
GUJARAT,Ahmedabad,ZENITH SUNSPARK,PATEL DIPKUMAR RAMESHBHAI,zenithsunspark@gmail.com,8140946909,147,40
GUJARAT,Ahmedabad,SUNVINE RENEWABLE,YASH MOLIYA,sunvinerenewable@gmail.com,8000050580,142,40
GUJARAT,Ahmedabad,SUNBURST GREEN ENERGY LLP,SANJAYKUMAR VINUBHAI PATEL,office@sunburstgreen.com,9879514559,134,40
GUJARAT,Ahmedabad,PRANIL CORPORATION,Bhadresh Janardan Pandya,riddhistart@yahoo.co.in,9825411575,161,40
GUJARAT,Ahmedabad,KAMAXI ELECTRICAL ENGINEERS,DHARMESH PATEL,dharmesh@kamaxielectricals.com,9974744036,110,40
GUJARAT,Ahmedabad,JJV CORPORATION,RANA PRATIPALSINH,info@jjvcorporation.in,9016987377,149,40
GUJARAT,Ahmedabad,GREEN SOLAR ENERGY,YASH VACHHANI,info@greenssolar.in,9687222261,142,40
GUJARAT,Ahmedabad,VISION SOLAR,SHAKYA NIKETAN CHANDRAKANT,visionenergy196@gmail.com,6351131196,176,39
GUJARAT,Ahmedabad,SPARQ ENERTECH PVT LTD,PRASHANT JANI,info@sparqenertech.com,9558971268,141,39
GUJARAT,Ahmedabad,SC SOLAR SOLUTION,MAYANK SHAH,info@scsolarsolution.in,8780378144,152,39
GUJARAT,Ahmedabad,DREAM MART,PRATIKKUMAR BHARATBHAI PATEL,dreammart108@gmail.com,9099975489,129,39
GUJARAT,Ahmedabad,DESIGNLUX PRIVATE LIMITED,Falak Patel,info@designlux.in,9825868523,139,39
GUJARAT,Ahmedabad,CHAMUNDA ELECTRICAL,HEMAL KARELIYA,chamundaelectrical1@gmail.coml,9723603864,146,39
GUJARAT,Ahmedabad,UTSAV TECHNO ENTERPRISE,DHANANJAY J CHAUDHARY,utsavtechnoenterprise@gmail.com,7046612340,119,38
GUJARAT,Ahmedabad,SUN VISION SOLAR,Niranjan Siddhpura,info@sunvisionsolar.in,9924112225,126,38
GUJARAT,Ahmedabad,POWER PLUS ENERGY,KISHANKUMAR BHARATBHAI PATEL,powerplussolarenergy@gmail.com,9998183339,126,38
GUJARAT,Ahmedabad,PASHAVA ENERGY PRIVATE LIMITED,BHARGAV ANAND,pashavaenergy@yahoo.com,9909904332,121,38
GUJARAT,Ahmedabad,PARMAR ENTERPRISE,Parmar jeet,parmarenterprise2024@gmail.com,9574944345,141,38
GUJARAT,Ahmedabad,SURYA SHAKTI SOLAR,CHAVDA KISHAN NARESHBHAI,suryashaktisolar09@gmail.com,7567992734,136,37
GUJARAT,Ahmedabad,PRANIK POWER INFRA PRIVATE LIMITED,PRAHAR TRIVEDI,solar.pranik@gmail.com,9925237347,127,37
GUJARAT,Ahmedabad,INFINITY POWER,SOLANKI CHETAN,infinitypower1026@gmail.com,8758875751,149,37
GUJARAT,Ahmedabad,BHUMI GREEN POWER,HERBHA RAJKUMAR MULUBHAI,bhumigreenpower@gmail.com,9824956161,124,37
GUJARAT,Ahmedabad,ARKTEC RENEWABLE ENERGY LLP,Parth Patel,arktecrenewableenergy@gmail.com,8160038659,129,37
GUJARAT,Ahmedabad,ANANT ENERGY,DEEPABEN PATEL,anantenergy1910@gmai.com,9773476431,119,37
GUJARAT,Ahmedabad,UNICORN ELECTRICALS AND PROJECTS,HARSH VAGHASIYA,unicornelectricals20@gmail.com,9510968626,148,36
GUJARAT,Ahmedabad,SUNHIT SOLAR SOLUTION LLP,SUNIL PATEL,sunil@sunhit.in,9712892197,143,36
GUJARAT,Ahmedabad,KALPTARU RENEWABLE POWER PVT LTD,support@kalptaru.co,support@kalptaru.co,7600780720,161,36
GUJARAT,Ahmedabad,SURYADEV SOLAR,KARAMATA UKABHAI RAMABHAI,suryadevsolar4@gmail.com,9327175676,129,35
GUJARAT,Ahmedabad,SKYVOLT POWER TECHNOLOGIES LLP,VIVEK B THUMMAR,skyvoltpower25@gmail.com,9909798222,151,35
GUJARAT,Ahmedabad,SAICAB TECH PVT LTD,saicabprs,info@saicabtech.com,8511130328,153,35
GUJARAT,Ahmedabad,REGAL ELECTRICALS,Vikarali Baloch,balochvikarali60@gmail.com,8141028100,145,35
GUJARAT,Ahmedabad,PHOTOVOLTAIC SOLAR,Jay Thakkar,info@photovoltaicsolar.in,8866488000,407,35
GUJARAT,Ahmedabad,MECHATRONIK TECHNOLOGIES PRIVATE LIMITED,NIKET SHAH,niket@mechatroniksolar.com,9033029394,138,35
GUJARAT,Ahmedabad,MANAN SOLAR,Atul Joshi,manansolar2022@gmail.com,9714352719,149,35
GUJARAT,Ahmedabad,VIDHYUT URJA,PARTH S CHAUHAN,vidhyut.urja10@gmail.com,9664845692,130,34
GUJARAT,Ahmedabad,PRUTHVI SOLAR ENERGY,Akshay Patel,pruthvisolar@yahoo.com,9537659989,136,34
GUJARAT,Ahmedabad,MK ELECTRICALS,DIGANT SHAH,digant.shah10@gmail.com,9825349554,101,34
GUJARAT,Ahmedabad,KASTBHANJAN SOLAR,DIKSHIT MORADIAY,kastbhanjansolar@gmail.com,9099863647,116,34
GUJARAT,Ahmedabad,JAGDAMBA ENTERPRISE,ADARSH SOLANKI,adarshrajput542@gmail.com,9316321978,133,34
GUJARAT,Ahmedabad,HANU ENTERPRISE,HANU ENTERPRISE,hanuenterprise2023@gmail.com,9067322910,139,34
GUJARAT,Ahmedabad,BHAUTIK ENGINEERING CO.,Vegada Bhautik,vegadabhautik2410@gmail.com,9825690528,113,34
GUJARAT,Ahmedabad,V-GRID POWER,Vijaybhai Kalubhai Sisara,vgridpower22@gmail.com,9714892380,116,33
GUJARAT,Ahmedabad,SURYATRIC SOLAR PVT LTD,JEET PATEL,info.suryatrick@gmail.com,9979652010,139,33
GUJARAT,Ahmedabad,JAYKAMAL ENERGY,JAYKAMAL ENERGY,JAYKAMAL.ENERGY@GMAIL.COM,9726862780,117,33
GUJARAT,Ahmedabad,JAGDAMBA TRADERS,Urvish Brahmbhatt,jagdambatraders.padra@gmail.com,7284841054,129,33
GUJARAT,Ahmedabad,GREENLEAF SOLAR ENERGY,Kalpesh Nakum,info.greenleaf1@gmail.com,9313945225,125,33
GUJARAT,Ahmedabad,GANESH GREEN BHARAT LIMITED,Mrugesh Patel,sales@ganeshgreen.com,9519518951,119,33
GUJARAT,Ahmedabad,BHAGVATI SOLAR POWER,Ankit Vekariya,info@bhagvatisolarpower.com,7770007502,122,33
GUJARAT,Ahmedabad,UNICORN ENTERPRISE,IBRAZ ISHAKBHAI MALEK,unicornsolarvyara@gmail.com,8200121328,141,32
GUJARAT,Ahmedabad,SKYLIGHT SOLAR,MOKANI NIRAV,skylightsolar03@gmail.com,9510905126,120,32
GUJARAT,Ahmedabad,SHRI RAM SOLAR ENERGY LLP,JIGAR GAJJAR,admin@shriramsolarenergy.com,9712912421,143,32
GUJARAT,Ahmedabad,SHREE AMBIKA AGENCIES,Hiteshbhai Shah,niravambika@rediffmail.com,9426158047,202,32
GUJARAT,Ahmedabad,PRAGATI ENTERPRISE,CHIRAG THAKOR,pragatienterprise1985@gmail.com,9825254567,126,32
GUJARAT,Ahmedabad,VIA ELECTRIC,JATIN DAVE,hello.viaelectric@gmail.com,9925203764,129,31
GUJARAT,Ahmedabad,SOLARNOVA ENERGY,RONAKKUMAR PATHUBHAI CHAUDHARI,solarnovaenergy@gmail.com,9913161358,107,31
GUJARAT,Ahmedabad,HATKESH ENGINEERING,DHWANI PRAYANG VORA,hatkeshengineering@gmail.com,9898105579,135,31
GUJARAT,Ahmedabad,F Z ENERGY,RASIDAHEMAD MOMIN,info@fzenergy.in,9227153030,157,31
GUJARAT,Ahmedabad,EWALK ENERGY,ASHISH PAREKH,info.ewalkenergy@gmail.com,9054927675,131,31
GUJARAT,Ahmedabad,BURAK ENERGY,MOHAMADNAKIB AYAZBHAI SHEKH,burakenergy7@gmail.com,9173110729,114,31
GUJARAT,Ahmedabad,RAMESH POWER POINTS,HANSABEN RAMESHBHAI PATEL,rameshpowerpoint@gmail.com,9825225585,115,30
GUJARAT,Ahmedabad,NJ ELECTRICALS,NIRAVKUMAR JAYESHBHAI JOSHI,njelectricals.21@gmail.com,9886309619,154,30
GUJARAT,Ahmedabad,KITE SOLAR ENERGY,DEVENDRAKUMAR POPATLAL PATEL,kitesolarenergy@gmail.com,6352523489,107,30
GUJARAT,Ahmedabad,VASUSENA SOLAR ENERGY,PATEL MARTINKUMAR NARESHBHAI,vasusenasolarenergy07@gmail.com,9265356623,121,29
GUJARAT,Ahmedabad,SHREEJI ENERGY SOLUTION,BIREN GEVARIA,shreejienergysolution@gmail.com,8460595980,121,29
GUJARAT,Ahmedabad,SHAKTI ENTERPRISE,GANPAT SOLANKI,shaktienterprise082025@gmal.com,8511288555,112,29
GUJARAT,Ahmedabad,RAASON ENERTECH LLP,RAHUL SONAGRA,info@raasonenertech.com,9624768483,113,29
GUJARAT,Ahmedabad,PRUTHVIRAJSINH SINDHA,Pruthvirajsinh Sindha,pruthvisindha89@gmail.com,9328106806,104,29
GUJARAT,Ahmedabad,GREEN WATT SOLAR ENERGY,DIMPALBEN DIPENBHAI SHAH,greenwattsolarenergy2022@gmail.com,9898383910,110,29
GUJARAT,Ahmedabad,ANGEL SOLTECH,KARTIK SATHVARA,angelsoltech@gmail.com,8511029776,100,29
GUJARAT,Ahmedabad,SUNSHAPE ENERGY,JENISH VIJAYBHAI VEKARIYA,sunshapeenergy@gmail.com,9913783302,95,28
GUJARAT,Ahmedabad,SUNRAYS ENERGY,KEYUR SHIRISHBHAI SHETH,keyursheth.14@gmail.com,9978724010,96,28
GUJARAT,Ahmedabad,SHIVAM SOLAR AND SERVICES,PARMAR DIVYRAJSINH,Parmardivyraj.77@gmail.com,8320732424,96,28
GUJARAT,Ahmedabad,NAKODA PRODUCTS,SANJAY MEHTA,purchase.nsolar@gmail.com,9825322552,132,28
GUJARAT,Ahmedabad,MERIDIAN INTERNATIONAL,ASHISHKUMAR BHIKHUBHAI GHETIA,ghetiya.ashish@gmail.com,7990847552,72,28
GUJARAT,Ahmedabad,RABBIT ELECTRICAL AND SOLAR PVT. LTD.,VISHAL BABUBHAI PATEL,respvtltd24@gmai.com,9727646420,105,27
GUJARAT,Ahmedabad,JOYSTICK BIO HEALTH,ATUL ACHARYA,jstvalsad@gmail.com,9714163052,110,27
GUJARAT,Ahmedabad,FOREXT GREEN ENERGY PRIVATE LIMITED,Surajkumar Patel,Forextgreen@gmail.com,9227145384,96,27
GUJARAT,Ahmedabad,DIWAKAR SOLAR ENTERPRISE,VIRENDRASINH VANZARA,info.diwakarsolar@gmail.com,9104746612,100,27
GUJARAT,Ahmedabad,ATHARV ENERTECH,MONTU J. DEDAKIYA,montu.dedakiya@gmail.com,9998943833,89,27
GUJARAT,Ahmedabad,VRAJ ENTERPRISE,Harshil bhalala,vrajsolarsolutions@gmail.com,8140000903,95,26
GUJARAT,Ahmedabad,SIDDHIVINAYAK ENGINEERING COMPANY,BARAIYA RAMESHBHAI,shreeganeshaquva@gmail.com,9904954348,95,26
GUJARAT,Ahmedabad,SATYAY SOLAR,MANGROLIYA NIKUNJ J,satyaysolar@gmail.com,9157716540,88,26
GUJARAT,Ahmedabad,MAHADEV SOLAR ENTERPRISE,Patel Naimesh D,mahadevsolar2526@gmail.com,8758610449,86,26
GUJARAT,Ahmedabad,GOPAL ENTERPRISE,GOKULBHAI B PARMAR,gokulbharvad@gmail.com,9727756664,89,26
GUJARAT,Ahmedabad,DHRUV ENTERPRISE,NARESH PANCHAL,dhruv.enterprise@aol.com,9825123335,133,26
GUJARAT,Ahmedabad,BHAGAT SOLAR ENERGY,PIYUSH M MAKANI,bhujbhagatsolarenergy@gmail.com,9930432027,103,26
GUJARAT,Ahmedabad,JAY ELECTRICALS,Jayeshbhai surani,jayelec2021@gmail.com,9427261002,84,25
GUJARAT,Ahmedabad,IZZY ENERGY SOLUTION,NISAR VHORA,izzyenergysolution@gmail.com,9909236062,89,25
GUJARAT,Ahmedabad,ADITYAURJA,PALAK CHHASATIA,info.adityaurjasolar@gmail.com,7359935517,98,25
GUJARAT,Ahmedabad,4THVED AGROTECH,PRAFUL GADHAVI,4thvedagro@gmail.com,9377126082,89,25
GUJARAT,Ahmedabad,SUNLIGHT ENERGY SOLUTIONS,JYOTIBEN PANCHAL,sunlightenergysolutions01@gmail.com,9824668001,94,24
GUJARAT,Ahmedabad,NAMAH SOLAR ENERGY,BIREN VASANI,namahsolar@gmail.com,6351500821,101,24
GUJARAT,Ahmedabad,KK SOLAR TECHNOLOGY,KUSHAL KACHHIYA,kksolartechnology@gmail.com,9586118331,99,24
GUJARAT,Ahmedabad,KANHA ENTERPRISE,Jay Patel,kanhaenterprise4161@gmail.com,6355636703,80,24
GUJARAT,Ahmedabad,GREENERGEE,AMIT KALARIYA,greenergee@vikasaryagroup.com,9374635103,84,24
GUJARAT,Ahmedabad,BHANJAN ENTERPRISE,Piyushkumar H Patel,bhanjansolar@gmail.com,9574003537,91,24
GUJARAT,Ahmedabad,UJALA COMPANY,Ashwin Chandravadiya,ujalasolarcompany@gmail.com,7874157474,92,23
GUJARAT,Ahmedabad,NORTHGREEN ENERGY PVT LTD,HAARD BARBHAIYA,solar@northgreenenergy.com,9099931707,90,23
GUJARAT,Ahmedabad,NIRAJ TRADERS,NIRAJ JOSHI,nirajtraders@yahoo.com,9825030321,103,23
GUJARAT,Ahmedabad,NEXUS RENEWTECH,Nexus Renewtech,nexusrenewtech@gmail.com,8849277955,87,23
GUJARAT,Ahmedabad,BK GROUP & ASSOCIATES,IRFAN SAMA,irfansama2704@gmail.com,9879933662,93,23
GUJARAT,Ahmedabad,VISHWA SOLAR EXPERT,Jagdish,vishwasolar68@gmail.com,9724968018,81,22
GUJARAT,Ahmedabad,SOULTRUST SOLAR,DARSHAN NAVADIYA,soultrustsolar@gmail.com,9099663390,82,22
GUJARAT,Ahmedabad,SOLARMAX ENERGY PRIVATE LIMITED,SEFAL MANSURI,info@solarmaxenergy.in,9409222221,75,22
GUJARAT,Ahmedabad,SKY RISE SOLAR,HIRAPARA DHAVAL,skyrisesolar@gmail.com,9328009285,104,22
GUJARAT,Ahmedabad,RADIANT SOLAR ENERGY,Kapil Rameshbhai Sathwara,info@radiantsolarenergy.co.in,9512337513,88,22
GUJARAT,Ahmedabad,KHODIYAR ENTERPRISE,MAHENDRA P. NAKUM,k_enter_m@rediffmail.com,9825162853,79,22
GUJARAT,Ahmedabad,ARJAN SOLAR,megha d sisodiya,info@arjansolar.com,9638064824,84,22
GUJARAT,Ahmedabad,VEERASOL TECHNOLOGY,Parth malaviya,info@veerasol.com,9558899931,65,21
GUJARAT,Ahmedabad,R K BHABHOR,RKBHABHOR,rkbhabhor78@gmail.com,9909161378,88,21
GUJARAT,Ahmedabad,NEOVOLT GREEN ENERGIES,VIPAN SHAH,neovoltgreen@gmail.com,8511138558,86,21
GUJARAT,Ahmedabad,NAKSH POWER,Parmar Bhumikaben Dharmeshbhai,bhumikarana1989@gmail.com,8141113593,83,21
GUJARAT,Ahmedabad,JD SOLAR,Jaykumar Agravat,jdsolar5005@gmail.com,9157590905,76,21
GUJARAT,Ahmedabad,HI TECH SOLAR SOLUTION,ILYAS KAYDAWALA,hitechsolarsolu@gmail.com,8140535380,78,21
GUJARAT,Ahmedabad,CTONE METAL INDUSTRIES,HASMUKHBHAI JOSHI,hasmukhjoshi82@gmail.com,9909517156,72,21
GUJARAT,Ahmedabad,BEYOND ENERGY,PARTH RATHOD,beyondenergy2025@gmail.com,8849608389,70,21
GUJARAT,Ahmedabad,ABS SOLAR ENERGY,Salman Khan,abssolar16@gmail.com,7574010721,75,21
GUJARAT,Ahmedabad,HARI ELECTRICAL & SOLAR,JAYKUMAR H CHANAWALA,harielectrical18@gmail.com,7990453967,79,20
GUJARAT,Ahmedabad,AGARIA ENTERPRISE,Iqbal Agaria,mahammadikbalagariya@gmail.com,8200605756,78,20
GUJARAT,Ahmedabad,VMD SOLAR ENERGY PRIVATE LIMITED,VASIMAKRAM M DOI,info@vmdsolarenergy.com,9974095302,68,19
GUJARAT,Ahmedabad,THE MECHTECH SOLUTIONS,Smit Mohile,themechtechsolutions@gmail.com,9714928728,79,19
GUJARAT,Ahmedabad,TAPTI SOLAR,taptisolar,taptisolar@gmail.com,9157028811,72,19
GUJARAT,Ahmedabad,SSB ICONIC LLP,SANDIPKUMAR S BALDHA,s2belectricals@gmail.com,9016903767,63,19
GUJARAT,Ahmedabad,SOLWAVE ENGINEERING AND TRADING,Hassanali kamarali Momin,solwave.energy24@gmail.com,9054220440,65,19
GUJARAT,Ahmedabad,SHREE SAI ENTERPRISE,Chetanbahen Dineshbhai Patel,shreesaienterprise75@gmail.com,8128171111,85,19
GUJARAT,Ahmedabad,SHATRAS AGRI,PANKAJ VASHRAMBHAI RAMOLIYA,shatrasagri@gmail.com,9714616040,70,19
GUJARAT,Ahmedabad,PRIVA ENTERPRISE,Vicky Sheth,vickysheth1987@gmail.com,9825241949,72,19
GUJARAT,Ahmedabad,MADHAV GREEN ENERGY,KISHAN TRIVEDI,madhavgreene@gmail.com,9408102358,64,19
GUJARAT,Ahmedabad,INFINITY GREENTECH,PRABHAT,info.infinitygreentech@gmail.com,9737823212,96,19
GUJARAT,Ahmedabad,BHAGIRATH ELECTRICAL SERVICES,BHAGIRATH JAYANTIBHAI THAKOR,bhagirathelectricalservices@gmail.com,7990606284,72,19
GUJARAT,Ahmedabad,YASHONAND ELECTRO SERVICE PVT LTD,PARESH J HADIYA,yashonand2022@gmail.com,9157197171,59,18
GUJARAT,Ahmedabad,SHREE SAI SOLAR,HITESH RANE,Hiteshrane37@gmail.com,9879268362,77,18
GUJARAT,Ahmedabad,SHREE CHAMUNDA SOLAR SOLUTIONS,PRAPTI MEHTA,shreechamundasolarsolutions29@gmail.com,9409694196,66,18
GUJARAT,Ahmedabad,RUDRAKSH SOLAR POWER,GOSAI KISHANGIRI N,rudrakshsolarpower@gmail.com,9016203365,67,18
GUJARAT,Ahmedabad,RAYOLT ENERGY LLP,VIRAL PATEL,info@rayolt.com,9998745706,70,18
GUJARAT,Ahmedabad,NVVP GREEN ENERGY PRIVATE LIMITED,VRUSHANK B PATEL,nvvpgreenepl@gmail.com,9979941234,95,18
GUJARAT,Ahmedabad,NIVAN ENERGY,BHAVIN KATARIYA,nivanenergy@gmail.com,9998820905,62,18
GUJARAT,Ahmedabad,MS SOLAR SPARK,MEETKUMAR CHANDUBHAISAVANI,mssolarspark7@gmail.com,9825590311,63,18
GUJARAT,Ahmedabad,KRISHNA ENTERPRISE,TAPAN R RASTE,krishnaenterprise4568@gmail.com,9712658209,63,18
GUJARAT,Ahmedabad,GREAT SOLUTION,GAURAV DESAI,greatsolution07@gmail.com,9924131317,75,18
GUJARAT,Ahmedabad,DWARKESH SOLAR ENERGY,Nilesh chavda,nileshchavda1881@gmail.com,8000799990,65,18
GUJARAT,Ahmedabad,YUVARAYS SOLAR,RANJITSINH PARMAR,yuvarayssolar@gmail.com,9824624497,66,17
GUJARAT,Ahmedabad,PHOENIX RENEWABLE ENERGY,TEJAS R BAROT,PHOENIXRE6@GMAIL.COM,9586110114,58,17
GUJARAT,Ahmedabad,MEHUL ELECTRIC,BHIMANI HARDIK MANSUKHBHAI,fivestarsolar2025@gmail.com,7984547908,59,17
GUJARAT,Ahmedabad,KSHETRAPAL GREEN ENERGY,JIGNABEN MANSHUKHBHAI DANKHARA,kshetrapalgreenenergy@gmail.com,7874098869,61,17
GUJARAT,Ahmedabad,GREEN IMPAQ SOLAR ENERGY,BHAVESHKUMAR LALJIBHAI DUDHAT,greenimpaqsolarenergypm@mail.com,9974414600,56,17
GUJARAT,Ahmedabad,GHANPRIYA ENERGY SOLUTION PRIVATE LIMITED,ADARSH KUMAR,subsidy@ghanpriyaenergy.com,9958676060,55,17
GUJARAT,Ahmedabad,VEDA ENTERPRISE,ALPABEN AJAYBHAI PATEL,info.vedaenterprise@gmail.com,8401103393,75,16
GUJARAT,Ahmedabad,SUN LIGHT SOLAR,MAHESH MANILAL JOSHI,sunlightsolar0106@gmail.com,9726215972,55,16
GUJARAT,Ahmedabad,SOLARIS 360,ANAND ASHOKBHAI MEHTA,info@solaris360.com,9998117531,75,16
GUJARAT,Ahmedabad,SHREE BRAHMANI ELECTRICALS,VIRANI AJAY BABUBHAI,shreebrahmanisolar@gmail.com,9909995675,58,16
GUJARAT,Ahmedabad,KARM ENTERPRISE,KHUNT TUSHAL BHARATBHAI,KARMSOLAR24@GMAIL.COM,9586363071,64,16
GUJARAT,Ahmedabad,DEVYAMI AUTOMATIC PUMPS AND CONTROLS PVT LTD,DEVANG SHAH,devyami@gmail.com,9825029877,73,16
GUJARAT,Ahmedabad,BEACON ELECTROTECH LLP,RIYA Narsana,info@beaconelectrotech.com,8460314011,62,16
GUJARAT,Ahmedabad,AVEE ENERGY,DHAVAL PATEL,dhavalpatel1973@yahoo.in,9898233244,68,16
GUJARAT,Ahmedabad,V SOLAR,VIPULKUMAR PATEL,vsolar8521@gmail.com,7698297821,48,15
GUJARAT,Ahmedabad,SHIVAS SOLAR,ALPESH PANDAV,shivassolar4418@gmail.com,9537611795,56,15
GUJARAT,Ahmedabad,SANGAM ELECTRONICS CO,ARVINDBHAI MUNJANI,info.sangamsolar@gmail.com,9825929552,58,15
GUJARAT,Ahmedabad,I K SOLAR ENERGY,LIMBASIYA NARENDRA,iksolarenergy2302@gmail.com,6353941652,52,15
GUJARAT,Ahmedabad,ETERNAL SOLAR ENERGY,Hiren Rathod,hiren.p.rathod@gmail.com,9879203040,56,15
GUJARAT,Ahmedabad,RENESYS POWER SYSTEMS PRIVATE LIMITED,JAY MEHTA,project@renesys.in,7069751110,63,14
GUJARAT,Ahmedabad,MH POWER SYSTEM,JAINISH B. PATOLIA,info.mhpowersystem@gmail.com,9016581006,61,14
GUJARAT,Ahmedabad,MARUTI ENTERPRISE,Hitesh,marutienterprise148@gmail.com,7698803938,49,14
GUJARAT,Ahmedabad,K P ENTERPRISE,BHAMMAR KANUBHAI VIHABHAI,kpenterprise39@gmail.com,9974383839,45,14
GUJARAT,Ahmedabad,HAVTON INDIA,RAVIBHAI,ravivarmora0803@gmail.com,9265496953,51,14
GUJARAT,Ahmedabad,BELIEF GREEN TECH PVT LTD,Kanji Mandaviya,mandaviyakanji@gmail.com,6351555029,54,14
GUJARAT,Ahmedabad,UPVOLTAGE SOLUTIONS LLP,Upvoltage Solutions,upvoltagesolutions@gmail.com,7990618259,60,13
GUJARAT,Ahmedabad,SHREE GAUTAM RENEWABLES AND CLEAN ENERGIES,SAIKUMAR PATEL,shreegautam.energy@gmail.com,9408188809,47,13
GUJARAT,Ahmedabad,SHAKTI GREEN ENERGY SERVICES,AMARSINH CHAUHAN,shakti.green25@gmail.com,9898860648,51,13
GUJARAT,Ahmedabad,PRAHAR SOLAR SOLUTIONS,VANADAN VINODBHAI CHAUHAN,info.praharsolar@gmail.com,9016360702,52,13
GUJARAT,Ahmedabad,MEAN RAYS RENEWABLE POWER PRIVATE LIMITED,RITA D PATEL,sales.meanrays@gmail.com,9898251352,84,13
GUJARAT,Ahmedabad,GREENMAX ENERGY PVT. LTD.,K Venkata Rajesh,sales1@greenmaxenergy.in,9601100759,87,13
GUJARAT,Ahmedabad,DEK AND MAVERICKS GREEN ENERGY LIMITED,LALJI GOLTAR,lalji.goltar@dmgel.in,8780289470,62,13
GUJARAT,Ahmedabad,SOLART,SHAILESH DESAI,solart.sunfuel@gmail.com,8866506193,32,12
GUJARAT,Ahmedabad,RUDRA ELECTRICALS,RAVIKUMAR SABHANI,ravi.sabhani@rudraelectricals.co.in,9722643233,50,12
GUJARAT,Ahmedabad,BALAJI FABRICATORS,DASHRATHBHAI RAVAL,balajifabricatorsbhiloda@gmail.com,9726824808,41,12
GUJARAT,Ahmedabad,APOLLO GREEN ENEGRY,Vivek Patel,apollogreenenergy2024@gmail.com,9825249415,44,12
GUJARAT,Ahmedabad,A S RENEWABLE ENERGY PRIVATE LIMITED,Ashok Yadav,info@asre.co.in,9067207226,38,12
GUJARAT,Ahmedabad,SUNGOLD ENTERPRISE,PIYUSH RAMNIKBHAI KANANI,sungoldenterprise123@gmail.com,9737147433,37,11
GUJARAT,Ahmedabad,SONIK SOLAR POWER SOLUTION,Sonik panchal,Sonikpanchal27@gmail.com,8200291250,42,11
GUJARAT,Ahmedabad,SOLARBERG SOLUTIONS,Sureshkumar Bavishiya,sureshbavishiya@gmail.com,9879200821,34,11
GUJARAT,Ahmedabad,SHASHWAT SOLAR SYSTEM,RESHMABEN KALPESHBHAI MACHHI,shashwatsolarsystem@gmail.com,9574919117,40,11
GUJARAT,Ahmedabad,BLEO ENERGY,KRUPAL DESAI,bleoenergy@gmail.com,9924982211,42,11
GUJARAT,Ahmedabad,APN SOLAR ENERGY PVT LTD,APNSOLAR,nationalportal@apnsolar.com,9702034043,37,11
GUJARAT,Ahmedabad,VSG ENTERPRISE,SURYAKANT GORASIYA,SURYAKANTGORASIYA3024@GMAIL.COM,9979632447,35,10
GUJARAT,Ahmedabad,SURYADEV SALES & SERVICE,Parmar dharmeshkumar,suryadev2k20@gmail.com,7016946571,32,10
GUJARAT,Ahmedabad,SUREWORTH SOLAR,Rajendra R Rohit,Sureworthsolar@gmail.com,7698763040,41,10
GUJARAT,Ahmedabad,SHYAM SOLAR ENERGY,CHOSLA VIJAY BHAI,shyamsolar65@gmail.com,8140796593,32,10
GUJARAT,Ahmedabad,SAMAR SOLAR,sarfaraj,samarsolar183@gmail.com,7046164346,38,10
GUJARAT,Ahmedabad,RENEURJA ENERGY,HARISHCHANDRA D. CHAUHAN,reneurjaenergy@gmail.com,8460611110,42,10
GUJARAT,Ahmedabad,MADHAV ELECTRICAL,MAHARSHI DAVE,madhavelectrical23@gmail.com,9426755766,36,10
GUJARAT,Ahmedabad,J D ELECTRICAL AND TRADING,Dharmdas Desani,jdelectrical26@gmail.com,8320397049,36,10
GUJARAT,Ahmedabad,HIPANAX ENERGY,ANKIT PANCHAL,hipanaxenergy@outlook.com,9727063026,42,10
GUJARAT,Ahmedabad,GREEN POWER ENERGY,JAY MANUBHAI PATEL,info.greenenergy07@gmail.com,8780002027,46,10
GUJARAT,Ahmedabad,CHARLES SOLAR POWER ENERGY,Monaben Sudhirbhai Bhuva,charlessolarpowerenergy1990@gmail.com,7016170076,36,10
GUJARAT,Ahmedabad,VCL ENERGY,VIPULBHAI CHATURBHAI LAKHANI,vclenergy777@gmail.com,9825492605,39,9
GUJARAT,Ahmedabad,SOLARINA RENEWABLE PRIVATE LIMITED,RINA GOHIL,solarinarenewable@gmail.com,9824351021,48,9
GUJARAT,Ahmedabad,SKY BLUE SOLAR PVT .LTD,jigar borada,Skybluesolarpvtltd@gmail.com,9104566242,20,9
GUJARAT,Ahmedabad,SITARAM CORPORATION,AJAY SARVAIYA,sitaramcorporation2025@gmail.com,8141427041,35,9
GUJARAT,Ahmedabad,SHREEJI ENTERPRISES - BHAYLI,CHINTUL THAKAR,shreejie1@gmail.com,9099710184,35,9
GUJARAT,Ahmedabad,RENEWIX INNOVATIONS PVT LTD,PANKAJ GUPTA,hello@renewix.in,9998980947,40,9
GUJARAT,Ahmedabad,REKSON ELECTROTECH,SACHIN RAMJIBHAI DHOKIYA,REKSONELECTROTECH37@GMAIL.COM,9904994494,35,9
GUJARAT,Ahmedabad,MESHWA ENTERPRISE,Soniyaben Hemantbhai Patel,meshwaelectricals@gmail.com,9574409148,31,9
GUJARAT,Ahmedabad,HADAF GREEN ENERGY PRIVATE LIMITED,Anashusain Shaikh,hadafgreenenergy@gmail.com,8320986239,33,9
GUJARAT,Ahmedabad,BASP ENTERPRISE PVT LTD,KATHAN PATEL,baspenterprise@gmail.com,9099912130,60,9
GUJARAT,Ahmedabad,AEW SMART SERVICES PVT. LTD.,BHARAT KUMAR,netmetering@aewsmart.com,8851047092,37,9
GUJARAT,Ahmedabad,SARVAYOGAM SOLAR PRIVATE LIMITED,PRINCEKUMAR SHARMA,sarvayogamsolar@gmail.com,6356633355,33,8
GUJARAT,Ahmedabad,RAJDEEP SOLAR ENERGY PVT. LTD.,DHARMESH SOLANKI,dharmesh@rajdeepsolarnergy.com,9099089749,44,8
GUJARAT,Ahmedabad,POWERON ELECTRICAL,RATAN PATEL,poweron.electricalservice@gmail.com,7990528002,32,8
GUJARAT,Ahmedabad,OMKARA INFOTECH,Karmata Jayeshkumar Hakmabhai,omkarinfotechlakhani@gmail.com,9428847854,25,8
GUJARAT,Ahmedabad,NP RENEWABLE ENERGY,Nirav Darji,nprenewableenergy@gmail.com,7016917174,32,8
GUJARAT,Ahmedabad,MAGLARE TECHNOLOGIES PVT.LTD.,HITENKUMAR M SHINGALA,info@maglare.com,8460183838,33,8
GUJARAT,Ahmedabad,DESAI'S SOLAR ENERGY,HEMANTKUMAR H DESAI,desaisolarenergy@gmail.com,9429021070,30,8
GUJARAT,Ahmedabad,BHUMI POLYMERS PRIVATE LIMITED (FORMERLY KNOWN AS BHUMI POLYMERS PRIVATE LIMITES),SAGAR VAGHASIYA,solar@bhumipolymers.com,9099084938,23,8
GUJARAT,Ahmedabad,AKUNTHA PROJECTS PVT LTD,RAVI KAMDAR,ravi@akuntha.com,9426402423,38,8
GUJARAT,Ahmedabad,ADS SOLAR POWER,MUKESH SHARMA,sales@adssolarpower.com,9879532141,41,8
GUJARAT,Ahmedabad,SYSTEM RENEWABLE ENERGY,nafis Bagwan,nbagwan8@gmail.com,9662361740,27,7
GUJARAT,Ahmedabad,SOLAR EVERGREEN,Nilesh Ambalal Khatri,nileshkhatri2251@gmail.com,9998564678,31,7
GUJARAT,Ahmedabad,SMART SECURE SOLUTIONS,MAHANAND THAKUR,mahanand@smartsecure.net.in,9737117888,29,7
GUJARAT,Ahmedabad,SKY RENEWABLE,PIYUSHKUMAR SHANKARBHAI CHAVADHARI,piush123.pp@gmail.com,9638166779,27,7
GUJARAT,Ahmedabad,SHREE ENERGY SOLUTIONS,VARUN DILIP DWIVEDI,shreeenergysolution8@gmail.com,9904335293,27,7
GUJARAT,Ahmedabad,S P MULTI ENGINEERING SERVICES,DHAIRYA PATEL,spmultiengineeringservices@gmail.com,9104556095,26,7
GUJARAT,Ahmedabad,RIMPLE CORPORATION LLP,SNEHAL L TALATI,rimpleco@gmail.com,6351076702,20,7
GUJARAT,Ahmedabad,RESONAGE GREEN ENERGY PRIVATE LIMITED,Jayesh Joshi,rgepl2024gujarat@gmail.com,9879402000,29,7
GUJARAT,Ahmedabad,M M PARMAR,M.M.PARMAR,sunlightenergy09@outlook.com,9227092099,23,7
GUJARAT,Ahmedabad,L G ELECTRICALS,LIYAKATKHAN PATHAN,lgelectricals29@gmail.com,9825949200,26,7
GUJARAT,Ahmedabad,J N RENEWABLE,ASHUTOSH CHOKSI,info@jnrenewable.com,9925037975,39,7
GUJARAT,Ahmedabad,ISHA SALES,KEVAN MAHESHBHAI DABHI,ishasolar027@gmail.com,9824739373,25,7
GUJARAT,Ahmedabad,GWE INFRA PROJECTS PRIVATE LIMITED,DHAVAL SHAH,dhaval.gwe@gmail.com,9726198989,26,7
GUJARAT,Ahmedabad,GURUKRUPA ENTERPRISE,Prashant Pathak,gurukrupaenterprise.head9@gmail.com,8320627280,37,7
GUJARAT,Ahmedabad,GENESIS CLEAN ENERGY,RAVI BHARTHI,genesiscleanenergy1@gmail.com,9714125515,260,7
GUJARAT,Ahmedabad,ENERGY O & M SERVICES PVT LTD,DHIRAJ RAVAL,dhirajsummit@gmail.com,9512775551,28,7
GUJARAT,Ahmedabad,AKHANDDEEP SOLAR SOLUTION,AKHANDDEEP SOLAR SOLUTION,akhanddeepsolar@gmail.com,9978643099,31,7
GUJARAT,Ahmedabad,SURAJGEMA POWER,RAVIKUMAR SAVANI,SURAJGEMAPOWER@GMAIL.COM,8460515124,20,6
GUJARAT,Ahmedabad,SUNWAY SOLAR,SANNI SOLANKI,sunwaysolar02@gmail.com,7698832340,28,6
GUJARAT,Ahmedabad,SHREE CHAMUNDESHVARI TRADING,Haresh Dodiya,hareshdodiya75@gmail.com,9327523737,21,6
GUJARAT,Ahmedabad,JD INFRA ENERGY PRIVATE LIMITED,SANDIP J. VARIYA,jdinfraenergy0725@gmail.com,9714061118,28,6
GUJARAT,Ahmedabad,HORIZON POWER SOLUTIONS,Dixita Jalpesh Soni,horizonpowersolutions2024@gmail.com,9909009525,22,6
GUJARAT,Ahmedabad,D.J.SOLAR & GENERAL,Tarunkumar D Joshi,djsolar111@gmail.com,8401183303,18,6
GUJARAT,Ahmedabad,AWAAS SEWA PRIVATE LIMITED,BHARATI BHONSALE,ADMIN@AWAAS.IN,9099189893,23,6
GUJARAT,Ahmedabad,AARAMBH RENEWABLE,KULDEEP HARESHBHAI PANCHAL,aarambhrenewable@gamil.com,8487861888,25,6
GUJARAT,Ahmedabad,TECH ELECTRICAL,SATISH M RATHOD,rathodsatishsinh8@gmail.com,9499878957,20,5
GUJARAT,Ahmedabad,SURYAMAAN ENERGY,TUSHAR KISHORSINH BHATTI,info.suryamaan@gmail.com,9722243637,20,5
GUJARAT,Ahmedabad,SUN ENERGY,Sunil Jain,sunenergybharat@gmail.com,9427352326,21,5
GUJARAT,Ahmedabad,SAMRUDDH SOLAR,DESAI NITABEN RAYMALBHAI,samruddhsolar1@gmail.com,7859827859,24,5
GUJARAT,Ahmedabad,RAYS TECH SOLAR SOLUTIONS,POONAM,raystechsolarsolutions@gmail.com,9510147343,17,5
GUJARAT,Ahmedabad,JAY AMBE ELECTRICALS,MITESH PATEL,jayambeelectricals091@gmail.com,6355252020,18,5
GUJARAT,Ahmedabad,HARSH ENTERPRISE,KARTIKKUMAR ARVINDBHAI BHAVSAR,harshenterprise.ele@gmail.com,9586703597,20,5
GUJARAT,Ahmedabad,CREASUN ENERGY,PARTH SUVAGIYA,creasunenergy25@gmail.com,9624120591,20,5
GUJARAT,Ahmedabad,CONVEX SOLAR,PRIGNAL KHRISTI,convexsolar92@gmail.com,9737710095,18,5
GUJARAT,Ahmedabad,AA SOLAR,AA SOLAR,enquiry.aasolar@gmail.com,7984392322,20,5
GUJARAT,Ahmedabad,SHIVAM ENERGY TECH,SOLANKI ANILKUMAR,shivamenergytech2023@gmail.com,9687001450,15,4
GUJARAT,Ahmedabad,RAJAVI ELECTRICAL SERVICES,Prajapati Alpeshbhai Amratbhai,rajvielectricalservices@gmail.com,9723613718,14,4
GUJARAT,Ahmedabad,PATEL ELECTRICALS,Tasvin K. Jakhaniya,info.patelelectricals@gmail.com,9998896555,13,4
GUJARAT,Ahmedabad,MFINS SERVICES PVT. LTD.,Santosh Gupta,vidya@m-fins.in,8356843342,14,4
GUJARAT,Ahmedabad,KRISHIVA INNOVATIVES,SANDEEP LANGHNOJA,info@krishivainnovatives.com,9409435861,15,4
GUJARAT,Ahmedabad,JAY BALOJ ENTERPRISE,Umang Patel,umang066@gmail.com,7874165037,13,4
GUJARAT,Ahmedabad,E-POWER SOLAR ENERGY,AKASH RAVAL,epowerenergyinfo@gmail.com,9484784798,13,4
GUJARAT,Ahmedabad,ACTIVE POWER INFRA,ALISH VACHHANI,activepowerinfra@gmail.com,7228828738,16,4
GUJARAT,Ahmedabad,VIYA ELECTRIC PRIVATE LIMITED,Hitesh Raviya,info@viyaelectric.com,9033092026,11,3
GUJARAT,Ahmedabad,SUNSETLIFE SOLAR PRIVATE LIMITED,amit parvadiya,sunsetlifesolar@gmail.com,9574427119,10,3
GUJARAT,Ahmedabad,SHREEJI POWER SOLUTIONS,Dilip gandhi,shreejiss@yahoo.com,9824338633,12,3
GUJARAT,Ahmedabad,SATYAKRISHNA LIGHTING,BRIJKUMARI SHAILENDRASINH CHAUHAN,SATYAKRISHNALIGHTING@GMAIL.COM,9428369990,11,3
GUJARAT,Ahmedabad,GURU RENEWABLE,Sandip patel,gururenewable@gmail.com,9687672620,11,3
GUJARAT,Ahmedabad,ZUNROOF TECH PVT LTD,Ashank Garg,gosolar@zunroof.com,9205893368,7,2
GUJARAT,Ahmedabad,YOGI BATTERY CENTRE,NUMBER(S),yogipowersystem@yahoo.co.in,9824088156,9,2
GUJARAT,Ahmedabad,VOLT'S LEGACY ENERGY SOLUTION,LADUMOR ASHWIN CHHAGANBHAI,contact@voltslegacy.com,9998765059,9,2
GUJARAT,Ahmedabad,SURYAMANI SOLAR,SLESHKUMAR PATEL,suryamanisolar@gmail.com,8140000257,8,2
GUJARAT,Ahmedabad,STRONG SUN SOLAR ENERGY,MAKWANA MANTHAN JAYESHBHAI,strongsunsolarenergy@gmail.com,7622011292,6,2
GUJARAT,Ahmedabad,STAR ELECTRICALS,BAGWALA AAMIR SALIMBHAI,starhalol389350@gmail.com,9909118137,9,2
GUJARAT,Ahmedabad,SOLNCE ENERGY PRIVATE LIMITED,KASHISH SHAH,NATIONALPORTALSOLNCE@GMAIL.COM,7990480061,8,2
GUJARAT,Ahmedabad,SOHAM ENTERPRISE,TUSHAR M.SINOJIYA,sachinpatel3132@gmail.com,9924142513,82,2
GUJARAT,Ahmedabad,SHRI MARUTI ENTERPRISE,Tirth Doshi,tdoshi76@gmail.com,9428358150,6,2
GUJARAT,Ahmedabad,SAHAJ SOLAR PRIVATE LIMITED,BHAVIK PARMAR,bparmar@sahajsolar.com,7573006832,3,2
GUJARAT,Ahmedabad,POWERTRONICS TECHNOLOGY,MADHUSUDAN VIJAYSINH GOHIL,powertronics1990@gmail.com,9974772070,8,2
GUJARAT,Ahmedabad,POWER RISE,AKSHAY KISHORBHAI PATEL,powerrise16@gmail.com,8460145311,6,2
GUJARAT,Ahmedabad,NESSA ILLUMINATION TECHNOLOGIES PRIVATE LIMITED,DHAVAL SHAH,tenders@nessa.in,9825650354,7,2
GUJARAT,Ahmedabad,MK ENTERPRISE,moinkhan,mkenterprise061@gmail.com,8780069239,8,2
GUJARAT,Ahmedabad,MANTRA SOLAR SOLUTIONS,Umiyashankar Shilu,MantraSolarSolutions@gmail.com,7016462899,7,2
GUJARAT,Ahmedabad,BILIPATRA ENTERPRISE,JALPESH CHANDEGARA,prajapatijalpesh24@gmail.com,9427928892,6,2
GUJARAT,Ahmedabad,APOLLO SOLAR POWER,DHAVAL SAVANI,dhavalsavani@icloud.com,9099006748,11,2
GUJARAT,Ahmedabad,VISHWAS SOLAR ENERGY,ROHITKUMAR SHIVRAMBHAI PRAJAPTI,vishwassolar25@gmail.com,9426486257,3,1
GUJARAT,Ahmedabad,VISAKA GREEN PRIVATE LIMITED,venkat,vsolar@visaka.in,8770905614,9,1
GUJARAT,Ahmedabad,SP EPC SOLUTIONS,Parin Sodhankumar Bumia,psbuma@gmail.com,9537824788,2,1
GUJARAT,Ahmedabad,SNS ENERGY PVT. LTD.,Sujit Sharma,sujitsharma@snsenergy.co.in,7043136049,3,1
GUJARAT,Ahmedabad,SKY LARK SOLAR PRIVATE LIMITED,SKY LARK SOLAR PRIVATE LIMITED,skylarksolar7@gmail.com,7016360083,3,1
GUJARAT,Ahmedabad,SHREYISHA ENGINEERING,Shah Shreyank Hiteshkumar,shreyishaengineering@gmail.com,8460445802,5,1
GUJARAT,Ahmedabad,SAFFRON RENEWTECH,Sagar Savaliya,saffronrenewtech24@gmail.com,7600507557,3,1
GUJARAT,Ahmedabad,PAROT RENEWABLES LIMITED,NANANI GAURAV KIRANKUMAR,gn@parotrenewables.com,9274692942,2,1
GUJARAT,Ahmedabad,NU SOLAR INFRACON PRIVATE LIMITED,NEEL SHAH,nu.solar.infracon@gmail.com,9033181196,5,1
GUJARAT,Ahmedabad,KAIZEN UNIVERSAL PRIVATE LIMITED,Ketankumar Nathubhai Shah,ketan@kaizen.in,9825119674,6,1
GUJARAT,Ahmedabad,HAPPY ENTERPRISE,JADEJA KRIPAL NARENDRASINH,divyeshchavda007@gmail.com,9510887781,3,1
GUJARAT,Ahmedabad,GUJARAT SOLAR ENERGY,OGANJA PARESHBHAI,gujaratsolarenergy010@gmail.com,9898472919,3,1
GUJARAT,Ahmedabad,D.K. & CO.,DIPEN BUTANI,dkandcompanyrajkot@gmail.com,9925008040,4,1
GUJARAT,Ahmedabad,ANANT SOLAR,CHAUHAN HITESH RAMESHBHAI,anantsolar4242@gmail.com,8401714242,2,1
GUJARAT,Ahmedabad,ADVANCE ENERGY SOLUTION,JIGNAKUMARI,info.advanceenergysolution@gmail.com,8799359849,5,1
GUJARAT,Ahmedabad,VIVAN ENERGY,Shailesh Hingu,vivanenergy09@gmail.com,9979890230,0,0
GUJARAT,Ahmedabad,VIJAY ELECTRIC COMPANY,PATEL SATISHKUMAR RAMANBHAI,vijayelectricco@rediffmail.com,8200337720,0,0
GUJARAT,Ahmedabad,VARRCHASVA ENERGY PRIVATE LIMITED,Vaibhav Ujjain,vaibhav@varrchasva.com,9100520101,0,0
GUJARAT,Ahmedabad,V-GUARD INDUSTRIES LIMITED,V-GUARD SOLAR,solar@vguard.in,9895550313,0,0
GUJARAT,Ahmedabad,URJA GLOBAL LIMITED,Mr Sushil Kumar Dubey,bhagwan.verma@urjaglobal.in,7290005823,0,0
GUJARAT,Ahmedabad,UMIYA TRADING COMPANY,SAMEER HARSADBHAI PATEL,umiyatradingcompany1287@gmail.com,9998850299,0,0
GUJARAT,Ahmedabad,TRISOLAR,7567997295,aha.krisma@gmail.com,7567997295,0,0
GUJARAT,Ahmedabad,THE MOON KNIGHT,Barad Hansaben Jagatkumar,themoonknight913@gmail.com,9081313777,0,0
GUJARAT,Ahmedabad,TAJ ELECTRICALS,MOHAMMADGOUS H. ATTAR,tajelectricals.daman@gmail.com,9824790965,0,0
GUJARAT,Ahmedabad,SYNC GLOBAL SOLUTIONS,Ravindra Singh,syncenergyindia@gmail.com,8854084325,0,0
GUJARAT,Ahmedabad,SURYAM INTERNATIONAL PRIVATE LIMITED,Suryaminternational,marketing@groupsurya.co.in,8093011632,0,0
GUJARAT,Ahmedabad,SURYA SOLAR AND WATERS PRIVATE LIMITED,Romit Patel,romit@suryasolarwaters.com,9687401636,0,0
GUJARAT,Ahmedabad,SURAYAY NAMAH ENERGY PRIVATE LIMITED,Rahul Tiwari,rahul@surayaynamahenergy.com,9554055565,0,0
GUJARAT,Ahmedabad,SUPER WATT POWER SOLUTIONS LLP,Hiren Bhanushali,power.superwatt@gmail.com,9920320366,0,0
GUJARAT,Ahmedabad,SUNSPARK SOLAR SOLUTIONS (FORMERLY KNOWN AS SUSSPARK SOLAR SOLUTIONS ),NAYAN PRAVINBHAI PATEL,sunsparksolarsolutions23@gmail.com,9664693254,0,0
GUJARAT,Ahmedabad,SUNSOLAR SOLUTIONS (INDIA) PRIVATE LIMITED,Jigar Patel,jigar@sunsolarsolutions.co.in,9638189589,0,0
GUJARAT,Ahmedabad,SUNRISE INDIA,Satya Narayan Tiwari,satyanarayantiwari2022@gmail.com,7208291414,0,0
GUJARAT,Ahmedabad,SOLYUG RENEWABLES,Nishant Tailor,info@solyugrenewables.com,9099562009,0,0
GUJARAT,Ahmedabad,SOLEXY SOLAR POWER PVT. LTD.,Anil Kumar Garg,ssepl1962@gmail.com,9810725280,0,0
GUJARAT,Ahmedabad,SOLARWISE-NEXG PRIVATE LIMITED,solarwise,solarwise69@gmail.com,9910803171,0,0
GUJARAT,Ahmedabad,SOLARLOGIX PRIVATE LIMITED,Raj Sanwaria,contact@solarlogix.in,7979053489,0,0
GUJARAT,Ahmedabad,SMART ROOF SOLAR SOLUTION PVT. LTD.,vikassinghal,enquiry@gosmartroof.com,9971481718,0,0
GUJARAT,Ahmedabad,SHOOLIN WATT PRIVATE LIMITED,saloni patel,shoolinwattpvtltd@gmail.com,9909967894,0,0
GUJARAT,Ahmedabad,SHAILEE PROJECTS PRIVATE LIMITED,DIVYANG PATEL,shaileeprojects99@gmail.com,7600755058,0,0
GUJARAT,Ahmedabad,SERVOTECH POWER SYSTEMS LIMITED,Servotech,pmsuryaghar@servotechindia.com,9266918120,0,0
GUJARAT,Ahmedabad,RUTVIK ENGINEERING PRIVATE LIMITED,Dr. Rutvik D Joshi,rutvikengpvtltd@gmail.com,9824030144,0,0
GUJARAT,Ahmedabad,RIGHT POWER INFRA PVT LTD,Darshana Upadhyay,darshana@right-infra.com,9898661067,0,0
GUJARAT,Ahmedabad,RENAISSANCE CORPORATE SOLUTIONS PVT. LTD.,Madhusudan Kumar,rcplsolar@gmail.com,9572032363,0,0
GUJARAT,Ahmedabad,REFLECTION SOLAR & ENERGY PRIVATE LIMITED,PIYUSHKUMAR BHATT,piyushraval.1984@gmail.com,9725019493,0,0
GUJARAT,Ahmedabad,RAVIJA ENTERPRISES,BrijeshViradiya,ravijaenterprises09@gmail.com,6356956938,0,0
GUJARAT,Ahmedabad,RADIANT INDIA,RISHABH KOTHARI,RADIANTINDIA007@GMAIL.COM,9163559963,0,0
GUJARAT,Ahmedabad,PURMA ENERGY PVT LTD,Pooja Patil,purmaenergy@gmail.com,7069628193,0,0
GUJARAT,Ahmedabad,PRISM ECOENERGIA PRIVATE LIMITED,MAHESHBHAI M KUMBHANI,info@prismecoenergia.com,9704710101,0,0
GUJARAT,Ahmedabad,POWERSOL,Sachin Jain,office@re.digital,9016681762,0,0
GUJARAT,Ahmedabad,POWER PACK SOLUTIONS,KARAN DESAI,powerpacksolutions12195@gmail.com,9725787004,0,0
GUJARAT,Ahmedabad,POWER GENESYS ENERGY SOLUTIONS PRIVATE LIMITED,subbusolar,subbu@powergenesys.com,8618279431,0,0
GUJARAT,Ahmedabad,POOJA ELECTRICALS,RAHUL DINESHBHAI MISTRY,PE9711@gmail.com,8758668166,0,0
GUJARAT,Ahmedabad,PHOTONICS WATERTECH PRIVATE LIMITED,BIREN PATEL,vasant@photonicslights.com,6353704460,0,0
GUJARAT,Ahmedabad,PEGASUS POWER AND INFRA LLP,info@pegasusllp.com,info@pegasusllp.com,8160259454,0,0
GUJARAT,Ahmedabad,NEOTERIX SOLUTION PVT. LTD.,DISHANT JEGATIA,neoterixsolutions@gmail.com,9414010579,0,0
GUJARAT,Ahmedabad,MS SOLAR,sherasiya mujahid fatamaben,shersiyamujahid@gmail.com,9725097291,0,0
GUJARAT,Ahmedabad,MITTALS GREEN ENERGY PRIVATE LIMITED,Mittals_2025,info@mittalsgreenenergy.com,8053004999,0,0
GUJARAT,Ahmedabad,MITCON CONSULTANCY AND ENGINEERING SERVICES LTD,Sandip Bhosale,tendercell@mitconindia.com,7447420680,0,0
GUJARAT,Ahmedabad,M R ENTERPRISE,RAKESH SHIVRAMBHAI DHUMAL,mrenterprisesolar@gmail.com,9924370232,0,0
GUJARAT,Ahmedabad,M AND S ELECTRICALS AND TECHNICAL SERVICES,JAYESH BARAD,mselect.technical@gmail.com,7359128003,0,0
GUJARAT,Ahmedabad,LIFE MAGIC MARVELL STORE PRIVATE LIMITED,LIFE MAGIC SOLAR,lifemagicmarvel@gmail.com,9098698493,0,0
GUJARAT,Ahmedabad,L L ELECTRICALS,Limbabhai Gajera,llelect89@yahoo.com,9879078908,0,0
GUJARAT,Ahmedabad,KRIVI ENERGY PRIVATE LIMITED,Krivi Energy Private Limited,solar@krivienergy.com,9326275972,0,0
GUJARAT,Ahmedabad,KAASHIVA POWER INNOVATIONS PVT LTD,KAASHIVA,nikunjprajapati@kaashiva.com,7227854857,0,0
GUJARAT,Ahmedabad,JIGAR SYSTEM TECHNOLOGY,Jigar Solanki,jigar@jigarsystems.com,9511768710,0,0
GUJARAT,Ahmedabad,JAI INDUSTRIES,Dalpat Choudhary,jaielectronic@yahoo.com,9828104233,0,0
GUJARAT,Ahmedabad,JAAC TECHNO SERVICES PVT LTD,JWALANT RAVAL,jwalant.raval@jaacservices.com,9824000545,0,0
GUJARAT,Ahmedabad,JAAC TECHNO SERVICES PVT LTD,Jwalant Raval,Jwalant.raval@jaacservice.com,9824000545,0,0
GUJARAT,Ahmedabad,GRE ELECTRONICS PVT. LTD.,Kamlesh Patel,info@greindia.com,9825070480,0,0
GUJARAT,Ahmedabad,GRACE OF THE SUN ENERGY,Ankit patel,gotssolar@gmail.com,8320258395,0,0
GUJARAT,Ahmedabad,GESTIC SELICON ENERGY,Shivam Mourya,shivammourya0987@gmail.com,9157621253,0,0
GUJARAT,Ahmedabad,GALO ENERGY PRIVATE LIMITED,Abhishek Rao,info@galo.co.in,9773988289,0,0
GUJARAT,Ahmedabad,EXIDE INDUSTRIES LIMITED,Exide Sunday Solar Solutions,pramit.mukherjee@exide.co.in,6291226448,0,0
GUJARAT,Ahmedabad,EWAA SOLAR TECHNOLOGY PRIVATE LIMITED,vijay bhuva,info@ewaasolartech.com,6356008400,0,0
GUJARAT,Ahmedabad,ELECTROMECH DEVICES MANUFACTURING COMPANY,Pankaj Chandak,edmc.rpr@gmail.com,7000189225,0,0
GUJARAT,Ahmedabad,CROMPTON GREAVES CONSUMER ELECTRICALS LIMITED,Varinder Bhatia,solar.rooftop@crompton.co.in,9599589665,0,0
GUJARAT,Ahmedabad,CMPLUS QUALITY SERVICES PRIVATE LIMITED,CMPLUSQUALITY,chandramauli_india@yahoo.com,9868881112,0,0
GUJARAT,Ahmedabad,CER ROOFTOP PVT LTD,Susanta Kumar Hota,susanta.hota@cer-inc.com,8586971731,0,0
GUJARAT,Ahmedabad,BSAFAL RENEWABLE ENERGIES PVT LTD,Nita Maru,nita.maru@bsrepl.com,9723706665,0,0
GUJARAT,Ahmedabad,BRIHASPATHI TECHNOLOGIES PVT LTD,BRIHASPATHI TECHNOLOGIES,ramu@brihaspathi.com,9989999197,0,0
GUJARAT,Ahmedabad,BRIGHT SUN SOLAR SOLUTIONS,Vijaysinh V Zala,brightsun2029@gmai.com,9033398401,0,0
GUJARAT,Ahmedabad,BLUTH SERVICES LLP,OM TEKRIWAL,contact@bluthservices.com,8630697093,0,0
GUJARAT,Ahmedabad,BAHUBALI CONSTRUCTION,TUSHARBHAI K DABHI,pintudabhi626@gmail.com,8490005005,0,0
GUJARAT,Ahmedabad,AVATAR SOLAR PVT LTD,Falgunbhai,bharat@avatarsolar.com,9687055273,0,0
GUJARAT,Ahmedabad,ARKURJA INNOVATIONS PRIVATE LIMITED,Abhishek Kishore,arkurjarenewables@gmail.com,7383188631,0,0
GUJARAT,Ahmedabad,ARJUN ENTERPRISE,Sagar Dhranga,arjunenter2013@gmail.com,8780886508,0,0
GUJARAT,Ahmedabad,ANANYA SOLAR ENTERPRISE,Solanki Tusharkumar,ananyasolarenterprise@gmail.com,9537638499,0,0
