state,district,company_name,emails,contact_numbers,total_installed_capacity_kwp,no_of_installations
GUJARAT,Mahisagar,MAHISAGAR SOLAR ENERGY,mahisagarsolarenergy23@gmail.com,8200154972,2340,677
GUJARAT,Mahisagar,INSTANT TECHNOLOGY,info@instantgroup.live,8200782232,478,138
GUJARAT,Mahisagar,FORTUNE TECHNOLOGIST,fortunetechnologist@gmail.com,9427597246,409,113
GUJARAT,Mahisagar,HITECH SOLAR,jayesh@hitechsolar.in,7600059073,399,108
GUJARAT,Mahisagar,TECHNO POWER,technopower0001@gmail.com,8200360798,259,69
GUJARAT,Mahisagar,AUSTRALIAN PREMIUM SOLAR INDIA PVT LTD,systems@australianpremiumsolar.co.in,7966006600,206,57
GUJARAT,Mahisagar,SOLARATIVE ENERGY SOLUTION,pavan.solarative@gmail.com,9327151411,190,51
GUJARAT,Mahisagar,ARCHER RENEWABLE PRIVATE LIMITED,info@archersolar.in,8000041003,148,44
GUJARAT,Mahisagar,RIGHTWAY ELECTRICALS,rightwayelectricals@gmail.com,9537519905,127,36
GUJARAT,Mahisagar,ELITO ENERGY PRIVATE LIMITED,info@elitoenergy.com,7226024441,118,31
GUJARAT,Mahisagar,SURYASE ENERGY,suryaseenergy@gmail.com,9662047390,86,25
GUJARAT,Mahisagar,SCORP ENERGY PRIVATE LIMITED,mohit@scorpenergy.com,9925345121,105,24
GUJARAT,Mahisagar,OORJA ELECTRIC,oorjaforeveryone@gmail.com,9067598727,89,24
GUJARAT,Mahisagar,PANAROOF ENERGY,panaroofenergy@outlook.com,9428449365,69,20
GUJARAT,Mahisagar,PETLAD SOJITRA TALUKA SAURAURJA UTPADAK SAHKARI MANDALI LIMITED,pssumandali@gmail.com,8140968999,71,19
GUJARAT,Mahisagar,EWC SOLAR PRIVITED LIMITED (FORMERLY KNOWN AS ENERGY POWER SYSTEMS),ewcsolarpvtltd@gmail.com,8141150688,68,19
GUJARAT,Mahisagar,EARTHWAVE TECHNOLOGY PRIVATE LIMITED,EARTHWAVETECHNOLOGY@GMAIL.COM,9426373334,65,19
GUJARAT,Mahisagar,GREEN ENERGY - RAJKOT,greenenergy123@gmail.com,9428010202,71,18
GUJARAT,Mahisagar,SOLARWAVE ENERGY,solarwaveenergy2@gmail.com,7490083005,59,15
GUJARAT,Mahisagar,SHREEJI SOLAR ENERGY SYSTEMS,snpatel2605@gmail.com,9712914272,58,15
GUJARAT,Mahisagar,SIYAVAR ENERGY,SIYAVARENERGY@GMAIL.COM,9773131455,43,13
GUJARAT,Mahisagar,SOHAM SOLAR SOLUTION,sohamsolarsolution@yahoo.com,9601751327,40,12
GUJARAT,Mahisagar,DGR ENERGY PRIVATE LIMITED,dgrenergygroup@gmail.com,8128603082,43,12
GUJARAT,Mahisagar,VEDANTA SOLAR,info.vedantasolar@gmail.com,8140233119,36,11
GUJARAT,Mahisagar,OM ELECTRICALS SERVICES,omelectricals2104@gmail.com,9998004891,52,11
GUJARAT,Mahisagar,CAPTAIN POLYPLAST LIMITED,solar@captainpolyplast.in,9313925889,38,11
GUJARAT,Mahisagar,ALAYNA GREEN ENERGY,taharkhantna@gmail.com,6353439659,45,11
GUJARAT,Mahisagar,EFFORTS SOLAR PRIVATE LIMITED (FORMERLY KNOWN AS EFFORTS ENTERPRISES),admin@effortsgroup.in,9067817117,38,10
GUJARAT,Mahisagar,SOL ENERGY,solenergyn@gmail.com,7621852735,31,9
GUJARAT,Mahisagar,SOLAR ACE,project.solarace@gmail.com,9909037803,27,8
GUJARAT,Mahisagar,SMIT ENGINEERING SOLUTION,smitengineering10@gmail.com,9033381684,30,8
GUJARAT,Mahisagar,SHIVIK ENTERPRISE,shivikenterprise@gmail.com,9512839262,27,8
GUJARAT,Mahisagar,POWER TECH ENERGY SOLUTUIONS,epc@ptes.in,6357502081,29,8
GUJARAT,Mahisagar,RK SUN POWER LLP,rksunpowertrading@gmail.com,9913785000,23,7
GUJARAT,Mahisagar,APS ROOFTOP SOLAR PRIVATE LIMITED,info@apsrooftopsolar.co.in,7966009900,26,7
GUJARAT,Mahisagar,UNITY ENERGY SOLUTION,unityenergysolution@gmail.com,9099094027,21,6
GUJARAT,Mahisagar,SOLARIUM GREEN ENERGY LIMITED,np@solariumenergy.in,9687133338,19,6
GUJARAT,Mahisagar,KSQUARE ENERGY PVT LTD,projects@ksquareenergy.com,9725218150,19,6
GUJARAT,Mahisagar,HARI OM SOLAR ENERGY,prajapativr697@gmail.com,9428490890,20,6
GUJARAT,Mahisagar,H.K ENERGY,hkenergy001@gmail.com,9586401312,22,6
GUJARAT,Mahisagar,GREENBRILLIANCE RENEWABLE ENERGY LLP,jay.patel@gbreenergy.com,9879611302,20,6
GUJARAT,Mahisagar,ANK SOLAR ENERGY,anksolarenergy@gmail.com,9724816510,20,6
GUJARAT,Mahisagar,RADHE ELECTRICAL,radheelectrical24@gmail.com,9601294783,17,5
GUJARAT,Mahisagar,MANYAH ENERGY PVTLTD,manyahenergy@gmail.com,9925065224,17,5
GUJARAT,Mahisagar,L G ELECTRICALS,lgelectricals29@gmail.com,9825949200,19,5
GUJARAT,Mahisagar,KREYA ENTERPRISES,kreyaentp@gmail.com,6359233332,17,5
GUJARAT,Mahisagar,GURUKRUPA SOLAR AND AGRO INDUSTRIES,vishal@vishal-group.com,9328854525,19,5
GUJARAT,Mahisagar,EFARM INTERNATIONAL PRIVATE LIMITED,info@efarmenergy.com,9723610012,16,5
GUJARAT,Mahisagar,URJASTROT PRIVATE LIMITED,urjastrotenterprise@gmail.com,7621010012,14,4
GUJARAT,Mahisagar,SOLAR SMART PVT LTD,solarsmart2021@gmail.com,7284000580,14,4
GUJARAT,Mahisagar,SHREEJI ELECTRICAL - ISANPUR,shreejielec312@yahoo.com,9408197081,15,4
GUJARAT,Mahisagar,JANGID SOLAR ENERGY PVT LTD,info@jsepl.in,6358931609,13,4
GUJARAT,Mahisagar,EUROSOLAR ENERGY INDUSTRIES,modasaeurosolar@gmail.com,9558823245,13,4
GUJARAT,Mahisagar,EMISSIONS FREE WORLD PVT LTD,emissionsfreeworld@gmail.com,8320097477,12,4
GUJARAT,Mahisagar,ASV ENERGY SOLUTIONS,vikas30.asv@gmail.com,7879064335,20,4
GUJARAT,Mahisagar,AILIS ENERGY PRIVATE LIMITED,suryagujarat@ailisenergy.com,8401541048,13,4
GUJARAT,Mahisagar,WATERSUN ELECTRICAL SOLUTIONS PVT LTD,watersunelectrical@gmail.com,7016589864,10,3
GUJARAT,Mahisagar,UVR TECHSOL PRIVATE LIMITED,uvrtechsol@gmail.com,9227106799,9,3
GUJARAT,Mahisagar,SYSTEM LEVEL SOLUTIONS INDIA PVT LTD,sales@getsunsights.com,7486992856,10,3
GUJARAT,Mahisagar,SUNLIGHT SOLAR ENTERPRISE,bhaveshparmar4793@gmail.com,8320866769,13,3
GUJARAT,Mahisagar,SKY SUN ENTERPRISE,skysunenterprise@gmail.com,9408931070,10,3
GUJARAT,Mahisagar,SANELITE SOLAR PVT LTD,bhavesh.modi@sanelitesolar.com,9374021722,9,3
GUJARAT,Mahisagar,RISING ENERGY SOLUTIONS,risingenergy@yahoo.com,7990391839,14,3
GUJARAT,Mahisagar,JANTA RENEWABLE ENRGY,jantarenewableenergy@gmail.com,9898897373,10,3
GUJARAT,Mahisagar,INFRAX RENEWABLE LIMITED,pmsg@infraxrenewable.com,9033260985,12,3
GUJARAT,Mahisagar,AKSHAR ENERGY SOLUTIONS,aksharenergysolutions@gmail.com,9662042835,10,3
GUJARAT,Mahisagar,A S SOLAR ENTERPRISE,assolarenterprise@gmail.com,9510572504,10,3
GUJARAT,Mahisagar,TOUCHCORE CONSULTANCY,touchcore27@gmail.com,9909284285,8,2
GUJARAT,Mahisagar,SUNSAFE INFRA SERVICES,INFO@SUNSAFE.IN,9033673308,6,2
GUJARAT,Mahisagar,SUNBOOST PRIVATE LTD,info@sunboostenergy.com,9104227788,6,2
GUJARAT,Mahisagar,SHREEJI ENTERPRISE-SURAT,epc.solar@shreejiconstruction.com,9825108890,7,2
GUJARAT,Mahisagar,RE360,gogreen@re360.in,8258976667,7,2
GUJARAT,Mahisagar,NAVKAR POWER SOLUTIONS,contact@navkarpower.co.in,9879613334,6,2
GUJARAT,Mahisagar,NATIONAL ELECTRICALS AND ELECTRONICS CORPORATION,ashokpatel@neec.in,9429136631,7,2
GUJARAT,Mahisagar,M AND P POWER SOLUTIONS,mnppowersolutions2021@gmail.com,9537006733,6,2
GUJARAT,Mahisagar,KHUSHI IRRIGATION AND SOLAR,khushi.irrigationandsolar@gmail.com,9638370303,6,2
GUJARAT,Mahisagar,JANSA SOLAR SOLUTIONS PVT LTD,jansa@kalptaru.co.in,9998000769,6,2
GUJARAT,Mahisagar,FRELIT ENERGY PRIVATE LIMITED,frelitenergy@gmail.com,9512700130,6,2
GUJARAT,Mahisagar,FLAME SOLREN PRIVATE LIMITED,operations@flamesolren.com,8849478907,6,2
GUJARAT,Mahisagar,EURO PREMIUM SOLAR SYSTEM (INDIA) PRIVATE LIMITED,info@europremiumsolar.com,7622023253,7,2
GUJARAT,Mahisagar,CORWIND RENERGY LLP,corwind.renergy@gmail.com,9428490118,6,2
GUJARAT,Mahisagar,AVADH ENERGY,AVADHENERGY@GMAIL.COM,9265262773,6,2
GUJARAT,Mahisagar,ASCENT ENERGY,ascentenergys@gmail.com,8799447675,7,2
GUJARAT,Mahisagar,ZAVICH INFRASTRUCTURE AND POWER PVT LTD,zavichinfra@gmail.com,9106129608,3,1
GUJARAT,Mahisagar,WISEN ENERGY LLP,info@wisenenergyllp.com,9016979007,3,1
GUJARAT,Mahisagar,VMD SOLAR ENERGY PRIVATE LIMITED,info@vmdsolarenergy.com,9974095302,3,1
GUJARAT,Mahisagar,VIDHYUT URJA,vidhyut.urja10@gmail.com,9664845692,3,1
GUJARAT,Mahisagar,TATSAT NRGS,tatsatnrgs@gmail.com,7984576567,5,1
GUJARAT,Mahisagar,SURYAKAMAL INFRA PVT.LTD.,sales@suryakamalinfra.com,9727756866,4,1
GUJARAT,Mahisagar,SURYA URJA SYSTEMS,suryaurjasystems@gmail.com,9824276142,4,1
GUJARAT,Mahisagar,SUNCELL SOLAR LLP,suncellsolarenergy@gmail.com,9512668884,3,1
GUJARAT,Mahisagar,SUCCESS TECHNOCRAT,khatri292@gmail.com,9624001021,4,1
GUJARAT,Mahisagar,STAR ENERGY SYSTEMS,starenergyindia@gmail.com,9825014314,3,1
GUJARAT,Mahisagar,SRI BALAJI SUN ENERGY,info@sribalajienergy.com,7878375444,3,1
GUJARAT,Mahisagar,SP POWERTECH,sppowertech44@gmail.com,9408129713,3,1
GUJARAT,Mahisagar,SOM ENERGY SYSTEMS,info@somenergysystems.com,8401909576,3,1
GUJARAT,Mahisagar,SOLWAVE SOLAR,solwave4solar@gmail.com,9409344465,3,1
GUJARAT,Mahisagar,SOLMECH ENERGY,solmechenergy@gmail.com,9998930960,3,1
GUJARAT,Mahisagar,SOLAR EARTH RENEWABLES PRIVATE LIMITED,ser@solarearth.in,7990378370,3,1
GUJARAT,Mahisagar,SOLAR CLEAN ENERGY,socleanenergy@gmail.com,6354418196,3,1
GUJARAT,Mahisagar,SKYLAR INDIA,darshansolarkheda@gmail.com,8530252952,3,1
GUJARAT,Mahisagar,S MEERA ELECTRICALS,s.meeraelectricals@gmail.com,9328249939,3,1
GUJARAT,Mahisagar,RAYOLT ENERGY LLP,info@rayolt.com,9998745706,3,1
GUJARAT,Mahisagar,R B RENEWABLES LLP,info@brrenewables.com,9898985672,3,1
GUJARAT,Mahisagar,PRINCE ELECTRICAL,princeelectrical20@gmail.com,8866507173,3,1
GUJARAT,Mahisagar,PDF ENGINEERS PRIVATE LIMITED,project2.pepl@gmail.com,8803910391,3,1
GUJARAT,Mahisagar,MAKE INSIDE SOLUTIONS,info@makeinside.co.in,9898302030,2,1
GUJARAT,Mahisagar,LAKSH POWER TECH,lakshpowertech777@gmail.com,9825692073,3,1
GUJARAT,Mahisagar,KESHRI NANDANAM ENERGY,keshrinandanamenergy@gmail.com,8200147522,3,1
GUJARAT,Mahisagar,JIGS ELECTRICAL,jigselectrical@gmail.com,9979129392,3,1
GUJARAT,Mahisagar,JAIMAX SUNBIM PVT LTD,jaimaxsunbim@gmail.com,8980024055,3,1
GUJARAT,Mahisagar,INTEGRITY DESIGN ENGINEERING,neelpathak19@gmail.com,9638888049,3,1
GUJARAT,Mahisagar,HELIOSNATURAL RENEWTECH PRIVATE LIMITED,marketing@heliosnatural.com,7600052305,5,1
GUJARAT,Mahisagar,HEAVEN GREEN ENERGY LTD. (FORMERLY KNOWN AS HEAVEN SOLAR ENERGY PVT LTD),heavensolarenergy@gmail.com,9979532167,3,1
GUJARAT,Mahisagar,GRACE RENEWABLE ENERGY PVT LTD,project1@gracerenew.com,7573027788,3,1
GUJARAT,Mahisagar,GARUDA POWER,garudapower26@gmail.com,9016555765,3,1
GUJARAT,Mahisagar,EARTH SOLAR,earthsollar@gmail.com,9879911777,4,1
GUJARAT,Mahisagar,CEYONE SOLAR,ceyonesolar@gmail.com,7567091000,3,1
GUJARAT,Mahisagar,CELESTRA SOLAR PVT LTD,info@celestrasolar.com,9998805002,3,1
GUJARAT,Mahisagar,C J ENTERPRISE,cjenterprise93@gmail.com,9429670026,3,1
GUJARAT,Mahisagar,BISON ENGINEERS,bisonengineers19@gmail.com,7573984542,4,1
GUJARAT,Mahisagar,BAPA SITARAM SOLAR POWER PVT LTD,bapasitaramsolarpower@gmail.com,8511362222,2,1
GUJARAT,Mahisagar,ARIS SOLAR,arissolartech@gmail.com,9662336115,4,1
GUJARAT,Mahisagar,AC DC PROJECTS,acdcprojects1@gmail.com,8200193182,3,1
GUJARAT,Mahisagar,ABS SOLAR ENERGY,abssolar16@gmail.com,7574010721,3,1
GUJARAT,Mahisagar,ZY ENTERPRISE,zyenterprise12@gmail.com,8460313094,0,0
GUJARAT,Mahisagar,ZUNROOF TECH PVT LTD,gosolar@zunroof.com,9205893368,0,0
GUJARAT,Mahisagar,ZODIAC ENERGY LIMITED,info@zodiacenergy.com,7861852582,0,0
GUJARAT,Mahisagar,ZMR ENERGY INCORPORATION,zmrenergyincorporation@gmail.com,9924818113,0,0
GUJARAT,Mahisagar,ZENITH SUNSPARK,zenithsunspark@gmail.com,8140946909,0,0
GUJARAT,Mahisagar,ZEEPO ELECTRICAL SERVICES PRIVATE LIMITED,zeepoelectricalservices@gmail.com,9664823942,0,0
GUJARAT,Mahisagar,ZEBRON SOLAR POWER SOLUTIONS,zebronsolar@gmail.com,9510370572,0,0
GUJARAT,Mahisagar,ZALA HAKUBHA NARSISINH,solar.hakubha1508@gmail.com,9925103777,0,0
GUJARAT,Mahisagar,YUVARAYS SOLAR,yuvarayssolar@gmail.com,9824624497,0,0
GUJARAT,Mahisagar,YUVAAN ENERGY PRIVATE LIMITED,sales@yuvaanenergy.com,9825045890,0,0
GUJARAT,Mahisagar,YUG SOLAR,yugsolar@gmail.com,6359410052,0,0
GUJARAT,Mahisagar,YOGI BATTERY CENTRE,yogipowersystem@yahoo.co.in,9824088156,0,0
GUJARAT,Mahisagar,YOG ENTERPRISE,yogenterprise.vallabhipur@gmail.com,7600790079,0,0
GUJARAT,Mahisagar,YELLOWFELLOW ENERGIES LLP,viraj@yellowfellow.in,8200955676,0,0
GUJARAT,Mahisagar,YELLOWCREST ENERGY LLP,yellowcrestenergy@gmail.com,9904675445,0,0
GUJARAT,Mahisagar,YELLOW RAY SOLAR,yellowraysolar@gmail.com,9427443581,0,0
GUJARAT,Mahisagar,YASHVI ENTERPRISE,yashvientsami@gmail.com,8849331593,0,0
GUJARAT,Mahisagar,YASHONAND ELECTRO SERVICE PVT LTD,yashonand2022@gmail.com,9157197171,0,0
GUJARAT,Mahisagar,YAGNIKKUMAR VALLABHBHAI SAVALIYA,yagniks1999@gmail.com,9409326590,0,0
GUJARAT,Mahisagar,Y CAME SYSTEMS,ycamesystem009@gmail.com,8320408867,0,0
GUJARAT,Mahisagar,WISE GOAL SERVICES PRIVATE LIMITED,hr.wisegoal@gmail.com,7567161902,0,0
GUJARAT,Mahisagar,WHITESUN GREEN ENERGY PRIVATE LIMITED,rakesh.bhudia14@hotmail.com,8511740671,0,0
GUJARAT,Mahisagar,WHITEDESERT POWER PROJECTS PVT. LTD.,wdplnkt@gmail.com,9427760723,0,0
GUJARAT,Mahisagar,VSG ENTERPRISE,SURYAKANTGORASIYA3024@GMAIL.COM,9979632447,0,0
GUJARAT,Mahisagar,VRUND ENERGY,vrundenergy@gmail.com,9574779572,0,0
GUJARAT,Mahisagar,VRAJ ENTERPRISE,vrajsolarsolutions@gmail.com,8140000903,0,0
GUJARAT,Mahisagar,VR ENERGY,vrenergy4@gmail.com,9924390293,0,0
GUJARAT,Mahisagar,VOLTEX SOLUTION,info.voltexsolution@gmail.com,9104629229,0,0
GUJARAT,Mahisagar,VOLTECH ELECTRICALS,voltechelectricals156@gmail.com,7567771900,0,0
GUJARAT,Mahisagar,VOLT'S LEGACY ENERGY SOLUTION,contact@voltslegacy.com,9998765059,0,0
GUJARAT,Mahisagar,VOLLT SOLAR ENERGY,volltsolar@gmail.com,8128550011,0,0
GUJARAT,Mahisagar,VIYA ELECTRIC PRIVATE LIMITED,info@viyaelectric.com,9033092026,0,0
GUJARAT,Mahisagar,VIVAN ENERGY,vivanenergy09@gmail.com,9979890230,0,0
GUJARAT,Mahisagar,VIVAAN INFRA,info@vivaaninfra.in,9909916448,0,0
GUJARAT,Mahisagar,VITRAG TECHNO PRIVATE LIMITED,ad.vitragsolar@gmail.com,7778882668,0,0
GUJARAT,Mahisagar,VISWAN ENERGY SOLUTIONS,viswanenergy@gmail.com,8866641649,0,0
GUJARAT,Mahisagar,VISION SOLAR,visionenergy196@gmail.com,6351131196,0,0
GUJARAT,Mahisagar,VISION INFOSYS,info@vision-infosys.in,9825061749,0,0
GUJARAT,Mahisagar,VISHWASH ENTERPRISE,vishwashenterprise2422@gmail.com,6355098324,0,0
GUJARAT,Mahisagar,VISHWAKARMA ELECTRICALS,info.vishwakarmaelectricals@gmail.com,9426730030,0,0
GUJARAT,Mahisagar,VISHWA SOLAR EXPERT,vishwasolar68@gmail.com,9724968018,0,0
GUJARAT,Mahisagar,VISHVAM POWER PRIVATE LIMITED,vishvampowerpl@gmail.com,9723191446,0,0
GUJARAT,Mahisagar,VISAKA GREEN PRIVATE LIMITED,vsolar@visaka.in,8770905614,0,0
GUJARAT,Mahisagar,VIRTA ENTERPRISE,INFO.VIRTAENTERPRISE@GMAIL.COM,7698432673,0,0
GUJARAT,Mahisagar,VIRAJBHAI VISUBHAI KHACHAR,gchauhan17388@gmail.com,9898986662,0,0
GUJARAT,Mahisagar,VINARA SOLUTIONS,vinarasolutions@gmail.com,8320754771,0,0
GUJARAT,Mahisagar,VIMAL ELECTRONICS,kcpatel@vimalelectronics.com,9099777176,0,0
GUJARAT,Mahisagar,VIJAY SOLAR ENERGY,vijaysolarenergy940@gmail.com,6351211549,0,0
GUJARAT,Mahisagar,VIJAY ELECTRIC COMPANY,vijayelectricco@rediffmail.com,8200337720,0,0
GUJARAT,Mahisagar,VIDHYUT SOLAR,vidhyutsolarenergy@gmail.com,8347838900,0,0
GUJARAT,Mahisagar,VIDE ENERGY,ankita.videenergy@gmail.com,9712668268,0,0
GUJARAT,Mahisagar,VIBRANT SOLAR SYSTEMS,sales.vibrantsolar@gmail.com,9408330692,0,0
GUJARAT,Mahisagar,VIABLE SOLAR,viable.solar9990@gmail.com,9913344841,0,0
GUJARAT,Mahisagar,VIA ELECTRIC,hello.viaelectric@gmail.com,9925203764,0,0
GUJARAT,Mahisagar,VERTEX SOLAR SOLUTIONS PVT LTD,vertexnad@gmail.com,8758614088,0,0
GUJARAT,Mahisagar,VENUS ENTERPRISE,venusenergy2228@gmail.com,7990678583,0,0
GUJARAT,Mahisagar,VENTURE SOLAR SOLUTION,info@venturesolarsolution.com,9979632050,0,0
GUJARAT,Mahisagar,VEERASOL TECHNOLOGY,info@veerasol.com,9558899931,0,0
GUJARAT,Mahisagar,VEER SOLAR GREEN ENERGY,veersolar2024@gmail.com,8347173977,0,0
GUJARAT,Mahisagar,VEE SECURE,veesecure.in@gmail.com,9825070982,0,0
GUJARAT,Mahisagar,VEDA ENTERPRISE,info.vedaenterprise@gmail.com,8401103393,0,0
GUJARAT,Mahisagar,VECTON ENERGY,vectonenergy@gmail.com,8000140159,0,0
GUJARAT,Mahisagar,VCL ENERGY,vclenergy777@gmail.com,9825492605,0,0
GUJARAT,Mahisagar,VASUSENA SOLAR ENERGY,vasusenasolarenergy07@gmail.com,9265356623,0,0
GUJARAT,Mahisagar,VASHRAMBHAI LAKHABHAI GHED,satrang.com@gmail.com,9624152555,0,0
GUJARAT,Mahisagar,VASANI SOLAR SOLUTION,vasani.solar.solution@gmail.com,9998404646,0,0
GUJARAT,Mahisagar,VARUN ENGINEERING,varunpatel2027@gmail.com,9727854101,0,0
GUJARAT,Mahisagar,VARRCHASVA ENERGY PRIVATE LIMITED,vaibhav@varrchasva.com,9100520101,0,0
GUJARAT,Mahisagar,VARIZONE SOLAR PRIVATE LIMITED,varizonesolar@gmail.com,9426111113,0,0
GUJARAT,Mahisagar,VARDHAN SALES,vardhansolar91@gmail.com,9512020935,0,0
GUJARAT,Mahisagar,VALAM ENTERPRISE,valamenterprise007@gmail.com,9824881693,0,0
GUJARAT,Mahisagar,VAKRATUND INNOVATION PRIVATE LIMITED,operation@vakratundinnovation.com,6351039120,0,0
GUJARAT,Mahisagar,VAIJNATH GLOBAL,vaijnathglobal@gmail.com,9106991946,0,0
GUJARAT,Mahisagar,VAGHASIA HITESH B,vaghasia_hitesh@yahoo.com,9979773121,0,0
GUJARAT,Mahisagar,VAATI POWER,vaatipower@gmail.com,9510010005,0,0
GUJARAT,Mahisagar,VA PATEL INFRA PRIVATE LIMITED,mayurdhavajsinhgohil00@gmail.com,9428269204,0,0
GUJARAT,Mahisagar,V-GUARD INDUSTRIES LIMITED,solar@vguard.in,9895550313,0,0
GUJARAT,Mahisagar,V SOLAR,vsolar8521@gmail.com,7698297821,0,0
GUJARAT,Mahisagar,V POWER SOLAR SERVICES,vpowersolarservices@gmail.com,9904254440,0,0
GUJARAT,Mahisagar,UTSAV TECHNO ENTERPRISE,utsavtechnoenterprise@gmail.com,7046612340,0,0
GUJARAT,Mahisagar,URJA GLOBAL LIMITED,bhagwan.verma@urjaglobal.in,7290005823,0,0
GUJARAT,Mahisagar,URJA ELECTRICALS,urja.electricals.dhg@gmail.com,8469551508,0,0
GUJARAT,Mahisagar,URJA ASSISTANCE,gujarat@urjaassistance.com,9724806341,0,0
GUJARAT,Mahisagar,URATOM SOLAR INDIA PVT LTD,pv@uratom.com,9925099249,0,0
GUJARAT,Mahisagar,UPVOLTAGE SOLUTIONS LLP,upvoltagesolutions@gmail.com,7990618259,0,0
GUJARAT,Mahisagar,UNIVERSE ENTERPRISE,muljinakum1103@gmail.com,7878789968,0,0
GUJARAT,Mahisagar,UNIQUE SOLAR SERVICE,UNIQUESOLARSERVICERAJKOT@GMAIL.COM,7046082382,0,0
GUJARAT,Mahisagar,UNIQUE ELECTRICAL,sales.epc2016@gmail.com,9099000148,0,0
GUJARAT,Mahisagar,UNICORN ENTERPRISE,unicornsolarvyara@gmail.com,8200121328,0,0
GUJARAT,Mahisagar,UNICORN ELECTRICALS AND PROJECTS,unicornelectricals20@gmail.com,9510968626,0,0
GUJARAT,Mahisagar,UNICON ENERGY,info@uniconenergy.com,9974545444,0,0
GUJARAT,Mahisagar,UMIYA ENTERPRISE - NARODA,umiyaenterprise1981@gmail.com,9725033295,0,0
GUJARAT,Mahisagar,UMA POWER SOLUTIONS,umapowersolution@gmail.com,9638953281,0,0
GUJARAT,Mahisagar,ULTRAVIOLET SOLAR PVT.LTD.,info@uvrays.co.in,7878699099,0,0
GUJARAT,Mahisagar,ULTRASUN ENERGY,info@ultrasunenergy.com,9909911071,0,0
GUJARAT,Mahisagar,ULTRA RAYS ENERGY SOLUTION,ultrarays2019@gmail.com,7984482472,0,0
GUJARAT,Mahisagar,UKEL AUTOMATION LLP,ukelautomation@gmail.com,9998008889,0,0
GUJARAT,Mahisagar,UJALA COMPANY,ujalasolarcompany@gmail.com,7874157474,0,0
GUJARAT,Mahisagar,UDB ENERGY PVT. LTD.,udbenergypvtltd@gmail.com,7077014714,0,0
GUJARAT,Mahisagar,U R ENERGY INDIA PVT LTD,india@urenergyglobal.com,9512040442,0,0
GUJARAT,Mahisagar,TVARIT ENERGY LLP,meet@tvritenergy.in,8511600853,0,0
GUJARAT,Mahisagar,TULAJA ENTERPRISE,tulajaenterprise@gmail.com,9904866630,0,0
GUJARAT,Mahisagar,TROM INDUSTRIES LIMITED,marketing@tromsolar.in,9081017444,0,0
GUJARAT,Mahisagar,TRIZONE POWER,trizonepower05@gmail.com,9638052084,0,0
GUJARAT,Mahisagar,TRINITY RENEWABLE ENERGY,info.trinityrenewableenergy@gmail.com,9227000392,0,0
GUJARAT,Mahisagar,TRADE X,tradex.solarenergy22@gmail.com,9106834748,0,0
GUJARAT,Mahisagar,TIRUPATI SOLAR,tirupatisolar@hotmail.com,7043343509,0,0
GUJARAT,Mahisagar,THE WOLT TECHNIQUES,director@woltsolarproducts.com,9904238777,0,0
GUJARAT,Mahisagar,THE SHIVSHAKTI ENTERPRISE,Shivshakti2688@gmail.com,9913418634,0,0
GUJARAT,Mahisagar,THE MOON KNIGHT,themoonknight913@gmail.com,9081313777,0,0
GUJARAT,Mahisagar,THE MECHTECH SOLUTIONS,themechtechsolutions@gmail.com,9714928728,0,0
GUJARAT,Mahisagar,TERAIYA ENTERPRISE,teraiyaenterprise@gmail.com,8780802225,0,0
GUJARAT,Mahisagar,TEJ ENERGY LLP,director@tejenergy.com,9426856508,0,0
GUJARAT,Mahisagar,TECHSUNBIO GREEN ENERGY PRIVATE LIMITED,info@techsunbio.com,9925336536,0,0
GUJARAT,Mahisagar,TECHNOVATIVE GREEN ENERGY SOLUTIONS,technovativesolar@gmail.com,6354031108,0,0
GUJARAT,Mahisagar,TECHNOGOODS ENTERPRISES,TechnoGoods@outlook.com,9904709693,0,0
GUJARAT,Mahisagar,TECHNOCRATS ENGINEERS,technocratsengineers007@gmail.com,9974214007,0,0
GUJARAT,Mahisagar,TECHNOCELL INDUSTRIAL SERVICES,skg23aqua@yahoo.in,9979348446,0,0
GUJARAT,Mahisagar,TECHNO ELECTRONICS,sales@technopower.co.in,9825236894,0,0
GUJARAT,Mahisagar,TATVAM INDUSTRIES,parth.tatvam@protonmail.com,7990101643,0,0
GUJARAT,Mahisagar,TARUN AND CO,taruncopwr@gmail.com,9879534866,0,0
GUJARAT,Mahisagar,TARA SOLAR ENERGY,tara.solar.2111@gmail.com,9408966600,0,0
GUJARAT,Mahisagar,TAPTI SOLAR,taptisolar@gmail.com,9157028811,0,0
GUJARAT,Mahisagar,TAJ ELECTRICALS,tajelectricals.daman@gmail.com,9824790965,0,0
GUJARAT,Mahisagar,TAIYO SOLAR SYTEM INTEGRATOR LLP,info@taiyosolar.co.in,9825324580,0,0
GUJARAT,Mahisagar,SYSTEM RENEWABLE ENERGY,nbagwan8@gmail.com,9662361740,0,0
GUJARAT,Mahisagar,SYNNOVE POWER TECHNOLOGY,synnovepowertechnology@gmail.com,9033346701,0,0
GUJARAT,Mahisagar,SYNCHRO ENERGY,synchroenergy389@gmail.com,9974737316,0,0
GUJARAT,Mahisagar,SWEV INDIA PVT LIMITED,swevindia@gmail.com,7984328691,0,0
GUJARAT,Mahisagar,SWASTIK SOLAR SYSTEM,swastiksolar07@gmail.com,9712412011,0,0
GUJARAT,Mahisagar,SWARG INDUSTRIES PVT LTD,info@swargworld.com,9824999527,0,0
GUJARAT,Mahisagar,SWAMI INTEGRATOR AND CONSULTANTS LLP,sanjib@swamisolar.com,8980800743,0,0
GUJARAT,Mahisagar,SWAMI ENERGY,jigar.swamienergy@gmail.com,9725451293,0,0
GUJARAT,Mahisagar,SUTARIAS SOLUTIONS PRIVATE LTD,sspl.hasmukh@gmail.com,9099510408,0,0
GUJARAT,Mahisagar,SURYOSA SOLAR PRIVATE LIMITED,info@suryosa.com,9998018314,0,0
GUJARAT,Mahisagar,SURYATRIC SOLAR PVT LTD,info.suryatrick@gmail.com,9979652010,0,0
GUJARAT,Mahisagar,SURYASTRA GREEN INITIATIVES PRIVATE LIMITED,suryastraindia@gmail.com,8128007602,0,0
GUJARAT,Mahisagar,SURYASIDDHI ENERGY SOLUTION PRIVATE LIMITED,suryasiddhienergysolutions@gmail.com,8460641891,0,0
GUJARAT,Mahisagar,SURYANCE SOLAR,suryancesolar@gmail.com,9664504655,0,0
GUJARAT,Mahisagar,SURYAMANI SOLAR,suryamanisolar@gmail.com,8140000257,0,0
GUJARAT,Mahisagar,SURYAMAAN ENERGY,info.suryamaan@gmail.com,9722243637,0,0
GUJARAT,Mahisagar,SURYAM INTERNATIONAL PRIVATE LIMITED,marketing@groupsurya.co.in,8093011632,0,0
GUJARAT,Mahisagar,SURYAM ENERGY,dhavalpatel7037@gmail.com,8320698043,0,0
GUJARAT,Mahisagar,SURYADEV SOLAR,suryadevsolar4@gmail.com,9327175676,0,0
GUJARAT,Mahisagar,SURYADEV SALES & SERVICE,suryadev2k20@gmail.com,7016946571,0,0
GUJARAT,Mahisagar,SURYABHUMI SOLAR ENERGY,suryabhumisolarenergy@gmail.com,8866019146,0,0
GUJARAT,Mahisagar,SURYA SOLAR AND WATERS,rooftop@suryasolarwaters.com,9033266039,0,0
GUJARAT,Mahisagar,SURYA SHAKTI SOLAR,suryashaktisolar09@gmail.com,7567992734,0,0
GUJARAT,Mahisagar,SURYA SHAKTI,suryashaktisolar.18@gmail.com,8488010488,0,0
GUJARAT,Mahisagar,SURYA INTERNATIONAL,suryavishnu159@yahoo.com,9825802298,0,0
GUJARAT,Mahisagar,SURYA ENTERPRISE,suryaenterprise8324@gmail.com,9687975891,0,0
GUJARAT,Mahisagar,SUREWORTH SOLAR,Sureworthsolar@gmail.com,7698763040,0,0
GUJARAT,Mahisagar,SURESHBHAI SADURBHAI BARBACHIYA,surechbarbachiya41@gmail.com,9879299136,0,0
GUJARAT,Mahisagar,SURAYAY NAMAH ENERGY PRIVATE LIMITED,rahul@surayaynamahenergy.com,9554055565,0,0
GUJARAT,Mahisagar,SURAJGEMA POWER,SURAJGEMAPOWER@GMAIL.COM,8460515124,0,0
GUJARAT,Mahisagar,SUPER WATT POWER SOLUTIONS LLP,power.superwatt@gmail.com,9920320366,0,0
GUJARAT,Mahisagar,SUNWAY SOLAR,sunwaysolar02@gmail.com,7698832340,0,0
GUJARAT,Mahisagar,SUNWAVE ENERGY,sunwave.energy123@gmail.com,7046070468,0,0
GUJARAT,Mahisagar,SUNVINE RENEWABLE,sunvinerenewable@gmail.com,8000050580,0,0
GUJARAT,Mahisagar,SUNTRAC SOLAR,suntrac.jh@gmail.com,9979363442,0,0
GUJARAT,Mahisagar,SUNSPOT ENERGY LLP,info.sunspotenergy@gmail.com,8866110577,0,0
GUJARAT,Mahisagar,SUNSPOT,msn.sunspot@gmail.com,6356810701,0,0
GUJARAT,Mahisagar,SUNSPARK SOLAR SOLUTIONS (FORMERLY KNOWN AS SUSSPARK SOLAR SOLUTIONS ),sunsparksolarsolutions23@gmail.com,9664693254,0,0
GUJARAT,Mahisagar,SUNSOLAR SOLUTIONS (INDIA) PRIVATE LIMITED,jigar@sunsolarsolutions.co.in,9638189589,0,0
GUJARAT,Mahisagar,SUNSNATCH SOLUTIONS LLP,monark.sunsnatch@gmail.com,7698536878,0,0
GUJARAT,Mahisagar,SUNSKY SOLAR,trdesai@sunskysolar.co.in,9727518665,0,0
GUJARAT,Mahisagar,SUNSHREE SOLAR,sunshreesolar@gmail.com,9157838777,0,0
GUJARAT,Mahisagar,SUNSHINE SOLAR,sunshinesolarsurat@gmail.com,9537733133,0,0
GUJARAT,Mahisagar,SUNSHAPE ENERGY,sunshapeenergy@gmail.com,9913783302,0,0
GUJARAT,Mahisagar,SUNSETLIFE SOLAR PRIVATE LIMITED,sunsetlifesolar@gmail.com,9574427119,0,0
GUJARAT,Mahisagar,SUNSAI SOLAR SYSTEMS,solar@sunsai.co.in,9925808788,0,0
GUJARAT,Mahisagar,SUNSAFE INFRA PRIVATE LIMITED,sunsafe.np@gmail.com,7227050091,0,0
GUJARAT,Mahisagar,SUNRUN GREEN ENERGY,sunrungreenenergy@gmail.com,6354883949,0,0
GUJARAT,Mahisagar,SUNROOF ELECTRICAL ENERGY,sunroofenergy100@gmail.com,9687893989,0,0
GUJARAT,Mahisagar,SUNRISE INDIA,satyanarayantiwari2022@gmail.com,7208291414,0,0
GUJARAT,Mahisagar,SUNRISE ENTERPRISE,sunriseenterprise6388@gmail.com,9904889087,0,0
GUJARAT,Mahisagar,SUNREST INFRA ENERGY,sunrestinfraenergy@gmail.com,9638063381,0,0
GUJARAT,Mahisagar,SUNRAYS ENERGY,keyursheth.14@gmail.com,9978724010,0,0
GUJARAT,Mahisagar,SUNRAISE INDUSTRIES,info@sunraiseindustries.com,9722106810,0,0
GUJARAT,Mahisagar,SUNPOWER ENERGY,sunpowerenergy.solar@gmail.com,7405095299,0,0
GUJARAT,Mahisagar,SUNPLUG TECHNOLOGIES LLP,hnchavda87@gmail.com,9427020496,0,0
GUJARAT,Mahisagar,SUNNOVATIVE SOLAR ENERGY SOLUTION PVT LTD,ravi@sunnovative.com,8153819531,0,0
GUJARAT,Mahisagar,SUNLIGHT INFRA ENERGY PRIVATE LIMITED,tender@sunlights.in,9998374580,0,0
GUJARAT,Mahisagar,SUNLIGHT GREEN ENERGY,sunlightgreenmeh@gmail.com,8460043385,0,0
GUJARAT,Mahisagar,SUNLIGHT ENERGY SOLUTIONS,sunlightenergysolutions01@gmail.com,9824668001,0,0
GUJARAT,Mahisagar,SUNLAND SOLAR ENERGY,sunlandsolarenergy@gmail.com,8141810505,0,0
GUJARAT,Mahisagar,SUNISTIC SOLAR ENERGY LLP,info@sunisticsolarenergy.com,9909507507,0,0
GUJARAT,Mahisagar,SUNIFY SOLAR LLP,sunifysolar@gmail.com,8141455505,0,0
GUJARAT,Mahisagar,SUNHIT SOLAR SOLUTION LLP,sunil@sunhit.in,9712892197,0,0
GUJARAT,Mahisagar,SUNGOLD ENTERPRISE,sungoldenterprise123@gmail.com,9737147433,0,0
GUJARAT,Mahisagar,SUNFREE ENERGY,sunfreeenergy2017@gmail.com,7600002358,0,0
GUJARAT,Mahisagar,SUNFRAA RENEWABLES LLP,partner@sunfraa.com,6354296570,0,0
GUJARAT,Mahisagar,SUNCENTER SOLAR ENERGY,suncentersolarenergy@gmail.com,8905055513,0,0
GUJARAT,Mahisagar,SUNCARE ENERTECH PVT LTD,suncaresolar3@gmail.com,7405450545,0,0
GUJARAT,Mahisagar,SUNBYTE ENERGY SOLUTIONS LLP,info.sunbyteenergy@gmail.com,7698971717,0,0
GUJARAT,Mahisagar,SUNBUY RENEWABLES PVT LTD,darshan@sunbuy.in,9328281611,0,0
GUJARAT,Mahisagar,SUNBURST GREEN ENERGY LLP,office@sunburstgreen.com,9879514559,0,0
GUJARAT,Mahisagar,SUNBLOOM ENERGY PRIVATE LIMITED,info@sunbloomenergy.com,9662874669,0,0
GUJARAT,Mahisagar,SUNBEAM SOLAR ENERGY,ceo.sunbeamsolarenergy@gmail.com,9662412871,0,0
GUJARAT,Mahisagar,SUNARC ELECTRICALS,sunarcelectricals@gmail.com,9687025729,0,0
GUJARAT,Mahisagar,SUN VISION SOLAR,info@sunvisionsolar.in,9924112225,0,0
GUJARAT,Mahisagar,SUN TECH ENERGY SOLUTION,suntech.rutvij@gmail.com,8320301975,0,0
GUJARAT,Mahisagar,SUN SPARKLE ENERGY,sunsparkleenergy@gmail.com,9016093505,0,0
GUJARAT,Mahisagar,SUN MICRA RENEWABLE ENERGY,info@sunmicra.co.in,7990662677,0,0
GUJARAT,Mahisagar,SUN LIGHT SOLAR,sunlightsolar0106@gmail.com,9726215972,0,0
GUJARAT,Mahisagar,SUN ENERGY,sunenergybharat@gmail.com,9427352326,0,0
GUJARAT,Mahisagar,SUMERU SOLUTION,sumerusolution22@gmail.com,8866426625,0,0
GUJARAT,Mahisagar,SUKOON POWER TECHNOLOGY,sukoonpowertech@gmail.com,9712946594,0,0
GUJARAT,Mahisagar,SUKARM,sukarmsolar@gmail.com,9925045163,0,0
GUJARAT,Mahisagar,STRONG SUN SOLAR ENERGY,strongsunsolarenergy@gmail.com,7622011292,0,0
GUJARAT,Mahisagar,STEELHACKS INDUSTRIES,unisolsolar2000@yahoo.com,9825049997,0,0
GUJARAT,Mahisagar,STARLUMEN ENERGY LLP,sales.starlumen@gmail.com,8758737125,0,0
GUJARAT,Mahisagar,STAR ELECTRICALS,starhalol389350@gmail.com,9909118137,0,0
GUJARAT,Mahisagar,STANDARD ENGINEERS & CONTRACTORS,standardelectricals7177@gmail.com,8140080726,0,0
GUJARAT,Mahisagar,SSB ICONIC LLP,s2belectricals@gmail.com,9016903767,0,0
GUJARAT,Mahisagar,SPY AUTOMATION,spyautomation61@gmail.com,7227000497,0,0
GUJARAT,Mahisagar,SPIKE ENERGY,vspikeenergy@gmail.com,9662485355,0,0
GUJARAT,Mahisagar,SPEED O ENERGY,INFO.SPEEDOENERGY@GMAIL.COM,7016826003,0,0
GUJARAT,Mahisagar,SPARQ ENERTECH PVT LTD,info@sparqenertech.com,9558971268,0,0
GUJARAT,Mahisagar,SPARCO MULTIPLAST PVT LTD,info@sparcoenergy.com,9409269062,0,0
GUJARAT,Mahisagar,SP TECHNOLOGY,Sptechnology2023@gmail.com,9586267664,0,0
GUJARAT,Mahisagar,SP EPC SOLUTIONS,psbuma@gmail.com,9537824788,0,0
GUJARAT,Mahisagar,SP ENGINEERING,sp.engineering2k19@gmail.com,6353577489,0,0
GUJARAT,Mahisagar,SOULSHINE RENEWABLE ENERGY,epc.soulshine@gmail.com,9913895893,0,0
GUJARAT,Mahisagar,SOR ENTERPRISE,sorsolar@yahoo.com,9824428293,0,0
GUJARAT,Mahisagar,SOORYABHUMI ENERGY,sooryabhumienergy2024@gmail.com,8155887304,0,0
GUJARAT,Mahisagar,SONIK SOLAR POWER SOLUTION,Sonikpanchal27@gmail.com,8200291250,0,0
GUJARAT,Mahisagar,SOMNATH ENERGY,somnath.solarenergy@gmail.com,7600250096,0,0
GUJARAT,Mahisagar,SOLYUG RENEWABLES,info@solyugrenewables.com,9099562009,0,0
GUJARAT,Mahisagar,SOLVEIG SOLAR PRIVATE LIMITED,solveigsolar@gmail.com,9724362544,0,0
GUJARAT,Mahisagar,SOLSKIN ENERGY LLP,solskinenergy@gmail.com,8128988878,0,0
GUJARAT,Mahisagar,SOLNCE ENERGY PRIVATE LIMITED,NATIONALPORTALSOLNCE@GMAIL.COM,7990480061,0,0
GUJARAT,Mahisagar,SOLISTA ENERGY,solistaenergy8@gmail.com,9106194946,0,0
GUJARAT,Mahisagar,SOLIS ENERGY SYSTEM,bhargavpaneliya@solisenergysystem.com,9601270077,0,0
GUJARAT,Mahisagar,SOLINE SOLAR PRIVATE LIMITED,info@soline.in,9898535056,0,0
GUJARAT,Mahisagar,SOLEXY SOLAR POWER PVT. LTD.,ssepl1962@gmail.com,9810725280,0,0
GUJARAT,Mahisagar,SOLEX GREEN ENERGY PRIVATE LIMITED,pravin.d@solex.in,9376820081,0,0
GUJARAT,Mahisagar,SOLEX ENERGY LIMITED,solexcd@gmail.com,6354605180,0,0
GUJARAT,Mahisagar,SOLEOS GREEN ENERGY PRIVATE LIMITED,pruthvi@soleos.in,9512448900,0,0
GUJARAT,Mahisagar,SOLEAF ENERGY,infosolarsoleaf@gmail.com,7600008915,0,0
GUJARAT,Mahisagar,SOLARWISE-NEXG PRIVATE LIMITED,solarwise69@gmail.com,9910803171,0,0
GUJARAT,Mahisagar,SOLARTRONICS ENERGY,info.solartronics@gmail.com,9426424973,0,0
GUJARAT,Mahisagar,SOLART,solart.sunfuel@gmail.com,8866506193,0,0
GUJARAT,Mahisagar,SOLARSYS GREENTECH PRIVATE LIMITED,deepak@solarsysgreentech.in,8488976829,0,0
GUJARAT,Mahisagar,SOLARPLUS ENERGY SOLUTIONS,esolarplus@gmail.com,9327269583,0,0
GUJARAT,Mahisagar,SOLARMAX ENERGY PRIVATE LIMITED,info@solarmaxenergy.in,9409222221,0,0
GUJARAT,Mahisagar,SOLARLOGIX PRIVATE LIMITED,contact@solarlogix.in,7979053489,0,0
GUJARAT,Mahisagar,SOLARIZE RENEWABLES PVT. LTD.,info@solarizerenewables.com,9081999400,0,0
GUJARAT,Mahisagar,SOLARISE TECHNOLOGIES,solarisetechnologies1@gmail.com,6351562596,0,0
GUJARAT,Mahisagar,SOLARIS TECHNO,solaristechno@gmail.com,8767917570,0,0
GUJARAT,Mahisagar,SOLARIS 360,info@solaris360.com,9998117531,0,0
GUJARAT,Mahisagar,SOLARINA RENEWABLE PRIVATE LIMITED,solarinarenewable@gmail.com,9824351021,0,0
GUJARAT,Mahisagar,SOLARBERG SOLUTIONS,sureshbavishiya@gmail.com,9879200821,0,0
GUJARAT,Mahisagar,SOLARAM POWER INFRASTRUCTURE PRIVATE LIMITED,solarampower@gmail.com,9898041008,0,0
GUJARAT,Mahisagar,SOLAR4U ENTERPRISE,solar4uenterprise1@gmail.com,9510708411,0,0
GUJARAT,Mahisagar,SOLAR TECHNOLOGY,info@solartechnology.in,9998063204,0,0
GUJARAT,Mahisagar,SOLAR TECH WORLD,support@solartechworld.com,8460728007,0,0
GUJARAT,Mahisagar,SOLAR SUNPOWER,solarsunpower2020@gmail.com,8238835771,0,0
GUJARAT,Mahisagar,SOLAR ONLINE SKP,onlinesk044@gmail.com,8238539443,0,0
GUJARAT,Mahisagar,SOLAR GREEN DEVELOPERS,solargreendevelopers@gmail.com,9924507751,0,0
GUJARAT,Mahisagar,SOLAR EXPERT,solarexpert35@gmail.com,9426167233,0,0
GUJARAT,Mahisagar,SOLAR ENERGY,solarpioneer19@gmail.com,9033868265,0,0
GUJARAT,Mahisagar,SOLAR EDITION,solaredition18@gmail.com,7990909838,0,0
GUJARAT,Mahisagar,SOLAR EARTH,solarearth7@gmail.com,7990378370,0,0
GUJARAT,Mahisagar,SOLAR CLEAN ENERGY LIMITED,socleanenergy@gmail.com,9712666866,0,0
GUJARAT,Mahisagar,SOL MAX SOLUTION,mpboricha111@gmail.com,9429343757,0,0
GUJARAT,Mahisagar,SOHAM ENTERPRISE,sachinpatel3132@gmail.com,9924142513,0,0
GUJARAT,Mahisagar,SODHA ELECTRIC SERVICE,sohail.sodha@gmail.com,8000093095,0,0
GUJARAT,Mahisagar,SNS ENERGY PVT. LTD.,sujitsharma@snsenergy.co.in,7043136049,0,0
GUJARAT,Mahisagar,SNAP SOLAR,snapsolar7@gmail.com,7572851098,0,0
GUJARAT,Mahisagar,SN GROUP OF COMPANY,sngroupofcompany2022@gmail.com,9725324439,0,0
GUJARAT,Mahisagar,SMIT SOLAR SOLUTIONS,smitsolarsolutions@gmail.com,9924793020,0,0
GUJARAT,Mahisagar,SMART SOLAR ENERGY,smartsolarenergy8542@gmail.com,7435907512,0,0
GUJARAT,Mahisagar,SMART ROOF SOLAR SOLUTION PVT. LTD.,enquiry@gosmartroof.com,9971481718,0,0
GUJARAT,Mahisagar,SMART ENERGY SOLUTIONS,smartenergysolutions99@gmail.com,8511495982,0,0
GUJARAT,Mahisagar,SKYWIN SOLAR,skywinsolar@gmail.com,7984435493,0,0
GUJARAT,Mahisagar,SKYVOLT POWER TECHNOLOGIES LLP,skyvoltpower25@gmail.com,9909798222,0,0
GUJARAT,Mahisagar,SKYVIEW POWER,skyviewpower17@gmail.com,8140055305,0,0
GUJARAT,Mahisagar,SKYLINE SOLAR SYSTEM,skylinesolarsystem@gmail.com,9106430159,0,0
GUJARAT,Mahisagar,SKYLIGHT SOLAR,skylightsolar03@gmail.com,9510905126,0,0
GUJARAT,Mahisagar,SKY WINGS SOLAR ENERGY,skywingssolar@gmail.com,9974839830,0,0
GUJARAT,Mahisagar,SKY TECH ENERGY,info.skytechenergy@gmail.com,6355092898,0,0
GUJARAT,Mahisagar,SKY RISE SOLAR,skyrisesolar@gmail.com,9328009285,0,0
GUJARAT,Mahisagar,SKY RENEWABLE,piush123.pp@gmail.com,9638166779,0,0
GUJARAT,Mahisagar,SKY POWER ENERGY,skypowerenergy03@gmail.com,8849719837,0,0
GUJARAT,Mahisagar,SKY POWER,skypowersvp@gmail.com,9723070267,0,0
GUJARAT,Mahisagar,SKY LARK SOLAR PRIVATE LIMITED,skylarksolar7@gmail.com,7016360083,0,0
GUJARAT,Mahisagar,SKY ENTERPRISE,skyenterprise.re@gmail.com,9428164222,0,0
GUJARAT,Mahisagar,SITARAM CORPORATION,sitaramcorporation2025@gmail.com,8141427041,0,0
GUJARAT,Mahisagar,SIMMS ENGINEERING PVT LTD,simms_eng@yahoo.co.in,9825142376,0,0
GUJARAT,Mahisagar,SILVER CYPHER TECHNOLOGIES,silvercyphersolar@gmail.com,8460699699,0,0
GUJARAT,Mahisagar,SILVER CONSUMER ELECTRICALS LIMITED (FORMERLY KNOWN AS SILVER CONSUMER ELECTRICALS PRIVATE LIMITED),kevin.patel@silverpumps.com,7486059400,0,0
GUJARAT,Mahisagar,SIGNAL AUTOMATION,solarservices1188@gmail.com,9978215636,0,0
GUJARAT,Mahisagar,SIGMA SUN ENERGY,info.sigmasunenergy@gmail.com,9726764498,0,0
GUJARAT,Mahisagar,SIGMA ENGINEERING,sigma_engg@yahoo.co.in,9825205934,0,0
GUJARAT,Mahisagar,SIDOM SYNERGY PRIVATE LIMITED,sidomsynergy@gmail.com,9408454029,0,0
GUJARAT,Mahisagar,SIDDHIVINAYAK ENGINEERING COMPANY,shreeganeshaquva@gmail.com,9904954348,0,0
GUJARAT,Mahisagar,SIDDHI ELECTRICAL ENGINEER AND CONTRACTOR,siddhielectrical77@gmail.com,9662061492,0,0
GUJARAT,Mahisagar,SHYAM SOLAR ENERGY,vschohla@GMAIL.COM,8140796593,0,0
GUJARAT,Mahisagar,SHYAM ENTERPRISE,shyamsolarenergy10@gmail.com,8000145645,0,0
GUJARAT,Mahisagar,SHRI SAI ELECTRICAL,rooftop@shrisaielectrical.co.in,6353970979,0,0
GUJARAT,Mahisagar,SHRI RAM SOLAR ENERGY LLP,admin@shriramsolarenergy.com,9712912421,0,0
GUJARAT,Mahisagar,SHRI MARUTI ENTERPRISE,tdoshi76@gmail.com,9428358150,0,0
GUJARAT,Mahisagar,SHRI KHODIYAR ENTERPRISE,shrikhodiyar1978@gmail.com,9727358029,0,0
GUJARAT,Mahisagar,SHRI KHATRI BATTERY SERVICE,khatribattery@gmail.com,9426029459,0,0
GUJARAT,Mahisagar,SHREYISHA ENGINEERING,shreyishaengineering@gmail.com,8460445802,0,0
GUJARAT,Mahisagar,SHREEMAD ENGINEERS,shreemadbg@gmail.com,9913721961,0,0
GUJARAT,Mahisagar,SHREEM SOLARIUM PVT LTD,shreemsolarium@gmail.com,7016455944,0,0
GUJARAT,Mahisagar,SHREEJI SOLAR SYSTEM,shreejisolars@gmail.com,9265296741,0,0
GUJARAT,Mahisagar,SHREEJI SOLAR SOLUTION,npparikh@hotmail.com,9879537250,0,0
GUJARAT,Mahisagar,SHREEJI SOLAR & SERVICES,NILVADERA141@GMAIL.COM,9106331904,0,0
GUJARAT,Mahisagar,SHREEJI SOLAR,info.shreejisolar@gmail.com,9904351125,0,0
GUJARAT,Mahisagar,SHREEJI SALES - KARAMSAD,shreejisales125@gmail.com,9586548051,0,0
GUJARAT,Mahisagar,SHREEJI POWER SOLUTIONS,shreejiss@yahoo.com,9824338633,0,0
GUJARAT,Mahisagar,SHREEJI MARKETING - TALOD,rajuksales@gmail.com,9974612008,0,0
GUJARAT,Mahisagar,SHREEJI GRIN SOLAR,shrijigreensolar@gmail.com,7203005770,0,0
GUJARAT,Mahisagar,SHREEJI ENTERPRISES - WADI,Sandipgandhi113@gmail.com,9825077605,0,0
GUJARAT,Mahisagar,SHREEJI ENTERPRISES - BHAYLI,shreejie1@gmail.com,9099710184,0,0
GUJARAT,Mahisagar,SHREEJI ENTERPRISE - MANJALPUR,shreejienergy844@gmail.com,7041803421,0,0
GUJARAT,Mahisagar,SHREEJI ENERGY SOLUTION,shreejienergysolution@gmail.com,8460595980,0,0
GUJARAT,Mahisagar,SHREEJI ELECTRICALS,shreejiele@gmail.com,9825089343,0,0
GUJARAT,Mahisagar,SHREE VISHNU SALES AGENCY,shreevishnusalesagency@gmail.com,9825324608,0,0
GUJARAT,Mahisagar,SHREE UMIYA CORPORATION,shreeumiyacorp@gmail.com,8866731185,0,0
GUJARAT,Mahisagar,SHREE SURYA SOLAR SOLUTION,shreesurya2016@gmail.com,8000720006,0,0
GUJARAT,Mahisagar,SHREE SOLAR VENTURE PVT LTD,shreesolarventure@gmail.com,9571211118,0,0
GUJARAT,Mahisagar,SHREE SOLAR POWER,nileshsorthiya2@gmail.com,9727620417,0,0
GUJARAT,Mahisagar,SHREE SOLAR,dinkarparekh1983@gmail.com,9104030777,0,0
GUJARAT,Mahisagar,SHREE SAI SOLAR,Hiteshrane37@gmail.com,9879268362,0,0
GUJARAT,Mahisagar,SHREE SAI ENTERPRISE,shreesaienterprise75@gmail.com,8128171111,0,0
GUJARAT,Mahisagar,SHREE RAM SOLAR RAJKOT,vikeshchovatiya@gmail.com,9898921527,0,0
GUJARAT,Mahisagar,SHREE RAM SOLAR,shreeramsolar12@gmail.com,9726671212,0,0
GUJARAT,Mahisagar,SHREE RADHE ELECTRICALS,shreeradhesolar24@gmail.com,9974842981,0,0
GUJARAT,Mahisagar,SHREE OFFICE SOLUTIONS PRIVATE LIMITED,rajranipa.sospl@gmail.com,9898084466,0,0
GUJARAT,Mahisagar,SHREE NARAYAN ENERGY,snesolar@gmail.com,9879179079,0,0
GUJARAT,Mahisagar,SHREE MARUTI ELECTRIFICATION ENGINEERS,shreemarutieleCtrificationengi@gmail.com,7016480100,0,0
GUJARAT,Mahisagar,SHREE LALGHAR CORPORATION,shreelalgharcorporation@gmail.com,8200149120,0,0
GUJARAT,Mahisagar,SHREE KRISHNA SALES AND SERVICES,info@skss.co.in,9998990694,0,0
GUJARAT,Mahisagar,SHREE KRISHNA ENERGY,shreekrishna.energy@gmail.com,9979559334,0,0
GUJARAT,Mahisagar,SHREE KHODIYAR SOLAR PRIVATE LIMITED,sk.solar@yahoo.com,9825820612,0,0
GUJARAT,Mahisagar,SHREE KHODIYAR SOLAR & ENTERPRISE,s60358186@gmail.com,9313405580,0,0
GUJARAT,Mahisagar,SHREE HARI SOLAR,patelravit1@gmail.com,9819049759,0,0
GUJARAT,Mahisagar,SHREE HARI SALES & SERVICES,shreeharisales16@gmail.com,7698916121,0,0
GUJARAT,Mahisagar,SHREE HARGANGESHWAR WATER CARE,shreehargangeshwarenergy@gmail.com,8128362108,0,0
GUJARAT,Mahisagar,SHREE GOR SOLAR,shreegorsolar@gmail.com,6361983041,0,0
GUJARAT,Mahisagar,SHREE GOKUL ENTERPRISE,shreegokulenterprise123@gmail.com,8160000871,0,0
GUJARAT,Mahisagar,SHREE GAUTAM RENEWABLES AND CLEAN ENERGIES,shreegautam.energy@gmail.com,9408188809,0,0
GUJARAT,Mahisagar,SHREE GANGESHWAR ENGINEERING PRIVATE LIMITED,shreegangeshwarengineering@gmail.com,9157974445,0,0
GUJARAT,Mahisagar,SHREE GANESH ELECTRICALS,shreeganesh6857@gmail.com,9898956262,0,0
GUJARAT,Mahisagar,SHREE GAJANAND SOLAR,gajanandsolar@gmail.com,8347972590,0,0
GUJARAT,Mahisagar,SHREE GAJANAND ENERGIES,magicwithparth@gmail.com,6351126699,0,0
GUJARAT,Mahisagar,SHREE ENTERPRISE,shreeenterprise.mktg@gmail.com,8511170916,0,0
GUJARAT,Mahisagar,SHREE ENERGY SOLUTIONS,shreeenergysolution8@gmail.com,9904335293,0,0
GUJARAT,Mahisagar,SHREE CHAMUNDESHVARI TRADING,hareshdodiya75@gmail.com,9327523737,0,0
GUJARAT,Mahisagar,SHREE BRAHMANI ELECTRICALS,shreebrahmanisolar@gmail.com,9909995675,0,0
GUJARAT,Mahisagar,SHREE AMBIKA AGENCIES,niravambika@rediffmail.com,9426158047,0,0
GUJARAT,Mahisagar,SHOOLIN WATT PRIVATE LIMITED,shoolinwattpvtltd@gmail.com,9909967894,0,0
GUJARAT,Mahisagar,SHIVRON INDUSTRY,shivronind.contr@gmail.com,9925248752,0,0
GUJARAT,Mahisagar,SHIVHARDHA SHD PROJECTS,shivhardha@gmail.com,9898692603,0,0
GUJARAT,Mahisagar,SHIVDHARA SALES,shivdharasales8060@gmail.com,7433004040,0,0
GUJARAT,Mahisagar,SHIVAY SOLAR ENERGY PRIVATE LIMITED,sanjay1482@gmail.com,7490013700,0,0
GUJARAT,Mahisagar,SHIVAS SOLAR,shivassolar4418@gmail.com,9537611795,0,0
GUJARAT,Mahisagar,SHIVAM SOLAR AND SERVICES,Parmardivyraj.77@gmail.com,8320732424,0,0
GUJARAT,Mahisagar,SHIVAM SOLAR,solar.shivam2020@gmail.com,7575007551,0,0
GUJARAT,Mahisagar,SHIVAM PHOTOVOLTICS PVT LTD,tenders@spvpl.com,9426023829,0,0
GUJARAT,Mahisagar,SHIVAM ENERGY TECH,shivamenergytech2023@gmail.com,9687001450,0,0
GUJARAT,Mahisagar,SHIVAM ELECTRICAL,kaushaldave2@gmail.com,9687575600,0,0
GUJARAT,Mahisagar,SHIVA SOLAR ENERGY,admin@shivasolarenergy.com,9624220197,0,0
GUJARAT,Mahisagar,SHIV TRADERS,shivtraders7233@gmail.com,9998820863,0,0
GUJARAT,Mahisagar,SHIV SALES AGENCY,ghadiyabhaisolar08@gmail.com,9428798679,0,0
GUJARAT,Mahisagar,SHIV POWER,shivpowerimpex@gmail.com,9825511115,0,0
GUJARAT,Mahisagar,SHIV ENTERPRISE,shiventerprisesolor@gmail.com,7600438578,0,0
GUJARAT,Mahisagar,SHINE SOLAR,shinesolar.marketing@gmail.com,7622023355,0,0
GUJARAT,Mahisagar,SHINE ENERGY SOLUTION,info@shineenergysolution.in,9687959342,0,0
GUJARAT,Mahisagar,SHAYONAAM ENTERPRISE,shayonaam12@gmail.com,9638766943,0,0
GUJARAT,Mahisagar,SHAURYAM ENTERPRISE,shauryamsolarenterprise@gmail.com,9173645491,0,0
GUJARAT,Mahisagar,SHATRAS AGRI,shatrasagri@gmail.com,9714616040,0,0
GUJARAT,Mahisagar,SHARVA SOLAR,sharvasolar@gmail.com,9909449650,0,0
GUJARAT,Mahisagar,SHANTI CORPORATION,info.shanticorporation@gmail.com,8980524444,0,0
GUJARAT,Mahisagar,SHAKTI SOLAR SERVICE,ktptl52@gmail.com,9737854634,0,0
GUJARAT,Mahisagar,SHAKTI GREEN ENERGY SERVICES,shakti.green25@gmail.com,9898860648,0,0
GUJARAT,Mahisagar,SHAKTI GREEN ENERGY,shaktigreenenergy96@gmail.com,7405252123,0,0
GUJARAT,Mahisagar,SHAKTI ENTERPRISE,shaktienterprise082025@gmal.com,8511288555,0,0
GUJARAT,Mahisagar,SHAKTI ENTERPRISE,shaktienterprise0507@gmail.com,8866124840,0,0
GUJARAT,Mahisagar,SHAILEE PROJECTS PRIVATE LIMITED,shaileeprojects99@gmail.com,7600755058,0,0
GUJARAT,Mahisagar,SGK SOLAR,sgksolarrjt@gmail.com,9313885348,0,0
GUJARAT,Mahisagar,SEVENTH SKY RENEWABLE LLP,seventhskyrenewable@gmail.com,7874524574,0,0
GUJARAT,Mahisagar,SEVEN SOLAR ENERGY,divyang@sevensolarenergy.com,9825554277,0,0
GUJARAT,Mahisagar,SERVOTECH POWER SYSTEMS LIMITED,pmsuryaghar@servotechindia.com,9266918120,0,0
GUJARAT,Mahisagar,SCION POWER,scionpower@yahoo.com,7043511106,0,0
GUJARAT,Mahisagar,SC SOLAR SOLUTION,info@scsolarsolution.in,8780378144,0,0
GUJARAT,Mahisagar,SAVIOR SOLAR ENERGY,saviorsolarenergy@outlook.com,8980517729,0,0
GUJARAT,Mahisagar,SAVEGRID ENERGY,savegridenergy@gmail.com,6355785758,0,0
GUJARAT,Mahisagar,SAVARIYA CORPORATION,savariyacorporation@gmail.com,9274166507,0,0
GUJARAT,Mahisagar,SAURASHTRA SOLAR SERVICES LLP,SaurashtraSolar.Gujrat@gmail.com,9925448033,0,0
GUJARAT,Mahisagar,SAUR SOLAR SOLUTION LLP,piyushpatel1974@gmail.com,9909417258,0,0
GUJARAT,Mahisagar,SATYAY SOLAR,satyaysolar@gmail.com,9157716540,0,0
GUJARAT,Mahisagar,SATYASARA ENERGY PRIVATE LIMITED,satyasaraenergy@gmail.com,9909365808,0,0
GUJARAT,Mahisagar,SATYAM SOLAR,satyamsolar823@gmail.com,9227941770,0,0
GUJARAT,Mahisagar,SATYAM SALES,kishanagroagencyamreli@gmail.com,9825360183,0,0
GUJARAT,Mahisagar,SATYAM ELECTRICALS,satyamelectrical@yahoo.com,9824256257,0,0
GUJARAT,Mahisagar,SATYAKRISHNA LIGHTING,SATYAKRISHNALIGHTING@GMAIL.COM,9428369990,0,0
GUJARAT,Mahisagar,SATTVA ENERGIES,sattvaenergies@gmail.com,8401156604,0,0
GUJARAT,Mahisagar,SAT GREENTECH PRIVATE LIMITED,satgreentech25@gmail.com,8758957741,0,0
GUJARAT,Mahisagar,SASA ENERGY LLP,sasaenergyllp@gmail.com,9099207722,0,0
GUJARAT,Mahisagar,SARVAYOGAM SOLAR PRIVATE LIMITED,sarvayogamsolar@gmail.com,6356633355,0,0
GUJARAT,Mahisagar,SARVAYOGAM,sarvayogamgroup@gmail.com,9510356575,0,0
GUJARAT,Mahisagar,SARJAN CONSTRUCTION PVT LTD,info.solardiv@sarjanconstruction.com,8000052226,0,0
GUJARAT,Mahisagar,SARDAR SOLAR ENERGY PRIVATE LIMITED,sardarsolarenergypvtltd015@gmail.com,9664915598,0,0
GUJARAT,Mahisagar,SANTKRUPA ELECTRICALS,santkrupaelectricals19@gmail.com,8849254993,0,0
GUJARAT,Mahisagar,SANJEE ENTERPRISE,sanjee.enterprise@gmail.com,9157353735,0,0
GUJARAT,Mahisagar,SANJAY SOLAR,sbheaters@gmail.com,7016893192,0,0
GUJARAT,Mahisagar,SANGANI ENTERPRISE,sanganienterprise1610@gmail.com,8347958992,0,0
GUJARAT,Mahisagar,SANGAM ELECTRONICS CO,info.sangamsolar@gmail.com,9825929552,0,0
GUJARAT,Mahisagar,SAMRUDDH SOLAR,samruddhsolar1@gmail.com,7859827859,0,0
GUJARAT,Mahisagar,SAMRUDDDHI ENTERPRISE,samruddhienterprise22@gmail.com,9033676399,0,0
GUJARAT,Mahisagar,SAMPTEL ENERGY PRIVATE LIMITED,project@samptelenergy.com,9727755187,0,0
GUJARAT,Mahisagar,SAMAR SOLAR,samarsolar183@gmail.com,7046164346,0,0
GUJARAT,Mahisagar,SAMAR ENERGY SOLUTIONS,samarenergysolutions@gmail.com,9662727432,0,0
GUJARAT,Mahisagar,SAICAB TECH PVT LTD,info@saicabtech.com,8511130328,0,0
GUJARAT,Mahisagar,SAHJANAND ENTERPRISE,sahjanandeprise@gmail.com,9737671777,0,0
GUJARAT,Mahisagar,SAHAYOG ENERGY,sahayogenergy@gmail.com,9429124424,0,0
GUJARAT,Mahisagar,SAHAJ SOLAR PRIVATE LIMITED,bparmar@sahajsolar.com,7573006832,0,0
GUJARAT,Mahisagar,SAFVI ELECTRICALS SOLUTIONS,safvielectricalssolutions2013@gmail.com,9374754648,0,0
GUJARAT,Mahisagar,SAFFRON RENEWTECH,saffronrenewtech24@gmail.com,7600507557,0,0
GUJARAT,Mahisagar,SAFECON INDUSTRIAL MAINTENANCE & ENGINEERING SERVICES,safeconservices2013@gmail.com,9925854491,0,0
GUJARAT,Mahisagar,SADGURU SOLAR SYSTEMS,sadgurusolarsystems@gmail.com,9687621666,0,0
GUJARAT,Mahisagar,SADGURU ELECTRICALS,sadguruelectricals23@gmail.com,9714715649,0,0
GUJARAT,Mahisagar,SAAN ELECTRICAL,saanelectrical@gmail.com,9033735490,0,0
GUJARAT,Mahisagar,S P MULTI ENGINEERING SERVICES,spmultiengineeringservices@gmail.com,9104556095,0,0
GUJARAT,Mahisagar,S DIPAK AND CO,sdipaksolar@gmail.com,9898664858,0,0
GUJARAT,Mahisagar,RVV SOLAR PRIVATE LIMITED,rvvsolarpvtltd@gmail.com,8160825026,0,0
GUJARAT,Mahisagar,RVMOVALIYA CONSTRUCTION CO,rvmovaliya.solarenergy@gmail.com,9724543742,0,0
GUJARAT,Mahisagar,RV INFOTECH,rvinfotech2020@gmail.com,8141560037,0,0
GUJARAT,Mahisagar,RUTVIK ENGINEERING PRIVATE LIMITED,rutvikengpvtltd@gmail.com,9824030144,0,0
GUJARAT,Mahisagar,RUPABHAI MAGANBHAI PATEL,RMP.GEMPORTAL@GMAIL.COM,9426004861,0,0
GUJARAT,Mahisagar,RUDRASOL ENERGY PRIVATE LIMITED,rudrasolenergy@gmail.com,9408397604,0,0
GUJARAT,Mahisagar,RUDRAKSH SOLAR POWER,rudrakshsolarpower@gmail.com,9016203365,0,0
GUJARAT,Mahisagar,RUDRAKSH ELECTRICALS,rudrakshelectricals4@gmail.com,6353460657,0,0
GUJARAT,Mahisagar,RUDRA SOLAR AND ELECTRICAL,rudrasolar2019@gmail.com,9510514672,0,0
GUJARAT,Mahisagar,RUDRA ENTERPRISE,rudraenterprise1110@gmail.com,8758462848,0,0
GUJARAT,Mahisagar,RUDRA ELECTRICALS,ravi.sabhani@rudraelectricals.co.in,9722643233,0,0
GUJARAT,Mahisagar,RSV POWER ENGINEERING,rsv.power.engineering@gmail.com,9033590507,0,0
GUJARAT,Mahisagar,ROYAL ENTERPRISE,royalenterprise.vadodara@gmail.com,6352205345,0,0
GUJARAT,Mahisagar,ROSHNI ENTERPRISE,resolar444@gmail.com,9227104121,0,0
GUJARAT,Mahisagar,ROLEX GREEN ENERGY,ghediyamilan@gmail.com,9429476592,0,0
GUJARAT,Mahisagar,RK RENEWABLE ENERGY & ENGINEERING WORKS,rkrenewable.engineering2020@gmail.com,9824961523,0,0
GUJARAT,Mahisagar,RITUDHAN SOLAR POWER,ritudhansolarpower@gmail.com,9879111390,0,0
GUJARAT,Mahisagar,RISING SUN ENERGY,risingsunenergy2018@gmail.com,7405303305,0,0
GUJARAT,Mahisagar,RISING GREEN ENERGY,rgesolar@gmail.com,9033119375,0,0
GUJARAT,Mahisagar,RISHAV POWERTECH LLP,rishavpowertech@gmail.com,9898203470,0,0
GUJARAT,Mahisagar,RIMPLE CORPORATION LLP,rimpleco@gmail.com,6351076702,0,0
GUJARAT,Mahisagar,RIGHT POWER INFRA PVT LTD,darshana@right-infra.com,9898661067,0,0
GUJARAT,Mahisagar,RIDHAM ENTERPRISE,ridhamenterprise770@gmail.com,6351158633,0,0
GUJARAT,Mahisagar,RIDDLE ENERGY PVT. LTD.,riddleenergy2101@gmail.com,9879556196,0,0
GUJARAT,Mahisagar,RIA SOLAR,riasolar2021@gmail.com,8320210323,0,0
GUJARAT,Mahisagar,RIA POWER,riapower24@gmail.com,8758463929,0,0
GUJARAT,Mahisagar,RG SOLAR SOLUTIONS,info@rgsolarsolutions.com,7718719713,0,0
GUJARAT,Mahisagar,REVA RENEWABLES,revarenewables@gmail.com,6358844490,0,0
GUJARAT,Mahisagar,RESONAGE GREEN ENERGY PRIVATE LIMITED,rgepl2024gujarat@gmail.com,9879402000,0,0
GUJARAT,Mahisagar,RENEWZA ENERGY,renewzaenergy@gmail.com,8511148225,0,0
GUJARAT,Mahisagar,RENEWIX INNOVATIONS PVT LTD,hello@renewix.in,9998980947,0,0
GUJARAT,Mahisagar,RENEWABLE SUN SOLAR,renewablesunsolar@gmail.com,7600201198,0,0
GUJARAT,Mahisagar,RENEW ENERGIES,information.renew@gmail.com,7405507073,0,0
GUJARAT,Mahisagar,RENEVIK SOLAR SOLUTIONS PRIVATE LIMITED,sejal.c@vikasaryagroup.com,9327572645,0,0
GUJARAT,Mahisagar,RENEURJA ENERGY,reneurjaenergy@gmail.com,8460611110,0,0
GUJARAT,Mahisagar,RENESYS POWER SYSTEMS PRIVATE LIMITED,project@renesys.in,7069751110,0,0
GUJARAT,Mahisagar,RENAISSANCE CORPORATE SOLUTIONS PVT. LTD.,rcplsolar@gmail.com,9572032363,0,0
GUJARAT,Mahisagar,RELIGHT ENERGY LLP,relightenergy.info@gmail.com,8000194738,0,0
GUJARAT,Mahisagar,RELIABLE ELECTRIX,reliableelectrix@gmail.com,9925448033,0,0
GUJARAT,Mahisagar,RELIABLE CONSULTING ENGINEERS,jaymin.fajalia@onlinerce.com,9327168907,0,0
GUJARAT,Mahisagar,REKSON ELECTROTECH,REKSONELECTROTECH37@GMAIL.COM,9904994494,0,0
GUJARAT,Mahisagar,REGAL ELECTRICALS,balochvikarali60@gmail.com,8141028100,0,0
GUJARAT,Mahisagar,REFLECTION SOLAR & ENERGY PRIVATE LIMITED,piyushraval.1984@gmail.com,9725019493,0,0
GUJARAT,Mahisagar,REFLECT SOLAR,reflect.solar.energy@gmail.com,9998419211,0,0
GUJARAT,Mahisagar,REEWA SOLAR ENERGY,reewasolarenergy@gmail.com,9879353053,0,0
GUJARAT,Mahisagar,REDSUN SOLAR INDUSTRIES,info@redsunin.com,9825632875,0,0
GUJARAT,Mahisagar,REDREN ENERGY PVT LTD,rooftop@redren.in,9104591041,0,0
GUJARAT,Mahisagar,RECARE ELECTRICAL LLP,projects.recare@gmail.com,7600184425,0,0
GUJARAT,Mahisagar,REAL MULTIPLE SOLUTIONS,rmssolar.bhavnagar@rediffmail.com,9099722722,0,0
GUJARAT,Mahisagar,RD ENERGY SOLUTIONS,rdenergysolutions@outlook.com,8866226473,0,0
GUJARAT,Mahisagar,RAYS RENEWABLE ENERGY,raysrenewableenergy@gmail.com,7069175139,0,0
GUJARAT,Mahisagar,RAYCAL POWER INFRA PVT LTD,darshan@raycal.in,6358196472,0,0
GUJARAT,Mahisagar,RAY ENERGY,info.rayenergy@gmail.com,8401481453,0,0
GUJARAT,Mahisagar,RAVIJA ENTERPRISES,ravijaenterprises09@gmail.com,6356956938,0,0
GUJARAT,Mahisagar,RARA-AVIS RENEWABLE ENERGY PRIVATE LIMITED,info@raraavisenergy.com,7043374434,0,0
GUJARAT,Mahisagar,RANJAN INDUSTRIES,ranjan28496@gmail.com,9924818113,0,0
GUJARAT,Mahisagar,RAMESH POWER POINTS,rameshpowerpoint@gmail.com,9825225585,0,0
GUJARAT,Mahisagar,RAMDEV SOLAR SYSTEM,ramdevsolarsytem@gmail.com,8758911969,0,0
GUJARAT,Mahisagar,RAMAA SOLAR,ramaasolar@gmail.com,8866697632,0,0
GUJARAT,Mahisagar,RAJKOT E-BIKES AND SOLAR,rajkotebikesandsolar@gmail.com,8306020890,0,0
GUJARAT,Mahisagar,RAJDEEP SOLAR ENERGY PVT. LTD.,dharmesh@rajdeepsolarnergy.com,9099089749,0,0
GUJARAT,Mahisagar,RAJAVI ELECTRICAL SERVICES,rajvielectricalservices@gmail.com,9723613718,0,0
GUJARAT,Mahisagar,RAJANJI ENTERPRISE,RAJANJI72.LV@GMAIL.COM,8849116749,0,0
GUJARAT,Mahisagar,RAJANI MOTORS,rajanimotors21@gmail.com,7227807262,0,0
GUJARAT,Mahisagar,RAJ ELECTRICALS,solar.rajelectricals@gmail.com,9998656539,0,0
GUJARAT,Mahisagar,RAICHURA ENERGY,raichuraenergy@gmail.com,9879152830,0,0
GUJARAT,Mahisagar,RAGHURAM SOLAR POWER GREEN ENERGY LLP,raghuramsolar9@gmail.com,7575019877,0,0
GUJARAT,Mahisagar,RADIANT SUN ENERGY LLP,slesh.patel@gmail.com,8140000257,0,0
GUJARAT,Mahisagar,RADIANT SOLAR SYSTEMS,bhargavec40@gmail.com,9408503198,0,0
GUJARAT,Mahisagar,RADIANT SOLAR SOLUTIONS,paresh@radiantsolarsolution.com,9979632096,0,0
GUJARAT,Mahisagar,RADIANT SOLAR ENERGY,info@radiantsolarenergy.co.in,9512337513,0,0
GUJARAT,Mahisagar,RADIANT INDIA,RADIANTINDIA007@GMAIL.COM,9163559963,0,0
GUJARAT,Mahisagar,RADIANT GREENS SOLAR,info@radiantgreens.in,8140316334,0,0
GUJARAT,Mahisagar,RADIANT GREEN SOLUTIONS,davda.manthan@yahoo.in,9978911803,0,0
GUJARAT,Mahisagar,RABBIT ELECTRICAL AND SOLAR PVT. LTD.,respvtltd24@gmai.com,9727646420,0,0
GUJARAT,Mahisagar,RAASON ENERTECH LLP,info@raasonenertech.com,9624768483,0,0
GUJARAT,Mahisagar,R. K. CONSTRUCTION,rkconstruction101@gmail.com,9106065865,0,0
GUJARAT,Mahisagar,R V SOLAR,rvsolarvijapur@gmail.com,9726801070,0,0
GUJARAT,Mahisagar,R N SALES CORPORATION,r.tech.2000@gmail.com,9574472134,0,0
GUJARAT,Mahisagar,R K ENTERPRICE,jayswal.ravi@ymail.com,9722252875,0,0
GUJARAT,Mahisagar,R K BHABHOR,rkbhabhor78@gmail.com,9909161378,0,0
GUJARAT,Mahisagar,R C ELECTRICALS,info@rcelectricals.in,9824757160,0,0
GUJARAT,Mahisagar,QORX ENERGY,qorxenergy1366@gmail.com,9904000629,0,0
GUJARAT,Mahisagar,PYRAMID PROJECTS,pyramidsolarindia@gmail.com,9726430137,0,0
GUJARAT,Mahisagar,PV RENEWABLES,keyurdudhat871@gmail.com,9714872871,0,0
GUJARAT,Mahisagar,PV RAYS ENERGY,pvraysenergy@gmail.com,9898097222,0,0
GUJARAT,Mahisagar,PURNIMA SOLAR ENERGY,rpateldeesa@gmail.com,9824320856,0,0
GUJARAT,Mahisagar,PURMA ENERGY PVT LTD,purmaenergy@gmail.com,7069628193,0,0
GUJARAT,Mahisagar,PRUTHVI SOLAR ENERGY,pruthvisolar@yahoo.com,9537659989,0,0
GUJARAT,Mahisagar,PROTON POWER SERVICE,sprotonpower@gmail.com,9033765370,0,0
GUJARAT,Mahisagar,PROSTARM INFO SYSTEMS LIMITED,mktg.ahm@prostarm.com,9316466272,0,0
GUJARAT,Mahisagar,PROSPER ENTERPRISE,prosperenterprise07@gmail.com,9824420913,0,0
GUJARAT,Mahisagar,PROMECH SOLAR ENERGY,promechsolarenergy@gmail.com,9662026679,0,0
GUJARAT,Mahisagar,PRODES CONSULTING ENGINEERS PRIVATE LIMITED,rajiv.ranjan.prakash786@gmail.com,8690444556,0,0
GUJARAT,Mahisagar,PRIYANKA ENTERPRISE,enterpriseriya8002@gmail.com,9913032779,0,0
GUJARAT,Mahisagar,PRIVA ENTERPRISE,vickysheth1987@gmail.com,9825241949,0,0
GUJARAT,Mahisagar,PRISM ECOENERGIA PRIVATE LIMITED,info@prismecoenergia.com,9704710101,0,0
GUJARAT,Mahisagar,PRISHA CORPORATION,prishacorporation183@gmail.com,9825505023,0,0
GUJARAT,Mahisagar,PRINIX POWER OPC PRIVATE LIMITED,prinixpower@gmail.com,7600755058,0,0
GUJARAT,Mahisagar,PRIME ENERGY,primeenergy321@gmail.com,9512022199,0,0
GUJARAT,Mahisagar,PRIDE SOLAR ENERGY LLP,Pridesolarenergyllp@outlook.com,9664975264,0,0
GUJARAT,Mahisagar,PRAYOSHAM SOLAR ENERGY,jayrajp880@gmail.com,9574242883,0,0
GUJARAT,Mahisagar,PRAYOSHA CORPORATION,prayoshacorporation.india@gmail.com,9825390162,0,0
GUJARAT,Mahisagar,PRATYUSH RENEWABLE ENERGY PRIVATE LIMITED,pratyushrenewables@gmail.com,8780737839,0,0
GUJARAT,Mahisagar,PRATIKSHA ENTERPRISE,pratikshaenterprise1006@gmail.com,8238516417,0,0
GUJARAT,Mahisagar,PRASHANT ENTERPRISE,prashantenterprise.solar@gmail.com,9409337000,0,0
GUJARAT,Mahisagar,PRANIL CORPORATION,riddhistart@yahoo.co.in,9825411575,0,0
GUJARAT,Mahisagar,PRANIK POWER INFRA PRIVATE LIMITED,solar.pranik@gmail.com,9925237347,0,0
GUJARAT,Mahisagar,PRAKASH PUMP INDUSTRIES,prakashpumpindustries@gmail.com,9687222263,0,0
GUJARAT,Mahisagar,PRAJAPATI ONLINE,prajapationline@gmail.com,9824002369,0,0
GUJARAT,Mahisagar,PRAHAR SOLAR SOLUTIONS,info.praharsolar@gmail.com,9016360702,0,0
GUJARAT,Mahisagar,PRAGATI URZA PRIVATE LIMITED,pragatiurza@gmail.com,8347009697,0,0
GUJARAT,Mahisagar,PRAGATI ENTERPRISE,pragatienterprise1985@gmail.com,9825254567,0,0
GUJARAT,Mahisagar,PRACHI GREEN GREEN ENERGY PVT LTD,prachigreenenergy@gmail.com,9737830854,0,0
GUJARAT,Mahisagar,POWERTRONICS TECHNOLOGY,powertronics1990@gmail.com,9974772070,0,0
GUJARAT,Mahisagar,POWERTRAC INDUSTRIES LIMITED,info@powertracsolar.com,7573014610,0,0
GUJARAT,Mahisagar,POWERTECH ENGINEERS SURAT,sanatbarot@gmail.com,9377625242,0,0
GUJARAT,Mahisagar,POWERSOL,office@re.digital,9016681762,0,0
GUJARAT,Mahisagar,POWERSHINE ENERGY,powershineenergy1993@gmail.com,9723096888,0,0
GUJARAT,Mahisagar,POWERON ELECTRICAL,poweron.electricalservice@gmail.com,7990528002,0,0
GUJARAT,Mahisagar,POWERMAC TECHNOLOGY,info@powermacgroup.com,9099939972,0,0
GUJARAT,Mahisagar,POWER SYSTEM,powersystem2k11@gmail.com,9898068224,0,0
GUJARAT,Mahisagar,POWER RISE,powerrise16@gmail.com,8460145311,0,0
GUJARAT,Mahisagar,POWER PLUS ENERGY,powerplussolarenergy@gmail.com,9998183339,0,0
GUJARAT,Mahisagar,POWER PLUS,powerplusbhabhar@gmail.com,8128435584,0,0
GUJARAT,Mahisagar,POWER PACK SOLUTIONS,powerpacksolutions12195@gmail.com,9725787004,0,0
GUJARAT,Mahisagar,POWER GENESYS ENERGY SOLUTIONS PRIVATE LIMITED,subbu@powergenesys.com,8618279431,0,0
GUJARAT,Mahisagar,POOJA ELECTRICALS,PE9711@gmail.com,8758668166,0,0
GUJARAT,Mahisagar,POOJA ELECTRICALS,poojaelectrical21@gmail.com,7434034056,0,0
GUJARAT,Mahisagar,POINTER INSTRUMENTS SERVICES,pointer1729@gmail.com,9033543187,0,0
GUJARAT,Mahisagar,PLUGIN ELECTRICAL,info@pluginelectrical.in,9512020316,0,0
GUJARAT,Mahisagar,PIXON GREEN ENERGY PRIVATE LIMITED,tender@pixonenergy.in,7229035912,0,0
GUJARAT,Mahisagar,PHOTOVOLTAIC SOLAR,info@photovoltaicsolar.in,8866488000,0,0
GUJARAT,Mahisagar,PHOTONICS WATERTECH PRIVATE LIMITED,vasant@photonicslights.com,6353704460,0,0
GUJARAT,Mahisagar,PHOENIX RENEWABLE ENERGY,PHOENIXRE6@GMAIL.COM,9586110114,0,0
GUJARAT,Mahisagar,PHOENIX CREATIONS LIMITED,phoenixcreations2011@gmail.com,9978578599,0,0
GUJARAT,Mahisagar,PERFECT RENEWTECH PRIVATE LIMITED,info@perfectrenewtech.com,9965200700,0,0
GUJARAT,Mahisagar,PEGASUS POWER AND INFRA LLP,info@pegasusllp.com,8160259454,0,0
GUJARAT,Mahisagar,PEAKSUN ENERGY PRIVATE LIMITED,info@peaksunenergy.co.in,7486089901,0,0
GUJARAT,Mahisagar,PAVAN ENERGY,pavanenergy1209@gmail.com,7016265112,0,0
GUJARAT,Mahisagar,PATIDAR ENTERPRISE,patidarenterprise13@gmail.com,8980312782,0,0
GUJARAT,Mahisagar,PATEL JOYATABHAI GALABHAI,pateljoytabhai1134@gmail.com,9724674544,0,0
GUJARAT,Mahisagar,PATEL GREEN ENERGY SALES AND SERVICE,patelgreenenergyinfo@gmail.com,9427412983,0,0
GUJARAT,Mahisagar,PATEL ELECTRONICS,hardikpatelelec@gmail.com,9377767508,0,0
GUJARAT,Mahisagar,PATEL ELECTRICALS,info.patelelectricals@gmail.com,9998896555,0,0
GUJARAT,Mahisagar,PASHAVA ENERGY PRIVATE LIMITED,pashavaenergy@yahoo.com,9909904332,0,0
GUJARAT,Mahisagar,PARTHKUMAR VIKRAMBHAI KAMANIYA,kpv2322@gmail.com,9313098584,0,0
GUJARAT,Mahisagar,PARTH SALES,parthsalessolar@gmail.com,9712426671,0,0
GUJARAT,Mahisagar,PAROT RENEWABLES LIMITED,gn@parotrenewables.com,9274692942,0,0
GUJARAT,Mahisagar,PARMAR ENTERPRISE,parmarenterprise2024@gmail.com,9574944345,0,0
GUJARAT,Mahisagar,PARK SHELDRAKE,parksheldrake@gmail.com,7862991878,0,0
GUJARAT,Mahisagar,PARISHRAM INFOENERGY,parishraminfoenergy@gmail.com,9909433132,0,0
GUJARAT,Mahisagar,PARESH S. VAIDYA,parvaidya2012@gmail.com,9879529203,0,0
GUJARAT,Mahisagar,PARECHA ENTERPRISES,sagarmparecha999@gmail.com,9537704244,0,0
GUJARAT,Mahisagar,PARAS TECHNOCRAT PVT. LTD,info@parastechnocrat.in,7621983131,0,0
GUJARAT,Mahisagar,PANCHAMRUT ENTERPRISE,panchamrut2019@gmail.com,7016103662,0,0
GUJARAT,Mahisagar,PAHAL SOLAR EPC LLP,avinash@pahalsolar.com,9512323223,0,0
GUJARAT,Mahisagar,P.M.BAROT GREEN ENERGY,jaybarotkdbm@gmail.com,9327129667,0,0
GUJARAT,Mahisagar,P V ENERGY,pvenergy999@gmail.com,9924195999,0,0
GUJARAT,Mahisagar,P C LINK ENTERPRISE,pclinkenterprise@gmail.com,8238053941,0,0
GUJARAT,Mahisagar,P AND N ENGINEERING AND MARKETING,pandnsolarenergy@gmail.com,7622023251,0,0
GUJARAT,Mahisagar,OXEN ENERGIES,oxenenergies@gmail.com,8866699444,0,0
GUJARAT,Mahisagar,ORTEX CORPORATION,ortexcorporation@gmail.com,9276103457,0,0
GUJARAT,Mahisagar,ONIX RENEWABLE LIMITED,naman.viradiya@onixrenewable.in,9586043661,0,0
GUJARAT,Mahisagar,ONEVOLT GREEN PVT LTD,onevoltgreens@gmail.com,9925292721,0,0
GUJARAT,Mahisagar,ONETIME SOLAR SYSTEM,onetimesolarsystem@gmail.com,9925296957,0,0
GUJARAT,Mahisagar,OMKARA INFOTECH,omkarinfotechlakhani@gmail.com,9428847854,0,0
GUJARAT,Mahisagar,OMEGA POWER,omegapower2018@gmail.com,7990226349,0,0
GUJARAT,Mahisagar,OMEGA ELECTRICALS,omele452@gmail.com,9979888452,0,0
GUJARAT,Mahisagar,OM SOLAR,VIPULKUMARPATEL43@YAHOO.IN,9714384884,0,0
GUJARAT,Mahisagar,OM SHANTI SOLAR GROUP,omshantisolar@gmail.com,8530122612,0,0
GUJARAT,Mahisagar,OM SHANTI MACHINERIES EXIM,grandosolar@gmail.com,9824868078,0,0
GUJARAT,Mahisagar,OM SALES ENTERPRISE,rahul.redrenbardoli@gmail.com,9428631515,0,0
GUJARAT,Mahisagar,OM ELECTRICALS,jaydratsinhzala09@gmail.com,9265589234,0,0
GUJARAT,Mahisagar,ODHAV ENTERPRISE,odhaventerpriseindia@gmail.com,9033231303,0,0
GUJARAT,Mahisagar,OCTA ENTERPRISE,octaenterprise7@gmail.com,8469023543,0,0
GUJARAT,Mahisagar,OCEANIC POWER ENGINEERS PRIVATE LIMITED,oceanicpower.in@gmail.com,7778065600,0,0
GUJARAT,Mahisagar,NYSA POWER,ronakpatel7319@gmail.com,9081819955,0,0
GUJARAT,Mahisagar,NYALKARAN RENEWABLE ENERGY,nyalkaranrenewableenergy@gmail.com,9998473073,0,0
GUJARAT,Mahisagar,NYALKARAN ENERGY LLP,kaushik@nyalkaranenergy.com,9825412783,0,0
GUJARAT,Mahisagar,NVVP GREEN ENERGY PRIVATE LIMITED,nvvpgreenepl@gmail.com,9979941234,0,0
GUJARAT,Mahisagar,NUJUM INDUSTRIES PRIVATE LIMITED,thenujum@gmail.com,9375188422,0,0
GUJARAT,Mahisagar,NU SOLAR INFRACON PRIVATE LIMITED,nu.solar.infracon@gmail.com,9033181196,0,0
GUJARAT,Mahisagar,NRS SOLAR SOLUTION,info.nrssolarsolution@gmail.com,8488953026,0,0
GUJARAT,Mahisagar,NP RENEWABLE ENERGY,nprenewableenergy@gmail.com,7016917174,0,0
GUJARAT,Mahisagar,NP ELECTRICALS,info@npelectricals.co.in,9824144945,0,0
GUJARAT,Mahisagar,NORTHGREEN ENERGY PVT LTD,solar@northgreenenergy.com,9099931707,0,0
GUJARAT,Mahisagar,NJ ELECTRICALS,njelectricals.21@gmail.com,9886309619,0,0
GUJARAT,Mahisagar,NIVAN ENERGY,nivanenergy@gmail.com,9998820905,0,0
GUJARAT,Mahisagar,NISHRAY SOLAR,mkshahexport@gmail.com,9825409639,0,0
GUJARAT,Mahisagar,NIRAJ TRADERS,nirajtraders@yahoo.com,9825030321,0,0
GUJARAT,Mahisagar,NINE TECH AUTOMATION,ninetechautomation09@gmail.com,9313375388,0,0
GUJARAT,Mahisagar,NILKANTH ENTERPRISE,nilkanthenterprise96@gmail.com,9157369603,0,0
GUJARAT,Mahisagar,NILESH ENGINEERS,nileshengineers57@gmail.com,9033005732,0,0
GUJARAT,Mahisagar,NIL ENGINEERING,nil.engineering@yahoo.com,9228387183,0,0
GUJARAT,Mahisagar,NIHAL ENTERPRISE,rehanadonakiya786@gmail.com,8733978072,0,0
GUJARAT,Mahisagar,NIDHI ELECTRICALS,thakkarumang82@gmail.com,9409322020,0,0
GUJARAT,Mahisagar,NEXUS RENEWTECH,nexusrenewtech@gmail.com,8849277955,0,0
GUJARAT,Mahisagar,NEWYORK ENGINEERING CO.,akashenergysolar@gmail.com,9824206059,0,0
GUJARAT,Mahisagar,NEW RESEARCH TECHNOLOGY,nrtsolar@gmail.com,9427809253,0,0
GUJARAT,Mahisagar,NETWORKS TRADING AND CONSTRUCTION PVT LTD,netccopvtltd@gmail.com,9319106152,0,0
GUJARAT,Mahisagar,NES ENERGY SOLUTIONS,info.nesenergy@gmail.com,9825071551,0,0
GUJARAT,Mahisagar,NEOVOLT GREEN ENERGIES,neovoltgreen@gmail.com,8511138558,0,0
GUJARAT,Mahisagar,NEOTERIX SOLUTION PVT. LTD.,neoterixsolutions@gmail.com,9414010579,0,0
GUJARAT,Mahisagar,NEOCENT SOLAR SYSTEM LLP,m.neocent@gmail.com,9974710486,0,0
GUJARAT,Mahisagar,NEETY EURO ASIA SOLAR ENERGY,falgun@nease.in,9909595442,0,0
GUJARAT,Mahisagar,NEELKANTHESHWAR SOLAR ENERGY,neelkantheshwarsolarenergy@gmail.com,8460048549,0,0
GUJARAT,Mahisagar,ND ENERGY INDIA PRIVATE LIMITED,ndenergyindia@gmail.com,8000001124,0,0
GUJARAT,Mahisagar,NAYRA ELECTRONICS,info.nayraelectronics@gmail.com,9054244430,0,0
GUJARAT,Mahisagar,NAVKALP GROUPS,navkalprenewable@gmail.com,8460109090,0,0
GUJARAT,Mahisagar,NAVI ENERGY,contact@navienergy.in,9979435742,0,0
GUJARAT,Mahisagar,NATURE CARE ADVISORS,naturecare.gujarat@gmail.com,8469991098,0,0
GUJARAT,Mahisagar,NAMAH SOLAR ENERGY,namahsolar@gmail.com,6351500821,0,0
GUJARAT,Mahisagar,NAKSHATRA INFOSYS,nakshatrainfosys178@gmail.com,9909697193,0,0
GUJARAT,Mahisagar,NAKSH POWER,bhumikarana1989@gmail.com,8141113593,0,0
GUJARAT,Mahisagar,N J ENERGY,nj.energy9@gmail.com,7487022943,0,0
GUJARAT,Mahisagar,MS SOLAR SPARK,mssolarspark7@gmail.com,9825590311,0,0
GUJARAT,Mahisagar,MS SOLAR,shersiyamujahid@gmail.com,9725097291,0,0
GUJARAT,Mahisagar,MOVA GREEN ENERGY,movagreenenergy1112@gmail.com,7778033298,0,0
GUJARAT,Mahisagar,MOTHER ELECTRICALS,motherelectricals@yahoo.com,8128105018,0,0
GUJARAT,Mahisagar,MNS GLOBAL ENGINEERING AND SERVICES,mnsglobalengineeringservices@gmail.com,9727207075,0,0
GUJARAT,Mahisagar,MK ENTERPRISE,mkenterprise061@gmail.com,8780069239,0,0
GUJARAT,Mahisagar,MK ELECTRICALS,digant.shah10@gmail.com,9825349554,0,0
GUJARAT,Mahisagar,MK ELECTRICAL AND CO,mkelectrical.co@gmail.com,8866525483,0,0
GUJARAT,Mahisagar,MJR INDUSTRIES PRIVATE LIMITED,mjrindustriespvtltd@gmail.com,9426998993,0,0
GUJARAT,Mahisagar,MITTALS GREEN ENERGY PRIVATE LIMITED,info@mittalsgreenenergy.com,8053004999,0,0
GUJARAT,Mahisagar,MITRAYA ELECTRICAL,mitrayaelectrical@gmail.com,7016415834,0,0
GUJARAT,Mahisagar,MITRAY ENGINEERING,mitray.engineering@gmail.com,7621895796,0,0
GUJARAT,Mahisagar,MITRA SOLAR ENERGY,mitrasolarenergy@gmail.com,9725777143,0,0
GUJARAT,Mahisagar,MITCON CONSULTANCY AND ENGINEERING SERVICES LTD,tendercell@mitconindia.com,7447420680,0,0
GUJARAT,Mahisagar,MICROVISE SOLUTIONS,info@microviseindia.com,7778092462,0,0
GUJARAT,Mahisagar,MH POWER SYSTEM,info.mhpowersystem@gmail.com,9016581006,0,0
GUJARAT,Mahisagar,MFINS SERVICES PVT. LTD.,vidya@m-fins.in,8356843342,0,0
GUJARAT,Mahisagar,MESHWA ENTERPRISE,meshwaelectricals@gmail.com,9574409148,0,0
GUJARAT,Mahisagar,MERIDIAN INTERNATIONAL,ghetiya.ashish@gmail.com,7990847552,0,0
GUJARAT,Mahisagar,MEKTECH SOLUTION,mektechsolution@gmail.com,7984595405,0,0
GUJARAT,Mahisagar,MEHUL ELECTRIC,fivestarsolar2025@gmail.com,7984547908,0,0
GUJARAT,Mahisagar,MEGHAL POWER,meghalpower23@gmail.com,9712726390,0,0
GUJARAT,Mahisagar,MEERASUN ENERGY,meerasunenergy@gmail.com,9016680239,0,0
GUJARAT,Mahisagar,MEERA SUN ENERGIES,info@meerasunenergies.com,8200447359,0,0
GUJARAT,Mahisagar,MEENA SOLAR,ripalsonpal@gmail.com,8408944904,0,0
GUJARAT,Mahisagar,MECPOWER SOLUTIONS LIMITED,tender@mecpower.in,9328911577,0,0
GUJARAT,Mahisagar,MEAN RAYS RENEWABLE POWER PRIVATE LIMITED,sales.meanrays@gmail.com,9898251352,0,0
GUJARAT,Mahisagar,MD ENERGIES,mdenergies01@gmail.com,9099260004,0,0
GUJARAT,Mahisagar,MBTION ENGINEERING,mbtionengineering@gmail.com,8320565108,0,0
GUJARAT,Mahisagar,MAXSUN ENERGY PRIVATE LIMITED,maxsunsolarenergy@gmail.com,7990361324,0,0
GUJARAT,Mahisagar,MAXIM ENERGY,maximenergy21@gmail.com,9265123804,0,0
GUJARAT,Mahisagar,MAXIFLUENCE TECHNOVATE LLP,info@maxifluencetechnovate.com,9662298809,0,0
GUJARAT,Mahisagar,MATRIX ENTERPRISE,matrixsolar41@gmail.com,8905314234,0,0
GUJARAT,Mahisagar,MARUTI SUNSOLREN,marutisunsolren@gmail.com,8238145153,0,0
GUJARAT,Mahisagar,MARUTI SOLAR SYSTEMS,dinesh.navar@gmail.com,9409080149,0,0
GUJARAT,Mahisagar,MARUTI SOLAR PUMP SYSTEM,patelsandip0226@gmail.com,9426849250,0,0
GUJARAT,Mahisagar,MARUTI ENTERPRISE,marutienterprise148@gmail.com,7698803938,0,0
GUJARAT,Mahisagar,MARUTI ENTERPRISE,maruti.enterprise0915@hotmail.com,8866239646,0,0
GUJARAT,Mahisagar,MARUTI ENERGY,marutienrgy@gmail.com,9033408939,0,0
GUJARAT,Mahisagar,MAPS TECHNO SOLUTIONS,mapstechnosolutions@gmail.com,9974386038,0,0
GUJARAT,Mahisagar,MANGROLIYA NIKUNJ J.,nikunjmangroliya54@gmail.com,8866685082,0,0
GUJARAT,Mahisagar,MANAN SOLAR,manansolar2022@gmail.com,9714352719,0,0
GUJARAT,Mahisagar,MAKKWANA INDUSTRIES,rooftopindia@gmail.com,9879398464,0,0
GUJARAT,Mahisagar,MAHEK SOLAR POWER,mahek.tech1@gmail.com,9925805953,0,0
GUJARAT,Mahisagar,MAHEK ENTERPRISE,mahekenterprise02@gmail.com,9723128039,0,0
GUJARAT,Mahisagar,MAHAVEER ENTRPRISE,me.solarmaster@gmail.com,7878647771,0,0
GUJARAT,Mahisagar,MAHALAXMI ELECTRICALS - AHEMDABAD,mahalaxmi.electricals_07@yahoo.com,8238914975,0,0
GUJARAT,Mahisagar,MAHAKALI POWER,mahakalipower9252@gmail.com,9687209519,0,0
GUJARAT,Mahisagar,MAHADEV SOLAR ENTERPRISE,mahadevsolar2526@gmail.com,8758610449,0,0
GUJARAT,Mahisagar,MAHADEV SOLAR ENETERPRISE,mahadevsolarjamnagar@gmail.com,9978999939,0,0
GUJARAT,Mahisagar,MAHADEV SALES AGENCY,mahadevsolarproject@gmail.com,7393939139,0,0
GUJARAT,Mahisagar,MAGLARE TECHNOLOGIES PVT.LTD.,info@maglare.com,8460183838,0,0
GUJARAT,Mahisagar,MADYSON ELECTRICAL,madyson.electrical41@gmail.com,9998864567,0,0
GUJARAT,Mahisagar,MADHVAN POLYPLAST PVT. LTD.,cmp.madhavanpolyplast@gmail.com,9104306162,0,0
GUJARAT,Mahisagar,MADHULI CORPORATION,madhulicorporation@gmail.com,9904990630,0,0
GUJARAT,Mahisagar,MADHAV SOLAR ENERGY LIMITED (FORMERLY KNOWN AS MADHAV ENTERPRISE - SURAT),info@madhavsolarenergy.com,8849299212,0,0
GUJARAT,Mahisagar,MADHAV GREEN ENERGY,madhavgreene@gmail.com,9408102358,0,0
GUJARAT,Mahisagar,MADHAV ENTERPRISE,madhavsolarshop@gmail.com,7990485674,0,0
GUJARAT,Mahisagar,MADHAV ENERGY SOLUTION,info.madhavenergy@gmail.com,9408354018,0,0
GUJARAT,Mahisagar,MADHAV ELECTRICAL,madhavelectrical23@gmail.com,9426755766,0,0
GUJARAT,Mahisagar,MAA MOGAL ENTERPRISE,maamogale1999@gmail.com,8401237990,0,0
GUJARAT,Mahisagar,M SUN ENERGY,msunenergy30@gmail.com,9104145599,0,0
GUJARAT,Mahisagar,M R ENTERPRISE,mrenterprisesolar@gmail.com,9924370232,0,0
GUJARAT,Mahisagar,M M PARMAR,sunlightenergy09@outlook.com,9227092099,0,0
GUJARAT,Mahisagar,LUCRATIVE ENERGY PRIVATE LIMITED,lucrativein24@gmail.com,9408152427,0,0
GUJARAT,Mahisagar,LUCIDUS ENERGY PRIVATE LIMITED,lucidusenergy21@gmail.com,9327990722,0,0
GUJARAT,Mahisagar,LOGICTECH SOLAR AND AUTOMATION PVT LTD,logictechsolar@gmail.com,9429580846,0,0
GUJARAT,Mahisagar,LOBEL SOLAR POWER SYSTEM,info@lobelpower.com,9327007854,0,0
GUJARAT,Mahisagar,LIPO TECHNOLOGY PRIVATE LIMITED,kalpesh@lipotechnology.in,9722266550,0,0
GUJARAT,Mahisagar,LIGHTWELL SOLAR,lightwellsolar@gmail.com,9054524293,0,0
GUJARAT,Mahisagar,LIGHTRIC POWER SOLUTION,lightricpower@gmail.com,6355768984,0,0
GUJARAT,Mahisagar,LIFE MAGIC MARVELL STORE PRIVATE LIMITED,lifemagicmarvel@gmail.com,9098698493,0,0
GUJARAT,Mahisagar,LGM ENERGY AND INFRACON LLP,lgmenergyandinfraconllp@gmail.com,7574000906,0,0
GUJARAT,Mahisagar,LED LIGHT HOUSE,ledlighthouse161921@gmail.com,9624132754,0,0
GUJARAT,Mahisagar,LAXMI HI TECH,laxmihitech36@gmail.com,7046494649,0,0
GUJARAT,Mahisagar,LA CARTE RETAILERS PVT LTD,lacarte09@gmail.com,9909920700,0,0
GUJARAT,Mahisagar,L L ELECTRICALS,llelect89@yahoo.com,9879078908,0,0
GUJARAT,Mahisagar,KVP SOLAR AND SOLUTION,kvpsolarandsolution.22@gmail.com,9033343105,0,0
GUJARAT,Mahisagar,KUTCH SOLAR AND EV,kutchsolarev@gmail.com,9725436751,0,0
GUJARAT,Mahisagar,KUNTHU CONSULTANTS PVT LTD,neelesh@kunthusolar.com,7405992700,0,0
GUJARAT,Mahisagar,KSHETRAPAL GREEN ENERGY,kshetrapalgreenenergy@gmail.com,7874098869,0,0
GUJARAT,Mahisagar,KRIVI ENERGY PRIVATE LIMITED,solar@krivienergy.com,9326275972,0,0
GUJARAT,Mahisagar,KRIVA TECHNOLOGIES,krivasolartechnologies@gmail.com,7227074480,0,0
GUJARAT,Mahisagar,KRITA GREEN ENERGY,admin@kritagreenenergy.in,9824998266,0,0
GUJARAT,Mahisagar,KRISHNA ENTERPRISE,krishnaenterprise4568@gmail.com,9712658209,0,0
GUJARAT,Mahisagar,KRISHIVA INNOVATIVES,info@krishivainnovatives.com,9409435861,0,0
GUJARAT,Mahisagar,KRISHIV ENTERPRISE,jevinpansuriya4@gmail.com,7359294060,0,0
GUJARAT,Mahisagar,KRISHA SOLAR & AGRO INDUSTRIES,krishasolarandagro21@gmail.com,9574856582,0,0
GUJARAT,Mahisagar,KP GREEN ENGINEERING LIMITED,imam.syed@kpgroup.co,9104677596,0,0
GUJARAT,Mahisagar,KP GREEN ENERGY,kpgreenenergy46@gmail.com,7048370774,0,0
GUJARAT,Mahisagar,KOTSON PROJECTS PRIVATE LIMITED,kotsonprojects@gmail.com,9978909595,0,0
GUJARAT,Mahisagar,KOTHIYA ELECTRIC CONTRACTOR,kothiyaelectric@gmail.com,9913212056,0,0
GUJARAT,Mahisagar,KOSOL ENERGIE PVT. LTD.,bharat@sunray.co.in,8799696356,0,0
GUJARAT,Mahisagar,KONARK,heykonark@gmail.com,7016013500,0,0
GUJARAT,Mahisagar,KOMAL ELECTRIC,chetanramprasadi@gmail.com,9825047503,0,0
GUJARAT,Mahisagar,KK SOLAR TECHNOLOGY,kksolartechnology@gmail.com,9586118331,0,0
GUJARAT,Mahisagar,KK ENTERPRISE,LATHIYA410@GMAIL.COM,9925590208,0,0
GUJARAT,Mahisagar,KITE SOLAR ENERGY,kitesolarenergy@gmail.com,6352523489,0,0
GUJARAT,Mahisagar,KIRTAN MARKETING,kirtanmarketing@gmail.com,9714440026,0,0
GUJARAT,Mahisagar,KIRTAN BATTERIES,kirtanbatteries26@gmail.com,7043337333,0,0
GUJARAT,Mahisagar,KIRAN SOLAR TECH PT. LT,info@kiransolartech.com,9800932333,0,0
GUJARAT,Mahisagar,KHUSHI SOLAR,khushisolar13.info@gmail.com,7600094866,0,0
GUJARAT,Mahisagar,KHODIYAR ENTERPRISE,k_enter_m@rediffmail.com,9825162853,0,0
GUJARAT,Mahisagar,KHODIYAR ELECTRICAL (VISNAGAR),khodiyar.electrical210@gmail.com,9979632702,0,0
GUJARAT,Mahisagar,KHODIYAR ELECTRICAL,khodiyarelectrical9199@gmail.com,6355714181,0,0
GUJARAT,Mahisagar,KHODAL CORPORATION,khodalcorporation10@gmail.com,9974129558,0,0
GUJARAT,Mahisagar,KHANAK SYSTEM,khanaksystem@yahoo.com,9824751581,0,0
GUJARAT,Mahisagar,KESHWALA ENGINEERING CO.,RKESHWALA26@GMAIL.COM,7575082097,0,0
GUJARAT,Mahisagar,KASTBHANJAN SOLAR,kastbhanjansolar@gmail.com,9099863647,0,0
GUJARAT,Mahisagar,KASHYAP INFRAPROJECTS PVT. LTD.,info@kashyap.in,9898031010,0,0
GUJARAT,Mahisagar,KARTAVY AGROTECH,kartavysolar@gmail.com,9426465233,0,0
GUJARAT,Mahisagar,KARMA POWER,karmapower001@gmail.com,8849370511,0,0
GUJARAT,Mahisagar,KARM ENTERPRISE,KARMSOLAR24@GMAIL.COM,9586363071,0,0
GUJARAT,Mahisagar,KANHA ENTERPRISE,kanhaenterprise4161@gmail.com,6355636703,0,0
GUJARAT,Mahisagar,KAMAXI ELECTRICAL ENGINEERS,dharmesh@kamaxielectricals.com,9974744036,0,0
GUJARAT,Mahisagar,KALPTARU RENEWABLE POWER PVT LTD,support@kalptaru.co,7600780720,0,0
GUJARAT,Mahisagar,KAIZEN UNIVERSAL PRIVATE LIMITED,ketan@kaizen.in,9825119674,0,0
GUJARAT,Mahisagar,KAIZEN NOW,kaizennowahd@gmail.com,9978985558,0,0
GUJARAT,Mahisagar,KAGI RENEWABLE ENERGY,info.kagirenew@gmail.com,8401935902,0,0
GUJARAT,Mahisagar,KAASHIVA POWER INNOVATIONS PVT LTD,nikunjprajapati@kaashiva.com,7227854857,0,0
GUJARAT,Mahisagar,KAARVI GREEN ENERGY,kaarvienergy01@gmail.com,9824094291,0,0
GUJARAT,Mahisagar,K T ELECTRICALS,ktthakkar567@gmail.com,8905168423,0,0
GUJARAT,Mahisagar,K P ENTERPRISE,kpenterprise39@gmail.com,9974383839,0,0
GUJARAT,Mahisagar,K K SOLAR SOLUTIONS,kksolarsolutions@gmail.com,9537279900,0,0
GUJARAT,Mahisagar,JUPISOL POWER INDIA PRIVATE LIMITED,spatel@jupisolpower.com,9879284007,0,0
GUJARAT,Mahisagar,JOYSTICK BIO HEALTH,jstvalsad@gmail.com,9714163052,0,0
GUJARAT,Mahisagar,JJV CORPORATION,info@jjvcorporation.in,9016987377,0,0
GUJARAT,Mahisagar,JJ PV SOLAR PRIVATE LIMITED,rajesh@jjpvsolar.com,9904809006,0,0
GUJARAT,Mahisagar,JIYANSH ENERGY SOLUTIONS,mvp.jes.24@gmail.com,9924700866,0,0
GUJARAT,Mahisagar,JIYAAN SOLAR COMPANY,jiyaansolar.co@gmail.com,8160645436,0,0
GUJARAT,Mahisagar,JIGAR SYSTEM TECHNOLOGY,jigar@jigarsystems.com,9511768710,0,0
GUJARAT,Mahisagar,JD SOLAR,jdsolar5005@gmail.com,9157590905,0,0
GUJARAT,Mahisagar,JD INFRA ENERGY PRIVATE LIMITED,jdinfraenergy0725@gmail.com,9714061118,0,0
GUJARAT,Mahisagar,JAYVEER ELECTRICAL PRIVATE LIMITED,jayveerelectrical@gmail.com,9601679621,0,0
GUJARAT,Mahisagar,JAYRAJ SOLAR LLP,tejas@jayrajsolar.com,9033963450,0,0
GUJARAT,Mahisagar,JAYKAMAL ENERGY,JAYKAMAL.ENERGY@GMAIL.COM,9726862780,0,0
GUJARAT,Mahisagar,JAYDEV ENERGY,jaydevenergy83@gmail.com,9824885237,0,0
GUJARAT,Mahisagar,JAY SARDAR SOLAR PVT.LTD.,jaysardarsolar@gmail.com,8141500062,0,0
GUJARAT,Mahisagar,JAY SARDAR SOLAR POWER PRIVATE LIMITED,dbchaudhary108@gmail.com,9737550593,0,0
GUJARAT,Mahisagar,JAY KHODIYAR IMPEX,pareshramoliya310@gmail.com,9537164431,0,0
GUJARAT,Mahisagar,JAY ELECTRICALS,jayelec2021@gmail.com,9427261002,0,0
GUJARAT,Mahisagar,JAY DADA SOLAR,jaydadasolar@gmail.com,6353659868,0,0
GUJARAT,Mahisagar,JAY AMBE GREEN ENERGY,jayambegreenenergy@gmail.com,9824328725,0,0
GUJARAT,Mahisagar,JAY AMBE ELECTRICALS,jayambeelectricals091@gmail.com,6355252020,0,0
GUJARAT,Mahisagar,JAY ADITYA SOLAR,darshit.dj619@gmail.com,8160931631,0,0
GUJARAT,Mahisagar,JASMIN J BAMBHAROLIYA,jasmin.bambharolia14@gmail.com,8140916256,0,0
GUJARAT,Mahisagar,JANETA SOLAR,info.janetasolar90@gmail.com,8734829145,0,0
GUJARAT,Mahisagar,JALESHWAR GREEN ENERGY,info.jaleshwargreen@gmail.com,8140023662,0,0
GUJARAT,Mahisagar,JALARK SOLAR SOLUTIONS OPC PVT LTD,infojalark@gmail.com,9426661857,0,0
GUJARAT,Mahisagar,JAISHANAVI SOLAR,rishikeshthakkar@gmail.com,9974143899,0,0
GUJARAT,Mahisagar,JAI SOMNATH ENTERPRISE,msjaisomnathenterprise@gmail.com,9979990909,0,0
GUJARAT,Mahisagar,JAI INDUSTRIES,jaielectronic@yahoo.com,9828104233,0,0
GUJARAT,Mahisagar,JAGRUTI TRADERS,jagrutitraders.solar@gmail.com,8980498030,0,0
GUJARAT,Mahisagar,JAGDAMBA TRADERS,jagdambatraders.padra@gmail.com,7284841054,0,0
GUJARAT,Mahisagar,JAGDAMBA ENTERPRISE,adarshrajput542@gmail.com,9316321978,0,0
GUJARAT,Mahisagar,JAFFINS ENTERPRISE,solarbhavnagar@gmail.com,9375465252,0,0
GUJARAT,Mahisagar,JAAC TECHNO SERVICES PVT LTD,jwalant.raval@jaacservices.com,9824000545,0,0
GUJARAT,Mahisagar,JAAC TECHNO SERVICES PVT LTD,Jwalant.raval@jaacservice.com,9824000545,0,0
GUJARAT,Mahisagar,J S COMPANY,jscompany9@gmail.com,7990307424,0,0
GUJARAT,Mahisagar,J K MACHINE TOOLS (GUJARAT) PVT. LTD.,jk.solarium@gmail.com,9328290518,0,0
GUJARAT,Mahisagar,J D ELECTRICAL AND TRADING,jdelectrical26@gmail.com,8320397049,0,0
GUJARAT,Mahisagar,J B POWER SOLAR,jbpowersolar@gmail.com,9173390835,0,0
GUJARAT,Mahisagar,IZZY ENERGY SOLUTION,izzyenergysolution@gmail.com,9909236062,0,0
GUJARAT,Mahisagar,ISHITA ENGINEERING,ishitaengineering13@gmail.com,8866649177,0,0
GUJARAT,Mahisagar,ISHA SALES,ishasolar027@gmail.com,9824739373,0,0
GUJARAT,Mahisagar,INSTANT ELECTRIC SERVICES,instantelectricservices@gmail.com,9909415407,0,0
GUJARAT,Mahisagar,INRAYS TECHNOLOGY,inraystechnology@gmail.com,9898878734,0,0
GUJARAT,Mahisagar,INQILAB ENGINEERING PRIVATE LIMITED,inqilabengineering@gmail.com,9099598998,0,0
GUJARAT,Mahisagar,INOX SOLAR ENERGY,inoxsolarenergy@gmail.com,9904604047,0,0
GUJARAT,Mahisagar,INFRAX INTERNATIONAL,info@infraxsolar.com,7778002780,0,0
GUJARAT,Mahisagar,INFLUX SOLAR SOLUTIONS,influxsolarsolution@gmail.com,6352563582,0,0
GUJARAT,Mahisagar,INFINITY SOLAR - SURAT,infinity.solar01@gmail.com,8866860686,0,0
GUJARAT,Mahisagar,INFINITY SOLAR - RAJKOT,infinitysolar2022@gmail.com,7201070799,0,0
GUJARAT,Mahisagar,INFINITY RENEWABLE ENERGY,anand.infinityrenewableenergy@gmail.com,9913784000,0,0
GUJARAT,Mahisagar,INFINITY POWER,infinitypower1026@gmail.com,8758875751,0,0
GUJARAT,Mahisagar,INFINITY ELECTRICALS,info.infinityelectricals@gmail.com,7600458468,0,0
GUJARAT,Mahisagar,INFINITE URJA LLP,info@infiniteurja.in,8000049380,0,0
GUJARAT,Mahisagar,INFINITE ENERGY ANS TECHNOLOGY,planning@infiniteenergy.co.in,9099971778,0,0
GUJARAT,Mahisagar,IMPULSE SYSTEM,info@impulsesystem.in,9426471057,0,0
GUJARAT,Mahisagar,IMMIX SOLUTION,immixsolution@gmail.com,9265493249,0,0
GUJARAT,Mahisagar,IMAGINE POWERTREE PRIVATE LIMITED,imagine.powertree@gmail.com,9586121111,0,0
GUJARAT,Mahisagar,IDEAL RENEWABLE LLP,idealrenewable@gmail.com,9979083323,0,0
GUJARAT,Mahisagar,IDEAL ELECTRICAL,idealelectric7@gmail.com,9638324167,0,0
GUJARAT,Mahisagar,ICONIC SOLAR ENERGY,iconicsolarenergy26@gmail.com,7698504095,0,0
GUJARAT,Mahisagar,ICON ENERGY,info@iconenergy.in,9909999162,0,0
GUJARAT,Mahisagar,I-TECH STORE,info.itechsolar@gmail.com,9879603933,0,0
GUJARAT,Mahisagar,I SQUARE SOLAR,work.srbudheliya@gmail.com,9722272775,0,0
GUJARAT,Mahisagar,I K SOLAR ENERGY,iksolarenergy2302@gmail.com,6353941652,0,0
GUJARAT,Mahisagar,I CARE ENGINEERING,icareengr@gmail.com,9978920284,0,0
GUJARAT,Mahisagar,HYSUN SOLAR PRIVATE LIMITED,prajapatiomaram62@gmail.com,7573999961,0,0
GUJARAT,Mahisagar,HORIZON POWER SOLUTIONS,horizonpowersolutions2024@gmail.com,9909009525,0,0
GUJARAT,Mahisagar,HIYASHA SOLAR SYSTEMS LLP,hiyashasolarsystems@gmail.com,9727097250,0,0
GUJARAT,Mahisagar,HIYA ELECTRO ENGINEERS,hiyaelectroengineers@gmail.com,8128672333,0,0
GUJARAT,Mahisagar,HIRANYA,chintan6310@gmail.com,9909009425,0,0
GUJARAT,Mahisagar,HIPANAX ENERGY,hipanaxenergy@outlook.com,9727063026,0,0
GUJARAT,Mahisagar,HINDUSTAN SOLAR AND POWER PACK,hindustansolar86@gmail.com,7016087359,0,0
GUJARAT,Mahisagar,HIMSON ENERGY,himson.energy@gmail.com,9825242728,0,0
GUJARAT,Mahisagar,HILTON RENEWABLES,hiltonrenewables.amr@gmail.com,8181080800,0,0
GUJARAT,Mahisagar,HILL LIGHTING,rndungrani@gmail.com,9328385858,0,0
GUJARAT,Mahisagar,HI TECH SOLAR SOLUTION,hitechsolarsolu@gmail.com,8140535380,0,0
GUJARAT,Mahisagar,HI TECH ENERGY,hitechenergy17@gmail.com,9924388540,0,0
GUJARAT,Mahisagar,HET CONSULTANCY,hetconsultancy01@gmail.com,9586618784,0,0
GUJARAT,Mahisagar,HEMALI ELECTRICALS,hemali_elect@rocketmail.com,9979874161,0,0
GUJARAT,Mahisagar,HELIOS SELENE,sales@heliosselene.in,7600132252,0,0
GUJARAT,Mahisagar,HELIOPATH SOLAR TECHNOLOGIES,enquiry.heliopath@gmail.com,8238664332,0,0
GUJARAT,Mahisagar,HEER SOLAR ENERGY,heersolarenergy@gmail.com,9427063399,0,0
GUJARAT,Mahisagar,HAVTON INDIA,ravivarmora0803@gmail.com,9265496953,0,0
GUJARAT,Mahisagar,HATKESH ENGINEERING,hatkeshengineering@gmail.com,9898105579,0,0
GUJARAT,Mahisagar,HARSIDDHI ENGINEERING WORKS,harsiddiengineering@yahoo.com,9428342940,0,0
GUJARAT,Mahisagar,HARSH ENTERPRISE,harshenterprise.ele@gmail.com,9586703597,0,0
GUJARAT,Mahisagar,HARSH COMMUNICATION,harshcomm.solar@gmail.com,9137373727,0,0
GUJARAT,Mahisagar,HARISH ENGINEERING WORKS,harish.engg91@gmail.com,9428618859,0,0
GUJARAT,Mahisagar,HARIPRIY INDUSTRIES,haripriyindustries@gmail.com,9725022146,0,0
GUJARAT,Mahisagar,HARIOM ENGINEERING,hariomsolarbotad@gmail.com,8140771766,0,0
GUJARAT,Mahisagar,HARIOM ELECTRICS,manoj.patiwala.in@gmail.com,8140438508,0,0
GUJARAT,Mahisagar,HARI INFRA PROJECTS,info@hariindia.in,9998037067,0,0
GUJARAT,Mahisagar,HARI ELECTRICAL & SOLAR,harielectrical18@gmail.com,7990453967,0,0
GUJARAT,Mahisagar,HAPPY ENTERPRISE,divyeshchavda007@gmail.com,9510887781,0,0
GUJARAT,Mahisagar,HANU ENTERPRISE,hanuenterprise2023@gmail.com,9067322910,0,0
GUJARAT,Mahisagar,HADAF GREEN ENERGY PRIVATE LIMITED,hadafgreenenergy@gmail.com,8320986239,0,0
GUJARAT,Mahisagar,H S ENTERPRISE,hiralpatel3031@gmail.com,9773257603,0,0
GUJARAT,Mahisagar,H K SOLAR ENERGY,hkenergy16@gmail.com,9714516576,0,0
GUJARAT,Mahisagar,H AND S ENGINEERING,HSENGINEERING9698@GMAIL.COM,8980818699,0,0
GUJARAT,Mahisagar,H & M COMPANY,info@hmcompany.in,9157768561,0,0
GUJARAT,Mahisagar,GWE INFRA PROJECTS PRIVATE LIMITED,dhaval.gwe@gmail.com,9726198989,0,0
GUJARAT,Mahisagar,GURUKRUPA ENTERPRISE,gurukrupaenterprise.head9@gmail.com,8320627280,0,0
GUJARAT,Mahisagar,GURU RENEWABLE,gururenewable@gmail.com,9687672620,0,0
GUJARAT,Mahisagar,GUJARAT SOLAR ENERGY,gujaratsolarenergy010@gmail.com,9898472919,0,0
GUJARAT,Mahisagar,GSL ENERGY,gslenergy09@gmail.com,8320945187,0,0
GUJARAT,Mahisagar,GS POWERTECH,info.gspowertech@gmail.com,7567438385,0,0
GUJARAT,Mahisagar,GROWW SOLAR ENERGY,growwsolarenergy8@gmail.com,7874707545,0,0
GUJARAT,Mahisagar,GROWTECH ENERGY,growtechenergy91@gmail.com,9998435528,0,0
GUJARAT,Mahisagar,GROWSUN RENEWABLE LLP,info.growsunrenewablellp@gmail.com,9925590193,0,0
GUJARAT,Mahisagar,GROW ENERGY SOLAR SOLUTION,growenergysolarsolution@gmail.com,7778999695,0,0
GUJARAT,Mahisagar,GROW EARTH RENEWABLE TECHNOLOGIES,divyesh@growearthsolar.com,9104495364,0,0
GUJARAT,Mahisagar,GRIWA INTERNATIONAL LLP,prakashkoriya17@gmail.com,8200988481,0,0
GUJARAT,Mahisagar,GREYANAS INDUSTRIES PRIVATE LIMITED,greyanassolar@gmail.com,9408715033,0,0
GUJARAT,Mahisagar,GREENTECH ENERGY,bhuvapiyush89@gmail.com,7990053035,0,0
GUJARAT,Mahisagar,GREENNETIC RENEWABLE PRIVATE LIMITED,sales.greenneticrenewable@gmail.com,8320563819,0,0
GUJARAT,Mahisagar,GREENLEAF SOLAR ENERGY,info.greenleaf1@gmail.com,9313945225,0,0
GUJARAT,Mahisagar,GREENLAND,greenlandsolar.np@gmail.com,9825545043,0,0
GUJARAT,Mahisagar,GREENLAND,greenlandsolar.projects@gmail.com,9825545043,0,0
GUJARAT,Mahisagar,GREENEXCEL ENERGY SOLUTION PVT LTD,info@greenexcelenergy.com,9898949719,0,0
GUJARAT,Mahisagar,GREENERGY SOLAR SOLUTIONS,greenergysolarsolutions26@gmail.com,9409215712,0,0
GUJARAT,Mahisagar,GREENERGEE,greenergee@vikasaryagroup.com,9374635103,0,0
GUJARAT,Mahisagar,GREENERA ENERTECH PVT LTD,greenera.solarenergy@gmail.com,9427726620,0,0
GUJARAT,Mahisagar,GREENCUBE ENERGIES PRIVATE LIMITED,nirankush@gcepl.in,9106836019,0,0
GUJARAT,Mahisagar,GREENCLEAN POWER SOLUTION,greencleanpowersolution@gmail.com,9909047056,0,0
GUJARAT,Mahisagar,GREENARCH SOLAR PRIVATE LIMITED,greenarchsolar@gmail.com,9879262766,0,0
GUJARAT,Mahisagar,GREEN WATT SOLAR ENERGY,greenwattsolarenergy2022@gmail.com,9898383910,0,0
GUJARAT,Mahisagar,GREEN SUN ENERGY,teamgreensun@gmail.com,9274525232,0,0
GUJARAT,Mahisagar,GREEN SOLAR ENERGY ENTERPRISES,greensolar.ahmedabad@gmail.com,9712909823,0,0
GUJARAT,Mahisagar,GREEN SOLAR ENERGY,info@greenssolar.in,9687222261,0,0
GUJARAT,Mahisagar,GREEN POWER SOLUTION,darjihardik777@gmail.com,8141216635,0,0
GUJARAT,Mahisagar,GREEN POWER ENERGY,info.greenenergy07@gmail.com,8780002027,0,0
GUJARAT,Mahisagar,GREEN LIGHT ENERGY,glenergy2024@gmail.com,9998754265,0,0
GUJARAT,Mahisagar,GREEN IMPAQ SOLAR ENERGY,greenimpaqsolarenergypm@mail.com,9974414600,0,0
GUJARAT,Mahisagar,GREEN EVER SYSTEMS PRIVATE LIMITED,greeneversystems@gmail.com,8866167111,0,0
GUJARAT,Mahisagar,GREEN ERA SYSTEM,greenerasystem@gmail.com,8320221647,0,0
GUJARAT,Mahisagar,GREEN ENERGY-VALSAD,solar@greenenergy.ind.in,8866249369,0,0
GUJARAT,Mahisagar,GREEN ENERGY SOLAR,ges.solar24@gmail.com,8866993164,0,0
GUJARAT,Mahisagar,GREEN E SOLAR,greene.vb@hotmail.com,9925751589,0,0
GUJARAT,Mahisagar,GREAT SOLUTION,greatsolution07@gmail.com,9924131317,0,0
GUJARAT,Mahisagar,GRACE OF THE SUN ENERGY,gotssolar@gmail.com,8320258395,0,0
GUJARAT,Mahisagar,GOVINDJI POWER,priyankvaghani86@gmail.com,9726643435,0,0
GUJARAT,Mahisagar,GOPI TECHNOLOGIES,epc@gopitechnologies.com,8866077344,0,0
GUJARAT,Mahisagar,GOPAL ENTERPRISE,gokulbharvad@gmail.com,9727756664,0,0
GUJARAT,Mahisagar,GOLDSUN SOLAR,dhruvpadasumbiya@gmail.com,9409016021,0,0
GUJARAT,Mahisagar,GOLDI SOLAR PRIVATE LIMITED,info@goldisolar.com,7211134134,0,0
GUJARAT,Mahisagar,GLOBAL SOLAR SOLUTION,moxakboda111@gmail.com,8460820618,0,0
GUJARAT,Mahisagar,GLOBAL SOLAR ENERGY,globalsolar99@gmail.com,8866190358,0,0
GUJARAT,Mahisagar,GLOBAL ENTERPRISE,globalsolarent@gmail.com,9924900304,0,0
GUJARAT,Mahisagar,GITANJALI DEVELOPERS,dhavalparmar.dp39@gmail.com,8200332871,0,0
GUJARAT,Mahisagar,GIR ENTERPRISES,ankitbhaiankit88@gmail.com,8686869015,0,0
GUJARAT,Mahisagar,GIMS ENERGY PRIVATE LIMITED (FORMERLY KNOWN AS GUPTA INDUSTRIAL MAINTENANCE SERVICES PVT.LTD),yash@gimsindia.com,9879806111,0,0
GUJARAT,Mahisagar,GHANSHYAM SOLAR ENERGY,ghanshyam.solar.energy@gmail.com,9510734317,0,0
GUJARAT,Mahisagar,GHANPRIYA ENERGY SOLUTION PRIVATE LIMITED,subsidy@ghanpriyaenergy.com,9958676060,0,0
GUJARAT,Mahisagar,GHADIYA RENEWABLE ENERGY,KALPESHPATEL8914@GMAIL.COM,9714000952,0,0
GUJARAT,Mahisagar,GESTIC SELICON ENERGY,shivammourya0987@gmail.com,9157621253,0,0
GUJARAT,Mahisagar,GENESIS ELECTRICAL,genesiselectricalindia@gmail.com,8200480623,0,0
GUJARAT,Mahisagar,GEER AGRO WORKS,geeragro@gmail.com,9898799789,0,0
GUJARAT,Mahisagar,GAYATRI SOLAR ENERGY,info@gayatrisolarenergy.com,8866778940,0,0
GUJARAT,Mahisagar,GAYATRI CONSTRUCTION,chetansinh270@gmail.com,7408636363,0,0
GUJARAT,Mahisagar,GANESH GREEN BHARAT LIMITED,sales@ganeshgreen.com,9519518951,0,0
GUJARAT,Mahisagar,GANESH CORPORATION,ganeshcorporation3003@gmail.com,9979856236,0,0
GUJARAT,Mahisagar,GALO ENERGY PRIVATE LIMITED,info@galo.co.in,9773988289,0,0
GUJARAT,Mahisagar,GALAXY ENTERPRISE,galaxyenterprise265@gmail.com,9998017765,0,0
GUJARAT,Mahisagar,GALAXY ENERGY SOLUTION,galaxyenergysolution@protonmail.com,9428158678,0,0
GUJARAT,Mahisagar,GAJGATI STEEL AND ENERGY PVT LTD.,sales@gajgati.com,7990480061,0,0
GUJARAT,Mahisagar,G-POWER PLUS,gpowerplus.in@gmail.com,9898420613,0,0
GUJARAT,Mahisagar,FRIENDLY FOOTPRINTS LLP,infosolar.ff@gmail.com,7874833399,0,0
GUJARAT,Mahisagar,FOURSUN SOLAR,project@foursunsolar.co.in,7435023502,0,0
GUJARAT,Mahisagar,FOURCELL ENERGY PRIVATE LIMITED,fourcellenergy@gmail.com,9377776564,0,0
GUJARAT,Mahisagar,FOREXT GREEN ENERGY PRIVATE LIMITED,Forextgreen@gmail.com,9227145384,0,0
GUJARAT,Mahisagar,FLORIAN VENTURE PVT.LTD.,florianventurepvt.ltd@gmail.com,9081684444,0,0
GUJARAT,Mahisagar,FERUS ENERGIES CO,info@ferusenergies.com,9913341342,0,0
GUJARAT,Mahisagar,FATHUN RENEWABLE ENERGY (FORMERLY KNOWN AS KENVUE ENERGY),fathunrenewable@gmail.com,9898589612,0,0
GUJARAT,Mahisagar,FASTRISE ENTERPRISE PRIVATE LIMITED,FASTRISEENTERPRISE@GMAIL.COM,7862079768,0,0
GUJARAT,Mahisagar,F Z ENERGY,info@fzenergy.in,9227153030,0,0
GUJARAT,Mahisagar,F SOLAR ROOFTOP,fsolarrooftop@gmail.com,8469525856,0,0
GUJARAT,Mahisagar,F H WORK SOLUTION,fhwork17@gmail.com,8160404419,0,0
GUJARAT,Mahisagar,EXPERT POWER SOLUTION,info.expertpowersolution@gmail.com,8780287091,0,0
GUJARAT,Mahisagar,EXIDE INDUSTRIES LIMITED,pramit.mukherjee@exide.co.in,6291226448,0,0
GUJARAT,Mahisagar,EWALK ENERGY,info.ewalkenergy@gmail.com,9054927675,0,0
GUJARAT,Mahisagar,EWAA SOLAR TECHNOLOGY PRIVATE LIMITED,info@ewaasolartech.com,6356008400,0,0
GUJARAT,Mahisagar,EVOTAR TECHNOLOGIES PRIVATE LIMITED,info@evotartech.com,6358999573,0,0
GUJARAT,Mahisagar,EVITUS ENERGY SOLUTIONS,evitusenergysolutions@gmail.com,8156006133,0,0
GUJARAT,Mahisagar,EVERSHINE ENERGY,contact@evershineenergy.com,8460167441,0,0
GUJARAT,Mahisagar,EVERGREEN RENEWABLE TECHNOLOGIES,ashishpanchal888@gmail.com,7359743295,0,0
GUJARAT,Mahisagar,EVAANTA ENERGY,info@evaantaenergy.com,9712326261,0,0
GUJARAT,Mahisagar,EUROLITE SOLAR,harshil.patel@euroliteindia.com,7490007847,0,0
GUJARAT,Mahisagar,ETERNAL SOLAR ENERGY,hiren.p.rathod@gmail.com,9879203040,0,0
GUJARAT,Mahisagar,ETECH ENERGY,admin@etechenergy.com,9328509877,0,0
GUJARAT,Mahisagar,ERA ENVIRO SOLUTIONS,info.eraenviro@gmail.com,9227849825,0,0
GUJARAT,Mahisagar,EQUINOX SOLAR PRIVATE LIMITED,info@equinoxsolar.in,7573044078,0,0
GUJARAT,Mahisagar,ENWATECH SOLUTION PVT.LTD,enwatechsolutionpvtltd@gmail.com,9427269089,0,0
GUJARAT,Mahisagar,ENJOY TECHNOLOGY,care.enjoytechnology@gmail.com,9727718887,0,0
GUJARAT,Mahisagar,ENERZYTECH INDUSTRIES PRIVATE LIMITED,deep.bhojani@enerzytech.com,9727139999,0,0
GUJARAT,Mahisagar,ENERSOL SOLUTIONS LLP,karan@enersol.co.in,7069555533,0,0
GUJARAT,Mahisagar,ENERGY O & M SERVICES PVT LTD,dhirajsummit@gmail.com,9512775551,0,0
GUJARAT,Mahisagar,ENERGETIC SOLAR,energeticsolar03@gmail.com,9537137427,0,0
GUJARAT,Mahisagar,EMPYREAL SOLAR,liaison@empyreAlsolar.in,9099526261,0,0
GUJARAT,Mahisagar,EMERALD ENTERPRISE,emerald.vadodara@outlook.com,9173591485,0,0
GUJARAT,Mahisagar,EMDERS ENTERPRISE,info.emders@gmail.com,7016614013,0,0
GUJARAT,Mahisagar,ELLENCE ENERGY LLP,dhaval@ellenceenergy.com,9054073345,0,0
GUJARAT,Mahisagar,ELECTROMECH DEVICES MANUFACTURING COMPANY,edmc.rpr@gmail.com,7000189225,0,0
GUJARAT,Mahisagar,EFFICIENT ENERTECH PVT LTD,info@efficientenergyindia.com,9925624989,0,0
GUJARAT,Mahisagar,ECOWATT ENERGY,ecowattenergy18@gmail.com,9978638437,0,0
GUJARAT,Mahisagar,ECOVIBE RENEWTECH ENERGY,ecoviberenewtechenergy@gmail.com,8401168101,0,0
GUJARAT,Mahisagar,ECOLUX SOLAR,ecoluxsolar007@gmail.com,8980088806,0,0
GUJARAT,Mahisagar,ECLIPTIC SOLAR,davevishalkumar@gmail.com,9825023276,0,0
GUJARAT,Mahisagar,EARTHTECH INNOVATIONS PRIVATE LIMITED,earthtechinnovations@gmail.com,8490850276,0,0
GUJARAT,Mahisagar,EARTH WISE ENERGIES,earthwiseenergies@gmail.com,9033330463,0,0
GUJARAT,Mahisagar,EARTH SOLARISM,earthsolarism@gmail.com,9724990231,0,0
GUJARAT,Mahisagar,EARTH SOLAR ENERGY,EARTHSOLARE@GMAIL.COM,8200115874,0,0
GUJARAT,Mahisagar,E-TECH SOLUTION & SOLAR,etechsolution.solar@gmail.com,9099563174,0,0
GUJARAT,Mahisagar,E-POWER SOLAR ENERGY,epowerenergyinfo@gmail.com,9484784798,0,0
GUJARAT,Mahisagar,DWARKESH SOLAR ENERGY,nileshchavda1881@gmail.com,8000799990,0,0
GUJARAT,Mahisagar,DUDANI RENEWABLES LLP,dudanirenewables@gmail.com,9429744710,0,0
GUJARAT,Mahisagar,DREAM MART,dreammart108@gmail.com,9099975489,0,0
GUJARAT,Mahisagar,DRAYS ENERGY SOLUTIONS,draysenergy@gmail.com,7802893258,0,0
GUJARAT,Mahisagar,DRASHTI LIGHT CARE,drashti3411@gmail.com,9825430097,0,0
GUJARAT,Mahisagar,DIWAKAR SOLAR ENTERPRISE,info.diwakarsolar@gmail.com,9104746612,0,0
GUJARAT,Mahisagar,DIVY SOLAR TECHNOLOGY,divysolartechnology@gmail.com,9978551782,0,0
GUJARAT,Mahisagar,DIVU ENTERPRISE,divuenterprise2023@gmail.com,7383114133,0,0
GUJARAT,Mahisagar,DIVINE SOLAR ENERGY,divinesolarenergy33@gmail.com,7069853208,0,0
GUJARAT,Mahisagar,DIVINE ENERGY,divineenergy42@gmail.com,6354051676,0,0
GUJARAT,Mahisagar,DINESHBHAI CHATURBHAI NANDANA,nandanadinesh62@gmail.com,6351782902,0,0
GUJARAT,Mahisagar,DIMAN SOLAR PVT LTD (FORMERLY KNOWN AS DIMAN OVERSEAS PVT LTD),info@dimansolar.com,9909928959,0,0
GUJARAT,Mahisagar,DIGI SOLAR ENERGY,digisolarenergy@gmail.com,9687818686,0,0
GUJARAT,Mahisagar,DHWANIL LIGHT ZONE,patelrikin3054@gmail.com,9409505790,0,0
GUJARAT,Mahisagar,DHVANI ENERGY,dhvanisolar@gmail.com,9537928064,0,0
GUJARAT,Mahisagar,DHRUVIN ELECTRICALS,kirtipatel86665@gmail.com,9974814614,0,0
GUJARAT,Mahisagar,DHRUVA ENTERPRISE,dhruvaenterprise123@gmail.com,9978124597,0,0
GUJARAT,Mahisagar,DHRUV ENTERPRISE,dhruv.enterprise@aol.com,9825123335,0,0
GUJARAT,Mahisagar,DHM SOLAR POWER PVT LTD,dhmsolarpower@gmail.com,8980508730,0,0
GUJARAT,Mahisagar,DHAVAL ELECTRIC SOLUTION,dhavalelectricsolution@gmail.com,8490990138,0,0
GUJARAT,Mahisagar,DHARMANANDAN SOLAR ENERGY,mayurdhariyaparmar@gmail.com,9016367556,0,0
GUJARAT,Mahisagar,DEVDEEP ELECTRICALS,devdeepelectricals@gmail.com,9726879009,0,0
GUJARAT,Mahisagar,DEVASYAM ENTERPRISE LLP,abpatel4318@gmail.com,9106684467,0,0
GUJARAT,Mahisagar,DEV TECHNO,devtechno14@gmail.com,9898242190,0,0
GUJARAT,Mahisagar,DEV ENTERPRISE,deventerprise424@gmail.com,9428121408,0,0
GUJARAT,Mahisagar,DEV ELECTRICALS,develectricals2024@gmail.com,9974821967,0,0
GUJARAT,Mahisagar,DESIGNLUX PRIVATE LIMITED,info@designlux.in,9825868523,0,0
GUJARAT,Mahisagar,DESAI'S SOLAR ENERGY,desaisolarenergy@gmail.com,9429021070,0,0
GUJARAT,Mahisagar,DELUXE ENTERPRISE,infodeluxeenterprise@gmail.com,9429040663,0,0
GUJARAT,Mahisagar,DELTA SOLAR ENERGY,deltasolarenergy1@gmail.com,9427539663,0,0
GUJARAT,Mahisagar,DELICATE SOLAR PRIVATE LIMITED,gabanijemish3@gmail.com,8238340836,0,0
GUJARAT,Mahisagar,DEK AND MAVERICKS GREEN ENERGY LIMITED,lalji.goltar@dmgel.in,8780289470,0,0
GUJARAT,Mahisagar,DAY LIGHT SOLAR ENRGY,daylightsolarahm@gmail.com,8401605515,0,0
GUJARAT,Mahisagar,D.K. & CO.,dkandcompanyrajkot@gmail.com,9925008040,0,0
GUJARAT,Mahisagar,D.J.SOLAR & GENERAL,djsolar111@gmail.com,8401183303,0,0
GUJARAT,Mahisagar,D-LIGHT SOLAR ENERGY LLP,epc@dlightsolarenergy.in,9898511535,0,0
GUJARAT,Mahisagar,D SUN SOLAR,dsunsolar429@gmail.com,9904131777,0,0
GUJARAT,Mahisagar,D S POWER SOLUTION,vipulas094@gmail.com,9106304356,0,0
GUJARAT,Mahisagar,D R ENTERPRISE,DRENTERPRISE3029@GMAIL.COM,7990689506,0,0
GUJARAT,Mahisagar,CYMENS ENTERPRISE,jaymakwana2062@gmail.com,9157133330,0,0
GUJARAT,Mahisagar,CYBRID INFRATECH PRIVATE LIMITED,DEEPAK@CYBRIDINFRA.COM,9925299942,0,0
GUJARAT,Mahisagar,CYBRIA SOLUTIONS,jagdish@cybriasolutions.com,9925026091,0,0
GUJARAT,Mahisagar,CTONE METAL INDUSTRIES,hasmukhjoshi82@gmail.com,9909517156,0,0
GUJARAT,Mahisagar,CRYSTASOL ENERGY SOLUTIONS PRIVATE LIMITED,n.s.pathak18@gmail.com,7069335544,0,0
GUJARAT,Mahisagar,CROMPTON GREAVES CONSUMER ELECTRICALS LIMITED,solar.rooftop@crompton.co.in,9599589665,0,0
GUJARAT,Mahisagar,CREST ENERGY SOLUTIONS,crestenergysolutions@gmail.com,9327415839,0,0
GUJARAT,Mahisagar,CREASUN ENERGY,creasunenergy25@gmail.com,9624120591,0,0
GUJARAT,Mahisagar,COSMIC SOLAR EPC PVT LTD,cosmicsolarepc@gmail.com,7984721299,0,0
GUJARAT,Mahisagar,COSMIC POWER TECH,cosmicpowertech@gmail.com,9313720672,0,0
GUJARAT,Mahisagar,COSMIC ENTERPRISE,cosmicenergy13.info@gmail.com,9429213406,0,0
GUJARAT,Mahisagar,CONVEX SOLAR,convexsolar92@gmail.com,9737710095,0,0
GUJARAT,Mahisagar,CONNECT POWER PRIVATE LIMITED,hannan@connect-power.in,9898195122,0,0
GUJARAT,Mahisagar,CONCEPT SOLAR ENERGY,conceptsolarenergy21@gmail.com,9662414865,0,0
GUJARAT,Mahisagar,COMPUTER SHOP,pradeep_deputy@yahoo.com,7043402514,0,0
GUJARAT,Mahisagar,COMPASS ENERGIES,abhishek@compassenergies.in,9974458840,0,0
GUJARAT,Mahisagar,COMET EVSOL,cometevsol@gmail.com,8780440726,0,0
GUJARAT,Mahisagar,CMPLUS QUALITY SERVICES PRIVATE LIMITED,chandramauli_india@yahoo.com,9868881112,0,0
GUJARAT,Mahisagar,CITIZEN SOLAR PVT. LTD.,tsjain@citizensolar.com,9825144499,0,0
GUJARAT,Mahisagar,CHUDASAMA TEMUBHA BALVANTSINH,adityasolar1987@gmail.com,8200459492,0,0
GUJARAT,Mahisagar,CHEMITEX EXPORTS PVT LTD,shrijichem@hotmail.com,9099940535,0,0
GUJARAT,Mahisagar,CHEHAR ENERGY,cheharenergy@gmail.com,9998077796,0,0
GUJARAT,Mahisagar,CHARLES SOLAR POWER ENERGY,charlessolarpowerenergy1990@gmail.com,7016170076,0,0
GUJARAT,Mahisagar,CHAMUNDA ELECTRICAL,chamundaelectrical1@gmail.coml,9723603864,0,0
GUJARAT,Mahisagar,CHALAKNESI ENERGY,CHALAKNESHIENERGY@GMAIL.COM,9408539887,0,0
GUJARAT,Mahisagar,CER ROOFTOP PVT LTD,susanta.hota@cer-inc.com,8586971731,0,0
GUJARAT,Mahisagar,CELESTIAL RENEWABLE ENERGY,celestialrenewableenergy@gmail.com,9099033033,0,0
GUJARAT,Mahisagar,CAPITAL WELDING,freexindia@gmail.com,9499602041,0,0
GUJARAT,Mahisagar,BURAK ENERGY,burakenergy7@gmail.com,9173110729,0,0
GUJARAT,Mahisagar,BSN ELECTRICS PRIVATE LIMITED,bsnelectrics162018@gmail.com,9925249658,0,0
GUJARAT,Mahisagar,BSAFAL RENEWABLE ENERGIES PVT LTD,nita.maru@bsrepl.com,9723706665,0,0
GUJARAT,Mahisagar,BRITI ENERGY,britienergy2021@gmail.com,8460227728,0,0
GUJARAT,Mahisagar,BRIHASPATHI TECHNOLOGIES PVT LTD,ramu@brihaspathi.com,9989999197,0,0
GUJARAT,Mahisagar,BRIGHT SUN SOLAR SOLUTIONS,brightsun2029@gmai.com,9033398401,0,0
GUJARAT,Mahisagar,BRAHMADIP ENTERPRISE,brahmadip.solar@yahoo.com,9427230047,0,0
GUJARAT,Mahisagar,BOND SOLAR,bondsolar9@gmail.com,9998118505,0,0
GUJARAT,Mahisagar,BLUTH SERVICES LLP,contact@bluthservices.com,8630697093,0,0
GUJARAT,Mahisagar,BK GROUP & ASSOCIATES,irfansama2704@gmail.com,9879933662,0,0
GUJARAT,Mahisagar,BILIPATRA ENTERPRISE,prajapatijalpesh24@gmail.com,9427928892,0,0
GUJARAT,Mahisagar,BHUMI POLYMERS PRIVATE LIMITED (FORMERLY KNOWN AS BHUMI POLYMERS PRIVATE LIMITES),solar@bhumipolymers.com,9099084938,0,0
GUJARAT,Mahisagar,BHUMI GREEN POWER,bhumigreenpower@gmail.com,9824956161,0,0
GUJARAT,Mahisagar,BHSQUARE SOLAR INSTALLATION SERVICES,harshwork2422@gmail.com,9909431526,0,0
GUJARAT,Mahisagar,BHAVYA ENTERPRISE,bhavyaenterprise19@gmail.com,9824089718,0,0
GUJARAT,Mahisagar,BHAVI URJA,bhaviurja@gmail.com,9377359007,0,0
GUJARAT,Mahisagar,BHAVI SOLAR AND ELECTRICALS,chaudharid04@gmail.com,9099754254,0,0
GUJARAT,Mahisagar,BHAVANI ELECTRICALS,beplpatan@gmail.com,9824014075,0,0
GUJARAT,Mahisagar,BHAUTIK ENGINEERING CO.,vegadabhautik2410@gmail.com,9825690528,0,0
GUJARAT,Mahisagar,BHASKAR SOLAR ENTERPRISE,info.bhaskarsolar@gmail.com,8980451231,0,0
GUJARAT,Mahisagar,BHASKAR RAY ENERGY,bhaskarray018@gmail.com,9426975552,0,0
GUJARAT,Mahisagar,BHARTI SOLAR,bhartisolar1@gmail.com,8160804583,0,0
GUJARAT,Mahisagar,BHANU PV SOLAR PVT LTD,bhanupvsolarpvtltd@gmail.com,9510398989,0,0
GUJARAT,Mahisagar,BHANU ENTERPRISES,akkothari1964@gmail.com,9263635946,0,0
GUJARAT,Mahisagar,BHAKTINANDAN POWER PVTLTD,bhaktinandanpower@gmail.com,9724031529,0,0
GUJARAT,Mahisagar,BHAGWATI ELECTRICALS,bhagwatielectricals99091@gmail.com,7990883575,0,0
GUJARAT,Mahisagar,BHAGVATI SOLAR POWER,info@bhagvatisolarpower.com,7770007502,0,0
GUJARAT,Mahisagar,BHAGAT SOLAR ENERGY,bhujbhagatsolarenergy@gmail.com,9930432027,0,0
GUJARAT,Mahisagar,BEYOND ENERGY,beyondenergy2025@gmail.com,8849608389,0,0
GUJARAT,Mahisagar,BESIGNATURE SOLAR ENERGY PVT.LTD,signaturesolar975@gmail.com,7265996001,0,0
GUJARAT,Mahisagar,BELIEVER RENEWAL ENERGY,bre.solar20@gmail.com,7434972242,0,0
GUJARAT,Mahisagar,BELIEVE TECH ENERGY SERVICES,infobtes@gmail.com,9499631316,0,0
GUJARAT,Mahisagar,BELIEF GREEN TECH PVT LTD,mandaviyakanji@gmail.com,6351555029,0,0
GUJARAT,Mahisagar,BELIANCE ENERGY INDIA PVT.LTD.,belianceenergy@gmail.com,8511651364,0,0
GUJARAT,Mahisagar,BEACON ELECTROTECH LLP,info@beaconelectrotech.com,8460314011,0,0
GUJARAT,Mahisagar,BAPA SITARAM RENEWABLE ENERGY,BSREVADODARA@GMAIL.COM,9925557878,0,0
GUJARAT,Mahisagar,BANSIDHAR SOLAR ENERGY,banshidharsolarenergy@gmail.com,9726035143,0,0
GUJARAT,Mahisagar,BANAS POWER,banaspower2020@gmail.com,9998418825,0,0
GUJARAT,Mahisagar,BALA SOLAR,balasolar@yahoo.com,9879188034,0,0
GUJARAT,Mahisagar,BAHUBALI CONSTRUCTION,pintudabhi626@gmail.com,8490005005,0,0
GUJARAT,Mahisagar,BACKBONE ELECTRICALS,backbone.electricals@gmail.com,6356044325,0,0
GUJARAT,Mahisagar,B-SOLAR CONSULTANT AND ENGINEER PVT LTD,md@bsolar.in,8000888019,0,0
GUJARAT,Mahisagar,AZOLE POWER,azolepower9998@gmail.com,9998743101,0,0
GUJARAT,Mahisagar,AYKKA TECHNOVISION PRIVATE LIMITED,aykka@outlook.in,9586508907,0,0
GUJARAT,Mahisagar,AYAN SOLAR ENERGY,ayansolar25@gmail.com,7623886775,0,0
GUJARAT,Mahisagar,AXIS ENERTECH,meet@axisenertech.com,9428028009,0,0
GUJARAT,Mahisagar,AWAAS SEWA PRIVATE LIMITED,ADMIN@AWAAS.IN,9099189893,0,0
GUJARAT,Mahisagar,AVIRAT ENERGY PVT LTD,aviratenergy@gmail.com,9697443344,0,0
GUJARAT,Mahisagar,AVINYA POWER SOLUTION,avinyapowersolution@gmail.com,9099317212,0,0
GUJARAT,Mahisagar,AVI APPLIANCES PVT. LTD.,design01@avi-products.com,9913759764,0,0
GUJARAT,Mahisagar,AVEE ENERGY,dhavalpatel1973@yahoo.in,9898233244,0,0
GUJARAT,Mahisagar,AVATAR SOLAR PVT LTD,bharat@avatarsolar.com,9687055273,0,0
GUJARAT,Mahisagar,AVANTA,info@avantasolar.com,9586355511,0,0
GUJARAT,Mahisagar,ATRI ENERGY,atrienergy@gmail.com,7622838008,0,0
GUJARAT,Mahisagar,ATLAS MATRIX PVT LTD,atlassolar01@gmail.com,9016955068,0,0
GUJARAT,Mahisagar,ATHARV ENERTECH,montu.dedakiya@gmail.com,9998943833,0,0
GUJARAT,Mahisagar,ASTHA SOLAR ENERGY,asthasolarenergy99@gmail.com,9586185066,0,0
GUJARAT,Mahisagar,ASTHA ENTERPRISE,asthaenterprise8010@gmail.com,9925668010,0,0
GUJARAT,Mahisagar,ASHISH ELECTROMECH,ashishelectromech@gmail.com,9426048587,0,0
GUJARAT,Mahisagar,ASHAPURA SOLAR POWER,ashapurasolarpower2025@gmail.com,7778095905,0,0
GUJARAT,Mahisagar,ARYA ELECTRICALS,arya.electricals2013@gmail.com,9428266003,0,0
GUJARAT,Mahisagar,ARRAYCOM INDIA LIMITED,solar@arraycom.co.in,9909941004,0,0
GUJARAT,Mahisagar,ARRAY ENERGY SOLUTION,ceo.arrayenergysolution@gmail.com,9979898440,0,0
GUJARAT,Mahisagar,ARKURJA INNOVATIONS PRIVATE LIMITED,arkurjarenewables@gmail.com,7383188631,0,0
GUJARAT,Mahisagar,ARKTEC RENEWABLE ENERGY LLP,arktecrenewableenergy@gmail.com,8160038659,0,0
GUJARAT,Mahisagar,ARKAY SOLAR ENERGY LLP,arkaysolar02@gmail.com,9737636600,0,0
GUJARAT,Mahisagar,ARKAY ICONIC PRIVATE LIMITED,arkaysolar@gmail.com,8401236600,0,0
GUJARAT,Mahisagar,ARK SOLAR ENERGY SOLUTIONS,arksolarenergy3@gmail.com,7874463444,0,0
GUJARAT,Mahisagar,ARJUN ENTERPRISE,arjunenter2013@gmail.com,8780886508,0,0
GUJARAT,Mahisagar,ARJAN SOLAR,info@arjansolar.com,9638064824,0,0
GUJARAT,Mahisagar,ARIHAA SOLAR PVT LTD,ashish.arihaasolar@gmail.com,9825877888,0,0
GUJARAT,Mahisagar,ARETE ELECTROPOWER PVT LTD,projects@arelectropower.com,9099940283,0,0
GUJARAT,Mahisagar,ARENA AUTOMATION,arenaautomationb@gmail.com,9904018887,0,0
GUJARAT,Mahisagar,ARBUDA SOLAR,manan.chaudhari@hotmail.com,9638732097,0,0
GUJARAT,Mahisagar,AQUILINE ENERGY SOLUTION,aquilineenergysolution@gmail.com,7016762587,0,0
GUJARAT,Mahisagar,AQUA AIR ENVIRONMENTAL ENGINEERS PVT LTD,aquasolarsurat@gmail.com,9898068808,0,0
GUJARAT,Mahisagar,APOLLO SOLAR POWER,dhavalsavani@icloud.com,9099006748,0,0
GUJARAT,Mahisagar,APOLLO GREEN ENEGRY,apollogreenenergy2024@gmail.com,9825249415,0,0
GUJARAT,Mahisagar,APN SOLAR ENERGY PVT LTD,nationalportal@apnsolar.com,9702034043,0,0
GUJARAT,Mahisagar,AONE RENEWABLE ENERGY,md.aonerenewableenergy@gmail.com,7435061657,0,0
GUJARAT,Mahisagar,ANUPAM SMART ENERGY SOLAR,anupamsmartenergy@gmail.com,9601719818,0,0
GUJARAT,Mahisagar,ANGEL SOLTECH,angelsoltech@gmail.com,8511029776,0,0
GUJARAT,Mahisagar,ANGEL PUMPS PVT.LTD.,solar1@pumpsangel.com,9904809409,0,0
GUJARAT,Mahisagar,ANANYA SOLAR ENTERPRISE,ananyasolarenterprise@gmail.com,9537638499,0,0
GUJARAT,Mahisagar,ANANYA RENEWABLE ENERGY LLP,energy.ananyarenewable@gmail.com,9327003360,0,0
GUJARAT,Mahisagar,ANANT SOLAR ENRGY,anantsolarenergy@gmail.com,9904198764,0,0
GUJARAT,Mahisagar,ANANT SOLAR,anantsolar4242@gmail.com,8401714242,0,0
GUJARAT,Mahisagar,ANANT ENERGY,anantenergy1910@gmai.com,9773476431,0,0
GUJARAT,Mahisagar,ANAND AND ANAND ASSOCIATES,yogeshanandk@gmail.com,9426546256,0,0
GUJARAT,Mahisagar,AMUL ENTERPRISE,amulenterprise92@gmail.com,9898618448,0,0
GUJARAT,Mahisagar,AMRUTAM RENEWABLE ENERGY,info@amrenergy.in,9016352248,0,0
GUJARAT,Mahisagar,AMRUT ENGINEERS,amrutengineersbhuj@gmail.com,9033492711,0,0
GUJARAT,Mahisagar,AMPLE SOLAR PVT LTD,ravi@amplesolar.in,9979792403,0,0
GUJARAT,Mahisagar,AMPLE ELECTRICAL SYSTEMS,ample.info.in@gmail.com,9924391221,0,0
GUJARAT,Mahisagar,AMPERE GREEN ENERGY,amperegreenenergy@gmail.com,9033116472,0,0
GUJARAT,Mahisagar,AMAR JYOT SPRAY PUMP,ajagriandsolar@gmail.com,9722227299,0,0
GUJARAT,Mahisagar,ALPHA ENTERPRISE,maulik.solar@gmail.com,9725957991,0,0
GUJARAT,Mahisagar,ALFA SOLAR ENERGY PVT. LTD.,alfaenergypvtltd24@gmail.com,9825374299,0,0
GUJARAT,Mahisagar,ALFA SOLAR ENERGY,alfasolarenergy2020@gmail.com,9825374250,0,0
GUJARAT,Mahisagar,AKUNTHA PROJECTS PVT LTD,ravi@akuntha.com,9426402423,0,0
GUJARAT,Mahisagar,AKSHAR SOLAR ENERGY,aksharsolarenergy@gmail.com,8200328133,0,0
GUJARAT,Mahisagar,AKHANDDEEP SOLAR SOLUTION,akhanddeepsolar@gmail.com,9978643099,0,0
GUJARAT,Mahisagar,AKHAND SHAKTI SOLAR,apparanjape@gmail.com,9427003484,0,0
GUJARAT,Mahisagar,AK GREEN ENERGY,akgreenenergy49@gmail.com,9974846833,0,0
GUJARAT,Mahisagar,AIRSUN SOLAR ENERGY LLP,jatin@airsunsolarenergy.in,8799571627,0,0
GUJARAT,Mahisagar,AHAD SOLARTECH,ahad.solartech@gmail.com,9724259440,0,0
GUJARAT,Mahisagar,AHAD ENERGY,info@ahadenergy.in,9737673768,0,0
GUJARAT,Mahisagar,AGARIA ENTERPRISE,mahammadikbalagariya@gmail.com,8200605756,0,0
GUJARAT,Mahisagar,AEW SMART SERVICES PVT. LTD.,netmetering@aewsmart.com,8851047092,0,0
GUJARAT,Mahisagar,AEROVOLT ENERGY PRIVATE LIMITED,aerovoltenergy@gmail.com,9558002201,0,0
GUJARAT,Mahisagar,ADVANCED ELETRICAL SOLUTIONS,info.aessolar@gmail.com,7574880300,0,0
GUJARAT,Mahisagar,ADVANCE SOLAR,advancesolar139@gmail.com,7698756075,0,0
GUJARAT,Mahisagar,ADVANCE ENERGY SOLUTION,info.advanceenergysolution@gmail.com,8799359849,0,0
GUJARAT,Mahisagar,ADITYAURJA,info.adityaurjasolar@gmail.com,7359935517,0,0
GUJARAT,Mahisagar,ADINSON ENERGY LLP,adinsonenergy2022@gmail.com,9724272728,0,0
GUJARAT,Mahisagar,ACTIVE POWER INFRA,activepowerinfra@gmail.com,7228828738,0,0
GUJARAT,Mahisagar,ACHYUT ENERGY,achyutenergy@gmail.com,9275382879,0,0
GUJARAT,Mahisagar,ACCURATE INFOTECH,accurateinfotech1@gmail.com,8866445623,0,0
GUJARAT,Mahisagar,ACCLIMATE SYSTEMS PRIVATE LIMITED,acclimatesystem@gmail.com,7878538141,0,0
GUJARAT,Mahisagar,ABHISHEK ENTERPRISES,abhishek.avarani@gmail.com,9727713162,0,0
GUJARAT,Mahisagar,AATREY SOLUTIONS,aatreysolutions@gmail.com,7698120241,0,0
GUJARAT,Mahisagar,AATREY ASSOCIATES PRIVATE LIMITED,aatreyassociates@gmail.com,9824089144,0,0
GUJARAT,Mahisagar,AASHA SOLAR ENERGY,aashasolarenergy1@gmail.com,7016775306,0,0
GUJARAT,Mahisagar,AARUSH ENTERPRISE,info@aarushsolar.com,9724302078,0,0
GUJARAT,Mahisagar,AARU SOLAR PRIVATE LIMITED,sharad.aarusolar@gmail.com,9427954432,0,0
GUJARAT,Mahisagar,AARSUN ENERGY SOLUTIONS,aarsunenergy@gmail.com,8200328869,0,0
GUJARAT,Mahisagar,AAROHI SOLAR ENERGY,pram8384@gmail.com,8347341291,0,0
GUJARAT,Mahisagar,AARKA SOLAR AND AUTOMATION,aarkasolarandautomation@gmail.com,8511330941,0,0
GUJARAT,Mahisagar,AARISH POWER,harshpatel5268@gmail.com,7600621060,0,0
GUJARAT,Mahisagar,AARAMBH RENEWABLE,aarambhrenewable@gamil.com,8487861888,0,0
GUJARAT,Mahisagar,AANJNEY ENTERPRISE,aanjneysolar@gmail.com,6353161531,0,0
GUJARAT,Mahisagar,AANGI SOLAR,aangisolar@gmail.com,8000848307,0,0
GUJARAT,Mahisagar,AAMOKSH ELECTRICALS PRIVATE LIMITED,hardik.pandya4166@gmail.com,9998367462,0,0
GUJARAT,Mahisagar,AAKASH ENTERPRISES,Enterprise.aakash2010@gmail.com,8735074986,0,0
GUJARAT,Mahisagar,AAJIVAN SOLAR POWER,aajivansolarpower@gmail.com,9106798337,0,0
GUJARAT,Mahisagar,AAJEY ENTERPRISE,aajeyenterprise@gmail.com,9274901971,0,0
GUJARAT,Mahisagar,AADITYA SOLAR,adityasolarnarmada@gmail.com,9265740687,0,0
GUJARAT,Mahisagar,AADHYA SOLAR,jalpam.aadhyasolar@gmail.com,9426624423,0,0
GUJARAT,Mahisagar,AA SOLAR,enquiry.aasolar@gmail.com,7984392322,0,0
GUJARAT,Mahisagar,A S RENEWABLE ENERGY PRIVATE LIMITED,info@asre.co.in,9067207226,0,0
GUJARAT,Mahisagar,A J INFRATECH AND SOLAR,aryanpatelvisnagar@gmail.com,9429083193,0,0
GUJARAT,Mahisagar,A D ENERGY SOLUTIONS,adenergysolutions64@gmail.com,9924503387,0,0
GUJARAT,Mahisagar,7 STAR SOLAR ENERGY,7STAR51751@GMAIL.COM,9624899019,0,0
GUJARAT,Mahisagar,5 RAYS ENERGY,5raysenergy@gmail.com,9979595404,0,0
GUJARAT,Mahisagar,4THVED AGROTECH,4thvedagro@gmail.com,9377126082,0,0
GUJARAT,Mahisagar,4SUN POWER,4sunpower.ahd@gmail.com,8000859548,0,0
GUJARAT,Mahisagar,24R ENERGY,abhinav.24renergy@gmail.com,9898881359,0,0
