state,district,company_name,contact_name,emails,contact_numbers,total_installed_capacity_kwp,no_of_installations
GUJARAT,Ahmedabad,SOLARIUM GREEN ENERGY LIMITED,Solarium,np@solariumenergy.in,9687133338,7740,1942
GUJARAT,Ahmedabad,SOLAR ACE,Solar Ace,project.solarace@gmail.com,9909037803,6159,1556
GUJARAT,Ahmedabad,AUSTRALIAN PREMIUM SOLAR INDIA PVT LTD,EXECUTIVE,systems@australianpremiumsolar.co.in,7966006600,4457,1185
GUJARAT,Ahmedabad,KSQUARE ENERGY PVT LTD,Mr. Vishal Punia,projects@ksquareenergy.com,9725218150,3771,959
GUJARAT,Ahmedabad,SURYA SOLAR AND WATERS,SURYA POWER,rooftop@suryasolarwaters.com,9033266039,3964,953
GUJARAT,Ahmedabad,SANELITE SOLAR PVT LTD,SANELITE SOLAR PVT LTD,bhavesh.modi@sanelitesolar.com,9374021722,3175,841
GUJARAT,Ahmedabad,YUVAAN ENERGY PRIVATE LIMITED,JAY BHATT,sales@yuvaanenergy.com,9825045890,3342,779
GUJARAT,Ahmedabad,AMPERE GREEN ENERGY,MIT KAVATHIYA,amperegreenenergy@gmail.com,9033116472,2849,773
GUJARAT,Ahmedabad,SOLIS ENERGY SYSTEM,BHARGAV A PANENIYA,bhargavpaneliya@solisenergysystem.com,9601270077,2553,771
GUJARAT,Ahmedabad,HITECH SOLAR,JAYESH BALDHA,jayesh@hitechsolar.in,7600059073,2846,760
GUJARAT,Ahmedabad,JANSA SOLAR SOLUTIONS PVT LTD,NIMIT GUPTA,jansa@kalptaru.co.in,9998000769,2876,730
GUJARAT,Ahmedabad,GRACE RENEWABLE ENERGY PVT LTD,MANISH BAGDIA,project1@gracerenew.com,7573027788,3079,723
GUJARAT,Ahmedabad,AILIS ENERGY PRIVATE LIMITED,MEHUL PRAJAPATI,suryagujarat@ailisenergy.com,8401541048,2873,697
GUJARAT,Ahmedabad,VIDE ENERGY,VIRANG PATEL,ankita.videenergy@gmail.com,9712668268,2737,655
GUJARAT,Ahmedabad,SOLARSQUARE ENERGY PRIVATE LIMITED,SolarSquare,nationalportal@solarsquare.in,9830003000,2670,632
GUJARAT,Ahmedabad,SPARCO MULTIPLAST PVT LTD,JEET SHAH,info@sparcoenergy.com,9409269062,2101,630
GUJARAT,Ahmedabad,ZODIAC ENERGY LIMITED,KARTIK PATEL,info@zodiacenergy.com,7861852582,2706,626
GUJARAT,Ahmedabad,RK SUN POWER LLP,MR PARTH MADAAN,rksunpowertrading@gmail.com,9913785000,2513,617
GUJARAT,Ahmedabad,AHMEDABAD SOLAR,RAVI CHAUDHARY,ravichaudhary1403@gmail.com,9512365653,2683,612
GUJARAT,Ahmedabad,EVERGREEN RENEWABLE TECHNOLOGIES,ASHISHKUMAR VASANTBHAI PANCHAL,ashishpanchal888@gmail.com,7359743295,2059,603
GUJARAT,Ahmedabad,ICON ENERGY,HARSH PATEL,info@iconenergy.in,9909999162,2057,602
GUJARAT,Ahmedabad,NEOCENT SOLAR SYSTEM LLP,MAYANK PATEL,m.neocent@gmail.com,9974710486,2045,572
GUJARAT,Ahmedabad,IMPERIUM POWERTECH,VANRAJ KOTHIWAL,imperiumtender@gmail.com,9054457166,1906,554
GUJARAT,Ahmedabad,SOLARATIVE ENERGY SOLUTION,ASHIK SHAH,pavan.solarative@gmail.com,9327151411,2018,545
GUJARAT,Ahmedabad,SOLAR SUNPOWER,NUMBER(S),solarsunpower2020@gmail.com,8238835771,1496,465
GUJARAT,Ahmedabad,ASV ENERGY SOLUTIONS,Vikas Singhal,vikas30.asv@gmail.com,7879064335,1695,462
GUJARAT,Ahmedabad,ECOWATT ENERGY,NUMBER(S),ecowattenergy18@gmail.com,9978638437,1599,459
GUJARAT,Ahmedabad,ADINSON ENERGY LLP,SAGAR PANELIYA,adinsonenergy2022@gmail.com,9724272728,1710,453
GUJARAT,Ahmedabad,SUNBOOST PRIVATE LTD,PIYUSH KUMAR NATVARLAL PATEL,info@sunboostenergy.com,9104227788,1782,443
GUJARAT,Ahmedabad,SOLAR CLEAN ENERGY,NIKUNJ AMRUTLAL PRAJAPATI,socleanenergy@gmail.com,6354418196,1863,433
GUJARAT,Ahmedabad,SURYAKAMAL INFRA PVT.LTD.,Suryakamalinfra,sales@suryakamalinfra.com,9727756866,1426,432
GUJARAT,Ahmedabad,SOLAR SMART PVT LTD,SOLAR SMART NP,solarsmart2021@gmail.com,7284000580,1630,431
GUJARAT,Ahmedabad,GREEN POWER SOLUTION,HARDIK P DARJI,darjihardik777@gmail.com,8141216635,1504,426
GUJARAT,Ahmedabad,PRIDE SOLAR ENERGY LLP,URVIL V SHELADIA,Pridesolarenergyllp@outlook.com,9664975264,1477,420
GUJARAT,Ahmedabad,P AND N ENGINEERING AND MARKETING,PANDN ENGINEERING,pandnsolarenergy@gmail.com,7622023251,1414,406
GUJARAT,Ahmedabad,SN GROUP OF COMPANY,TUSHAR BABUBHAI RIBADIYA,sngroupofcompany2022@gmail.com,9725324439,1348,403
GUJARAT,Ahmedabad,RADHE ELECTRICAL,Sanjay Patel,radheelectrical24@gmail.com,9601294783,1383,385
GUJARAT,Ahmedabad,AIRSUN SOLAR ENERGY LLP,JATIN PRAJAPATI,jatin@airsunsolarenergy.in,8799571627,1143,376
GUJARAT,Ahmedabad,ADVANCED ELETRICAL SOLUTIONS,DHRUV SHAH,info.aessolar@gmail.com,7574880300,1521,372
GUJARAT,Ahmedabad,EURO SOLAR SYSTEM,DARSHAN PATEL,eurosolarsystem@gmail.com,6351892467,1446,368
GUJARAT,Ahmedabad,GROWTH POWER,ANKIT DHANANI,solar@growthpower.co.in,9724959244,1249,357
GUJARAT,Ahmedabad,J S COMPANY,J S COMPANY,jscompany9@gmail.com,7990307424,1365,343
GUJARAT,Ahmedabad,GROW EARTH RENEWABLE TECHNOLOGIES,DIVYESH D RAJPUT,divyesh@growearthsolar.com,9104495364,1331,342
GUJARAT,Ahmedabad,HELIOSNATURAL RENEWTECH PRIVATE LIMITED,VISHAL KADIA,marketing@heliosnatural.com,7600052305,1273,334
GUJARAT,Ahmedabad,GURUKRUPA SOLAR AND AGRO INDUSTRIES,VISHAL PRAJAPATI,vishal@vishal-group.com,9328854525,1302,321
GUJARAT,Ahmedabad,CEYONE SOLAR,PARIMAL HIRPARA,ceyonesolar@gmail.com,7567091000,1176,311
GUJARAT,Ahmedabad,GEETANJALI INDUSTRIES,JIGAR PANCHAL,jaskoenergy@gmail.com,8866200620,1339,303
GUJARAT,Ahmedabad,D R ENTERPRISE,HARDIK RAMANBHAI PATEL,DRENTERPRISE3029@GMAIL.COM,7990689506,1197,297
GUJARAT,Ahmedabad,ANUPAM SMART ENERGY SOLAR,RAMANI KAUSHIK MANUBHAI,anupamsmartenergy@gmail.com,9601719818,1172,293
GUJARAT,Ahmedabad,PRISHA CORPORATION,BHAUMIK PATEL,prishacorporation183@gmail.com,9825505023,1168,291
GUJARAT,Ahmedabad,DIMAN SOLAR PVT LTD (FORMERLY KNOWN AS DIMAN OVERSEAS PVT LTD),VISHAL UNADKAT,info@dimansolar.com,9909928959,1159,291
GUJARAT,Ahmedabad,VISWAN ENERGY SOLUTIONS,SHREEDUTT DHANALIYA,viswanenergy@gmail.com,8866641649,1202,286
GUJARAT,Ahmedabad,SHREEMAD ENGINEERS,PATEL BHAVIN KUMAR,shreemadbg@gmail.com,9913721961,1094,282
GUJARAT,Ahmedabad,PDF ENGINEERS PRIVATE LIMITED,JAY VAGHELA,project2.pepl@gmail.com,8803910391,1135,266
GUJARAT,Ahmedabad,TROM INDUSTRIES LIMITED,KETUL PANCHASARA,marketing@tromsolar.in,9081017444,1046,265
GUJARAT,Ahmedabad,SUNSAI SOLAR SYSTEMS,KALPESH BAROT,solar@sunsai.co.in,9925808788,787,265
GUJARAT,Ahmedabad,SKY WINGS SOLAR ENERGY,NISHIT PATEL,skywingssolar@gmail.com,9974839830,1081,256
GUJARAT,Ahmedabad,MANYAH ENERGY PVTLTD,VIDHYUT PATEL,manyahenergy@gmail.com,9925065224,928,254
GUJARAT,Ahmedabad,GARUDA POWER,DHAVALSINH KHATANA,garudapower26@gmail.com,9016555765,1031,252
GUJARAT,Ahmedabad,MARUTI ENTERPRISE,BHAUTIK PRINCE,maruti.enterprise0915@hotmail.com,8866239646,931,251
GUJARAT,Ahmedabad,N J ENERGY,Nehalkumar Panchal,nj.energy9@gmail.com,7487022943,791,247
GUJARAT,Ahmedabad,TECHNO ENERGY SOLUTIONS,NIRAV PATEL,tes010421@gmail.com,9725022866,981,245
GUJARAT,Ahmedabad,PAHAL SOLAR EPC LLP,AVINASH SHINGALA,avinash@pahalsolar.com,9512323223,939,244
GUJARAT,Ahmedabad,INFINITY RENEWABLE ENERGY,PATEL ANANDKUMAR VIJAYBHAI,anand.infinityrenewableenergy@gmail.com,9913784000,1026,244
GUJARAT,Ahmedabad,HYSUN SOLAR PRIVATE LIMITED,OMRAM PRAJAPATI,prajapatiomaram62@gmail.com,7573999961,659,244
GUJARAT,Ahmedabad,ISHITA ENGINEERING,PATEL NIKUNJKUMAR RAJENDRABHAI,ishitaengineering13@gmail.com,8866649177,906,241
GUJARAT,Ahmedabad,EURO PREMIUM SOLAR SYSTEM (INDIA) PRIVATE LIMITED,EURO PREMIUM SOLAR,info@europremiumsolar.com,7622023253,789,231
GUJARAT,Ahmedabad,SAMPTEL ENERGY PRIVATE LIMITED,Sharadkumar Dhameliya,project@samptelenergy.com,9727755187,822,227
GUJARAT,Ahmedabad,SHIVAY SOLAR ENERGY PRIVATE LIMITED,SANJAY PRAJAPATI,sanjay1482@gmail.com,7490013700,924,221
GUJARAT,Ahmedabad,PV RAYS ENERGY,PRADIP RAKHASIYA,pvraysenergy@gmail.com,9898097222,613,216
GUJARAT,Ahmedabad,AARUSH ENTERPRISE,PARTH THUMMAR,info@aarushsolar.com,9724302078,839,216
GUJARAT,Ahmedabad,QORX ENERGY,BHAVESH GOSWAMI,qorxenergy1366@gmail.com,9904000629,868,212
GUJARAT,Ahmedabad,H.K ENERGY,HARDIK KACHHIA,hkenergy001@gmail.com,9586401312,887,210
GUJARAT,Ahmedabad,APEX RENEWABLE ENERGY,HEMAL PATEL,apexenergy95@gmail.com,9737972543,830,209
GUJARAT,Ahmedabad,SOLEOS GREEN ENERGY PRIVATE LIMITED,Parth Rangholia,pruthvi@soleos.in,9512448900,820,207
GUJARAT,Ahmedabad,VIRTA ENTERPRISE,HARISHCHANDRA KUMAR K RATHAVI,INFO.VIRTAENTERPRISE@GMAIL.COM,7698432673,840,204
GUJARAT,Ahmedabad,PRACHI GREEN GREEN ENERGY PVT LTD,NUMBER(S),prachigreenenergy@gmail.com,9737830854,936,204
GUJARAT,Ahmedabad,SOLAR TECH WORLD,MANISH SITLANI,support@solartechworld.com,8460728007,743,201
GUJARAT,Ahmedabad,PERFECT RENEWTECH PRIVATE LIMITED,info@perfectrenewtech.com,info@perfectrenewtech.com,9965200700,844,201
GUJARAT,Ahmedabad,EXCEL ELECTRICAL INFRA,DWARKESH CHHABHAYA,info@excelelectricalinfra.com,8866900379,746,199
GUJARAT,Ahmedabad,SOHAM SOLAR SOLUTION,MRUNAL DOSHI,sohamsolarsolution@yahoo.com,9601751327,842,198
GUJARAT,Ahmedabad,HEER SOLAR ENERGY,CHINTAN PATEL,heersolarenergy@gmail.com,9427063399,677,198
GUJARAT,Ahmedabad,RADHASWAMI CORPOPRATION,MINESH PATEL,radhaswamicorporation1@gmail.com,9687607072,732,192
GUJARAT,Ahmedabad,PHOENIX CREATIONS LIMITED,VISHAL PATEL,phoenixcreations2011@gmail.com,9978578599,764,185
GUJARAT,Ahmedabad,STAR ENERGY SYSTEMS,SACHIN R SHAH,starenergyindia@gmail.com,9825014314,752,183
GUJARAT,Ahmedabad,MEKTECH SOLUTION,CHAHIL SAPKAL,mektechsolution@gmail.com,7984595405,694,183
GUJARAT,Ahmedabad,SAUR SOLAR SOLUTION LLP,PIYUSH PATEL,piyushpatel1974@gmail.com,9909417258,657,180
GUJARAT,Ahmedabad,B-SOLAR CONSULTANT AND ENGINEER PVT LTD,ANIL GUPTA,md@bsolar.in,8000888019,691,180
GUJARAT,Ahmedabad,OCEAN POWER TECHNOLOGIES,HENIL DALSANIYA,ocean.powertech19@gmail.com,9924065610,792,179
GUJARAT,Ahmedabad,RADIANT GREEN SOLUTIONS,MANTHAN DAVDA,davda.manthan@yahoo.in,9978911803,732,177
GUJARAT,Ahmedabad,EMDERS ENTERPRISE,AJAY D PANCHAL,info.emders@gmail.com,7016614013,815,174
GUJARAT,Ahmedabad,INSTANT TECHNOLOGY,JAYDIPSINH GOHIL,info@instantgroup.live,8200782232,583,170
GUJARAT,Ahmedabad,GREEN SOLAR ENERGY ENTERPRISES,VIPULKUMAR PATEL,greensolar.ahmedabad@gmail.com,9712909823,669,169
GUJARAT,Ahmedabad,SOHAM TECHNO SOLUTIONS,SOHAM PATEL,stssolar.document@gmail.com,9274349757,637,167
GUJARAT,Ahmedabad,FARMSON ENERGY,MAULIK PATEL,info.pv@farmsonsolar.com,9687692733,701,165
GUJARAT,Ahmedabad,ELIOS ENERGY,SAGAR RAVAL,info@eliosenergy.co.in,7016192219,543,164
GUJARAT,Ahmedabad,GREEN EVER SYSTEMS PRIVATE LIMITED,ADIT SHAH,greeneversystems@gmail.com,8866167111,606,162
GUJARAT,Ahmedabad,U R ENERGY INDIA PVT LTD,Mr. ALPESH DESAI,india@urenergyglobal.com,9512040442,726,161
GUJARAT,Ahmedabad,ERA ENVIRO SOLUTIONS,APARNATHI CHANDUGIRI,info.eraenviro@gmail.com,9227849825,405,160
GUJARAT,Ahmedabad,AARU SOLAR PRIVATE LIMITED,Sharad Jani,sharad.aarusolar@gmail.com,9427954432,593,157
GUJARAT,Ahmedabad,SOR ENTERPRISE,HIREN VAGHASIYA,sorsolar@yahoo.com,9824428293,627,156
GUJARAT,Ahmedabad,JANETA SOLAR,NUMBER(S),info.janetasolar90@gmail.com,8734829145,607,156
GUJARAT,Ahmedabad,ENERSOL SOLUTIONS LLP,ENERSOL SOLUTIONS LLP,karan@enersol.co.in,7069555533,571,156
GUJARAT,Ahmedabad,DEVASYAM ENTERPRISE LLP,ABHISHEK PATEL,abpatel4318@gmail.com,9106684467,563,156
GUJARAT,Ahmedabad,SUNFLARE SOLUTIONS AND SERVICES PVT LTD,APURVA GANDHI,info@sunflaresns.com,9998430407,650,154
GUJARAT,Ahmedabad,APS ROOFTOP SOLAR PRIVATE LIMITED,EXECUTIVE,info@apsrooftopsolar.co.in,7966009900,620,152
GUJARAT,Ahmedabad,KAGI RENEWABLE ENERGY,JIGAR RAJ,info.kagirenew@gmail.com,8401935902,607,151
GUJARAT,Ahmedabad,ARENA AUTOMATION,BRIJESH PATEL,arenaautomationb@gmail.com,9904018887,710,151
GUJARAT,Ahmedabad,RAYS RENEWABLE ENERGY,KINJALBEN NAYEE,raysrenewableenergy@gmail.com,7069175139,598,150
GUJARAT,Ahmedabad,ADVANCE SOLAR,HIRALBEN PARASBHAI VADACHHAK,advancesolar139@gmail.com,7698756075,533,145
GUJARAT,Ahmedabad,SUNFRAA RENEWABLES LLP,ESHAN CHOLIYA,partner@sunfraa.com,6354296570,549,144
GUJARAT,Ahmedabad,DAY LIGHT SOLAR ENRGY,MITESH KUMAR NAVINCHANDRA PATEL,daylightsolarahm@gmail.com,8401605515,550,144
GUJARAT,Ahmedabad,SHREEJI ELECTRICAL - ISANPUR,Jeet Shah,shreejielec312@yahoo.com,9408197081,616,143
GUJARAT,Ahmedabad,SHIVAM PHOTOVOLTICS PVT LTD,HARSHAD RAIYA,tenders@spvpl.com,9426023829,589,143
GUJARAT,Ahmedabad,SMIT ENGINEERING SOLUTION,MADHUR PATEL,smitengineering10@gmail.com,9033381684,610,141
GUJARAT,Ahmedabad,ASCENT ENERGY,BHAVIN KAKA,ascentenergys@gmail.com,8799447675,525,138
GUJARAT,Ahmedabad,PROMECH SOLAR ENERGY,KARTIK PATEL,promechsolarenergy@gmail.com,9662026679,446,137
GUJARAT,Ahmedabad,GREEN WATT ENERGY,BHAUTIK KARKAR,info@greenwattenergy.co.in,9913853055,491,136
GUJARAT,Ahmedabad,RARA-AVIS RENEWABLE ENERGY PRIVATE LIMITED,SANDIP PATEL,info@raraavisenergy.com,7043374434,575,135
GUJARAT,Ahmedabad,UTSAV ELECTRICALS,SAGAR PRAKASHBHAI PRAJAPATI,info.utsavelectricals@gmail.com,9106623744,538,132
GUJARAT,Ahmedabad,SUNRAISE INDUSTRIES,NAVNEET SHELADIYA,info@sunraiseindustries.com,9722106810,507,131
GUJARAT,Ahmedabad,CELESTIAL RENEWABLE ENERGY,HEMANTBHAI PATEL,celestialrenewableenergy@gmail.com,9099033033,483,131
GUJARAT,Ahmedabad,PV RENEWABLES,Keyur Dudhat,keyurdudhat871@gmail.com,9714872871,407,129
GUJARAT,Ahmedabad,MARUTI ELECTRICALS,LOVE K PATEL,info.maruti16@yahoo.com,9727474683,519,129
GUJARAT,Ahmedabad,NIDHI ELECTRICALS,UMANG THAKKAR,thakkarumang82@gmail.com,9409322020,395,128
GUJARAT,Ahmedabad,KP GREEN ENERGY,SHASHEEKANT AGNIHOTRI,kpgreenenergy46@gmail.com,7048370774,560,128
GUJARAT,Ahmedabad,SHAURYAM ENTERPRISE,NUMBER(S),shauryamsolarenterprise@gmail.com,9173645491,516,127
GUJARAT,Ahmedabad,MAXIM ENERGY,PARTH HIRAPARA,maximenergy21@gmail.com,9265123804,430,127
GUJARAT,Ahmedabad,ENERZYTECH INDUSTRIES PRIVATE LIMITED,deep.bhojani@enerzytech.com,deep.bhojani@enerzytech.com,9727139999,563,126
GUJARAT,Ahmedabad,SHIVHARDHA SHD PROJECTS,DHARABEN H PATEL,shivhardha@gmail.com,9898692603,490,125
GUJARAT,Ahmedabad,DELUXE ENTERPRISE,Gopal Patel,infodeluxeenterprise@gmail.com,9429040663,497,125
GUJARAT,Ahmedabad,GEER AGRO WORKS,MAYANK PATEL,geeragro@gmail.com,9898799789,425,123
GUJARAT,Ahmedabad,VEE SECURE,VRAJESH SHARMA,veesecure.in@gmail.com,9825070982,444,122
GUJARAT,Ahmedabad,SURYA ENTERPRISE,KULDIP A. DODIYA,suryaenterprise8324@gmail.com,9687975891,469,122
GUJARAT,Ahmedabad,SUNSPOT ENERGY LLP,TARVINDERSINGH HARBHAJANSINGH RAKKAD,info.sunspotenergy@gmail.com,8866110577,482,122
GUJARAT,Ahmedabad,SOLAR GREEN DEVELOPERS,PARTH PATEL,solargreendevelopers@gmail.com,9924507751,435,122
GUJARAT,Ahmedabad,SAURASHTRA SOLAR SERVICES LLP,CHAUHAN MAHESH SUDHIRBHAI,SaurashtraSolar.Gujrat@gmail.com,9925448033,461,122
GUJARAT,Ahmedabad,BENCHMARK AGENCIES PRIVATE LIMITED,TARANG MEHTA,tarang@benchmarkagencies.com,8200267346,439,122
GUJARAT,Ahmedabad,EVOTAR TECHNOLOGIES PRIVATE LIMITED,YASH BHATT,info@evotartech.com,6358999573,502,119
GUJARAT,Ahmedabad,NAVKAR POWER SOLUTIONS,MERUP SHAH,contact@navkarpower.co.in,9879613334,430,115
GUJARAT,Ahmedabad,SUNPRIDE ENERGY,CHIRAG PATEL,chiragpatel2592@gmail.com,9726880980,491,112
GUJARAT,Ahmedabad,KOTSON PROJECTS PRIVATE LIMITED,KRUNAL PANCHAL,kotsonprojects@gmail.com,9978909595,485,112
GUJARAT,Ahmedabad,DGR ENERGY PRIVATE LIMITED,Jigar Shukla,dgrenergygroup@gmail.com,8128603082,488,112
GUJARAT,Ahmedabad,SOLAR EARTH,HARDIK PATEL,solarearth7@gmail.com,7990378370,370,109
GUJARAT,Ahmedabad,MATRIX ENTERPRISE,JAYABEN D PATEL,matrixsolar41@gmail.com,8905314234,390,107
GUJARAT,Ahmedabad,VOLTEX SOLUTION,Manan Ghia,info.voltexsolution@gmail.com,9104629229,406,106
GUJARAT,Ahmedabad,VIDHYUT SOLAR,Darshan Dhola,vidhyutsolarenergy@gmail.com,8347838900,337,106
GUJARAT,Ahmedabad,TROPICAL SOLAR ENERGY PRIVATE LIMITED,AKSHAY PATEL,connect@tropicalsolar.in,8160023355,493,106
GUJARAT,Ahmedabad,UMA SOLAR,HARSHIL BABUBHAI PATEL,umasolar1995@gmail.com,9924491881,360,105
GUJARAT,Ahmedabad,KRISHA SOLAR & AGRO INDUSTRIES,Nipesh Dabhi,krishasolarandagro21@gmail.com,9574856582,409,103
GUJARAT,Ahmedabad,HELIOS SELENE,KISHAN SHUKLA,sales@heliosselene.in,7600132252,375,103
GUJARAT,Ahmedabad,GREENBRILLIANCE RENEWABLE ENERGY LLP,NUMBER(S),jay.patel@gbreenergy.com,9879611302,322,103
GUJARAT,Ahmedabad,BONS LIGHT PVT LTD,DHAVAL PATEL,info@bonslight.com,8155054410,336,101
GUJARAT,Ahmedabad,AMPLE SOLAR PVT LTD,Ravi,ravi@amplesolar.in,9979792403,404,101
GUJARAT,Ahmedabad,CYBRID INFRATECH PRIVATE LIMITED,DEEPAK S PANELIYA,DEEPAK@CYBRIDINFRA.COM,9925299942,367,100
GUJARAT,Ahmedabad,UMIYA ENTERPRISE - NARODA,Bhavin Patel,umiyaenterprise1981@gmail.com,9725033295,399,99
GUJARAT,Ahmedabad,SOLAR EARTH RENEWABLES PRIVATE LIMITED,HARDIKKUMAR VIJAYBHAI PATEL,ser@solarearth.in,7990378370,378,99
GUJARAT,Ahmedabad,SATYASARA ENERGY PRIVATE LIMITED,VISHAL PATEL,satyasaraenergy@gmail.com,9909365808,350,99
GUJARAT,Ahmedabad,EVITUS ENERGY SOLUTIONS,ASHVIN HADIYAL,evitusenergysolutions@gmail.com,8156006133,360,99
GUJARAT,Ahmedabad,ETECH ENERGY,KALPESHBHAI,admin@etechenergy.com,9328509877,322,99
GUJARAT,Ahmedabad,MAHISAGAR SOLAR ENERGY,NAITIK PANCHAL,mahisagarsolarenergy23@gmail.com,8200154972,384,97
GUJARAT,Ahmedabad,SHREEJI MARKETING - TALOD,RASHMIKANT TRIVEDI,rajuksales@gmail.com,9974612008,384,96
GUJARAT,Ahmedabad,CELESTRA SOLAR PVT LTD,DIXAN PANCHAL,info@celestrasolar.com,9998805002,423,96
GUJARAT,Ahmedabad,ARETE ELECTROPOWER PVT LTD,DEEP SHAH,projects@arelectropower.com,9099940283,433,96
GUJARAT,Ahmedabad,ZEEPO ELECTRICAL SERVICES PRIVATE LIMITED,VIRAL PURANDAS DUDHREJIYA,zeepoelectricalservices@gmail.com,9664823942,361,95
GUJARAT,Ahmedabad,INFINITY SOLAR - RAJKOT,chintan padaliya,infinitysolar2022@gmail.com,7201070799,347,95
GUJARAT,Ahmedabad,ANTARES TECHNOLOGY,RAVI DARJI,ravi@antarestechnology.in,8866515373,389,95
GUJARAT,Ahmedabad,MEENA SOLAR,RIPAL SONPAL,ripalsonpal@gmail.com,8408944904,357,91
GUJARAT,Ahmedabad,SUNARC ELECTRICALS,DHARMIK JOSHI,sunarcelectricals@gmail.com,9687025729,388,90
GUJARAT,Ahmedabad,GREENCUBE ENERGIES PRIVATE LIMITED,NIRANKUSH PRASAD,nirankush@gcepl.in,9106836019,390,90
GUJARAT,Ahmedabad,R K ENTERPRICE,RAVI JAYSWAL,jayswal.ravi@ymail.com,9722252875,360,89
GUJARAT,Ahmedabad,INFINITE ENERGY ANS TECHNOLOGY,Kamlesh Mistry,planning@infiniteenergy.co.in,9099971778,420,89
GUJARAT,Ahmedabad,GRIDSOL ENERGY,PATEL AKASH PANKAJKUMAR,GRIDSOLENERGY@GMAIL.COM,9724634747,394,89
GUJARAT,Ahmedabad,AAJEY ENTERPRISE,PRUTHVIRAJ THAKOR,aajeyenterprise@gmail.com,9274901971,361,89
GUJARAT,Ahmedabad,MAXIFLUENCE TECHNOVATE LLP,AALAP RANPURA,info@maxifluencetechnovate.com,9662298809,354,88
GUJARAT,Ahmedabad,GROWSUN RENEWABLE LLP,GROWSUN RENEWABLE LLP,info.growsunrenewablellp@gmail.com,9925590193,345,88
GUJARAT,Ahmedabad,GREEN ARTH,AKASH VYAS,info@greenarth.co.in,8780623141,344,88
GUJARAT,Ahmedabad,HET CONSULTANCY,SAUNAK PATEL,hetconsultancy01@gmail.com,9586618784,392,87
GUJARAT,Ahmedabad,GREEN SUN ENERGY,RAJESH GANDHI,teamgreensun@gmail.com,9274525232,393,86
GUJARAT,Ahmedabad,AEROVOLT ENERGY PRIVATE LIMITED,Aerovolt Energy,aerovoltenergy@gmail.com,9558002201,265,86
GUJARAT,Ahmedabad,4SUN POWER,PRAVIN GOSWAMI,4sunpower.ahd@gmail.com,8000859548,330,86
GUJARAT,Ahmedabad,SOLAR CLEAN ENERGY LIMITED,NIKUNJ AMRUTLAL PRAJAPATI,socleanenergy@gmail.com,9712666866,322,85
GUJARAT,Ahmedabad,PLUGIN ELECTRICAL,MIT PATEL,info@pluginelectrical.in,9512020316,304,84
GUJARAT,Ahmedabad,SUNSAFE INFRA SERVICES,Ronak Jam,INFO@SUNSAFE.IN,9033673308,344,82
GUJARAT,Ahmedabad,SUKOON POWER TECHNOLOGY,KAUSHAL P,sukoonpowertech@gmail.com,9712946594,379,82
GUJARAT,Ahmedabad,SOL MAX SOLUTION,MOHITBHAI PRABHATBHAI BORICHA,mpboricha111@gmail.com,9429343757,312,82
GUJARAT,Ahmedabad,SHREEJI SOLAR,PRATAP SINDHAV,info.shreejisolar@gmail.com,9904351125,301,82
GUJARAT,Ahmedabad,UMA CORPORATION,KAMLESH PATEL,kkpatel8634@gmail.com,8140846666,389,81
GUJARAT,Ahmedabad,SUNISTIC SOLAR ENERGY LLP,MAULIK SHRIMALI,info@sunisticsolarenergy.com,9909507507,348,81
GUJARAT,Ahmedabad,PRINIX POWER OPC PRIVATE LIMITED,DIVYANG PATEL,prinixpower@gmail.com,7600755058,300,81
GUJARAT,Ahmedabad,REDREN ENERGY PVT LTD,VIJAY BADIANI,rooftop@redren.in,9104591041,321,80
GUJARAT,Ahmedabad,NRS SOLAR SOLUTION,PRAMOD KUMAR KANSARA,info.nrssolarsolution@gmail.com,8488953026,322,79
GUJARAT,Ahmedabad,FRELIT ENERGY PRIVATE LIMITED,ANKUR KARKAR,frelitenergy@gmail.com,9512700130,329,79
GUJARAT,Ahmedabad,SCORP ENERGY PRIVATE LIMITED,MOHIT AGARWAL,mohit@scorpenergy.com,9925345121,336,78
GUJARAT,Ahmedabad,SHREE SOLAR POWER,NILESH SORATHIYA,nileshsorthiya2@gmail.com,9727620417,338,77
GUJARAT,Ahmedabad,SANTKRUPA ELECTRICALS,RATHOD YUVRAJSINH VANRAJSINH,santkrupaelectricals19@gmail.com,8849254993,291,77
GUJARAT,Ahmedabad,HI TECH ENERGY,SHREYANS TRIVEDI,hitechenergy17@gmail.com,9924388540,286,77
GUJARAT,Ahmedabad,VARUN ENGINEERING,VARUN PATEL,varunpatel2027@gmail.com,9727854101,261,76
GUJARAT,Ahmedabad,ECOVIBE RENEWTECH ENERGY,PARTH PANCHAL,ecoviberenewtechenergy@gmail.com,8401168101,235,75
GUJARAT,Ahmedabad,CAPTAIN POLYPLAST LIMITED,CAPTAIN POLYPLAST LIMITED,solar@captainpolyplast.in,9313925889,280,75
GUJARAT,Ahmedabad,POWERTRAC INDUSTRIES LIMITED,Hiren Parmar,info@powertracsolar.com,7573014610,243,73
GUJARAT,Ahmedabad,MAKE INSIDE SOLUTIONS,CHIRAG PATEL,info@makeinside.co.in,9898302030,295,73
GUJARAT,Ahmedabad,GUJARAT SUN ENERGY,PARAG THAKER,info.gujaratsunenergy@gmail.com,9825608662,287,73
GUJARAT,Ahmedabad,SOL ENERGY,Rajan Chimanbhai Meghani,solenergyn@gmail.com,7621852735,234,72
GUJARAT,Ahmedabad,PARAS TECHNOCRAT PVT. LTD,PARTH TUSHARKUMAR JHAVERI,info@parastechnocrat.in,7621983131,278,72
GUJARAT,Ahmedabad,SURYAM ENERGY,DHAVAL PATEL,dhavalpatel7037@gmail.com,8320698043,241,71
GUJARAT,Ahmedabad,KK ENTERPRISE,KRUSHAL LATHIYA,LATHIYA410@GMAIL.COM,9925590208,188,71
GUJARAT,Ahmedabad,GALAXY ENERGY SOLUTION,solanki prakashbhai bhikhabhai,galaxyenergysolution@protonmail.com,9428158678,283,71
GUJARAT,Ahmedabad,RAYCAL POWER INFRA PVT LTD,DARSHAN KUMAR PIYUSHBHAI KATBA,darshan@raycal.in,6358196472,311,70
GUJARAT,Ahmedabad,CHALAKNESI ENERGY,GADHAVI SHENIDANJI PAHADDANJI,CHALAKNESHIENERGY@GMAIL.COM,9408539887,319,70
GUJARAT,Ahmedabad,AONE RENEWABLE ENERGY,AONE RENEWABLE ENERGY,md.aonerenewableenergy@gmail.com,7435061657,297,70
GUJARAT,Ahmedabad,WISE GOAL SERVICES PRIVATE LIMITED,Tirth Acharya,hr.wisegoal@gmail.com,7567161902,219,69
GUJARAT,Ahmedabad,AATREY SOLUTIONS,DILIP FOSI,aatreysolutions@gmail.com,7698120241,297,69
GUJARAT,Ahmedabad,SOLAR EDGE,SAGARKUMAR R THUMMAR,solaredge.w@gmail.com,8000030407,196,68
GUJARAT,Ahmedabad,I CARE ENGINEERING,MEMON TOFIQ,icareengr@gmail.com,9978920284,270,67
GUJARAT,Ahmedabad,BHAKTINANDAN POWER PVTLTD,DINESH J CHAVADA,bhaktinandanpower@gmail.com,9724031529,279,67
GUJARAT,Ahmedabad,BAPASITARAM ELECTRICAL,DIMPAL PATEL,besolarenergy3386@gmail.com,9737632777,293,67
GUJARAT,Ahmedabad,VIVAAN INFRA,JAYRAJ SOLANKI,info@vivaaninfra.in,9909916448,266,66
GUJARAT,Ahmedabad,SOLARSYS GREENTECH PRIVATE LIMITED,NUMBER(S),deepak@solarsysgreentech.in,8488976829,327,66
GUJARAT,Ahmedabad,MECPOWER SOLUTIONS LIMITED,MANOJ SHAH,tender@mecpower.in,9328911577,270,66
GUJARAT,Ahmedabad,VARDHAN SALES,VARDHAN,vardhansolar91@gmail.com,9512020935,234,62
GUJARAT,Ahmedabad,SPEED O ENERGY,K.S.PRAJAPATI,INFO.SPEEDOENERGY@GMAIL.COM,7016826003,206,62
GUJARAT,Ahmedabad,SIGMA ENGINEERING,YOGESH VYAS,sigma_engg@yahoo.co.in,9825205934,301,62
GUJARAT,Ahmedabad,RAJ GREEN ENERGY,NIRAV GOSALIA,rgeresource@gmail.com,9712911189,256,62
GUJARAT,Ahmedabad,PROSTARM INFO SYSTEMS LIMITED,BHALABHAI ASAL,mktg.ahm@prostarm.com,9316466272,231,62
GUJARAT,Ahmedabad,FASTRISE ENTERPRISE PRIVATE LIMITED,Hardik Patel,FASTRISEENTERPRISE@GMAIL.COM,7862079768,264,62
GUJARAT,Ahmedabad,SURYASIDDHI ENERGY SOLUTION PRIVATE LIMITED,NUMBER(S),suryasiddhienergysolutions@gmail.com,8460641891,233,61
GUJARAT,Ahmedabad,SIGNAL AUTOMATION,DharmendraKumar Manubhai Patel,solarservices1188@gmail.com,9978215636,205,61
GUJARAT,Ahmedabad,D-LIGHT SOLAR ENERGY LLP,PRATIK DHAMELIYA,epc@dlightsolarenergy.in,9898511535,159,61
GUJARAT,Ahmedabad,CHAUDHARY DESIGNERS & FABRICATORS,KAUSHIK CHAUDHARY,cdfsolarpv@gmail.com,9712922019,252,61
GUJARAT,Ahmedabad,AATREY ASSOCIATES PRIVATE LIMITED,TUMESHKUMAR JADEJA,aatreyassociates@gmail.com,9824089144,278,61
GUJARAT,Ahmedabad,ZEBRON SOLAR POWER SOLUTIONS,PRAVIN GOTHI,zebronsolar@gmail.com,9510370572,252,60
GUJARAT,Ahmedabad,WISEN ENERGY LLP,Bhavik Patel,info@wisenenergyllp.com,9016979007,318,60
GUJARAT,Ahmedabad,VINARA SOLUTIONS,INDRAJIT SINH,vinarasolutions@gmail.com,8320754771,201,60
GUJARAT,Ahmedabad,H S ENTERPRISE,HIRAL PATEL,hiralpatel3031@gmail.com,9773257603,218,60
GUJARAT,Ahmedabad,ATARU RENEW POWER PVT. LTD,SHARVIL DAVE,info@atarurenew.com,9825307068,209,60
GUJARAT,Ahmedabad,SURYASE ENERGY,MADHAV PATEL,suryaseenergy@gmail.com,9662047390,213,58
GUJARAT,Ahmedabad,RD ENERGY SOLUTIONS,VIJAYRAJSINH GOHIL,rdenergysolutions@outlook.com,8866226473,234,58
GUJARAT,Ahmedabad,SUNPLUG TECHNOLOGIES LLP,HARDIKSINH CHAVDA,hnchavda87@gmail.com,9427020496,237,57
GUJARAT,Ahmedabad,SKYWIN SOLAR,SANKET BHALODIA,skywinsolar@gmail.com,7984435493,210,57
GUJARAT,Ahmedabad,CYMENS ENTERPRISE,JAY R MAKWANA,jaymakwana2062@gmail.com,9157133330,249,57
GUJARAT,Ahmedabad,SOLARTRONICS ENERGY,BHAVIK SONI,info.solartronics@gmail.com,9426424973,253,56
GUJARAT,Ahmedabad,SHREE RAM SOLAR RAJKOT,VIKESH CHOVATIYA,vikeshchovatiya@gmail.com,9898921527,139,56
GUJARAT,Ahmedabad,SATYAM ELECTRICALS,SATYAM PANDYA,satyamelectrical@yahoo.com,9824256257,226,56
GUJARAT,Ahmedabad,NATURE CARE ADVISORS,ISHWAR DESAI,naturecare.gujarat@gmail.com,8469991098,213,55
GUJARAT,Ahmedabad,HARI INFRA PROJECTS,KRUPAL MEHTA,info@hariindia.in,9998037067,228,55
GUJARAT,Ahmedabad,ELLENCE ENERGY LLP,DHAVAL PATEL,dhaval@ellenceenergy.com,9054073345,272,55
GUJARAT,Ahmedabad,NES ENERGY SOLUTIONS,HARDIK SHAH,info.nesenergy@gmail.com,9825071551,227,54
GUJARAT,Ahmedabad,JAFFINS ENTERPRISE,JAFAR KAPASI,solarbhavnagar@gmail.com,9375465252,207,54
GUJARAT,Ahmedabad,MITRAY ENGINEERING,KAMEJALIYA DASHARATHKUMAR PARSOTTAMBHAI,mitray.engineering@gmail.com,7621895796,229,53
GUJARAT,Ahmedabad,I-TECH STORE,RONAK PARIKH,info.itechsolar@gmail.com,9879603933,246,52
GUJARAT,Ahmedabad,FRS ENTERPRISE,TAUFIK BADI,frsenterprise1@gmail.com,7990366078,236,52
GUJARAT,Ahmedabad,EFARM INTERNATIONAL PRIVATE LIMITED,efarmenergy,info@efarmenergy.com,9723610012,214,52
GUJARAT,Ahmedabad,AVIRAT ENERGY PVT LTD,KEYUR SAVALIYA,aviratenergy@gmail.com,9697443344,198,52
GUJARAT,Ahmedabad,SOLARAM POWER INFRASTRUCTURE PRIVATE LIMITED,Mangilal Choudhary,solarampower@gmail.com,9898041008,175,51
GUJARAT,Ahmedabad,PRODES CONSULTING ENGINEERS PRIVATE LIMITED,RAJIV RANJAN PRAKASH,rajiv.ranjan.prakash786@gmail.com,8690444556,208,51
GUJARAT,Ahmedabad,ATLAS MATRIX PVT LTD,NIRAVBHAI BRAHMBHATT,atlassolar01@gmail.com,9016955068,171,51
GUJARAT,Ahmedabad,RELIABLE ELECTRIX,MAHESH SUDHIRBHAI CHAUHAN,reliableelectrix@gmail.com,9925448033,175,50
GUJARAT,Ahmedabad,R B RENEWABLES LLP,MADHU M. SHARMA,info@brrenewables.com,9898985672,214,50
GUJARAT,Ahmedabad,CITIZEN SOLAR PVT. LTD.,T S JAIN,tsjain@citizensolar.com,9825144499,212,50
GUJARAT,Ahmedabad,ABHI ENERGETIC PVT LTD,NARENDRAKUMAR PATEL,abhi_electrical13@yahoo.com,9824345369,215,50
GUJARAT,Ahmedabad,SHINE ENERGY SOLUTION,KALPITKUMAR PATEL,info@shineenergysolution.in,9687959342,161,49
GUJARAT,Ahmedabad,MAHALAXMI ELECTRICALS - AHEMDABAD,HITESH PATEL,mahalaxmi.electricals_07@yahoo.com,8238914975,222,49
GUJARAT,Ahmedabad,ENERGY EQUIPMENTS,PIKIN MODI,energysolar58@gmail.com,9909923110,223,49
GUJARAT,Ahmedabad,SUNSKY SOLAR,SUNSKY,trdesai@sunskysolar.co.in,9727518665,132,48
GUJARAT,Ahmedabad,SIMMS ENGINEERING PVT LTD,VISHAL DHOYDA,simms_eng@yahoo.co.in,9825142376,183,48
GUJARAT,Ahmedabad,RELIGHT ENERGY LLP,DHARMENDRASINH GOHIL,relightenergy.info@gmail.com,8000194738,220,48
GUJARAT,Ahmedabad,GIMS ENERGY PRIVATE LIMITED (FORMERLY KNOWN AS GUPTA INDUSTRIAL MAINTENANCE SERVICES PVT.LTD),YASH GUPTA,yash@gimsindia.com,9879806111,199,48
GUJARAT,Ahmedabad,EARTH SOLARISM,PATHAR TUSHAR G,earthsolarism@gmail.com,9724990231,199,48
GUJARAT,Ahmedabad,TRINITY RENEWABLE ENERGY,PANDYA SMITKUMAR SHAILESH KUMAR,info.trinityrenewableenergy@gmail.com,9227000392,196,47
GUJARAT,Ahmedabad,SWAMI ENERGY,Jigar Swami,jigar.swamienergy@gmail.com,9725451293,202,47
GUJARAT,Ahmedabad,LIPO TECHNOLOGY PRIVATE LIMITED,KALPESH PARMAR,kalpesh@lipotechnology.in,9722266550,175,47
GUJARAT,Ahmedabad,ALPHA ENTERPRISE,MAULIK H SABHANI,maulik.solar@gmail.com,9725957991,187,47
GUJARAT,Ahmedabad,PRASHANT ENTERPRISE,PRASHANT PATEL,prashantenterprise.solar@gmail.com,9409337000,165,46
GUJARAT,Ahmedabad,INRAYS TECHNOLOGY,HARDIPSINH JADEJA,inraystechnology@gmail.com,9898878734,204,46
GUJARAT,Ahmedabad,AARSUN ENERGY SOLUTIONS,Mr. YUVRAJSINH UDAVAT,aarsunenergy@gmail.com,8200328869,184,46
GUJARAT,Ahmedabad,RAYBOTIX TECHNOLOGIES PVT LTD,NUMBER(S),info@raybotix.com,9978100900,168,45
GUJARAT,Ahmedabad,RADIANT GREENS SOLAR,NIKUNJ SAGAR POTRA,info@radiantgreens.in,8140316334,200,45
GUJARAT,Ahmedabad,INFRAX INTERNATIONAL,BHARGV VACHHANI,info@infraxsolar.com,7778002780,157,45
GUJARAT,Ahmedabad,H AND S ENGINEERING,HARSH PATEL,HSENGINEERING9698@GMAIL.COM,8980818699,162,44
GUJARAT,Ahmedabad,S DIPAK AND CO,BHUMI SHAH,sdipaksolar@gmail.com,9898664858,124,42
GUJARAT,Ahmedabad,LA CARTE RETAILERS PVT LTD,SANJAY SHAH,lacarte09@gmail.com,9909920700,174,42
GUJARAT,Ahmedabad,JANTA RENEWABLE ENRGY,PRASHANT CHUDASAMA,jantarenewableenergy@gmail.com,9898897373,186,42
GUJARAT,Ahmedabad,SOLVEIG SOLAR PRIVATE LIMITED,RAJAN JHA,solveigsolar@gmail.com,9724362544,197,41
GUJARAT,Ahmedabad,KOSOL ENERGIE PVT. LTD.,AHTESAM,bharat@sunray.co.in,8799696356,217,41
GUJARAT,Ahmedabad,HEAVEN GREEN ENERGY LTD. (FORMERLY KNOWN AS HEAVEN SOLAR ENERGY PVT LTD),dipak khagad,heavensolarenergy@gmail.com,9979532167,148,41
GUJARAT,Ahmedabad,SNETRIC POWER,PRAJAPATI CHIRAG V,snetricpower@gmail.com,8487013107,158,40
GUJARAT,Ahmedabad,SHANTINIKETAN COMPUTER AND COMMUNICATION PVT LTD,KISHAN PATEL,shantiniketan@hotmail.com,9428444211,172,40
GUJARAT,Ahmedabad,PETLAD SOJITRA TALUKA SAURAURJA UTPADAK SAHKARI MANDALI LIMITED,TRUSHAR PATEL,pssumandali@gmail.com,8140968999,140,40
GUJARAT,Ahmedabad,JAIMAX SUNBIM PVT LTD,SANATAN PATEL,jaimaxsunbim@gmail.com,8980024055,112,40
GUJARAT,Ahmedabad,INFRAX RENEWABLE LIMITED,Bhavik Gandhi,pmsg@infraxrenewable.com,9033260985,171,40
GUJARAT,Ahmedabad,VIBRANT SOLAR SYSTEMS,SHIKHAR GUPTA,sales.vibrantsolar@gmail.com,9408330692,156,39
GUJARAT,Ahmedabad,UMAA ENTERPRISE,JIGAR PATEL,sales.umaa@gmail.com,9898701758,188,39
GUJARAT,Ahmedabad,RISING SUN ENERGY,DHRUV PATEL,risingsunenergy2018@gmail.com,7405303305,150,39
GUJARAT,Ahmedabad,BADAL INDUSTRIES,BADAL SHAH,badalindustries@gmail.com,9824594844,191,39
GUJARAT,Ahmedabad,AHAD SOLARTECH,SHABBIRALI ABBASALI SUTHAR,ahad.solartech@gmail.com,9724259440,135,39
GUJARAT,Ahmedabad,VISION SOLAR,SHAKYA NIKETAN CHANDRAKANT,visionenergy196@gmail.com,6351131196,172,38
GUJARAT,Ahmedabad,TAIYO SOLAR SYTEM INTEGRATOR LLP,CHETAN SHAH,info@taiyosolar.co.in,9825324580,153,38
GUJARAT,Ahmedabad,SOLINE SOLAR PRIVATE LIMITED,KETUL PATEL,info@soline.in,9898535056,155,38
GUJARAT,Ahmedabad,PASHAVA ENERGY PRIVATE LIMITED,BHARGAV ANAND,pashavaenergy@yahoo.com,9909904332,118,37
GUJARAT,Ahmedabad,AXIS ENERTECH,MEET VACHHANI,meet@axisenertech.com,9428028009,191,37
GUJARAT,Ahmedabad,SHREE UMIYA CORPORATION,NUMBER(S),shreeumiyacorp@gmail.com,8866731185,122,36
GUJARAT,Ahmedabad,GLOBAL SOLAR ENERGY,SAGAR VAKOTAR,globalsolar99@gmail.com,8866190358,147,36
GUJARAT,Ahmedabad,SWASTIK SOLAR SYSTEM,BIJAL PATEL,swastiksolar07@gmail.com,9712412011,135,35
GUJARAT,Ahmedabad,SUNLIGHT INFRA ENERGY PRIVATE LIMITED,MEHUL PATEL,tender@sunlights.in,9998374580,150,35
GUJARAT,Ahmedabad,SOLEAF ENERGY,DAXABEN PATEL,infosolarsoleaf@gmail.com,7600008915,124,35
GUJARAT,Ahmedabad,UNICORN ELECTRICALS AND PROJECTS,HARSH VAGHASIYA,unicornelectricals20@gmail.com,9510968626,138,34
GUJARAT,Ahmedabad,TECHNOVATIVE GREEN ENERGY SOLUTIONS,VINAY SHAH,technovativesolar@gmail.com,6354031108,111,34
GUJARAT,Ahmedabad,SHINE SOLAR,NUMBER(S),shinesolar.marketing@gmail.com,7622023355,148,34
GUJARAT,Ahmedabad,ROYAL ENTERPRISE,NAYAN MAHERIYA,royalenterprise.vadodara@gmail.com,6352205345,127,33
GUJARAT,Ahmedabad,MK ELECTRICALS,DIGANT SHAH,digant.shah10@gmail.com,9825349554,95,33
GUJARAT,Ahmedabad,GREENERA ENERTECH PVT LTD,SAGAR BHAYANI,greenera.solarenergy@gmail.com,9427726620,110,33
GUJARAT,Ahmedabad,GANESH CORPORATION,SUCHIT PRAJAPATI,ganeshcorporation3003@gmail.com,9979856236,129,33
GUJARAT,Ahmedabad,DHAVAL ELECTRIC SOLUTION,PATEL DHAVAL ANILBHAI,dhavalelectricsolution@gmail.com,8490990138,129,33
GUJARAT,Ahmedabad,ANAND AND ANAND ASSOCIATES,YOGESH KUSHWAHA,yogeshanandk@gmail.com,9426546256,141,33
GUJARAT,Ahmedabad,VIRAJBHAI VISUBHAI KHACHAR,VIRAJBHAI KHACHAR,gchauhan17388@gmail.com,9898986662,107,32
GUJARAT,Ahmedabad,SUNBURST GREEN ENERGY LLP,SANJAYKUMAR VINUBHAI PATEL,office@sunburstgreen.com,9879514559,108,32
GUJARAT,Ahmedabad,MECHATRONIK TECHNOLOGIES PRIVATE LIMITED,NIKET SHAH,niket@mechatroniksolar.com,9033029394,122,32
GUJARAT,Ahmedabad,MAHADEV SALES AGENCY,Raval Kishankumar Dashrathbhai,mahadevsolarproject@gmail.com,7393939139,114,32
GUJARAT,Ahmedabad,KRISHIV ENTERPRISE,PANSURIYA JAIVIN SAMJUBHAI,jevinpansuriya4@gmail.com,7359294060,113,32
GUJARAT,Ahmedabad,DRASHTI LIGHT CARE,SURESHKUMAR GORDHANBHAI VASIYANI,drashti3411@gmail.com,9825430097,110,32
GUJARAT,Ahmedabad,ULTRA RAYS ENERGY SOLUTION,APOORV LIMBANI,ultrarays2019@gmail.com,7984482472,130,31
GUJARAT,Ahmedabad,SKYLINE SOLAR SYSTEM,PRAJAPATI JAYDEEPKUMAR BALDEVBHAI,skylinesolarsystem@gmail.com,9106430159,122,31
GUJARAT,Ahmedabad,GREENERGY SOLAR SOLUTIONS,ANUJ SHAH,greenergysolarsolutions26@gmail.com,9409215712,148,31
GUJARAT,Ahmedabad,F Z ENERGY,RASIDAHEMAD MOMIN,info@fzenergy.in,9227153030,157,31
GUJARAT,Ahmedabad,VIA ELECTRIC,JATIN DAVE,hello.viaelectric@gmail.com,9925203764,125,30
GUJARAT,Ahmedabad,SKYLIGHT SOLAR,NUMBER(S),skylightsolar03@gmail.com,9510905126,111,30
GUJARAT,Ahmedabad,MARUTI SOLAR PUMP SYSTEM,DIVYABEN SANDIPBHAI PATEL,patelsandip0226@gmail.com,9426849250,105,30
GUJARAT,Ahmedabad,ENJOY TECHNOLOGY,JAYESH DHAMELIYA,care.enjoytechnology@gmail.com,9727718887,116,30
GUJARAT,Ahmedabad,SHREYA AGENCY,SHARAD PANCHAL,sharad.panchal73.sp@gmail.com,9898021159,115,29
GUJARAT,Ahmedabad,HATKESH ENGINEERING,DHWANI PRAYANG VORA,hatkeshengineering@gmail.com,9898105579,129,29
GUJARAT,Ahmedabad,ARRAYCOM INDIA LIMITED,KISHAN PATEL,solar@arraycom.co.in,9909941004,116,29
GUJARAT,Ahmedabad,ARKTEC RENEWABLE ENERGY LLP,NUMBER(S),arktecrenewableenergy@gmail.com,8160038659,91,29
GUJARAT,Ahmedabad,AEILUS RENEWABLE ENERGY,JIGNESH PATEL,aeilusrenewableenergy@gmail.com,8866581528,124,29
GUJARAT,Ahmedabad,VEDANTA SOLAR,HARSH PATEL,info.vedantasolar@gmail.com,8140233119,126,28
GUJARAT,Ahmedabad,SUNREST INFRA ENERGY,HITESH G KANZARIYA,sunrestinfraenergy@gmail.com,9638063381,100,28
GUJARAT,Ahmedabad,SAICAB TECH PVT LTD,saicabprs,info@saicabtech.com,8511130328,115,28
GUJARAT,Ahmedabad,PRUTHVI SOLAR ENERGY,Akshay Patel,pruthvisolar@yahoo.com,9537659989,113,28
GUJARAT,Ahmedabad,I SQUARE SOLAR,SANJAY RAMESHBHAI BUDHELIYA,work.srbudheliya@gmail.com,9722272775,84,28
GUJARAT,Ahmedabad,HIYA ELECTRO ENGINEERS,NIKHIL BHOJAK,hiyaelectroengineers@gmail.com,8128672333,115,28
GUJARAT,Ahmedabad,SKY POWER,SHAILESH PRAJAPATI,skypowersvp@gmail.com,9723070267,108,27
GUJARAT,Ahmedabad,SHAKTI ENTERPRISE,GANPAT SOLANKI,shaktienterprise082025@gmal.com,8511288555,103,27
GUJARAT,Ahmedabad,RADIANT SOLAR SYSTEMS,BHARGAV KIRITBHAI JOSHI,bhargavec40@gmail.com,9408503198,117,27
GUJARAT,Ahmedabad,MICROVISE SOLUTIONS,CHANDULAL MAJITHIYA,info@microviseindia.com,7778092462,115,27
GUJARAT,Ahmedabad,KREYA ENTERPRISES,Bhaumik Patel,kreyaentp@gmail.com,6359233332,112,27
GUJARAT,Ahmedabad,INQILAB ENGINEERING PRIVATE LIMITED,HARESH BARAD,inqilabengineering@gmail.com,9099598998,129,27
GUJARAT,Ahmedabad,DHWANIL LIGHT ZONE,RIKIN PATEL,patelrikin3054@gmail.com,9409505790,128,27
GUJARAT,Ahmedabad,DESIGNLUX PRIVATE LIMITED,Falak Patel,info@designlux.in,9825868523,92,27
GUJARAT,Ahmedabad,VIMAL ELECTRONICS,K C PATEL,kcpatel@vimalelectronics.com,9099777176,111,26
GUJARAT,Ahmedabad,SHREE MARUTI SOLAR ENERGY,ASHISH FATEPARA,shreemarutisolarenergy@gmail.com,8320045640,91,26
GUJARAT,Ahmedabad,INFINITY POWER,NUMBER(S),infinitypower1026@gmail.com,8758875751,109,26
GUJARAT,Ahmedabad,ANANT ENERGY,NUMBER(S),anantenergy1910@gmai.com,9773476431,80,26
GUJARAT,Ahmedabad,THE WOLT TECHNIQUES,NUMBER(S),director@woltsolarproducts.com,9904238777,95,25
GUJARAT,Ahmedabad,SUNSHREE SOLAR,NUMBER(S),sunshreesolar@gmail.com,9157838777,85,25
GUJARAT,Ahmedabad,KALPTARU RENEWABLE POWER PVT LTD,support@kalptaru.co,support@kalptaru.co,7600780720,118,25
GUJARAT,Ahmedabad,GLOBAL ENTERPRISE,BHAGIRATH DHANDHALIYA,globalsolarent@gmail.com,9924900304,109,25
GUJARAT,Ahmedabad,EWALK ENERGY,ASHISH PAREKH,info.ewalkenergy@gmail.com,9054927675,106,25
GUJARAT,Ahmedabad,BAPA SITARAM RENEWABLE ENERGY,KISHAN KUMAR ANILBHAI PANDYA,BSREVADODARA@GMAIL.COM,9925557878,90,25
GUJARAT,Ahmedabad,ALAYNA GREEN ENERGY,NUMBER(S),taharkhantna@gmail.com,6353439659,101,25
GUJARAT,Ahmedabad,SHRI KHATRI BATTERY SERVICE,TEJENDRA KHATRI,khatribattery@gmail.com,9426029459,109,24
GUJARAT,Ahmedabad,EARTHWAVE TECHNOLOGY PRIVATE LIMITED,EARTHWAVETECHNOLOGY@GMAIL.COM,EARTHWAVETECHNOLOGY@GMAIL.COM,9426373334,94,24
GUJARAT,Ahmedabad,DUDANI RENEWABLES LLP,Sabbir Vasiwala,dudanirenewables@gmail.com,9429744710,60,24
GUJARAT,Ahmedabad,ADARSH ANUKAMPA SERVICES,BHARAT SHIROYA,info@adarshindia.net,9825389314,90,24
GUJARAT,Ahmedabad,VISION INFOSYS,Pradeepsinh Gohil,info@vision-infosys.in,9825061749,101,23
GUJARAT,Ahmedabad,SUN MICRA RENEWABLE ENERGY,MOHIT BHALANI,info@sunmicra.co.in,7990662677,86,23
GUJARAT,Ahmedabad,SUKARM,KISHOR S MISTRY,sukarmsolar@gmail.com,9925045163,85,23
GUJARAT,Ahmedabad,SARVAYOGAM,SHRIKANT IYER,sarvayogamgroup@gmail.com,9510356575,107,23
GUJARAT,Ahmedabad,MEERA SUN ENERGIES,AMRISH JOSHI,info@meerasunenergies.com,8200447359,104,23
GUJARAT,Ahmedabad,AAMOKSH ELECTRICALS PRIVATE LIMITED,AAMOKSH ELECTRICALS PRIVATE LIMITED,hardik.pandya4166@gmail.com,9998367462,71,23
GUJARAT,Ahmedabad,SHIVRON INDUSTRY,NIRAV PATEL,shivronind.contr@gmail.com,9925248752,82,22
GUJARAT,Ahmedabad,OM SHANTI SOLAR GROUP,SAGAR K PAMBHAR,omshantisolar@gmail.com,8530122612,81,22
GUJARAT,Ahmedabad,NEETY EURO ASIA SOLAR ENERGY,Falgun Bhatt,falgun@nease.in,9909595442,125,22
GUJARAT,Ahmedabad,CORWIND RENERGY LLP,VISHAL PRAJAPATI,corwind.renergy@gmail.com,9428490118,103,22
GUJARAT,Ahmedabad,VERTEX SOLAR SOLUTIONS PVT LTD,BHARGAV PATEL,vertexnad@gmail.com,8758614088,93,21
GUJARAT,Ahmedabad,SOLWAVE SOLAR,SANKET PATEL,solwave4solar@gmail.com,9409344465,111,21
GUJARAT,Ahmedabad,SHREE GOR SOLAR,CHIRAG KRISHNAKANT GOR,shreegorsolar@gmail.com,6361983041,90,21
GUJARAT,Ahmedabad,RIA SOLAR,PANKAJ KANANI,riasolar2021@gmail.com,8320210323,96,21
GUJARAT,Ahmedabad,HERMES TECHNOLOGIES PRIVATE LIMITED,VIJAY RAVAL,info@hermesdrives.com,9825066778,95,21
GUJARAT,Ahmedabad,EARTH WISE ENERGIES,MILAN PATHAK,earthwiseenergies@gmail.com,9033330463,46,21
GUJARAT,Ahmedabad,SUNNOVATIVE SOLAR ENERGY SOLUTION PVT LTD,NUMBER(S),ravi@sunnovative.com,8153819531,67,20
GUJARAT,Ahmedabad,SUNHIT SOLAR SOLUTION LLP,SUNIL PATEL,sunil@sunhit.in,9712892197,83,20
GUJARAT,Ahmedabad,STARLUMEN ENERGY LLP,Milan Ramabhai Patel,sales.starlumen@gmail.com,8758737125,84,20
GUJARAT,Ahmedabad,PAVAN ENERGY,MAULIK CHAUDHARI,pavanenergy1209@gmail.com,7016265112,87,20
GUJARAT,Ahmedabad,ONIX RENEWABLE LIMITED,NUMBER(S),naman.viradiya@onixrenewable.in,9586043661,70,20
GUJARAT,Ahmedabad,IMAGINE POWERTREE PRIVATE LIMITED,SHANI PANDYA,imagine.powertree@gmail.com,9586121111,83,20
GUJARAT,Ahmedabad,GREEN ENERGY - RAJKOT,BHAVESH BHIMANI,greenenergy123@gmail.com,9428010202,72,20
GUJARAT,Ahmedabad,SOLAR EXPERT,POOJAN BHATT,solarexpert35@gmail.com,9426167233,72,19
GUJARAT,Ahmedabad,SADGURU SOLAR SYSTEMS,DARSHAN PRAVINBHAI KALKANI,sadgurusolarsystems@gmail.com,9687621666,83,19
GUJARAT,Ahmedabad,RISING ENERGY SOLUTIONS,DIPESHKUMAR PATEL,risingenergy@yahoo.com,7990391839,91,19
GUJARAT,Ahmedabad,JALARK SOLAR SOLUTIONS OPC PVT LTD,CHINTAN MAHIDA,infojalark@gmail.com,9426661857,73,19
GUJARAT,Ahmedabad,HARIOM ENGINEERING,NIKHI PUNANI,hariomsolarbotad@gmail.com,8140771766,67,19
GUJARAT,Ahmedabad,UNIQUE ELECTRICAL,MAYUR VASTARPARA,sales.epc2016@gmail.com,9099000148,74,18
GUJARAT,Ahmedabad,KIRTAN MARKETING,SHILUBHAI PATEL,kirtanmarketing@gmail.com,9714440026,60,18
GUJARAT,Ahmedabad,HIRANYA,CHINTAN KANUBHAI PATEL,chintan6310@gmail.com,9909009425,73,18
GUJARAT,Ahmedabad,E-TECH SOLUTION & SOLAR,JAYDIP PADMANI,etechsolution.solar@gmail.com,9099563174,84,18
GUJARAT,Ahmedabad,BHANU PV SOLAR PVT LTD,VIMAL VINODBHAI RAIYANI,bhanupvsolarpvtltd@gmail.com,9510398989,70,18
GUJARAT,Ahmedabad,PATWA MARKETING,NIGAM SHAH,nigam82002@yahoo.co.in,9825622939,61,17
GUJARAT,Ahmedabad,PANAROOF ENERGY,NIHIR SHAH,panaroofenergy@outlook.com,9428449365,57,17
GUJARAT,Ahmedabad,NORTHGREEN ENERGY PVT LTD,HAARD BARBHAIYA,solar@northgreenenergy.com,9099931707,73,17
GUJARAT,Ahmedabad,A U ENTERPRISE,UMANG PATEL,contact.auenterprise@gmail.com,8140570688,56,17
GUJARAT,Ahmedabad,SURYA URJA SYSTEMS,manish prajapati,suryaurjasystems@gmail.com,9824276142,56,16
GUJARAT,Ahmedabad,SUNCELL SOLAR LLP,Harsh,suncellsolarenergy@gmail.com,9512668884,64,16
GUJARAT,Ahmedabad,POWERSHINE ENERGY,VISHBU BHALODI,powershineenergy1993@gmail.com,9723096888,56,16
GUJARAT,Ahmedabad,NYSA POWER,RONAK PATEL,ronakpatel7319@gmail.com,9081819955,75,16
GUJARAT,Ahmedabad,MAHAVEER ENTRPRISE,BHAUMIK PATEL,me.solarmaster@gmail.com,7878647771,60,16
GUJARAT,Ahmedabad,GREEN IMPAQ SOLAR ENERGY,BHAVESHKUMAR LALJIBHAI DUDHAT,greenimpaqsolarenergypm@mail.com,9974414600,53,16
GUJARAT,Ahmedabad,ARIS SOLAR,RAHUL PATEL,arissolartech@gmail.com,9662336115,62,16
GUJARAT,Ahmedabad,SUNSPOT,NUMBER(S),msn.sunspot@gmail.com,6356810701,67,15
GUJARAT,Ahmedabad,SHREEJI SOLAR ENERGY SYSTEMS,BHAGVATIBEN PATEL,snpatel2605@gmail.com,9712914272,58,15
GUJARAT,Ahmedabad,R V SOLAR,MAHESH KUMAR RAMANLAL PATEL,rvsolarvijapur@gmail.com,9726801070,73,15
GUJARAT,Ahmedabad,MK ELECTRICAL AND CO,TRIKAM BHATT,mkelectrical.co@gmail.com,8866525483,60,15
GUJARAT,Ahmedabad,KHODIYAR ELECTRICAL,Alpesh Patel,khodiyarelectrical9199@gmail.com,6355714181,44,15
GUJARAT,Ahmedabad,HEMALI ELECTRICALS,HARDIK PATEL,hemali_elect@rocketmail.com,9979874161,69,15
GUJARAT,Ahmedabad,BHARTI SOLAR,NUMBER(S),bhartisolar1@gmail.com,8160804583,74,15
GUJARAT,Ahmedabad,AVEE ENERGY,DHAVAL PATEL,dhavalpatel1973@yahoo.in,9898233244,64,15
GUJARAT,Ahmedabad,ATRI ENERGY,JAIMIN PATEL,atrienergy@gmail.com,7622838008,63,15
GUJARAT,Ahmedabad,TECHNOGOODS ENTERPRISES,K H BARAD,TechnoGoods@outlook.com,9904709693,57,14
GUJARAT,Ahmedabad,KAIZEN NOW,YOGESH PUROHIT,kaizennowahd@gmail.com,9978985558,49,14
GUJARAT,Ahmedabad,GREYANAS INDUSTRIES PRIVATE LIMITED,SHASANKA SOURAV,greyanassolar@gmail.com,9408715033,68,14
GUJARAT,Ahmedabad,FLAME SOLREN PRIVATE LIMITED,SANDIP HADIYA,operations@flamesolren.com,8849478907,47,14
GUJARAT,Ahmedabad,FERUS ENERGIES CO,PARESHBHAI V BORAD,info@ferusenergies.com,9913341342,60,14
GUJARAT,Ahmedabad,ETERNAL SOLAR ENERGY,Hiren Rathod,hiren.p.rathod@gmail.com,9879203040,53,14
GUJARAT,Ahmedabad,AMAR JYOT SPRAY PUMP,RITESH PATEL,ajagriandsolar@gmail.com,9722227299,50,14
GUJARAT,Ahmedabad,A S SOLAR ENTERPRISE,VHORA MUSTKIMBHAI ILIYASBHAI,assolarenterprise@gmail.com,9510572504,59,14
GUJARAT,Ahmedabad,URJASTROT PRIVATE LIMITED,Urjastrot,urjastrotenterprise@gmail.com,7621010012,54,13
GUJARAT,Ahmedabad,URATOM SOLAR INDIA PVT LTD,NIHIT DOBARIA,pv@uratom.com,9925099249,47,13
GUJARAT,Ahmedabad,UMA POWER SOLUTIONS,PRAKASHKUMAR BALDEVBHAI PATEL,umapowersolution@gmail.com,9638953281,46,13
GUJARAT,Ahmedabad,SUNSAFE INFRA PRIVATE LIMITED,RONAK RAJENDRAKUMAR JAIN,sunsafe.np@gmail.com,7227050091,49,13
GUJARAT,Ahmedabad,SOLMECH ENERGY,PRAJAPATI VAISHALIBEN CHIRAGKUMAR,solmechenergy@gmail.com,9998930960,59,13
GUJARAT,Ahmedabad,SOLARWAVE ENERGY,FAIZANKHAN PATHAN,solarwaveenergy2@gmail.com,7490083005,48,13
GUJARAT,Ahmedabad,PEAKSUN ENERGY PRIVATE LIMITED,YOGESH PATEL,info@peaksunenergy.co.in,7486089901,36,13
GUJARAT,Ahmedabad,NIRAJ TRADERS,NIRAJ JOSHI,nirajtraders@yahoo.com,9825030321,63,13
GUJARAT,Ahmedabad,MITRAYA ELECTRICAL,SANJAY CHAUHAN,mitrayaelectrical@gmail.com,7016415834,52,13
GUJARAT,Ahmedabad,MADHAV ENERGY SOLUTION,SUTHAR RAHULKUMAR M.,info.madhavenergy@gmail.com,9408354018,53,13
GUJARAT,Ahmedabad,IMMIX SOLUTION,ABRARAHMED R MALIK,immixsolution@gmail.com,9265493249,51,13
GUJARAT,Ahmedabad,VA PATEL INFRA PRIVATE LIMITED,MAYURDHVAJSINH GOHIL,mayurdhavajsinhgohil00@gmail.com,9428269204,51,12
GUJARAT,Ahmedabad,UPVOLTAGE SOLUTIONS LLP,Upvoltage Solutions,upvoltagesolutions@gmail.com,7990618259,57,12
GUJARAT,Ahmedabad,SUNBUY RENEWABLES PVT LTD,SHIVAMSHAH,darshan@sunbuy.in,9328281611,40,12
GUJARAT,Ahmedabad,SOLART,SHAILESH DESAI,solart.sunfuel@gmail.com,8866506193,32,12
GUJARAT,Ahmedabad,SKYLAR INDIA,DARSHANKUMAR PATEL,darshansolarkheda@gmail.com,8530252952,55,12
GUJARAT,Ahmedabad,RUDRA ELECTRICALS,RAVIKUMAR SABHANI,ravi.sabhani@rudraelectricals.co.in,9722643233,50,12
GUJARAT,Ahmedabad,RENESYS POWER SYSTEMS PRIVATE LIMITED,JAY MEHTA,project@renesys.in,7069751110,49,12
GUJARAT,Ahmedabad,PRAGATI URZA PRIVATE LIMITED,DEEP PATEL,pragatiurza@gmail.com,8347009697,86,12
GUJARAT,Ahmedabad,MH POWER SYSTEM,JAINISH B. PATOLIA,info.mhpowersystem@gmail.com,9016581006,55,12
GUJARAT,Ahmedabad,GANESH GREEN BHARAT LIMITED,Mrugesh Patel,sales@ganeshgreen.com,9519518951,45,12
GUJARAT,Ahmedabad,VISHVAM POWER PRIVATE LIMITED,Niyati Pandya,vishvampowerpl@gmail.com,9723191446,47,11
GUJARAT,Ahmedabad,SUNRISE ENTERPRISE,YOGESH PATEL,sunriseenterprise6388@gmail.com,9904889087,40,11
GUJARAT,Ahmedabad,SUNBLOOM ENERGY PRIVATE LIMITED,POOJA KAPADIA,info@sunbloomenergy.com,9662874669,88,11
GUJARAT,Ahmedabad,SHREEJI GRIN SOLAR,ZAPADIYA NIKUNJ K.,shrijigreensolar@gmail.com,7203005770,44,11
GUJARAT,Ahmedabad,GREENNETIC RENEWABLE PRIVATE LIMITED,PARTH PATEL,sales.greenneticrenewable@gmail.com,8320563819,48,11
GUJARAT,Ahmedabad,FUSION TECHNOLOGIES,PRIYANK PATEL,fusiontech025@gmail.com,8200697067,50,11
GUJARAT,Ahmedabad,EUROLITE SOLAR,HARSHIL PATEL,harshil.patel@euroliteindia.com,7490007847,43,11
GUJARAT,Ahmedabad,ELITO ENERGY PRIVATE LIMITED,MILAN BAROT,info@elitoenergy.com,7226024441,49,11
GUJARAT,Ahmedabad,DEK AND MAVERICKS GREEN ENERGY LIMITED,LALJI GOLTAR,lalji.goltar@dmgel.in,8780289470,54,11
GUJARAT,Ahmedabad,CRYSTASOL ENERGY SOLUTIONS PRIVATE LIMITED,NIDHIP PATHAK,n.s.pathak18@gmail.com,7069335544,46,11
GUJARAT,Ahmedabad,AMRUTAM RENEWABLE ENERGY,VIVEKKUMAR AMRUTLAL PRAJAPATI,info@amrenergy.in,9016352248,53,11
GUJARAT,Ahmedabad,ZAVICH INFRASTRUCTURE AND POWER PVT LTD,ROHAN PATEL,zavichinfra@gmail.com,9106129608,34,10
GUJARAT,Ahmedabad,UNITY ENERGY SOLUTION,DHARM PARIKH,unityenergysolution@gmail.com,9099094027,45,10
GUJARAT,Ahmedabad,TECHNOCELL INDUSTRIAL SERVICES,SHILENDRA GUPTA,skg23aqua@yahoo.in,9979348446,41,10
GUJARAT,Ahmedabad,SHAKTI ENTERPRISE,PATEL JAIMINKUMAR RAMESHBHAI,shaktienterprise0507@gmail.com,8866124840,39,10
GUJARAT,Ahmedabad,PUSHPAK SOLAR ENERGY,VISHAL GAJJAR,pushpaksolarenergy@gmail.com,9924595205,33,10
GUJARAT,Ahmedabad,LAKSH POWER TECH,LAKSHDEEP P RAOL,lakshpowertech777@gmail.com,9825692073,36,10
GUJARAT,Ahmedabad,KRIVA ENTERPRISE,RONAK PATEL,krivaenterprise22@gmail.com,9722740977,45,10
GUJARAT,Ahmedabad,DINESHBHAI CHATURBHAI NANDANA,NANDANA DINESHBHAI CHATURBHAI,nandanadinesh62@gmail.com,6351782902,42,10
GUJARAT,Ahmedabad,360 POWER TECH,BHARGAV H PATEL,360powertech@gmail.com,8200827285,43,10
GUJARAT,Ahmedabad,SUNDROP POWER,NAYAN PANCHAL,powersundrop@gmail.com,9429482526,32,9
GUJARAT,Ahmedabad,SOLAR TECHNOLOGY,SOLAR TECHNOLOGY,info@solartechnology.in,9998063204,31,9
GUJARAT,Ahmedabad,SIDOM SYNERGY PRIVATE LIMITED,sidomsynergy@gmail.com,sidomsynergy@gmail.com,9408454029,39,9
GUJARAT,Ahmedabad,OM ELECTRICALS SERVICES,ANANT MAHERA,omelectricals2104@gmail.com,9998004891,36,9
GUJARAT,Ahmedabad,HARSH COMMUNICATION,CHINTAN PATHAK,harshcomm.solar@gmail.com,9137373727,48,9
GUJARAT,Ahmedabad,GREENMAX ENERGY PVT. LTD.,K Venkata Rajesh,sales1@greenmaxenergy.in,9601100759,67,9
GUJARAT,Ahmedabad,EARTH SOLAR,VIRENKUMAR PATEL,earthsollar@gmail.com,9879911777,40,9
GUJARAT,Ahmedabad,E2 SOLUTIONS,SAVAN PATEL,e2solutions.ahm@gmail.com,9409049645,32,9
GUJARAT,Ahmedabad,DHM SOLAR POWER PVT LTD,DINESHBHAI M.HADIYA,dhmsolarpower@gmail.com,8980508730,72,9
GUJARAT,Ahmedabad,SURYANCE SOLAR,suryancesolar@gmail.com,suryancesolar@gmail.com,9664504655,27,8
GUJARAT,Ahmedabad,SUNLIGHT GREEN ENERGY,SUNLIGHT GREEN ENERGY,sunlightgreenmeh@gmail.com,8460043385,46,8
GUJARAT,Ahmedabad,SAAN ELECTRICAL,SALMAN B LULAT,saanelectrical@gmail.com,9033735490,40,8
GUJARAT,Ahmedabad,PRINCE ELECTRICAL,HARSH PATEL,princeelectrical20@gmail.com,8866507173,27,8
GUJARAT,Ahmedabad,PRIME ENERGY,JAYESH DUDHAT,primeenergy321@gmail.com,9512022199,27,8
GUJARAT,Ahmedabad,HILL LIGHTING,RAKESH PATEL,rndungrani@gmail.com,9328385858,26,8
GUJARAT,Ahmedabad,HARI OM SOLAR ENERGY,VIRAL R PRAJAPATI,prajapativr697@gmail.com,9428490890,60,8
GUJARAT,Ahmedabad,FLORIAN VENTURE PVT.LTD.,JAYANTILAL B RABADIYA,florianventurepvt.ltd@gmail.com,9081684444,30,8
GUJARAT,Ahmedabad,CRESCENS ENERGY,SILVESTER CHRISTIAN,crescens.in@gmail.com,9879635395,27,8
GUJARAT,Ahmedabad,BHAGWATI ELECTRICALS,SAVALIYA BRIJESH,bhagwatielectricals99091@gmail.com,7990883575,32,8
GUJARAT,Ahmedabad,BASP ENTERPRISE PVT LTD,KATHAN PATEL,baspenterprise@gmail.com,9099912130,50,8
GUJARAT,Ahmedabad,BAPA SITARAM SOLAR POWER PVT LTD,RAMESH GOSWAMI,bapasitaramsolarpower@gmail.com,8511362222,30,8
GUJARAT,Ahmedabad,AZOLE POWER,MALI URMILABEN PRAKASHBHAI,azolepower9998@gmail.com,9998743101,30,8
GUJARAT,Ahmedabad,ARYA ELECTRICALS,MUKUND BAROT,arya.electricals2013@gmail.com,9428266003,31,8
GUJARAT,Ahmedabad,ARK SOLAR ENERGY SOLUTIONS,arksolarenergy3@gmail.com,arksolarenergy3@gmail.com,7874463444,30,8
GUJARAT,Ahmedabad,AKUNTHA PROJECTS PVT LTD,RAVI KAMDAR,ravi@akuntha.com,9426402423,38,8
GUJARAT,Ahmedabad,4THVED AGROTECH,PRAFUL GADHAVI,4thvedagro@gmail.com,9377126082,26,8
GUJARAT,Ahmedabad,TEJ ENERGY LLP,KRUNAL PATEL,director@tejenergy.com,9426856508,27,7
GUJARAT,Ahmedabad,SYSTEM RENEWABLE ENERGY,nafis Bagwan,nbagwan8@gmail.com,9662361740,27,7
GUJARAT,Ahmedabad,SYSTEM LEVEL SOLUTIONS INDIA PVT LTD,RONAK SEVAK,sales@getsunsights.com,7486992856,28,7
GUJARAT,Ahmedabad,SUNFREE ENERGY,ALOK PATEL,sunfreeenergy2017@gmail.com,7600002358,32,7
GUJARAT,Ahmedabad,SOLARIS TECHNO,NIKHIL MEHTA,solaristechno@gmail.com,8767917570,29,7
GUJARAT,Ahmedabad,SMART SECURE SOLUTIONS,MAHANAND THAKUR,mahanand@smartsecure.net.in,9737117888,29,7
GUJARAT,Ahmedabad,SHRI SAI ELECTRICAL,CHETAN PATEL,rooftop@shrisaielectrical.co.in,6353970979,26,7
GUJARAT,Ahmedabad,SHREE KRISHNA SALES AND SERVICES,Govind R Patel,info@skss.co.in,9998990694,26,7
GUJARAT,Ahmedabad,SHREE GOKUL ENTERPRISE,Kaushik Khetani,shreegokulenterprise123@gmail.com,8160000871,26,7
GUJARAT,Ahmedabad,SHIVA SOLAR ENERGY,Prashant Ashvinbhai Joshi,admin@shivasolarenergy.com,9624220197,25,7
GUJARAT,Ahmedabad,RAYOLT ENERGY LLP,VIRAL PATEL,info@rayolt.com,9998745706,30,7
GUJARAT,Ahmedabad,PRAGATI INDUSTRIES,UMESH PATEL,pragatipv8@gmail.com,9428799552,30,7
GUJARAT,Ahmedabad,NVVP GREEN ENERGY PRIVATE LIMITED,VRUSHANK B PATEL,nvvpgreenepl@gmail.com,9979941234,36,7
GUJARAT,Ahmedabad,MADYSON ELECTRICAL,SRUJAL PATEL,madyson.electrical41@gmail.com,9998864567,39,7
GUJARAT,Ahmedabad,LOBEL SOLAR POWER SYSTEM,FENIL BHAVSAR,info@lobelpower.com,9327007854,27,7
GUJARAT,Ahmedabad,HIPANAX ENERGY,ANKIT PANCHAL,hipanaxenergy@outlook.com,9727063026,25,7
GUJARAT,Ahmedabad,DIGI SOLAR ENERGY,NIKUNJ VAGHASIYA,digisolarenergy@gmail.com,9687818686,25,7
GUJARAT,Ahmedabad,DEVDEEP ELECTRICALS,DEEP MORADIYA,devdeepelectricals@gmail.com,9726879009,20,7
GUJARAT,Ahmedabad,DESAI'S SOLAR ENERGY,HEMANTKUMAR H DESAI,desaisolarenergy@gmail.com,9429021070,27,7
GUJARAT,Ahmedabad,COSMIC SOLAR EPC PVT LTD,JENISHKUMAR DEEPAKKUMAR GHAEL,cosmicsolarepc@gmail.com,7984721299,58,7
GUJARAT,Ahmedabad,BHASKAR SOLAR ENTERPRISE,BHAVIK VANZARA,info.bhaskarsolar@gmail.com,8980451231,25,7
GUJARAT,Ahmedabad,A D ENERGY SOLUTIONS,DHARMIKKUMAR KAUSHIKBHAI PATHAK,adenergysolutions64@gmail.com,9924503387,27,7
GUJARAT,Ahmedabad,5 RAYS ENERGY,SANJAY PANSURIYA,5raysenergy@gmail.com,9979595404,22,7
GUJARAT,Ahmedabad,SUCCESS TECHNOCRAT,BHUPENDRA KHATRI,khatri292@gmail.com,9624001021,20,6
GUJARAT,Ahmedabad,SMART ENERGY SOLUTIONS,PARAS HARIBHAI ITALIYA,smartenergysolutions99@gmail.com,8511495982,20,6
GUJARAT,Ahmedabad,RESONAGE GREEN ENERGY PRIVATE LIMITED,Jayesh Joshi,rgepl2024gujarat@gmail.com,9879402000,24,6
GUJARAT,Ahmedabad,MARUTI SOLAR SYSTEMS,DINESH NAVAR,dinesh.navar@gmail.com,9409080149,18,6
GUJARAT,Ahmedabad,JAY SARDAR SOLAR POWER PRIVATE LIMITED,VIPULBHAI CHAUDHARY,dbchaudhary108@gmail.com,9737550593,21,6
GUJARAT,Ahmedabad,FOREXT GREEN ENERGY PRIVATE LIMITED,Surajkumar Patel,Forextgreen@gmail.com,9227145384,22,6
GUJARAT,Ahmedabad,ENERGY O & M SERVICES PVT LTD,DHIRAJ RAVAL,dhirajsummit@gmail.com,9512775551,25,6
GUJARAT,Ahmedabad,ELCON POWER,KARAN THAKKER,elconpower@outlook.com,8200061494,23,6
GUJARAT,Ahmedabad,CONNECT POWER PRIVATE LIMITED,Hannan Malik,hannan@connect-power.in,9898195122,25,6
GUJARAT,Ahmedabad,AAROHI SOLAR ENERGY,RAMABHAI PARMAR,pram8384@gmail.com,8347341291,22,6
GUJARAT,Ahmedabad,V POWER SOLAR SERVICES,VISHAL LIMBACHIYA,vpowersolarservices@gmail.com,9904254440,25,5
GUJARAT,Ahmedabad,TOPCON SOLAR ENERGY,Tushar,topconsolarenergy@gmail.com,9081773500,17,5
GUJARAT,Ahmedabad,SRI BALAJI SUN ENERGY,SRIBALAJI2024,info@sribalajienergy.com,7878375444,24,5
GUJARAT,Ahmedabad,SPY AUTOMATION,AVESH U. BADI,spyautomation61@gmail.com,7227000497,18,5
GUJARAT,Ahmedabad,SP POWERTECH,PARTH PATEL,sppowertech44@gmail.com,9408129713,25,5
GUJARAT,Ahmedabad,SCION POWER,SHUBHAM SAVALIYA,scionpower@yahoo.com,7043511106,19,5
GUJARAT,Ahmedabad,SAMRUDDH SOLAR,DESAI NITABEN RAYMALBHAI,samruddhsolar1@gmail.com,7859827859,24,5
GUJARAT,Ahmedabad,RK RENEWABLE ENERGY & ENGINEERING WORKS,Jayendrasinh Rathod,rkrenewable.engineering2020@gmail.com,9824961523,19,5
GUJARAT,Ahmedabad,RAYS TECH SOLAR SOLUTIONS,POONAM,raystechsolarsolutions@gmail.com,9510147343,17,5
GUJARAT,Ahmedabad,RAICHURA ENERGY,MIHIR RAICHURA,raichuraenergy@gmail.com,9879152830,22,5
GUJARAT,Ahmedabad,POWERON ELECTRICAL,RATAN PATEL,poweron.electricalservice@gmail.com,7990528002,22,5
GUJARAT,Ahmedabad,PATIDAR ENTERPRISE,Karetiya Raj Mukeshbhai,patidarenterprise13@gmail.com,8980312782,16,5
GUJARAT,Ahmedabad,OCEANIC POWER ENGINEERS PRIVATE LIMITED,SOYEB PATEL,oceanicpower.in@gmail.com,7778065600,26,5
GUJARAT,Ahmedabad,NEXUS RENEWTECH,Nexus Renewtech,nexusrenewtech@gmail.com,8849277955,18,5
GUJARAT,Ahmedabad,HARSH ENTERPRISE,KARTIKKUMAR ARVINDBHAI BHAVSAR,harshenterprise.ele@gmail.com,9586703597,20,5
GUJARAT,Ahmedabad,HARIPRIY INDUSTRIES,PRAKASH PATEL,haripriyindustries@gmail.com,9725022146,19,5
GUJARAT,Ahmedabad,HARIOM ELECTRICS,MANOJKUMAR JAGDISHBHAI PATIWALA,manoj.patiwala.in@gmail.com,8140438508,20,5
GUJARAT,Ahmedabad,CHEMITEX EXPORTS PVT LTD,MANISH PARIKH,shrijichem@hotmail.com,9099940535,19,5
GUJARAT,Ahmedabad,BHAGIRATH ELECTRICAL SERVICES,BHAGIRATH JAYANTIBHAI THAKOR,bhagirathelectricalservices@gmail.com,7990606284,18,5
GUJARAT,Ahmedabad,BEACON ELECTROTECH LLP,RIYA Narsana,info@beaconelectrotech.com,8460314011,22,5
GUJARAT,Ahmedabad,AWAAS SEWA PRIVATE LIMITED,BHARATI BHONSALE,ADMIN@AWAAS.IN,9099189893,18,5
GUJARAT,Ahmedabad,AUTO FORGE ENGINEERS,Pradip Patel,autoforge2300@gmail.com,9925237321,16,5
GUJARAT,Ahmedabad,AARAMBH RENEWABLE,KULDEEP HARESHBHAI PANCHAL,aarambhrenewable@gamil.com,8487861888,22,5
GUJARAT,Ahmedabad,AA SOLAR,AA SOLAR,enquiry.aasolar@gmail.com,7984392322,20,5
GUJARAT,Ahmedabad,4D ENERGY,JIGAR PRAJAPATI,4d.energy01@gmail.com,9574772407,23,5
GUJARAT,Ahmedabad,WATERSUN ELECTRICAL SOLUTIONS PVT LTD,SANDIPKUMAR J TRIVEDI,watersunelectrical@gmail.com,7016589864,25,4
GUJARAT,Ahmedabad,VAKRATUND INNOVATION PRIVATE LIMITED,DHRUVKUMAR PARMAR,operation@vakratundinnovation.com,6351039120,19,4
GUJARAT,Ahmedabad,TRIZONE POWER,GOSAI SANJAYGIRI,trizonepower05@gmail.com,9638052084,12,4
GUJARAT,Ahmedabad,TOUCHCORE CONSULTANCY,MAYUR SOLANKI,touchcore27@gmail.com,9909284285,12,4
GUJARAT,Ahmedabad,SUNROOF ELECTRICAL ENERGY,JAY PADHYA,sunroofenergy100@gmail.com,9687893989,15,4
GUJARAT,Ahmedabad,SHREE LALGHAR CORPORATION,UPENDRAKUMAR BALDEVBHAI PARMAR,shreelalgharcorporation@gmail.com,8200149120,17,4
GUJARAT,Ahmedabad,RENEVIK SOLAR SOLUTIONS PRIVATE LIMITED,SEJAL CHAVDA,sejal.c@vikasaryagroup.com,9327572645,16,4
GUJARAT,Ahmedabad,RADIANT SOLAR SOLUTIONS,PARESH@RADIANTSOLARSOLUTION.COM,paresh@radiantsolarsolution.com,9979632096,26,4
GUJARAT,Ahmedabad,PRATYUSH RENEWABLE ENERGY PRIVATE LIMITED,MR. NIRAJ DAVE,pratyushrenewables@gmail.com,8780737839,17,4
GUJARAT,Ahmedabad,KHUSHI SOLAR,Dhruvini Patel,khushisolar13.info@gmail.com,7600094866,14,4
GUJARAT,Ahmedabad,JJ PV SOLAR PRIVATE LIMITED,RAJESH P JOSHI,rajesh@jjpvsolar.com,9904809006,33,4
GUJARAT,Ahmedabad,ELEREN,BHAVIK PRAJAPATI,director@ele-ren.com,9979788449,16,4
GUJARAT,Ahmedabad,EFFORTS SOLAR PRIVATE LIMITED (FORMERLY KNOWN AS EFFORTS ENTERPRISES),ADESH VANPARIYA,admin@effortsgroup.in,9067817117,15,4
GUJARAT,Ahmedabad,COMPASS ENERGIES,ABHISHEK GHEEWALA,abhishek@compassenergies.in,9974458840,17,4
GUJARAT,Ahmedabad,BRITI ENERGY,BHARAT BAVARVA,britienergy2021@gmail.com,8460227728,17,4
GUJARAT,Ahmedabad,ARKAY ICONIC PRIVATE LIMITED,MAULIK KACHHADIYA,arkaysolar@gmail.com,8401236600,15,4
GUJARAT,Ahmedabad,ACHYUT ENERGY,KRIYANKA PATEL,achyutenergy@gmail.com,9275382879,18,4
GUJARAT,Ahmedabad,SYNNOVE POWER TECHNOLOGY,VAIBHAV M EKBOTE,synnovepowertechnology@gmail.com,9033346701,12,3
GUJARAT,Ahmedabad,SUNCENTER SOLAR ENERGY,AMIN GAURAV KIRTIBHAI,suncentersolarenergy@gmail.com,8905055513,16,3
GUJARAT,Ahmedabad,SUN TECH ENERGY SOLUTION,Rutvij M Pandya,suntech.rutvij@gmail.com,8320301975,12,3
GUJARAT,Ahmedabad,SPARQ ENERTECH PVT LTD,PRASHANT JANI,info@sparqenertech.com,9558971268,14,3
GUJARAT,Ahmedabad,SKYVIEW POWER,DHAVAL PAMBHAR,skyviewpower17@gmail.com,8140055305,14,3
GUJARAT,Ahmedabad,POWERMAC TECHNOLOGY,VIRENDRA RANA,info@powermacgroup.com,9099939972,11,3
GUJARAT,Ahmedabad,POWER TECH ENERGY SOLUTUIONS,DWIP PARIKH,epc@ptes.in,6357502081,9,3
GUJARAT,Ahmedabad,POWER PLUS,CHAUDHARY PARESHKUMAR BHAGVANBHAI,powerplusbhabhar@gmail.com,8128435584,12,3
GUJARAT,Ahmedabad,PIXON GREEN ENERGY PRIVATE LIMITED,SUMIT MEHTA,tender@pixonenergy.in,7229035912,9,3
GUJARAT,Ahmedabad,P.M.BAROT GREEN ENERGY,JAY PRAVINBHAI BAROT,jaybarotkdbm@gmail.com,9327129667,11,3
GUJARAT,Ahmedabad,NISHRAY SOLAR,ANKIT SHAH,mkshahexport@gmail.com,9825409639,9,3
GUJARAT,Ahmedabad,NIL ENGINEERING,Nilay Zala,nil.engineering@yahoo.com,9228387183,12,3
GUJARAT,Ahmedabad,NATIONAL ELECTRICALS AND ELECTRONICS CORPORATION,ASHOK M PATEL,ashokpatel@neec.in,9429136631,10,3
GUJARAT,Ahmedabad,MNS GLOBAL ENGINEERING AND SERVICES,SHASHIKANT RATHOD,mnsglobalengineeringservices@gmail.com,9727207075,15,3
GUJARAT,Ahmedabad,MITRA RENEWABLE ENERGY,KERALIYA BHAVIKBHAI SHANKARBHAI,mitra.renewable@gmail.com,9824792815,12,3
GUJARAT,Ahmedabad,MADHVAN POLYPLAST PVT. LTD.,NIKHIL MANJIBHAI SONANI,cmp.madhavanpolyplast@gmail.com,9104306162,14,3
GUJARAT,Ahmedabad,M S ENERGY,Jatinbhai M Baldaniya,msenergy2021@gmail.com,7265939104,13,3
GUJARAT,Ahmedabad,KESARI SOLAR,PARTH MORADIYA,kesarisolar2322@gmail.com,8780553703,13,3
GUJARAT,Ahmedabad,JIYANSH ENERGY SOLUTIONS,MUKESHKUMAR V PATEL,mvp.jes.24@gmail.com,9924700866,15,3
GUJARAT,Ahmedabad,JAY AMBE ELECTRICALS,MITESH PATEL,jayambeelectricals091@gmail.com,6355252020,11,3
GUJARAT,Ahmedabad,GREENLAND,PRAKASH AHIR,greenlandsolar.projects@gmail.com,9825545043,11,3
GUJARAT,Ahmedabad,EARTHTECH INNOVATIONS PRIVATE LIMITED,KHOJEMA MAKDA,earthtechinnovations@gmail.com,8490850276,14,3
GUJARAT,Ahmedabad,BISON ENGINEERS,HIRAL PANDYA,bisonengineers19@gmail.com,7573984542,15,3
GUJARAT,Ahmedabad,BESIGNATURE SOLAR ENERGY PVT.LTD,Prit Patel,signaturesolar975@gmail.com,7265996001,15,3
GUJARAT,Ahmedabad,ASHISH ELECTROMECH,IKBAL MANSURI,ashishelectromech@gmail.com,9426048587,12,3
GUJARAT,Ahmedabad,ANK SOLAR ENERGY,HIT A KHANDOR,anksolarenergy@gmail.com,9724816510,11,3
GUJARAT,Ahmedabad,AHAD ENERGY,SALIM LOHANI,info@ahadenergy.in,9737673768,17,3
GUJARAT,Ahmedabad,AADHYA SOLAR,JALPAM S SUTHAR,jalpam.aadhyasolar@gmail.com,9426624423,12,3
GUJARAT,Ahmedabad,7 STAR SOLAR ENERGY,IKBAL BADI,7STAR51751@GMAIL.COM,9624899019,11,3
GUJARAT,Ahmedabad,ZUNROOF TECH PVT LTD,Ashank Garg,gosolar@zunroof.com,9205893368,7,2
GUJARAT,Ahmedabad,VR ENERGY,HARDIK RAIYANI,vrenergy4@gmail.com,9924390293,6,2
GUJARAT,Ahmedabad,VIYA ELECTRIC PRIVATE LIMITED,Hitesh Raviya,info@viyaelectric.com,9033092026,8,2
GUJARAT,Ahmedabad,URJA ASSISTANCE,PALLAV GODHANI,gujarat@urjaassistance.com,9724806341,7,2
GUJARAT,Ahmedabad,UKEL AUTOMATION LLP,RAKESH SARVAIYA,ukelautomation@gmail.com,9998008889,7,2
GUJARAT,Ahmedabad,TITAN ENERGY,BHARGAV SAVSANI,info@titanenergy.in,9054825825,10,2
GUJARAT,Ahmedabad,TARA SOLAR ENERGY,RAVAL KEYURKUMAR PARASHARBHAI,tara.solar.2111@gmail.com,9408966600,10,2
GUJARAT,Ahmedabad,SUNSNATCH SOLUTIONS LLP,MONARK PATEL,monark.sunsnatch@gmail.com,7698536878,9,2
GUJARAT,Ahmedabad,SUN LIGHT SOLAR,MAHESH MANILAL JOSHI,sunlightsolar0106@gmail.com,9726215972,6,2
GUJARAT,Ahmedabad,STANDARD ENGINEERS & CONTRACTORS,Faiz Mohamad,standardelectricals7177@gmail.com,8140080726,13,2
GUJARAT,Ahmedabad,SP ENGINEERING,GHANSHYAM RAMESHBHAI VAGHASIYA,sp.engineering2k19@gmail.com,6353577489,7,2
GUJARAT,Ahmedabad,SKY TECH ENERGY,PRATIK J KATHIRIYA,info.skytechenergy@gmail.com,6355092898,9,2
GUJARAT,Ahmedabad,SHREE HARI SOLAR,RAVIT PATEL,patelravit1@gmail.com,9819049759,8,2
GUJARAT,Ahmedabad,SHREE AMBIKA AGENCIES,Hiteshbhai Shah,niravambika@rediffmail.com,9426158047,89,2
GUJARAT,Ahmedabad,SAVIOR SOLAR ENERGY,Dipti Parmar,saviorsolarenergy@outlook.com,8980517729,7,2
GUJARAT,Ahmedabad,SATYAM SALES,SATYAM BOGHARA,kishanagroagencyamreli@gmail.com,9825360183,7,2
GUJARAT,Ahmedabad,RUDRA SOLAR AND ELECTRICAL,SHAKTISINH GOHIL,rudrasolar2019@gmail.com,9510514672,7,2
GUJARAT,Ahmedabad,RIMPLE CORPORATION LLP,SNEHAL L TALATI,rimpleco@gmail.com,6351076702,6,2
GUJARAT,Ahmedabad,RG SOLAR SOLUTIONS,GOVINDBHAI M MAHESHWARI,info@rgsolarsolutions.com,7718719713,7,2
GUJARAT,Ahmedabad,RAY ENERGY,Varun Trivedi,info.rayenergy@gmail.com,8401481453,8,2
GUJARAT,Ahmedabad,RABBIT ELECTRICAL AND SOLAR PVT. LTD.,VISHAL BABUBHAI PATEL,respvtltd24@gmai.com,9727646420,8,2
GUJARAT,Ahmedabad,PARTH SALES,HARICHANDRASINH CHAMANSINH RAOL,parthsalessolar@gmail.com,9712426671,7,2
GUJARAT,Ahmedabad,P C LINK ENTERPRISE,PATEL HITESHBHAI,pclinkenterprise@gmail.com,8238053941,7,2
GUJARAT,Ahmedabad,ONETIME SOLAR SYSTEM,BHAVIN GOTHI,onetimesolarsystem@gmail.com,9925296957,6,2
GUJARAT,Ahmedabad,OM SOLAR SYSTEMS,KEYUR JOGI,omsolarsystems.rjt@gmail.com,8141405557,8,2
GUJARAT,Ahmedabad,NINE TECH AUTOMATION,PATEL NAYAN KANUBHAI,ninetechautomation09@gmail.com,9313375388,9,2
GUJARAT,Ahmedabad,NESSA ILLUMINATION TECHNOLOGIES PRIVATE LIMITED,DHAVAL SHAH,tenders@nessa.in,9825650354,7,2
GUJARAT,Ahmedabad,NEELKANTHESHWAR SOLAR ENERGY,SATYAM DINESHBHAI PATEL,neelkantheshwarsolarenergy@gmail.com,8460048549,9,2
GUJARAT,Ahmedabad,N M POWER,GAURAV KARELIYA,gauravkareliya1@gmail.com,8141958041,9,2
GUJARAT,Ahmedabad,MARUTI SUNSOLREN,DOBARIYA MILANKUMAR VRAJLALA,marutisunsolren@gmail.com,8238145153,8,2
GUJARAT,Ahmedabad,MAPSTECH SYSTEMS,HARDIK PATEL,mapstechsystems@gmail.com,9998854510,7,2
GUJARAT,Ahmedabad,MAPS TECHNO SOLUTIONS,KEYURKUMAR M PATEL,mapstechnosolutions@gmail.com,9974386038,8,2
GUJARAT,Ahmedabad,LUCIDUS ENERGY PRIVATE LIMITED,RAJESH JAIN,lucidusenergy21@gmail.com,9327990722,7,2
GUJARAT,Ahmedabad,LOGICTECH SOLAR AND AUTOMATION PVT LTD,HITESH GOLANI,logictechsolar@gmail.com,9429580846,7,2
GUJARAT,Ahmedabad,LIGHTRIC POWER SOLUTION,BHAUMIK PATEL,lightricpower@gmail.com,6355768984,10,2
GUJARAT,Ahmedabad,KUNTHU CONSULTANTS PVT LTD,NEELESH MUTHA,neelesh@kunthusolar.com,7405992700,7,2
GUJARAT,Ahmedabad,JIGS ELECTRICAL,BIRJU PATEL,jigselectrical@gmail.com,9979129392,7,2
GUJARAT,Ahmedabad,JAYVEER ELECTRICAL PRIVATE LIMITED,MR. PRATIK PATEL,jayveerelectrical@gmail.com,9601679621,7,2
GUJARAT,Ahmedabad,JAY SARDAR SOLAR PVT.LTD.,KISHORBHAI NARANBHAI TILALA,jaysardarsolar@gmail.com,8141500062,9,2
GUJARAT,Ahmedabad,JANGID SOLAR ENERGY PVT LTD,JAYKUMAR JANGID,info@jsepl.in,6358931609,8,2
GUJARAT,Ahmedabad,GUJARAT ENERGY,NUMBER(S),info@gujaratenergy.in,9723431234,6,2
GUJARAT,Ahmedabad,GREEN EARTH SOLAR,RAJESH MONPARA,info.ges2015@gmail.com,9723076250,10,2
GUJARAT,Ahmedabad,GOVARDHAN TRADERS,SATISHKUMAR BAROT,govardhantraders2512@gmail.com,7600029983,7,2
GUJARAT,Ahmedabad,GAYATRI TRADING,JIGNESH PATEL,jigneshchopada78@yahoo.in,9687606194,10,2
GUJARAT,Ahmedabad,EMISSIONS FREE WORLD PVT LTD,PANCHAL SIDDARTHKUMAR,emissionsfreeworld@gmail.com,8320097477,16,2
GUJARAT,Ahmedabad,BRAHMADIP ENTERPRISE,KASHYAP PANDYA,brahmadip.solar@yahoo.com,9427230047,8,2
GUJARAT,Ahmedabad,BLEO ENERGY,KRUPAL DESAI,bleoenergy@gmail.com,9924982211,5,2
GUJARAT,Ahmedabad,BHAVANI ELECTRICALS,Yogesh Patel,beplpatan@gmail.com,9824014075,9,2
GUJARAT,Ahmedabad,BANSIDHAR SOLAR ENERGY,MAKWANA DEEP HITESHBHAI,banshidharsolarenergy@gmail.com,9726035143,7,2
GUJARAT,Ahmedabad,BALA SOLAR,VIJAY SINH PRAVINSINH RANA,balasolar@yahoo.com,9879188034,9,2
GUJARAT,Ahmedabad,ADS SOLAR POWER,MUKESH SHARMA,sales@adssolarpower.com,9879532141,8,2
GUJARAT,Ahmedabad,ZENITH SUNSPARK,PATEL DIPKUMAR RAMESHBHAI,zenithsunspark@gmail.com,8140946909,3,1
GUJARAT,Ahmedabad,YOG ENTERPRISE,SHETA HETALBEN SATISHBHAI,yogenterprise.vallabhipur@gmail.com,7600790079,4,1
GUJARAT,Ahmedabad,YAGNIKKUMAR VALLABHBHAI SAVALIYA,yagnik v savaliya,yagniks1999@gmail.com,9409326590,3,1
GUJARAT,Ahmedabad,Y CAME SYSTEMS,TANDEL MITESHKUMAR KHANDUBHAI,ycamesystem009@gmail.com,8320408867,3,1
GUJARAT,Ahmedabad,VOLTECH ELECTRICALS,JAY DHAMELIA,voltechelectricals156@gmail.com,7567771900,4,1
GUJARAT,Ahmedabad,VISHWAKARMA ELECTRICALS,Arunaben A Suthar,info.vishwakarmaelectricals@gmail.com,9426730030,9,1
GUJARAT,Ahmedabad,VENTURE SOLAR SOLUTION,VIMAL SHILU,info@venturesolarsolution.com,9979632050,3,1
GUJARAT,Ahmedabad,VEER SOLAR GREEN ENERGY,JEKI VAGHELA,veersolar2024@gmail.com,8347173977,3,1
GUJARAT,Ahmedabad,VARIZONE SOLAR PRIVATE LIMITED,PASHWA SHAH,varizonesolar@gmail.com,9426111113,8,1
GUJARAT,Ahmedabad,VAIJNATH GLOBAL,Hardik sathvara,vaijnathglobal@gmail.com,9106991946,3,1
GUJARAT,Ahmedabad,UNIQUE SOLAR SERVICE,PARMAR RANJITSINH,UNIQUESOLARSERVICERAJKOT@GMAIL.COM,7046082382,3,1
GUJARAT,Ahmedabad,UDB ENERGY PVT. LTD.,USDAD BHAUTIK LALITBHAI,udbenergypvtltd@gmail.com,7077014714,5,1
GUJARAT,Ahmedabad,TVARIT ENERGY LLP,JAYKUMAR HARSUKHBHAI PATEL,meet@tvritenergy.in,8511600853,3,1
GUJARAT,Ahmedabad,SYNCHRO ENERGY,ZULASANA MANJULABEN NILESHBHAI,synchroenergy389@gmail.com,9974737316,3,1
GUJARAT,Ahmedabad,SWARG INDUSTRIES PVT LTD,NIRAV D PATEL,info@swargworld.com,9824999527,3,1
GUJARAT,Ahmedabad,SURYA INTERNATIONAL,VISHNU PATEL,suryavishnu159@yahoo.com,9825802298,3,1
GUJARAT,Ahmedabad,SUNLIGHT SOLAR ENTERPRISE,BHAVESH PARMAR,bhaveshparmar4793@gmail.com,8320866769,3,1
GUJARAT,Ahmedabad,SUN SAVER SOLAR,NIMESH SHARMA,support@sunsaversolar.in,9909908879,4,1
GUJARAT,Ahmedabad,SOLSKIN ENERGY LLP,ASHUTOSH MAKATI,solskinenergy@gmail.com,8128988878,4,1
GUJARAT,Ahmedabad,SOLISTA ENERGY,PARAG B VORA,solistaenergy8@gmail.com,9106194946,3,1
GUJARAT,Ahmedabad,SOLEX ENERGY LIMITED,SURESHBHAI PRAJAPATI,solexcd@gmail.com,6354605180,3,1
GUJARAT,Ahmedabad,SOLARISE TECHNOLOGIES,Maulik Patel,solarisetechnologies1@gmail.com,6351562596,3,1
GUJARAT,Ahmedabad,SOLAR ONLINE SKP,PATEL YOGESHKUMAR PRAVINBHAI,onlinesk044@gmail.com,8238539443,3,1
GUJARAT,Ahmedabad,SKY RISE SOLAR,HIRAPARA DHAVAL,skyrisesolar@gmail.com,9328009285,5,1
GUJARAT,Ahmedabad,SKY BLUE SOLAR,PRUTHVI GALANI,skybluesolar56@gmail.com,9824965349,3,1
GUJARAT,Ahmedabad,SIDDHI ELECTRICAL ENGINEER AND CONTRACTOR,RAVAL SUDHIRBHAI JAYANTILAL,siddhielectrical77@gmail.com,9662061492,3,1
GUJARAT,Ahmedabad,SHREYISHA ENGINEERING,Shah Shreyank Hiteshkumar,shreyishaengineering@gmail.com,8460445802,5,1
GUJARAT,Ahmedabad,SHREE SOLAR VENTURE PVT LTD,SHREESOLAR,shreesolarventure@gmail.com,9571211118,8,1
GUJARAT,Ahmedabad,SHREE NARAYAN ENERGY,Harsh Patel,snesolar@gmail.com,9879179079,5,1
GUJARAT,Ahmedabad,SHREE KRISHNA ENERGY,SARLABEN SHIRISHBHAI SHAH,shreekrishna.energy@gmail.com,9979559334,6,1
GUJARAT,Ahmedabad,SHREE KHODIYAR REFRIGERATION SALES AND SERVICE,MANISH PATEL,shreekhodiyarref85@gmail.com,9825289293,3,1
GUJARAT,Ahmedabad,SHIVAM SOLAR,DHAVAL PATEL,solar.shivam2020@gmail.com,7575007551,3,1
GUJARAT,Ahmedabad,SHIVAM ENERGY TECH,SOLANKI ANILKUMAR,shivamenergytech2023@gmail.com,9687001450,4,1
GUJARAT,Ahmedabad,SHAYONAAM ENTERPRISE,PARTH MOLIYA,shayonaam12@gmail.com,9638766943,5,1
GUJARAT,Ahmedabad,S P MULTI ENGINEERING SERVICES,DHAIRYA PATEL,spmultiengineeringservices@gmail.com,9104556095,3,1
GUJARAT,Ahmedabad,S MEERA ELECTRICALS,GULAMNABI,s.meeraelectricals@gmail.com,9328249939,4,1
GUJARAT,Ahmedabad,RVMOVALIYA CONSTRUCTION CO,KAUSHIK MOVALIYA,rvmovaliya.solarenergy@gmail.com,9724543742,4,1
GUJARAT,Ahmedabad,RUPABHAI MAGANBHAI PATEL,RUPABHAI MAGANBHAI PATEL,RMP.GEMPORTAL@GMAIL.COM,9426004861,3,1
GUJARAT,Ahmedabad,RUDRASOL ENERGY PRIVATE LIMITED,KAMALESH SHUKLA,rudrasolenergy@gmail.com,9408397604,4,1
GUJARAT,Ahmedabad,RSV POWER ENGINEERING,RINKAL KUNAL SUNAVIA,rsv.power.engineering@gmail.com,9033590507,4,1
GUJARAT,Ahmedabad,RITUDHAN SOLAR POWER,DHANESH PATEL,ritudhansolarpower@gmail.com,9879111390,3,1
GUJARAT,Ahmedabad,RE360,SHASHANK BHAVSAR,gogreen@re360.in,8258976667,5,1
GUJARAT,Ahmedabad,RAJ CORPORATION,MOHAMADSHAHID SIRAJAHEMAD SUBUGAR,raj.corporation07@gmail.com,7990452182,3,1
GUJARAT,Ahmedabad,R V ENERGY,TEJASH PATEL,rvenergy5@gmail.com,9427507035,3,1
GUJARAT,Ahmedabad,PRATIKSHA ENTERPRISE,SANJAYKUMAR G SINDHA,pratikshaenterprise1006@gmail.com,8238516417,6,1
GUJARAT,Ahmedabad,PRANIK POWER INFRA PRIVATE LIMITED,PRAHAR TRIVEDI,solar.pranik@gmail.com,9925237347,3,1
GUJARAT,Ahmedabad,PRAHAR SOLAR SOLUTIONS,VANADAN VINODBHAI CHAUHAN,info.praharsolar@gmail.com,9016360702,4,1
GUJARAT,Ahmedabad,PHOTOVOLTAIC SOLAR,Jay Thakkar,info@photovoltaicsolar.in,8866488000,5,1
GUJARAT,Ahmedabad,PATEL GREEN ENERGY SALES AND SERVICE,KORADIYA ARVIND KESHAVJI,patelgreenenergyinfo@gmail.com,9427412983,3,1
GUJARAT,Ahmedabad,PARISHRAM INFOENERGY,HARSH PATEL,parishraminfoenergy@gmail.com,9909433132,3,1
GUJARAT,Ahmedabad,P V ENERGY,PRATIK BHATT,pvenergy999@gmail.com,9924195999,4,1
GUJARAT,Ahmedabad,ORTEX CORPORATION,DIPENDRA UPADHYAY,ortexcorporation@gmail.com,9276103457,4,1
GUJARAT,Ahmedabad,ONEVOLT GREEN PVT LTD,AKSHAY MAGANBHAI VORA,onevoltgreens@gmail.com,9925292721,9,1
GUJARAT,Ahmedabad,NYALKARAN RENEWABLE ENERGY,VAIBHAV PATEL,nyalkaranrenewableenergy@gmail.com,9998473073,4,1
GUJARAT,Ahmedabad,NU SOLAR INFRACON PRIVATE LIMITED,NEEL SHAH,nu.solar.infracon@gmail.com,9033181196,5,1
GUJARAT,Ahmedabad,NOBLE INFOTECH,PANKAJ PATEL,sankhala2002@gmail.com,9909986188,4,1
GUJARAT,Ahmedabad,NILKANTH ENTERPRISE,NIKUL HARIBHAI CHOVATIYA,nilkanthenterprise96@gmail.com,9157369603,4,1
GUJARAT,Ahmedabad,NILKANTH ENGINEERING,SAGAR J MARKANA,nilkanthengineering9@gmail.com,8155928825,4,1
GUJARAT,Ahmedabad,NAVKALP GROUPS,MAULIK NAVNITBHAI BHOJAK,navkalprenewable@gmail.com,8460109090,3,1
GUJARAT,Ahmedabad,MJR INDUSTRIES PRIVATE LIMITED,MJR INDUSTRIES PRIVATE LIMITED,mjrindustriespvtltd@gmail.com,9426998993,5,1
GUJARAT,Ahmedabad,MAKKWANA INDUSTRIES,NUMBER(S),rooftopindia@gmail.com,9879398464,4,1
GUJARAT,Ahmedabad,MAHEK SOLAR POWER,HEMANT GORE,mahek.tech1@gmail.com,9925805953,6,1
GUJARAT,Ahmedabad,MADHAV SOLAR ENERGY LIMITED (FORMERLY KNOWN AS MADHAV ENTERPRISE - SURAT),KRUTIKA AMIPARA,info@madhavsolarenergy.com,8849299212,3,1
GUJARAT,Ahmedabad,LIGHTWELL SOLAR,BHAUMIK PATEL,lightwellsolar@gmail.com,9054524293,7,1
GUJARAT,Ahmedabad,KRIVA TECHNOLOGIES,RITESH GOHIL,krivasolartechnologies@gmail.com,7227074480,3,1
GUJARAT,Ahmedabad,KP GREEN ENGINEERING LIMITED,MOINULHAQUE KADVA,imam.syed@kpgroup.co,9104677596,3,1
GUJARAT,Ahmedabad,KHUSHI IRRIGATION AND SOLAR,SHARMISTHA PATEL,khushi.irrigationandsolar@gmail.com,9638370303,3,1
GUJARAT,Ahmedabad,KARTAVY AGROTECH,TEJASBHAI VINUBHAI BAVISIYA,kartavysolar@gmail.com,9426465233,3,1
GUJARAT,Ahmedabad,KANHA ENTERPRISE,Jay Patel,kanhaenterprise4161@gmail.com,6355636703,3,1
GUJARAT,Ahmedabad,JAYKAMAL ENERGY,JAYKAMAL ENERGY,JAYKAMAL.ENERGY@GMAIL.COM,9726862780,4,1
GUJARAT,Ahmedabad,JAY BALOJ ENTERPRISE,Umang Patel,umang066@gmail.com,7874165037,3,1
GUJARAT,Ahmedabad,JAI SOMNATH ENTERPRISE,KISHAN GUNVANTRAI TRIVEDI,msjaisomnathenterprise@gmail.com,9979990909,4,1
GUJARAT,Ahmedabad,INOX SOLAR ENERGY,RAVI KAPADIYA,inoxsolarenergy@gmail.com,9904604047,4,1
GUJARAT,Ahmedabad,IDEAL ELECTRICAL,BHAVIN C. PATEL,idealelectric7@gmail.com,9638324167,5,1
GUJARAT,Ahmedabad,ICONIC SOLAR ENERGY,SHAILESH NARSHIBHAI LIMBASIYA,iconicsolarenergy26@gmail.com,7698504095,3,1
GUJARAT,Ahmedabad,GSL ENERGY,PARTH PATEL,gslenergy09@gmail.com,8320945187,3,1
GUJARAT,Ahmedabad,GREEN FEEDS,DHAVAL PATEL,greenfeedsolar@gmail.com,9426780778,3,1
GUJARAT,Ahmedabad,GREEN ERA SYSTEM,TOSIF KHAN PATHAN,greenerasystem@gmail.com,8320221647,5,1
GUJARAT,Ahmedabad,GOLDSUN SOLAR,DHRUV PADASUMBIYA,dhruvpadasumbiya@gmail.com,9409016021,3,1
GUJARAT,Ahmedabad,GITANJALI DEVELOPERS,Somabhai Moghabhai Chamar,dhavalparmar.dp39@gmail.com,8200332871,5,1
GUJARAT,Ahmedabad,FORTUNE TECHNOLOGIST,KIRIT JOSHI,fortunetechnologist@gmail.com,9427597246,5,1
GUJARAT,Ahmedabad,EQUINOX SOLAR PRIVATE LIMITED,Shreekar Rakholiya,info@equinoxsolar.in,7573044078,3,1
GUJARAT,Ahmedabad,EMERALD ENTERPRISE,CHANDANI VYAS,emerald.vadodara@outlook.com,9173591485,3,1
GUJARAT,Ahmedabad,ECLIPTIC SOLAR,VISHAL DAVE,davevishalkumar@gmail.com,9825023276,5,1
GUJARAT,Ahmedabad,DRAYS ENERGY SOLUTIONS,Draysenergysolutions,draysenergy@gmail.com,7802893258,6,1
GUJARAT,Ahmedabad,DIVINE TECHNO SOLAR INDIA LLP,PRAFULBHAI MEHTA,divinetechnosolar@gmail.com,9825229205,9,1
GUJARAT,Ahmedabad,DIVINE ENERGY INC,Arpita ben Shelat,divinein17@gmail.com,7874391679,3,1
GUJARAT,Ahmedabad,DEV ENTERPRISE,HAMIRANI ARMAN NURMAMANDBHAI,deventerprise424@gmail.com,9428121408,5,1
GUJARAT,Ahmedabad,DELTA SOLAR ENERGY,YAGNESH VADODARIYA,deltasolarenergy1@gmail.com,9427539663,4,1
GUJARAT,Ahmedabad,COSMIC POWER TECH,CHARCHIL SHAH,cosmicpowertech@gmail.com,9313720672,4,1
GUJARAT,Ahmedabad,BNG GREEN ENERGY SOLUTION,BHARAT KUMAR NANJIBHAI GOHEL,bng.greenenergy@gmail.com,9727777171,5,1
GUJARAT,Ahmedabad,BHAVI URJA,BHARATBHAI VALLABHBHAI PATEL,bhaviurja@gmail.com,9377359007,5,1
GUJARAT,Ahmedabad,BHARAT ENERGY,SIDDHRAJSINH,bharatenergy8889@gmail.com,9714131394,3,1
GUJARAT,Ahmedabad,BHANU SOLAR ROOFTOP,HITESH GAJRA,info@bhanusolar.co.in,7600240535,3,1
GUJARAT,Ahmedabad,BANAS POWER,DASHRATHBHAI C GOLETAR,banaspower2020@gmail.com,9998418825,3,1
GUJARAT,Ahmedabad,AVI APPLIANCES PVT. LTD.,PRITAM JAIN,design01@avi-products.com,9913759764,3,1
GUJARAT,Ahmedabad,AVDHOOT ELECTRICAL INFRA,Mr. KETAN PATEL,avdhootelectrical.infra@gmail.com,9586547798,3,1
GUJARAT,Ahmedabad,ATHARV ENERTECH,MONTU J. DEDAKIYA,montu.dedakiya@gmail.com,9998943833,4,1
GUJARAT,Ahmedabad,ARCHER RENEWABLE PRIVATE LIMITED,Chhayank D Patel,info@archersolar.in,8000041003,3,1
GUJARAT,Ahmedabad,AQUA AIR ENVIRONMENTAL ENGINEERS PVT LTD,Divyesh Patel,aquasolarsurat@gmail.com,9898068808,3,1
GUJARAT,Ahmedabad,APOLLO SOLAR POWER,DHAVAL SAVANI,dhavalsavani@icloud.com,9099006748,5,1
GUJARAT,Ahmedabad,ANSH SOLAR PRIVATE LIMITED,MEHUL CHHATBAR,info@anshsolar.com,7575035750,5,1
GUJARAT,Ahmedabad,ANANT SOLAR ENRGY,KALARIYA HIREN,anantsolarenergy@gmail.com,9904198764,3,1
GUJARAT,Ahmedabad,AKV ENERGY SOLUTIONS,ASHISH DHANANI,akvenergysolutions@gmail.com,9033401435,6,1
GUJARAT,Ahmedabad,AK GREEN ENERGY,TAILOR AKSHAYKUMAR KISHORBHAI,akgreenenergy49@gmail.com,9974846833,4,1
GUJARAT,Ahmedabad,ACCLIMATE SYSTEMS PRIVATE LIMITED,HARSHUL SHAH,acclimatesystem@gmail.com,7878538141,3,1
GUJARAT,Ahmedabad,AC DC PROJECTS,MAULIK PANCHAL,acdcprojects1@gmail.com,8200193182,3,1
GUJARAT,Ahmedabad,ABS SOLAR ENERGY,Salman Khan,abssolar16@gmail.com,7574010721,3,1
GUJARAT,Ahmedabad,ABHISHEK ENTERPRISES,ABHISHEK AVARANI,abhishek.avarani@gmail.com,9727713162,2,1
GUJARAT,Ahmedabad,AARISH POWER,HARSH PATEL,harshpatel5268@gmail.com,7600621060,2,1
GUJARAT,Ahmedabad,AANJNEY ENTERPRISE,AKASH PATEL,aanjneysolar@gmail.com,6353161531,3,1
GUJARAT,Ahmedabad,AAKASH ENTERPRISES,Akash Parmar,Enterprise.aakash2010@gmail.com,8735074986,6,1
GUJARAT,Ahmedabad,A J INFRATECH AND SOLAR,NUMBER(S),aryanpatelvisnagar@gmail.com,9429083193,3,1
GUJARAT,Ahmedabad,ZY ENTERPRISE,Mohammad Atir Bula,zyenterprise12@gmail.com,8460313094,0,0
GUJARAT,Ahmedabad,ZMR ENERGY INCORPORATION,PARESH RAMANI,zmrenergyincorporation@gmail.com,9924818113,0,0
GUJARAT,Ahmedabad,ZALA HAKUBHA NARSISINH,ZALA HAKUBHA N,solar.hakubha1508@gmail.com,9925103777,0,0
GUJARAT,Ahmedabad,YUVARAYS SOLAR,RANJITSINH PARMAR,yuvarayssolar@gmail.com,9824624497,0,0
GUJARAT,Ahmedabad,YUG SOLAR,SHIYAL BHAVESH,yugsolar@gmail.com,6359410052,0,0
GUJARAT,Ahmedabad,YOGI BATTERY CENTRE,JIGNESH PATEL,yogipowersystem@yahoo.co.in,9824088156,0,0
GUJARAT,Ahmedabad,YELLOWFELLOW ENERGIES LLP,VIRAJ SHAH,viraj@yellowfellow.in,8200955676,0,0
GUJARAT,Ahmedabad,YELLOWCREST ENERGY LLP,MIRAJ UPENDRABHAI PANCHOLI,yellowcrestenergy@gmail.com,9904675445,0,0
GUJARAT,Ahmedabad,YELLOW RAY SOLAR,VANSAL I RAY,yellowraysolar@gmail.com,9427443581,0,0
GUJARAT,Ahmedabad,YASHVI ENTERPRISE,JAYSINH CHAVDA,yashvientsami@gmail.com,8849331593,0,0
GUJARAT,Ahmedabad,YASHONAND ELECTRO SERVICE PVT LTD,PARESH J HADIYA,yashonand2022@gmail.com,9157197171,0,0
GUJARAT,Ahmedabad,WHITESUN GREEN ENERGY PRIVATE LIMITED,RAKESH BHUDIA,rakesh.bhudia14@hotmail.com,8511740671,0,0
GUJARAT,Ahmedabad,WHITEDESERT POWER PROJECTS PVT. LTD.,KETAN PARASIYA,wdplnkt@gmail.com,9427760723,0,0
GUJARAT,Ahmedabad,VYAS IMPEX,KARTIKKUMAR VYAS,vyasimpex1982@gmail.com,8200849398,0,0
GUJARAT,Ahmedabad,VSG ENTERPRISE,SURYAKANT GORASIYA,SURYAKANTGORASIYA3024@GMAIL.COM,9979632447,0,0
GUJARAT,Ahmedabad,VRUND ENERGY,NIRAV DAMJIBHAI TRAPASIYA,vrundenergy@gmail.com,9574779572,0,0
GUJARAT,Ahmedabad,VRTECH ENERGY,VISHAL RAMESHBHAI GOTI,vrtechenergy20@gmail.com,9157988889,0,0
GUJARAT,Ahmedabad,VRAJ ENTERPRISE,Harshil bhalala,vrajsolarsolutions@gmail.com,8140000903,0,0
GUJARAT,Ahmedabad,VRAJ BATTERIES AND POWER SOLUTION,RAMCHANDRA KAPADIA,ramkapadia68@gmail.com,9925084825,0,0
GUJARAT,Ahmedabad,VOLT'S LEGACY ENERGY SOLUTION,LADUMOR ASHWIN CHHAGANBHAI,contact@voltslegacy.com,9998765059,0,0
GUJARAT,Ahmedabad,VOLLT SOLAR ENERGY,RAVIBHAI MAHENDRABHAI RAVAL,volltsolar@gmail.com,8128550011,0,0
GUJARAT,Ahmedabad,VMD SOLAR ENERGY PRIVATE LIMITED,VASIMAKRAM M DOI,info@vmdsolarenergy.com,9974095302,0,0
GUJARAT,Ahmedabad,VIVAN ENERGY,Shailesh Hingu,vivanenergy09@gmail.com,9979890230,0,0
GUJARAT,Ahmedabad,VITRAG TECHNO PRIVATE LIMITED,VIVEK MANJIBHAI DANKHARA,ad.vitragsolar@gmail.com,7778882668,0,0
GUJARAT,Ahmedabad,VITRAG ENTERPRISE,VIVEK DANKHAKRA,vitrag.enterprise@yahoo.com,8866709860,0,0
GUJARAT,Ahmedabad,VISHWASH ENTERPRISE,LALITBHAI PARSOTTAMBHAI POKAL,vishwashenterprise2422@gmail.com,6355098324,0,0
GUJARAT,Ahmedabad,VISHWAS SOLAR ENERGY,ROHITKUMAR SHIVRAMBHAI PRAJAPTI,vishwassolar25@gmail.com,9426486257,0,0
GUJARAT,Ahmedabad,VISHWA SOLAR EXPERT,Jagdish,vishwasolar68@gmail.com,9724968018,0,0
GUJARAT,Ahmedabad,VISAKA GREEN PRIVATE LIMITED,venkat,vsolar@visaka.in,8770905614,0,0
GUJARAT,Ahmedabad,VIJAY SOLAR ENERGY,Vijay Chaudhary,vijaysolarenergy940@gmail.com,6351211549,0,0
GUJARAT,Ahmedabad,VIJAY ELECTRIC COMPANY,PATEL SATISHKUMAR RAMANBHAI,vijayelectricco@rediffmail.com,8200337720,0,0
GUJARAT,Ahmedabad,VIDHYUT URJA,PARTH S CHAUHAN,vidhyut.urja10@gmail.com,9664845692,0,0
GUJARAT,Ahmedabad,VIABLE SOLAR,CHANDUBHAI BHINGARADIYA,viable.solar9990@gmail.com,9913344841,0,0
GUJARAT,Ahmedabad,VENUS ENTERPRISE,VIRUT JAGANI,venusenergy2228@gmail.com,7990678583,0,0
GUJARAT,Ahmedabad,VEERASOL TECHNOLOGY,Parth malaviya,info@veerasol.com,9558899931,0,0
GUJARAT,Ahmedabad,VEDA ENTERPRISE,ALPABEN AJAYBHAI PATEL,info.vedaenterprise@gmail.com,8401103393,0,0
GUJARAT,Ahmedabad,VECTON ENERGY,DEVANG NIMAVAT,vectonenergy@gmail.com,8000140159,0,0
GUJARAT,Ahmedabad,VCL ENERGY,VIPULBHAI CHATURBHAI LAKHANI,vclenergy777@gmail.com,9825492605,0,0
GUJARAT,Ahmedabad,VASUSENA SOLAR ENERGY,PATEL MARTINKUMAR NARESHBHAI,vasusenasolarenergy07@gmail.com,9265356623,0,0
GUJARAT,Ahmedabad,VASHRAMBHAI LAKHABHAI GHED,VANRAJBHAI J BAMBHANIYA,satrang.com@gmail.com,9624152555,0,0
GUJARAT,Ahmedabad,VASANI SOLAR SOLUTION,RUTVIK J VASANI,vasani.solar.solution@gmail.com,9998404646,0,0
GUJARAT,Ahmedabad,VARRCHASVA ENERGY PRIVATE LIMITED,Vaibhav Ujjain,vaibhav@varrchasva.com,9100520101,0,0
GUJARAT,Ahmedabad,VALAM ENTERPRISE,NARESHBHAI KANUBHAI MAKVANA,valamenterprise007@gmail.com,9824881693,0,0
GUJARAT,Ahmedabad,VAGHASIA HITESH B,HITESH VAGHASIA,vaghasia_hitesh@yahoo.com,9979773121,0,0
GUJARAT,Ahmedabad,VAATI POWER,BIRJU PATEL,vaatipower@gmail.com,9510010005,0,0
GUJARAT,Ahmedabad,V-GUARD INDUSTRIES LIMITED,V-GUARD SOLAR,solar@vguard.in,9895550313,0,0
GUJARAT,Ahmedabad,V-GRID POWER,Vijaybhai Kalubhai Sisara,vgridpower22@gmail.com,9714892380,0,0
GUJARAT,Ahmedabad,V SOLAR,VIPULKUMAR PATEL,vsolar8521@gmail.com,7698297821,0,0
GUJARAT,Ahmedabad,UVR TECHSOL PRIVATE LIMITED,VIRAL D BHATT,uvrtechsol@gmail.com,9227106799,0,0
GUJARAT,Ahmedabad,UTSAV TECHNO ENTERPRISE,DHANANJAY J CHAUDHARY,utsavtechnoenterprise@gmail.com,7046612340,0,0
GUJARAT,Ahmedabad,URJA GLOBAL LIMITED,Mr Sushil Kumar Dubey,bhagwan.verma@urjaglobal.in,7290005823,0,0
GUJARAT,Ahmedabad,URJA ELECTRICALS,SAVJIBHAI LAKUM,urja.electricals.dhg@gmail.com,8469551508,0,0
GUJARAT,Ahmedabad,UNIVERSE ENTERPRISE,MULJI NAKUM,muljinakum1103@gmail.com,7878789968,0,0
GUJARAT,Ahmedabad,UNICORN ENTERPRISE,IBRAZ ISHAKBHAI MALEK,unicornsolarvyara@gmail.com,8200121328,0,0
GUJARAT,Ahmedabad,UNICON ENERGY,PREM BRAHMBHATT,info@uniconenergy.com,9974545444,0,0
GUJARAT,Ahmedabad,UMIYA TRADING COMPANY,SAMEER HARSADBHAI PATEL,umiyatradingcompany1287@gmail.com,9998850299,0,0
GUJARAT,Ahmedabad,ULTRAVIOLET SOLAR PVT.LTD.,JIGNESH P SORATHIYA,info@uvrays.co.in,7878699099,0,0
GUJARAT,Ahmedabad,ULTRASUN ENERGY,DEEP JAYANTIBHAI PATEL,info@ultrasunenergy.com,9909911071,0,0
GUJARAT,Ahmedabad,ULTRAMECH ENERGIES,JAIMIN PATEL,jaiminptl886@gmail.com,8320126712,0,0
GUJARAT,Ahmedabad,UJALA COMPANY,Ashwin Chandravadiya,ujalasolarcompany@gmail.com,7874157474,0,0
GUJARAT,Ahmedabad,TULAJA ENTERPRISE,DAXESH GANDHI,tulajaenterprise@gmail.com,9904866630,0,0
GUJARAT,Ahmedabad,TRISOLAR,7567997295,aha.krisma@gmail.com,7567997295,0,0
GUJARAT,Ahmedabad,TRISHLA ELECTRICAL SOLUTIONS,MEHUL PATEL,info@trishlaelectricals.com,8980026865,0,0
GUJARAT,Ahmedabad,TRIDENT POWER,KETAN ARJANBHAI SARDHARA,trident.power24@gmail.com,7698264402,0,0
GUJARAT,Ahmedabad,TRADE X,MER INAYAT HUSEN,tradex.solarenergy22@gmail.com,9106834748,0,0
GUJARAT,Ahmedabad,TIRUPATI SOLAR,DEVANK PATEL,tirupatisolar@hotmail.com,7043343509,0,0
GUJARAT,Ahmedabad,THE SHIVSHAKTI ENTERPRISE,Hasmukh Makwana,Shivshakti2688@gmail.com,9913418634,0,0
GUJARAT,Ahmedabad,THE MOON KNIGHT,Barad Hansaben Jagatkumar,themoonknight913@gmail.com,9081313777,0,0
GUJARAT,Ahmedabad,THE MECHTECH SOLUTIONS,Smit Mohile,themechtechsolutions@gmail.com,9714928728,0,0
GUJARAT,Ahmedabad,TERAIYA ENTERPRISE,Teraiya Shyam Nitinbhai,teraiyaenterprise@gmail.com,8780802225,0,0
GUJARAT,Ahmedabad,TECHSUNBIO GREEN ENERGY PRIVATE LIMITED,ZANKAR PATEL,info@techsunbio.com,9925336536,0,0
GUJARAT,Ahmedabad,TECHNOCRATS ENGINEERS,MONIKA KAPIL PARMAR,technocratsengineers007@gmail.com,9974214007,0,0
GUJARAT,Ahmedabad,TECHNO POWER,Techno Power,technopower0001@gmail.com,8200360798,0,0
GUJARAT,Ahmedabad,TECHNO ELECTRONICS,MEHUL SHAH,sales@technopower.co.in,9825236894,0,0
GUJARAT,Ahmedabad,TECH ELECTRICAL,SATISH M RATHOD,rathodsatishsinh8@gmail.com,9499878957,0,0
GUJARAT,Ahmedabad,TATVAM INDUSTRIES,PARTH DAVE,parth.tatvam@protonmail.com,7990101643,0,0
GUJARAT,Ahmedabad,TATSAT NRGS,NISARG PATEL,tatsatnrgs@gmail.com,7984576567,0,0
GUJARAT,Ahmedabad,TARUN AND CO,MAHENDRA VAGHELA,taruncopwr@gmail.com,9879534866,0,0
GUJARAT,Ahmedabad,TAPTI SOLAR,taptisolar,taptisolar@gmail.com,9157028811,0,0
GUJARAT,Ahmedabad,TANAY SS LLP,JIGNESH MANANI,tanayss.llp@gmail.com,7778910000,0,0
GUJARAT,Ahmedabad,TAJ ELECTRICALS,MOHAMMADGOUS H. ATTAR,tajelectricals.daman@gmail.com,9824790965,0,0
GUJARAT,Ahmedabad,SYNC GLOBAL SOLUTIONS,Ravindra Singh,syncenergyindia@gmail.com,8854084325,0,0
GUJARAT,Ahmedabad,SWEV INDIA PVT LIMITED,SHAIL B DESAI,swevindia@gmail.com,7984328691,0,0
GUJARAT,Ahmedabad,SWAMI INTEGRATOR AND CONSULTANTS LLP,PRITESH D PITHWA,sanjib@swamisolar.com,8980800743,0,0
GUJARAT,Ahmedabad,SUTARIAS SOLUTIONS PRIVATE LTD,HASMUKH SUTARIA,sspl.hasmukh@gmail.com,9099510408,0,0
GUJARAT,Ahmedabad,SURYOSA SOLAR PRIVATE LIMITED,ABHISHEK GUPTA,info@suryosa.com,9998018314,0,0
GUJARAT,Ahmedabad,SURYATRIC SOLAR PVT LTD,JEET PATEL,info.suryatrick@gmail.com,9979652010,0,0
GUJARAT,Ahmedabad,SURYASTRA GREEN INITIATIVES PRIVATE LIMITED,JAYESH SHELADIYA,suryastraindia@gmail.com,8128007602,0,0
GUJARAT,Ahmedabad,SURYAMANI SOLAR,SLESHKUMAR PATEL,suryamanisolar@gmail.com,8140000257,0,0
GUJARAT,Ahmedabad,SURYAMAAN ENERGY,TUSHAR KISHORSINH BHATTI,info.suryamaan@gmail.com,9722243637,0,0
GUJARAT,Ahmedabad,SURYAM INTERNATIONAL PRIVATE LIMITED,Suryaminternational,marketing@groupsurya.co.in,8093011632,0,0
GUJARAT,Ahmedabad,SURYADEV SOLAR,KARAMATA UKABHAI RAMABHAI,suryadevsolar4@gmail.com,9327175676,0,0
GUJARAT,Ahmedabad,SURYADEV SALES & SERVICE,Parmar dharmeshkumar,suryadev2k20@gmail.com,7016946571,0,0
GUJARAT,Ahmedabad,SURYABHUMI SOLAR ENERGY,HARSHIT LALJIBHAI GHADIYA,suryabhumisolarenergy@gmail.com,8866019146,0,0
GUJARAT,Ahmedabad,SURYA SHAKTI SOLAR,CHAVDA KISHAN NARESHBHAI,suryashaktisolar09@gmail.com,7567992734,0,0
GUJARAT,Ahmedabad,SURYA SHAKTI,NERKAR YOGESH,suryashaktisolar.18@gmail.com,8488010488,0,0
GUJARAT,Ahmedabad,SUREWORTH SOLAR,Rajendra R Rohit,Sureworthsolar@gmail.com,7698763040,0,0
GUJARAT,Ahmedabad,SURESHBHAI SADURBHAI BARBACHIYA,SURESHBHAI SADURBHAI BARBACHIYA,surechbarbachiya41@gmail.com,9879299136,0,0
GUJARAT,Ahmedabad,SURAYAY NAMAH ENERGY PRIVATE LIMITED,Rahul Tiwari,rahul@surayaynamahenergy.com,9554055565,0,0
GUJARAT,Ahmedabad,SURAJGEMA POWER,RAVIKUMAR SAVANI,SURAJGEMAPOWER@GMAIL.COM,8460515124,0,0
GUJARAT,Ahmedabad,SUPER WATT POWER SOLUTIONS LLP,Hiren Bhanushali,power.superwatt@gmail.com,9920320366,0,0
GUJARAT,Ahmedabad,SUNWAY SOLAR,SANNI SOLANKI,sunwaysolar02@gmail.com,7698832340,0,0
GUJARAT,Ahmedabad,SUNWAVE ENERGY,DHARMESH PADSALA,sunwave.energy123@gmail.com,7046070468,0,0
GUJARAT,Ahmedabad,SUNVINE RENEWABLE,YASH MOLIYA,sunvinerenewable@gmail.com,8000050580,0,0
GUJARAT,Ahmedabad,SUNTRAC SOLAR,JAYESH ALGOTAR,suntrac.jh@gmail.com,9979363442,0,0
GUJARAT,Ahmedabad,SUNTECH ENERGY,CHIRAG KHANDELWAL,sales@suntechenergy.co.in,7383932396,0,0
GUJARAT,Ahmedabad,SUNSPARK SOLAR SOLUTIONS (FORMERLY KNOWN AS SUSSPARK SOLAR SOLUTIONS ),NAYAN PRAVINBHAI PATEL,sunsparksolarsolutions23@gmail.com,9664693254,0,0
GUJARAT,Ahmedabad,SUNSOLAR SOLUTIONS (INDIA) PRIVATE LIMITED,Jigar Patel,jigar@sunsolarsolutions.co.in,9638189589,0,0
GUJARAT,Ahmedabad,SUNSHINE SOLUTIONS,MODI MEHULKUMAR NAVINCHANDRA,modimehul26@gmail.com,9016959291,0,0
GUJARAT,Ahmedabad,SUNSHINE SOLAR,HIRENBHAI LALJIBHAI VAVADIYA,sunshinesolarsurat@gmail.com,9537733133,0,0
GUJARAT,Ahmedabad,SUNSHAPE ENERGY,JENISH VIJAYBHAI VEKARIYA,sunshapeenergy@gmail.com,9913783302,0,0
GUJARAT,Ahmedabad,SUNSETLIFE SOLAR PRIVATE LIMITED,amit parvadiya,sunsetlifesolar@gmail.com,9574427119,0,0
GUJARAT,Ahmedabad,SUNRUN GREEN ENERGY,CHIRAGKUMAR PATEL,sunrungreenenergy@gmail.com,6354883949,0,0
GUJARAT,Ahmedabad,SUNRISE INDIA,Satya Narayan Tiwari,satyanarayantiwari2022@gmail.com,7208291414,0,0
GUJARAT,Ahmedabad,SUNRAYS ENERGY,KEYUR SHIRISHBHAI SHETH,keyursheth.14@gmail.com,9978724010,0,0
GUJARAT,Ahmedabad,SUNPOWER ENERGY,BHAVIN BAKARANIYA,sunpowerenergy.solar@gmail.com,7405095299,0,0
GUJARAT,Ahmedabad,SUNLIGHT ENERGY SOLUTIONS,JYOTIBEN PANCHAL,sunlightenergysolutions01@gmail.com,9824668001,0,0
GUJARAT,Ahmedabad,SUNLAND SOLAR ENERGY,MAYUR ODEDARA,sunlandsolarenergy@gmail.com,8141810505,0,0
GUJARAT,Ahmedabad,SUNIFY SOLAR LLP,NIKUNJ PATEL,sunifysolar@gmail.com,8141455505,0,0
GUJARAT,Ahmedabad,SUNGOLD ENTERPRISE,PIYUSH RAMNIKBHAI KANANI,sungoldenterprise123@gmail.com,9737147433,0,0
GUJARAT,Ahmedabad,SUNCARE ENERTECH PVT LTD,SAGAR SANGHANI,suncaresolar3@gmail.com,7405450545,0,0
GUJARAT,Ahmedabad,SUNBYTE ENERGY SOLUTIONS LLP,KALPAN KANTIBHAI PATEL,info.sunbyteenergy@gmail.com,7698971717,0,0
GUJARAT,Ahmedabad,SUN VISION SOLAR,Niranjan Siddhpura,info@sunvisionsolar.in,9924112225,0,0
GUJARAT,Ahmedabad,SUN SPARKLE ENERGY,Vadsola Bhavya,sunsparkleenergy@gmail.com,9016093505,0,0
GUJARAT,Ahmedabad,SUN ENERGY,Sunil Jain,sunenergybharat@gmail.com,9427352326,0,0
GUJARAT,Ahmedabad,SUMERU SOLUTION,Akash Parmar,sumerusolution22@gmail.com,8866426625,0,0
GUJARAT,Ahmedabad,STRONG SUN SOLAR ENERGY,MAKWANA MANTHAN JAYESHBHAI,strongsunsolarenergy@gmail.com,7622011292,0,0
GUJARAT,Ahmedabad,STEELHACKS INDUSTRIES,CHINTAN PANDYA,unisolsolar2000@yahoo.com,9825049997,0,0
GUJARAT,Ahmedabad,STEAM POWER ENERTECH PVT LTD,NIRBHAY SAVALIYA,steampowersolar@gmail.com,9316732949,0,0
GUJARAT,Ahmedabad,STAR ELECTRICALS,BAGWALA AAMIR SALIMBHAI,starhalol389350@gmail.com,9909118137,0,0
GUJARAT,Ahmedabad,SSB ICONIC LLP,SANDIPKUMAR S BALDHA,s2belectricals@gmail.com,9016903767,0,0
GUJARAT,Ahmedabad,SPIKE ENERGY,USHABEN B PATEL,vspikeenergy@gmail.com,9662485355,0,0
GUJARAT,Ahmedabad,SP TECHNOLOGY,PIYUSH SAVALIYA,Sptechnology2023@gmail.com,9586267664,0,0
GUJARAT,Ahmedabad,SP EPC SOLUTIONS,Parin Sodhankumar Bumia,psbuma@gmail.com,9537824788,0,0
GUJARAT,Ahmedabad,SOULTRUST SOLAR,DARSHAN NAVADIYA,soultrustsolar@gmail.com,9099663390,0,0
GUJARAT,Ahmedabad,SOULSHINE RENEWABLE ENERGY,ARJUN DHIRUBHAI PANDAV,epc.soulshine@gmail.com,9913895893,0,0
GUJARAT,Ahmedabad,SOORYABHUMI ENERGY,VAGH KARAN PARBATBHAI,sooryabhumienergy2024@gmail.com,8155887304,0,0
GUJARAT,Ahmedabad,SONIK SOLAR POWER SOLUTION,Sonik panchal,Sonikpanchal27@gmail.com,8200291250,0,0
GUJARAT,Ahmedabad,SOMPOWER ENTERPRISE,YASH S SOMPORA,sompower.enterprise@gmail.com,9879615264,0,0
GUJARAT,Ahmedabad,SOMNATH ENERGY,pintu vora,somnath.solarenergy@gmail.com,7600250096,0,0
GUJARAT,Ahmedabad,SOM ENERGY SYSTEMS,RAKESH,info@somenergysystems.com,8401909576,0,0
GUJARAT,Ahmedabad,SOLYUG RENEWABLES,Nishant Tailor,info@solyugrenewables.com,9099562009,0,0
GUJARAT,Ahmedabad,SOLWAVE ENGINEERING AND TRADING,Hassanali kamarali Momin,solwave.energy24@gmail.com,9054220440,0,0
GUJARAT,Ahmedabad,SOLNCE ENERGY PRIVATE LIMITED,KASHISH SHAH,NATIONALPORTALSOLNCE@GMAIL.COM,7990480061,0,0
GUJARAT,Ahmedabad,SOLEXY SOLAR POWER PVT. LTD.,Anil Kumar Garg,ssepl1962@gmail.com,9810725280,0,0
GUJARAT,Ahmedabad,SOLEX GREEN ENERGY PRIVATE LIMITED,Pravin Dankhara,pravin.d@solex.in,9376820081,0,0
GUJARAT,Ahmedabad,SOLARWISE-NEXG PRIVATE LIMITED,solarwise,solarwise69@gmail.com,9910803171,0,0
GUJARAT,Ahmedabad,SOLARPLUS ENERGY SOLUTIONS,SANJAYKUMAR MISTRY,esolarplus@gmail.com,9327269583,0,0
GUJARAT,Ahmedabad,SOLARNOVA ENERGY,RONAKKUMAR PATHUBHAI CHAUDHARI,solarnovaenergy@gmail.com,9913161358,0,0
GUJARAT,Ahmedabad,SOLARMAX ENERGY PRIVATE LIMITED,SEFAL MANSURI,info@solarmaxenergy.in,9409222221,0,0
GUJARAT,Ahmedabad,SOLARLOGIX PRIVATE LIMITED,Raj Sanwaria,contact@solarlogix.in,7979053489,0,0
GUJARAT,Ahmedabad,SOLARIZE RENEWABLES PVT. LTD.,SHASHANK MALPANDE,info@solarizerenewables.com,9081999400,0,0
GUJARAT,Ahmedabad,SOLARIS 360,ANAND ASHOKBHAI MEHTA,info@solaris360.com,9998117531,0,0
GUJARAT,Ahmedabad,SOLARINA RENEWABLE PRIVATE LIMITED,RINA GOHIL,solarinarenewable@gmail.com,9824351021,0,0
GUJARAT,Ahmedabad,SOLARBERG SOLUTIONS,Sureshkumar Bavishiya,sureshbavishiya@gmail.com,9879200821,0,0
GUJARAT,Ahmedabad,SOLAR4U ENTERPRISE,solar4uenterprise1@gmail.com,solar4uenterprise1@gmail.com,9510708411,0,0
GUJARAT,Ahmedabad,SOLAR EVERGREEN,Nilesh Ambalal Khatri,nileshkhatri2251@gmail.com,9998564678,0,0
GUJARAT,Ahmedabad,SOLAR ENERGY,TEJAS GAJJAR,solarpioneer19@gmail.com,9033868265,0,0
GUJARAT,Ahmedabad,SOLAR EDITION,Pinakin Patel,solaredition18@gmail.com,7990909838,0,0
GUJARAT,Ahmedabad,SOHAM ENTERPRISE,TUSHAR M.SINOJIYA,sachinpatel3132@gmail.com,9924142513,0,0
GUJARAT,Ahmedabad,SODHA ELECTRIC SERVICE,RUBINA SOHAIL SODHA,sohail.sodha@gmail.com,8000093095,0,0
GUJARAT,Ahmedabad,SNS ENERGY PVT. LTD.,Sujit Sharma,sujitsharma@snsenergy.co.in,7043136049,0,0
GUJARAT,Ahmedabad,SNAP SOLAR,SAHIL PADHIYAR,snapsolar7@gmail.com,7572851098,0,0
GUJARAT,Ahmedabad,SMIT SOLAR SOLUTIONS,AAKASH PRAJAPATI,smitsolarsolutions@gmail.com,9924793020,0,0
GUJARAT,Ahmedabad,SMART SOLAR ENERGY,ARVIND VELJIBHAI KHANPARA,smartsolarenergy8542@gmail.com,7435907512,0,0
GUJARAT,Ahmedabad,SMART ROOF SOLAR SOLUTION PVT. LTD.,vikassinghal,enquiry@gosmartroof.com,9971481718,0,0
GUJARAT,Ahmedabad,SKYVOLT POWER TECHNOLOGIES LLP,VIVEK B THUMMAR,skyvoltpower25@gmail.com,9909798222,0,0
GUJARAT,Ahmedabad,SKYLARK ENERGY SOLUTIONS,SATYAJEET SINH JHALA,satyajeetjhala7227@icloud.com,9726200054,0,0
GUJARAT,Ahmedabad,SKY SUN ENTERPRISE,PIYUSH CHAUDHARY,skysunenterprise@gmail.com,9408931070,0,0
GUJARAT,Ahmedabad,SKY RENEWABLE,PIYUSHKUMAR SHANKARBHAI CHAVADHARI,piush123.pp@gmail.com,9638166779,0,0
GUJARAT,Ahmedabad,SKY POWER ENERGY,DHARMESH RAMESHBHAI SIDAPARA,skypowerenergy03@gmail.com,8849719837,0,0
GUJARAT,Ahmedabad,SKY LARK SOLAR PRIVATE LIMITED,SKY LARK SOLAR PRIVATE LIMITED,skylarksolar7@gmail.com,7016360083,0,0
GUJARAT,Ahmedabad,SKY ENTERPRISE,BHUPENDRA RAMUBHAI PATEL,skyenterprise.re@gmail.com,9428164222,0,0
GUJARAT,Ahmedabad,SKY BLUE SOLAR PVT .LTD,jigar borada,Skybluesolarpvtltd@gmail.com,9104566242,0,0
GUJARAT,Ahmedabad,SIYAVAR ENERGY,Priyanka Kashyap,SIYAVARENERGY@GMAIL.COM,9773131455,0,0
GUJARAT,Ahmedabad,SITARAM CORPORATION,AJAY SARVAIYA,sitaramcorporation2025@gmail.com,8141427041,0,0
GUJARAT,Ahmedabad,SILVER CYPHER TECHNOLOGIES,JAY MULIA,silvercyphersolar@gmail.com,8460699699,0,0
GUJARAT,Ahmedabad,SILVER CONSUMER ELECTRICALS LIMITED (FORMERLY KNOWN AS SILVER CONSUMER ELECTRICALS PRIVATE LIMITED),KEVIN VACHHANI,kevin.patel@silverpumps.com,7486059400,0,0
GUJARAT,Ahmedabad,SIGMA SUN ENERGY,PIYUSH VINODBHAI MAKVANE,info.sigmasunenergy@gmail.com,9726764498,0,0
GUJARAT,Ahmedabad,SIDDHIVINAYAK ENGINEERING COMPANY,BARAIYA RAMESHBHAI,shreeganeshaquva@gmail.com,9904954348,0,0
GUJARAT,Ahmedabad,SHYAM SOLAR ENERGY,VIJAY CHOSLA,vschohla@GMAIL.COM,8140796593,0,0
GUJARAT,Ahmedabad,SHYAM ENTERPRISE,SHYAM M. NANDANIYA,shyamsolarenergy10@gmail.com,8000145645,0,0
GUJARAT,Ahmedabad,SHRIJI ENERGY,IREN PAREKH,shrijienergy@gmail.com,9909930405,0,0
GUJARAT,Ahmedabad,SHRI RAM SOLAR ENERGY LLP,JIGAR GAJJAR,admin@shriramsolarenergy.com,9712912421,0,0
GUJARAT,Ahmedabad,SHRI MARUTI ENTERPRISE,Tirth Doshi,tdoshi76@gmail.com,9428358150,0,0
GUJARAT,Ahmedabad,SHRI KHODIYAR ENTERPRISE,KATARIYA PRAVIN KANABHAI,shrikhodiyar1978@gmail.com,9727358029,0,0
GUJARAT,Ahmedabad,SHREEM SOLARIUM PVT LTD,JWALANT SHAH,shreemsolarium@gmail.com,7016455944,0,0
GUJARAT,Ahmedabad,SHREEJI SOLAR SYSTEM,PRERAK DESAI,shreejisolars@gmail.com,9265296741,0,0
GUJARAT,Ahmedabad,SHREEJI SOLAR SOLUTION,NILESH PARIKH,npparikh@hotmail.com,9879537250,0,0
GUJARAT,Ahmedabad,SHREEJI SOLAR & SERVICES,NEEL SANJAYBHAI VADERA,NILVADERA141@GMAIL.COM,9106331904,0,0
GUJARAT,Ahmedabad,SHREEJI SALES - KARAMSAD,MEHUL KORAT,shreejisales125@gmail.com,9586548051,0,0
GUJARAT,Ahmedabad,SHREEJI POWER SOLUTIONS,Dilip gandhi,shreejiss@yahoo.com,9824338633,0,0
GUJARAT,Ahmedabad,SHREEJI ENTERPRISES - WADI,Sandip Gandhi,Sandipgandhi113@gmail.com,9825077605,0,0
GUJARAT,Ahmedabad,SHREEJI ENTERPRISES - BHAYLI,CHINTUL THAKAR,shreejie1@gmail.com,9099710184,0,0
GUJARAT,Ahmedabad,SHREEJI ENTERPRISE-SURAT,NITULKUMAR B MORADIYA,epc.solar@shreejiconstruction.com,9825108890,0,0
GUJARAT,Ahmedabad,SHREEJI ENTERPRISE - MANJALPUR,ANKIT MEHTA,shreejienergy844@gmail.com,7041803421,0,0
GUJARAT,Ahmedabad,SHREEJI ENERGY SOLUTION,BIREN GEVARIA,shreejienergysolution@gmail.com,8460595980,0,0
GUJARAT,Ahmedabad,SHREEJI ELECTRICALS,BHAKARBHAI BHATT,shreejiele@gmail.com,9825089343,0,0
GUJARAT,Ahmedabad,SHREEJI ELECTRICAL - VADSAR,DHARMESH PADHIYAR,shreejielectrical13@gmail.com,9624542806,0,0
GUJARAT,Ahmedabad,SHREEJI & SONS,MAHAVIRSINH JADEJA,shreejiandsolar2211@gmail.com,8140165509,0,0
GUJARAT,Ahmedabad,SHREE VISHNU SALES AGENCY,SHASHIKANTBHAI N AMRUTIYA,shreevishnusalesagency@gmail.com,9825324608,0,0
GUJARAT,Ahmedabad,SHREE SURYA SOLAR SOLUTION,HARDIK SANGHVI,shreesurya2016@gmail.com,8000720006,0,0
GUJARAT,Ahmedabad,SHREE SOLAR,DINKAR PAREKH,dinkarparekh1983@gmail.com,9104030777,0,0
GUJARAT,Ahmedabad,SHREE SAI SOLAR,HITESH RANE,Hiteshrane37@gmail.com,9879268362,0,0
GUJARAT,Ahmedabad,SHREE SAI ENTERPRISE,Chetanbahen Dineshbhai Patel,shreesaienterprise75@gmail.com,8128171111,0,0
GUJARAT,Ahmedabad,SHREE RAM SOLAR,Prashant Jitendrabhai Vegad,shreeramsolar12@gmail.com,9726671212,0,0
GUJARAT,Ahmedabad,SHREE RADHE ELECTRICALS,RAHUL AMBALIYA,shreeradhesolar24@gmail.com,9974842981,0,0
GUJARAT,Ahmedabad,SHREE OFFICE SOLUTIONS PRIVATE LIMITED,RAMNIK DEVRAJBHAI RANIPA,rajranipa.sospl@gmail.com,9898084466,0,0
GUJARAT,Ahmedabad,SHREE MARUTI ELECTRIFICATION ENGINEERS,BAPOTRA JAYMAL NAGA,shreemarutieleCtrificationengi@gmail.com,7016480100,0,0
GUJARAT,Ahmedabad,SHREE KHODIYAR SOLAR PRIVATE LIMITED,YOGESH BORAD,sk.solar@yahoo.com,9825820612,0,0
GUJARAT,Ahmedabad,SHREE KHODIYAR SOLAR & ENTERPRISE,SAVALIYA TEJAS RAJESHBHAI,s60358186@gmail.com,9313405580,0,0
GUJARAT,Ahmedabad,SHREE HARI SALES & SERVICES,Dipika Hiteshkumar Hirani,shreeharisales16@gmail.com,7698916121,0,0
GUJARAT,Ahmedabad,SHREE HARGANGESHWAR WATER CARE,KUNIYA MAHENDRA KUMAR RAGNATHBHAI,shreehargangeshwarenergy@gmail.com,8128362108,0,0
GUJARAT,Ahmedabad,SHREE GAUTAM RENEWABLES AND CLEAN ENERGIES,SAIKUMAR PATEL,shreegautam.energy@gmail.com,9408188809,0,0
GUJARAT,Ahmedabad,SHREE GANGESHWAR ENGINEERING PRIVATE LIMITED,UMESH D KOTHARI,shreegangeshwarengineering@gmail.com,9157974445,0,0
GUJARAT,Ahmedabad,SHREE GAJANAND SOLAR,GANESH BHAVSAR,gajanandsolar@gmail.com,8347972590,0,0
GUJARAT,Ahmedabad,SHREE GAJANAND ENERGIES,magicwithparth@gmail.com,magicwithparth@gmail.com,6351126699,0,0
GUJARAT,Ahmedabad,SHREE ENERGY SOLUTIONS,VARUN DILIP DWIVEDI,shreeenergysolution8@gmail.com,9904335293,0,0
GUJARAT,Ahmedabad,SHREE CHAMUNDESHVARI TRADING,Haresh Dodiya,hareshdodiya75@gmail.com,9327523737,0,0
GUJARAT,Ahmedabad,SHREE CHAMUNDA SOLAR SOLUTIONS,PRAPTI MEHTA,shreechamundasolarsolutions29@gmail.com,9409694196,0,0
GUJARAT,Ahmedabad,SHREE BRAHMANI ELECTRICALS,VIRANI AJAY BABUBHAI,shreebrahmanisolar@gmail.com,9909995675,0,0
GUJARAT,Ahmedabad,SHOOLIN WATT PRIVATE LIMITED,saloni patel,shoolinwattpvtltd@gmail.com,9909967894,0,0
GUJARAT,Ahmedabad,SHIVIK ENTERPRISE,VIKASKUMAR BASAVBHAI PATEL,shivikenterprise@gmail.com,9512839262,0,0
GUJARAT,Ahmedabad,SHIVDHARA SALES,RAMANI JAYDEEPBHAI BHUPATBHAI,shivdharasales8060@gmail.com,7433004040,0,0
GUJARAT,Ahmedabad,SHIVAS SOLAR,ALPESH PANDAV,shivassolar4418@gmail.com,9537611795,0,0
GUJARAT,Ahmedabad,SHIVAM SOLAR AND SERVICES,PARMAR DIVYRAJSINH,Parmardivyraj.77@gmail.com,8320732424,0,0
GUJARAT,Ahmedabad,SHIVAM ENTERPRISE (SURAT),MANISHBHAI NANJIBHAI GHINAIYA,shivamenterprise24365@gmail.com,9998883132,0,0
GUJARAT,Ahmedabad,SHIVAM ELECTRICAL,KAUSHAL NILESHBHAI DAVE,kaushaldave2@gmail.com,9687575600,0,0
GUJARAT,Ahmedabad,SHIV TRADERS,NINAMA JITENDRAKUMAR BABUBHAI,shivtraders7233@gmail.com,9998820863,0,0
GUJARAT,Ahmedabad,SHIV SOLARTECH,CHIRAG JOSHI,info.shivsolartech@gmail.com,9825245956,0,0
GUJARAT,Ahmedabad,SHIV SALES AGENCY,RAHUL JAYANTIBHAI GHADIYA,ghadiyabhaisolar08@gmail.com,9428798679,0,0
GUJARAT,Ahmedabad,SHIV POWER,KETAN V VAGHELA,shivpowerimpex@gmail.com,9825511115,0,0
GUJARAT,Ahmedabad,SHIV ENTERPRISE,NAYI PARESHKUMAR LALLUBHAI,shiventerprisesolor@gmail.com,7600438578,0,0
GUJARAT,Ahmedabad,SHIV ENERGY,LAXMANBHAI,shivenergy23@gmail.com,9409142500,0,0
GUJARAT,Ahmedabad,SHATRAS AGRI,PANKAJ VASHRAMBHAI RAMOLIYA,shatrasagri@gmail.com,9714616040,0,0
GUJARAT,Ahmedabad,SHASHWAT SOLAR SYSTEM,RESHMABEN KALPESHBHAI MACHHI,shashwatsolarsystem@gmail.com,9574919117,0,0
GUJARAT,Ahmedabad,SHARVA SOLAR,MALAVIYA AMIT PANCHABHAI,sharvasolar@gmail.com,9909449650,0,0
GUJARAT,Ahmedabad,SHANTI CORPORATION,DILIPKUMAR PRANJIVANBHAI AMRUTIYA,info.shanticorporation@gmail.com,8980524444,0,0
GUJARAT,Ahmedabad,SHAKTI SOLAR SERVICE,Kirtiben Patel,ktptl52@gmail.com,9737854634,0,0
GUJARAT,Ahmedabad,SHAKTI GREEN ENERGY SERVICES,AMARSINH CHAUHAN,shakti.green25@gmail.com,9898860648,0,0
GUJARAT,Ahmedabad,SHAKTI GREEN ENERGY,DIPAK GADHIYA,shaktigreenenergy96@gmail.com,7405252123,0,0
GUJARAT,Ahmedabad,SHAILEE PROJECTS PRIVATE LIMITED,DIVYANG PATEL,shaileeprojects99@gmail.com,7600755058,0,0
GUJARAT,Ahmedabad,SGK SOLAR,DIPAK KARSHAN DHADUK,sgksolarrjt@gmail.com,9313885348,0,0
GUJARAT,Ahmedabad,SEVENTH SKY RENEWABLE LLP,DARSHAN PATTANI,seventhskyrenewable@gmail.com,7874524574,0,0
GUJARAT,Ahmedabad,SEVEN SOLAR ENERGY,DIVYANG PATEL,divyang@sevensolarenergy.com,9825554277,0,0
GUJARAT,Ahmedabad,SERVOTECH POWER SYSTEMS LIMITED,Servotech,pmsuryaghar@servotechindia.com,9266918120,0,0
GUJARAT,Ahmedabad,SC SOLAR SOLUTION,MAYANK SHAH,info@scsolarsolution.in,8780378144,0,0
GUJARAT,Ahmedabad,SAVEGRID ENERGY,SALMAN JALOTARIYA,savegridenergy@gmail.com,6355785758,0,0
GUJARAT,Ahmedabad,SAVARIYA CORPORATION,SONI DILIPKUMAR AMRUTLAL,savariyacorporation@gmail.com,9274166507,0,0
GUJARAT,Ahmedabad,SAVALIYA BROTHERS,DHARMESH PATEL,SB.SAVALIYABROTHERS@GMAIL.COM,9687651107,0,0
GUJARAT,Ahmedabad,SATYAY SOLAR,MANGROLIYA NIKUNJ J,satyaysolar@gmail.com,9157716540,0,0
GUJARAT,Ahmedabad,SATYAM SOLAR,MR. RAJNIKANT VITTHALBHAI LIMBANI,satyamsolar823@gmail.com,9227941770,0,0
GUJARAT,Ahmedabad,SATYAKRISHNA LIGHTING,BRIJKUMARI SHAILENDRASINH CHAUHAN,SATYAKRISHNALIGHTING@GMAIL.COM,9428369990,0,0
GUJARAT,Ahmedabad,SATTVA ENERGIES,DHRUV PATEL,sattvaenergies@gmail.com,8401156604,0,0
GUJARAT,Ahmedabad,SAT GREENTECH PRIVATE LIMITED,NEEL PANSURIYA,satgreentech25@gmail.com,8758957741,0,0
GUJARAT,Ahmedabad,SASA ENERGY LLP,YOGESH DALSANIYA,sasaenergyllp@gmail.com,9099207722,0,0
GUJARAT,Ahmedabad,SARVAYOGAM SOLAR PRIVATE LIMITED,PRINCEKUMAR SHARMA,sarvayogamsolar@gmail.com,6356633355,0,0
GUJARAT,Ahmedabad,SARJAN CONSTRUCTION PVT LTD,KISHOR PATEL,info.solardiv@sarjanconstruction.com,8000052226,0,0
GUJARAT,Ahmedabad,SARDAR SOLAR ENERGY PRIVATE LIMITED,YASINMAHMAD GHORI,sardarsolarenergypvtltd015@gmail.com,9664915598,0,0
GUJARAT,Ahmedabad,SANJEE ENTERPRISE,DHANKECHA AMITKUMAR JAYANTIBHAI,sanjee.enterprise@gmail.com,9157353735,0,0
GUJARAT,Ahmedabad,SANJAY SOLAR,SANJAYBHAI SANKHAT,sbheaters@gmail.com,7016893192,0,0
GUJARAT,Ahmedabad,SANGANI ENTERPRISE,SANGANI SHIVAM HARESHBHAI,sanganienterprise1610@gmail.com,8347958992,0,0
GUJARAT,Ahmedabad,SANGAM ELECTRONICS CO,ARVINDBHAI MUNJANI,info.sangamsolar@gmail.com,9825929552,0,0
GUJARAT,Ahmedabad,SAMRUDDDHI ENTERPRISE,DHARA SAGAR LAMBA,samruddhienterprise22@gmail.com,9033676399,0,0
GUJARAT,Ahmedabad,SAMAR SOLAR,sarfaraj,samarsolar183@gmail.com,7046164346,0,0
GUJARAT,Ahmedabad,SAMAR ENERGY SOLUTIONS,PATEL KRUNAL KISHORBHAI,samarenergysolutions@gmail.com,9662727432,0,0
GUJARAT,Ahmedabad,SAHJANAND ENTERPRISE,Kamlesh Patel,sahjanandeprise@gmail.com,9737671777,0,0
GUJARAT,Ahmedabad,SAHAYOG ENERGY,VIJAYBHAI VALLABHBHAI GALANI,sahayogenergy@gmail.com,9429124424,0,0
GUJARAT,Ahmedabad,SAHAJ SOLAR PRIVATE LIMITED,BHAVIK PARMAR,bparmar@sahajsolar.com,7573006832,0,0
GUJARAT,Ahmedabad,SAFVI ELECTRICALS SOLUTIONS,MOHAMMAD VASEEM ASAD ALI KHAN,safvielectricalssolutions2013@gmail.com,9374754648,0,0
GUJARAT,Ahmedabad,SAFFRON RENEWTECH,Sagar Savaliya,saffronrenewtech24@gmail.com,7600507557,0,0
GUJARAT,Ahmedabad,SAFECON INDUSTRIAL MAINTENANCE & ENGINEERING SERVICES,DEVANAND KAMBARIYA,safeconservices2013@gmail.com,9925854491,0,0
GUJARAT,Ahmedabad,SADGURU ELECTRICALS,KALPESHBHAI LATHIYA,sadguruelectricals23@gmail.com,9714715649,0,0
GUJARAT,Ahmedabad,RVV SOLAR PRIVATE LIMITED,Rushi vasani,rvvsolarpvtltd@gmail.com,8160825026,0,0
GUJARAT,Ahmedabad,RV INFOTECH,VIJAY CHAUDHARY,rvinfotech2020@gmail.com,8141560037,0,0
GUJARAT,Ahmedabad,RUTVIK ENGINEERING PRIVATE LIMITED,Dr. Rutvik D Joshi,rutvikengpvtltd@gmail.com,9824030144,0,0
GUJARAT,Ahmedabad,RUDRAKSH SOLAR POWER,GOSAI KISHANGIRI N,rudrakshsolarpower@gmail.com,9016203365,0,0
GUJARAT,Ahmedabad,RUDRAKSH ELECTRICALS,MONIKKUMAR RAMANBHAI PATEL,rudrakshelectricals4@gmail.com,6353460657,0,0
GUJARAT,Ahmedabad,RUDRA SOLAR ENERGY,RUDRA SOLAR ENERGY,info.rudrasolar@gmail.com,9427903084,0,0
GUJARAT,Ahmedabad,RUDRA ENTERPRISE,AJAY JAYANTILAL GOHEL,rudraenterprise1110@gmail.com,8758462848,0,0
GUJARAT,Ahmedabad,ROYAL POWER MART,ABHISHEK BAXI,royalmotormart1@gmail.com,9825440269,0,0
GUJARAT,Ahmedabad,ROLEX GREEN ENERGY,MILAN GHEDIYA,ghediyamilan@gmail.com,9429476592,0,0
GUJARAT,Ahmedabad,RISING GREEN ENERGY,PARTH CHAUHAN,rgesolar@gmail.com,9033119375,0,0
GUJARAT,Ahmedabad,RISHAV POWERTECH LLP,Parth Upadhyay,rishavpowertech@gmail.com,9898203470,0,0
GUJARAT,Ahmedabad,RIGHT POWER INFRA PVT LTD,Darshana Upadhyay,darshana@right-infra.com,9898661067,0,0
GUJARAT,Ahmedabad,RIDHAM ENTERPRISE,CHETANKUMAR RAMJIBHAI RAIYANI,ridhamenterprise770@gmail.com,6351158633,0,0
GUJARAT,Ahmedabad,RIA POWER,PRAFULBHAI P JOGANI,riapower24@gmail.com,8758463929,0,0
GUJARAT,Ahmedabad,REVA RENEWABLES,PRANAMI UPASANI,revarenewables@gmail.com,6358844490,0,0
GUJARAT,Ahmedabad,RENEWZA ENERGY,SARDHARA SAGAR,renewzaenergy@gmail.com,8511148225,0,0
GUJARAT,Ahmedabad,RENEWIX INNOVATIONS PVT LTD,PANKAJ GUPTA,hello@renewix.in,9998980947,0,0
GUJARAT,Ahmedabad,RENEWABLE SUN SOLAR,NIKHIL PRAJAPATI,renewablesunsolar@gmail.com,7600201198,0,0
GUJARAT,Ahmedabad,RENEW ENERGIES,PRASHANT KHAIRE,information.renew@gmail.com,7405507073,0,0
GUJARAT,Ahmedabad,RENEURJA ENERGY,HARISHCHANDRA D. CHAUHAN,reneurjaenergy@gmail.com,8460611110,0,0
GUJARAT,Ahmedabad,RENAISSANCE CORPORATE SOLUTIONS PVT. LTD.,Madhusudan Kumar,rcplsolar@gmail.com,9572032363,0,0
GUJARAT,Ahmedabad,RELIABLE CONSULTING ENGINEERS,JAYMIN FAJALIA,jaymin.fajalia@onlinerce.com,9327168907,0,0
GUJARAT,Ahmedabad,REKSON ELECTROTECH,SACHIN RAMJIBHAI DHOKIYA,REKSONELECTROTECH37@GMAIL.COM,9904994494,0,0
GUJARAT,Ahmedabad,REGAL ELECTRICALS,Vikarali Baloch,balochvikarali60@gmail.com,8141028100,0,0
GUJARAT,Ahmedabad,REFLECTION SOLAR & ENERGY PRIVATE LIMITED,PIYUSHKUMAR BHATT,piyushraval.1984@gmail.com,9725019493,0,0
GUJARAT,Ahmedabad,REFLECT SOLAR,DHRUVEN MAKWANA,reflect.solar.energy@gmail.com,9998419211,0,0
GUJARAT,Ahmedabad,REEWA SOLAR ENERGY,ASHOKBHAI S HAPALIYA,reewasolarenergy@gmail.com,9879353053,0,0
GUJARAT,Ahmedabad,REDSUN SOLAR INDUSTRIES,RIGALKUMAR DAMJI GHETIA,info@redsunin.com,9825632875,0,0
GUJARAT,Ahmedabad,RECARE ELECTRICAL LLP,Mitesh Desai,projects.recare@gmail.com,7600184425,0,0
GUJARAT,Ahmedabad,REAL MULTIPLE SOLUTIONS,Mehulkumar M Desai,rmssolar.bhavnagar@rediffmail.com,9099722722,0,0
GUJARAT,Ahmedabad,RAYSOLAR ENERGY SOLUTIONS PRIVATE LIMITED,RAYSOLARENERGYSOLUTIONS,raysolarenergysolutions@gmail.com,7874390654,0,0
GUJARAT,Ahmedabad,RAYNEX POWER SOLUTION PRIVATE LIMITED,ANKIT LIMBASIYA,info@raynexps.com,8758612077,0,0
GUJARAT,Ahmedabad,RAYNEX POWER SOLUTION,YAGNESH THUMMAR,raynexps@gmail.com,8758239470,0,0
GUJARAT,Ahmedabad,RAVIJA ENTERPRISES,BrijeshViradiya,ravijaenterprises09@gmail.com,6356956938,0,0
GUJARAT,Ahmedabad,RANJAN INDUSTRIES,ranjan28496@gmail.com,ranjan28496@gmail.com,9924818113,0,0
GUJARAT,Ahmedabad,RAMSUN ENERGY,RAJAN SUBHASHBHAI GAGLIYA,ramsunenergy09@gmail.com,7984300271,0,0
GUJARAT,Ahmedabad,RAMESH POWER POINTS,HANSABEN RAMESHBHAI PATEL,rameshpowerpoint@gmail.com,9825225585,0,0
GUJARAT,Ahmedabad,RAMDEV SOLAR SYSTEM,BARAIYA ASHOKBHAI RAGHAVJIBHAI,ramdevsolarsytem@gmail.com,8758911969,0,0
GUJARAT,Ahmedabad,RAMAA SOLAR,RISHABH SAJKA,ramaasolar@gmail.com,8866697632,0,0
GUJARAT,Ahmedabad,RAJKOT E-BIKES AND SOLAR,VIPUL R FALDU,rajkotebikesandsolar@gmail.com,8306020890,0,0
GUJARAT,Ahmedabad,RAJDEEP SOLAR ENERGY PVT. LTD.,DHARMESH SOLANKI,dharmesh@rajdeepsolarnergy.com,9099089749,0,0
GUJARAT,Ahmedabad,RAJAVI ELECTRICAL SERVICES,Prajapati Alpeshbhai Amratbhai,rajvielectricalservices@gmail.com,9723613718,0,0
GUJARAT,Ahmedabad,RAJANJI ENTERPRISE,RANA SHAHEALAMMOHAMMAD LAVENDRASINHJI,RAJANJI72.LV@GMAIL.COM,8849116749,0,0
GUJARAT,Ahmedabad,RAJANI MOTORS,HAIDER ALI SHOKAT ALI RAJANI,rajanimotors21@gmail.com,7227807262,0,0
GUJARAT,Ahmedabad,RAJ ELECTRICALS,SUNNY CHAUHAN,solar.rajelectricals@gmail.com,9998656539,0,0
GUJARAT,Ahmedabad,RAGHURAM SOLAR POWER GREEN ENERGY LLP,RAJKUMAR G. DANGAR,raghuramsolar9@gmail.com,7575019877,0,0
GUJARAT,Ahmedabad,RADIANT SUN ENERGY LLP,SLESH PATEL,slesh.patel@gmail.com,8140000257,0,0
GUJARAT,Ahmedabad,RADIANT SOLAR ENERGY,Kapil Rameshbhai Sathwara,info@radiantsolarenergy.co.in,9512337513,0,0
GUJARAT,Ahmedabad,RADIANT INDIA,RISHABH KOTHARI,RADIANTINDIA007@GMAIL.COM,9163559963,0,0
GUJARAT,Ahmedabad,RAASON ENERTECH LLP,RAHUL SONAGRA,info@raasonenertech.com,9624768483,0,0
GUJARAT,Ahmedabad,R. K. CONSTRUCTION,RAMESH S KAMBARIYA,rkconstruction101@gmail.com,9106065865,0,0
GUJARAT,Ahmedabad,R N SALES CORPORATION,PRANAV PANSURIYA,r.tech.2000@gmail.com,9574472134,0,0
GUJARAT,Ahmedabad,R K BHABHOR,RKBHABHOR,rkbhabhor78@gmail.com,9909161378,0,0
GUJARAT,Ahmedabad,R C ELECTRICALS,MANTHAN UNAGAR,info@rcelectricals.in,9824757160,0,0
GUJARAT,Ahmedabad,PYRAMID PROJECTS,Jayendrsinh Makwana,pyramidsolarindia@gmail.com,9726430137,0,0
GUJARAT,Ahmedabad,PURNIMA SOLAR ENERGY,PURNIMABEN ROHITBHAI PATEL,rpateldeesa@gmail.com,9824320856,0,0
GUJARAT,Ahmedabad,PURMA ENERGY PVT LTD,Pooja Patil,purmaenergy@gmail.com,7069628193,0,0
GUJARAT,Ahmedabad,PRUTHVIRAJSINH SINDHA,Pruthvirajsinh Sindha,pruthvisindha89@gmail.com,9328106806,0,0
GUJARAT,Ahmedabad,PROTON POWER SERVICE,PRATIK PATEL,sprotonpower@gmail.com,9033765370,0,0
GUJARAT,Ahmedabad,PROSPER ENTERPRISE,NIRAJ VASAVA,prosperenterprise07@gmail.com,9824420913,0,0
GUJARAT,Ahmedabad,PRIYANKA ENTERPRISE,HEMANSHU PATEL,enterpriseriya8002@gmail.com,9913032779,0,0
GUJARAT,Ahmedabad,PRIVA ENTERPRISE,Vicky Sheth,vickysheth1987@gmail.com,9825241949,0,0
GUJARAT,Ahmedabad,PRISM ECOENERGIA PRIVATE LIMITED,MAHESHBHAI M KUMBHANI,info@prismecoenergia.com,9704710101,0,0
GUJARAT,Ahmedabad,PRAYOSHAM SOLAR ENERGY,PARMAR JAYRAJSINH BHARATBHAI,jayrajp880@gmail.com,9574242883,0,0
GUJARAT,Ahmedabad,PRAYOSHA CORPORATION,MAHESH VIRANI,prayoshacorporation.india@gmail.com,9825390162,0,0
GUJARAT,Ahmedabad,PRAVEG SOLAR,Vishwa Raval,office.praveg@gmail.com,9081714161,0,0
GUJARAT,Ahmedabad,PRANIL CORPORATION,Bhadresh Janardan Pandya,riddhistart@yahoo.co.in,9825411575,0,0
GUJARAT,Ahmedabad,PRAKASHI ENTERPRISE,PRAKASHIBEN B SHAH,prakashienterprise@gmail.com,9879797965,0,0
GUJARAT,Ahmedabad,PRAKASH PUMP INDUSTRIES,PRAVIN VACHHANI,prakashpumpindustries@gmail.com,9687222263,0,0
GUJARAT,Ahmedabad,PRAGATI ENTERPRISE,CHIRAG THAKOR,pragatienterprise1985@gmail.com,9825254567,0,0
GUJARAT,Ahmedabad,POWERTRONICS TECHNOLOGY,MADHUSUDAN VIJAYSINH GOHIL,powertronics1990@gmail.com,9974772070,0,0
GUJARAT,Ahmedabad,POWERTECH ENGINEERS SURAT,SANAT BAROT,sanatbarot@gmail.com,9377625242,0,0
GUJARAT,Ahmedabad,POWERSOL,Sachin Jain,office@re.digital,9016681762,0,0
GUJARAT,Ahmedabad,POWER SYSTEM,MAHESH PARMAR,powersystem2k11@gmail.com,9898068224,0,0
GUJARAT,Ahmedabad,POWER RISE,AKSHAY KISHORBHAI PATEL,powerrise16@gmail.com,8460145311,0,0
GUJARAT,Ahmedabad,POWER PLUS ENERGY,KISHANKUMAR BHARATBHAI PATEL,powerplussolarenergy@gmail.com,9998183339,0,0
GUJARAT,Ahmedabad,POWER PACK SOLUTIONS,KARAN DESAI,powerpacksolutions12195@gmail.com,9725787004,0,0
GUJARAT,Ahmedabad,POWER GENESYS ENERGY SOLUTIONS PRIVATE LIMITED,subbusolar,subbu@powergenesys.com,8618279431,0,0
GUJARAT,Ahmedabad,POOJA ELECTRICALS,RAHUL DINESHBHAI MISTRY,PE9711@gmail.com,8758668166,0,0
GUJARAT,Ahmedabad,POOJA ELECTRICALS,ANAND UPADHYAY,poojaelectrical21@gmail.com,7434034056,0,0
GUJARAT,Ahmedabad,POINTER INSTRUMENTS SERVICES,PATEL MAYURKUMAR,pointer1729@gmail.com,9033543187,0,0
GUJARAT,Ahmedabad,PHOTONICS WATERTECH PRIVATE LIMITED,BIREN PATEL,vasant@photonicslights.com,6353704460,0,0
GUJARAT,Ahmedabad,PHOENIX RENEWABLE ENERGY,TEJAS R BAROT,PHOENIXRE6@GMAIL.COM,9586110114,0,0
GUJARAT,Ahmedabad,PEGASUS POWER AND INFRA LLP,info@pegasusllp.com,info@pegasusllp.com,8160259454,0,0
GUJARAT,Ahmedabad,PATEL JOYATABHAI GALABHAI,JOYTABHAI GALABHAI PATEL,pateljoytabhai1134@gmail.com,9724674544,0,0
GUJARAT,Ahmedabad,PATEL ELECTRONICS,HARDIK PATEL,hardikpatelelec@gmail.com,9377767508,0,0
GUJARAT,Ahmedabad,PATEL ELECTRICALS,Tasvin K. Jakhaniya,info.patelelectricals@gmail.com,9998896555,0,0
GUJARAT,Ahmedabad,PARTHKUMAR VIKRAMBHAI KAMANIYA,PARTH VIKRAMBHAI KAMANIYA,kpv2322@gmail.com,9313098584,0,0
GUJARAT,Ahmedabad,PARSANA GROUP,PARSANA RAJ NANDLAL,infoparsanagroup9@gmail.com,6358141994,0,0
GUJARAT,Ahmedabad,PAROT RENEWABLES LIMITED,NANANI GAURAV KIRANKUMAR,gn@parotrenewables.com,9274692942,0,0
GUJARAT,Ahmedabad,PARMAR ENTERPRISE,Parmar jeet,parmarenterprise2024@gmail.com,9574944345,0,0
GUJARAT,Ahmedabad,PARK SHELDRAKE,Karan Tarar,parksheldrake@gmail.com,7862991878,0,0
GUJARAT,Ahmedabad,PARESH S. VAIDYA,PARESH S VAIDYA,parvaidya2012@gmail.com,9879529203,0,0
GUJARAT,Ahmedabad,PARECHA ENTERPRISES,Sagar Parecha,sagarmparecha999@gmail.com,9537704244,0,0
GUJARAT,Ahmedabad,PANCHAMRUT ENTERPRISE,Ishvar Prajapati,panchamrut2019@gmail.com,7016103662,0,0
GUJARAT,Ahmedabad,OXEN ENERGIES,BIPIN SAVALIYA,oxenenergies@gmail.com,8866699444,0,0
GUJARAT,Ahmedabad,OORJA ELECTRIC,Lilaben Patel,oorjaforeveryone@gmail.com,9067598727,0,0
GUJARAT,Ahmedabad,OMKARA INFOTECH,Karmata Jayeshkumar Hakmabhai,omkarinfotechlakhani@gmail.com,9428847854,0,0
GUJARAT,Ahmedabad,OMEGA POWER,OMEGA POWER,omegapower2018@gmail.com,7990226349,0,0
GUJARAT,Ahmedabad,OMEGA ELECTRICALS,JAYESH PATEL,omele452@gmail.com,9979888452,0,0
GUJARAT,Ahmedabad,OM SOLAR,VIPUL KANTILAL PATEL,VIPULKUMARPATEL43@YAHOO.IN,9714384884,0,0
GUJARAT,Ahmedabad,OM SHANTI MACHINERIES EXIM,Milan Bhimani,grandosolar@gmail.com,9824868078,0,0
GUJARAT,Ahmedabad,OM SALES ENTERPRISE,TARUNKUMAR KALYANBHAI AHIR,rahul.redrenbardoli@gmail.com,9428631515,0,0
GUJARAT,Ahmedabad,OM ELECTRICALS,OM ELECTRICALS,jaydratsinhzala09@gmail.com,9265589234,0,0
GUJARAT,Ahmedabad,ODHAV ENTERPRISE,VASHRAM TALSHABHAI CHAUDHRI,odhaventerpriseindia@gmail.com,9033231303,0,0
GUJARAT,Ahmedabad,OCTA ENTERPRISE,KISHAN MALAVIYA DESIGNATION,octaenterprise7@gmail.com,8469023543,0,0
GUJARAT,Ahmedabad,NYALKARAN ENERGY LLP,KAUSHIK ADROJA,kaushik@nyalkaranenergy.com,9825412783,0,0
GUJARAT,Ahmedabad,NUJUM INDUSTRIES PRIVATE LIMITED,YASIR SHABBIR KANDOI,thenujum@gmail.com,9375188422,0,0
GUJARAT,Ahmedabad,NP RENEWABLE ENERGY,Nirav Darji,nprenewableenergy@gmail.com,7016917174,0,0
GUJARAT,Ahmedabad,NP ELECTRICALS,NAYAN KUMBHANI,info@npelectricals.co.in,9824144945,0,0
GUJARAT,Ahmedabad,NJ ELECTRICALS,NIRAVKUMAR JAYESHBHAI JOSHI,njelectricals.21@gmail.com,9886309619,0,0
GUJARAT,Ahmedabad,NIVAN ENERGY,BHAVIN KATARIYA,nivanenergy@gmail.com,9998820905,0,0
GUJARAT,Ahmedabad,NILESH ENGINEERS,KALPESH BHUVA,nileshengineers57@gmail.com,9033005732,0,0
GUJARAT,Ahmedabad,NIHAL ENTERPRISE,REHANABEN GULABBHAI DONAKIYA,rehanadonakiya786@gmail.com,8733978072,0,0
GUJARAT,Ahmedabad,NEWYORK ENGINEERING CO.,HITESH THAKRAR,akashenergysolar@gmail.com,9824206059,0,0
GUJARAT,Ahmedabad,NEW RESEARCH TECHNOLOGY,DIPAK JETHAVA,nrtsolar@gmail.com,9427809253,0,0
GUJARAT,Ahmedabad,NETWORKS TRADING AND CONSTRUCTION PVT LTD,ARVIND KUMAR,netccopvtltd@gmail.com,9319106152,0,0
GUJARAT,Ahmedabad,NEOVOLT GREEN ENERGIES,VIPAN SHAH,neovoltgreen@gmail.com,8511138558,0,0
GUJARAT,Ahmedabad,NEOTERIX SOLUTION PVT. LTD.,DISHANT JEGATIA,neoterixsolutions@gmail.com,9414010579,0,0
GUJARAT,Ahmedabad,NEELAM MICRO ELECTRONICS,VIBHAKAR PATEL,neelammicro@yahoo.co.in,9824042405,0,0
GUJARAT,Ahmedabad,ND ENERGY INDIA PRIVATE LIMITED,RA DIVYESH,ndenergyindia@gmail.com,8000001124,0,0
GUJARAT,Ahmedabad,NAYRA ELECTRONICS,PARESH PARMAR,info.nayraelectronics@gmail.com,9054244430,0,0
GUJARAT,Ahmedabad,NAVI ENERGY,KISHAN THUMMAR,contact@navienergy.in,9979435742,0,0
GUJARAT,Ahmedabad,NARMADA RENEWABLES,ALPESH PATEL,narmadarenewables@gmail.com,7623870035,0,0
GUJARAT,Ahmedabad,NAMAH SOLAR ENERGY,BIREN VASANI,namahsolar@gmail.com,6351500821,0,0
GUJARAT,Ahmedabad,NAKSHATRA INFOSYS,PANKAJKUMAR PARSHOTAMBHAI BHALALA,nakshatrainfosys178@gmail.com,9909697193,0,0
GUJARAT,Ahmedabad,NAKSH POWER,Parmar Bhumikaben Dharmeshbhai,bhumikarana1989@gmail.com,8141113593,0,0
GUJARAT,Ahmedabad,NAKODA PRODUCTS,SANJAY MEHTA,purchase.nsolar@gmail.com,9825322552,0,0
GUJARAT,Ahmedabad,MS SOLAR SPARK,MEETKUMAR CHANDUBHAISAVANI,mssolarspark7@gmail.com,9825590311,0,0
GUJARAT,Ahmedabad,MS SOLAR,sherasiya mujahid fatamaben,shersiyamujahid@gmail.com,9725097291,0,0
GUJARAT,Ahmedabad,MOVA GREEN ENERGY,MOHIT PATEL,movagreenenergy1112@gmail.com,7778033298,0,0
GUJARAT,Ahmedabad,MOTHER ELECTRICALS,YAGNIK PATEL,motherelectricals@yahoo.com,8128105018,0,0
GUJARAT,Ahmedabad,MK ENTERPRISE,moinkhan,mkenterprise061@gmail.com,8780069239,0,0
GUJARAT,Ahmedabad,MITTALS GREEN ENERGY PRIVATE LIMITED,Mittals_2025,info@mittalsgreenenergy.com,8053004999,0,0
GUJARAT,Ahmedabad,MITCON CONSULTANCY AND ENGINEERING SERVICES LTD,Sandip Bhosale,tendercell@mitconindia.com,7447420680,0,0
GUJARAT,Ahmedabad,MFINS SERVICES PVT. LTD.,Santosh Gupta,vidya@m-fins.in,8356843342,0,0
GUJARAT,Ahmedabad,MESHWA ENTERPRISE,Soniyaben Hemantbhai Patel,meshwaelectricals@gmail.com,9574409148,0,0
GUJARAT,Ahmedabad,MERIDIAN INTERNATIONAL,ASHISHKUMAR BHIKHUBHAI GHETIA,ghetiya.ashish@gmail.com,7990847552,0,0
GUJARAT,Ahmedabad,MEHUL ELECTRIC,BHIMANI HARDIK MANSUKHBHAI,fivestarsolar2025@gmail.com,7984547908,0,0
GUJARAT,Ahmedabad,MEGHAL POWER,GIRISHBHAI HIRABHAI KARAMATA,meghalpower23@gmail.com,9712726390,0,0
GUJARAT,Ahmedabad,MEERASUN ENERGY,MANISH SHRIMALI,meerasunenergy@gmail.com,9016680239,0,0
GUJARAT,Ahmedabad,MEAN RAYS RENEWABLE POWER PRIVATE LIMITED,RITA D PATEL,sales.meanrays@gmail.com,9898251352,0,0
GUJARAT,Ahmedabad,MD ENERGIES,VISHAL NAKRANI,mdenergies01@gmail.com,9099260004,0,0
GUJARAT,Ahmedabad,MBTION ENGINEERING,JANAK JOSHI,mbtionengineering@gmail.com,8320565108,0,0
GUJARAT,Ahmedabad,MAXSUN ENERGY PRIVATE LIMITED,Brijesh rokad,maxsunsolarenergy@gmail.com,7990361324,0,0
GUJARAT,Ahmedabad,MARUTI ENTERPRISE,Hitesh,marutienterprise148@gmail.com,7698803938,0,0
GUJARAT,Ahmedabad,MARUTI ENERGY,PRASHANT VAISHNAV,marutienrgy@gmail.com,9033408939,0,0
GUJARAT,Ahmedabad,MANTRA SOLAR SOLUTIONS,Umiyashankar Shilu,MantraSolarSolutions@gmail.com,7016462899,0,0
GUJARAT,Ahmedabad,MANGROLIYA NIKUNJ J.,MANGROLIYA NIKUNJ J.,nikunjmangroliya54@gmail.com,8866685082,0,0
GUJARAT,Ahmedabad,MANAN SOLAR,Atul Joshi,manansolar2022@gmail.com,9714352719,0,0
GUJARAT,Ahmedabad,MAHALAXMI ELECTRICALS - SURAT,VISHAL JARIWALA,vish.jariwala@gmail.com,9979263393,0,0
GUJARAT,Ahmedabad,MAHAKALI POWER,CHIRAG B.DAVRA,mahakalipower9252@gmail.com,9687209519,0,0
GUJARAT,Ahmedabad,MAHADEV SOLAR ENTERPRISE,Patel Naimesh D,mahadevsolar2526@gmail.com,8758610449,0,0
GUJARAT,Ahmedabad,MAGLARE TECHNOLOGIES PVT.LTD.,HITENKUMAR M SHINGALA,info@maglare.com,8460183838,0,0
GUJARAT,Ahmedabad,MADHULI CORPORATION,Parth Mukeshbhai Bambhaniya,madhulicorporation@gmail.com,9904990630,0,0
GUJARAT,Ahmedabad,MADHAV GREEN ENERGY,KISHAN TRIVEDI,madhavgreene@gmail.com,9408102358,0,0
GUJARAT,Ahmedabad,MADHAV ENTERPRISE,Shailesh Patel,madhavsolarshop@gmail.com,7990485674,0,0
GUJARAT,Ahmedabad,MADHAV ELECTRICAL,MAHARSHI DAVE,madhavelectrical23@gmail.com,9426755766,0,0
GUJARAT,Ahmedabad,MAA MOGAL ENTERPRISE,VIRAT JITENDARBHAI RATHOD,maamogale1999@gmail.com,8401237990,0,0
GUJARAT,Ahmedabad,M SUN ENERGY,TILVA KULIN S,msunenergy30@gmail.com,9104145599,0,0
GUJARAT,Ahmedabad,M R ENTERPRISE,RAKESH SHIVRAMBHAI DHUMAL,mrenterprisesolar@gmail.com,9924370232,0,0
GUJARAT,Ahmedabad,M R ENTERPRISE,PATEL RAVIKUMAR RAMESHBHAI,mr.enterprise1324@gmail.com,9099408818,0,0
GUJARAT,Ahmedabad,M M PARMAR,M.M.PARMAR,sunlightenergy09@outlook.com,9227092099,0,0
GUJARAT,Ahmedabad,M AND S ELECTRICALS AND TECHNICAL SERVICES,JAYESH BARAD,mselect.technical@gmail.com,7359128003,0,0
GUJARAT,Ahmedabad,M AND P POWER SOLUTIONS,PRAKASH KUMAR,mnppowersolutions2021@gmail.com,9537006733,0,0
GUJARAT,Ahmedabad,LUCRATIVE ENERGY PRIVATE LIMITED,AASHUTOSH CHATURVEDI,lucrativein24@gmail.com,9408152427,0,0
GUJARAT,Ahmedabad,LIGHTFLOW INDIA SOLAR,KRUNAL UPADHYAY,lightflowindia@gmail.com,8000835616,0,0
GUJARAT,Ahmedabad,LIFE MAGIC MARVELL STORE PRIVATE LIMITED,LIFE MAGIC SOLAR,lifemagicmarvel@gmail.com,9098698493,0,0
GUJARAT,Ahmedabad,LGM ENERGY AND INFRACON LLP,ASHISH MOVALIYA,lgmenergyandinfraconllp@gmail.com,7574000906,0,0
GUJARAT,Ahmedabad,LED LIGHT HOUSE,PATEL VAISHALIBEN PRASHANTBHAI,ledlighthouse161921@gmail.com,9624132754,0,0
GUJARAT,Ahmedabad,LAXMI HI TECH,MIHIR GAJERA,laxmihitech36@gmail.com,7046494649,0,0
GUJARAT,Ahmedabad,LABDHI ENTERPRISE,HENAL BHAGATWALA,labdhi1touchsolution@gmail.com,7405069474,0,0
GUJARAT,Ahmedabad,L L ELECTRICALS,Limbabhai Gajera,llelect89@yahoo.com,9879078908,0,0
GUJARAT,Ahmedabad,L G ELECTRICALS,LIYAKATKHAN PATHAN,lgelectricals29@gmail.com,9825949200,0,0
GUJARAT,Ahmedabad,KVP SOLAR AND SOLUTION,KALPESH SONI,kvpsolarandsolution.22@gmail.com,9033343105,0,0
GUJARAT,Ahmedabad,KUTCH SOLAR AND EV,DILIP LUHAR,kutchsolarev@gmail.com,9725436751,0,0
GUJARAT,Ahmedabad,KT SOLAR ENERGY,Karan Yogesh Patil,KTSOLARENERGY14418@GMAIL.COM,9033092122,0,0
GUJARAT,Ahmedabad,KSHETRAPAL GREEN ENERGY,JIGNABEN MANSHUKHBHAI DANKHARA,kshetrapalgreenenergy@gmail.com,7874098869,0,0
GUJARAT,Ahmedabad,KRIVI ENERGY PRIVATE LIMITED,Krivi Energy Private Limited,solar@krivienergy.com,9326275972,0,0
GUJARAT,Ahmedabad,KRITA GREEN ENERGY,RAJIV POPAT,admin@kritagreenenergy.in,9824998266,0,0
GUJARAT,Ahmedabad,KRISHNA ENTERPRISE,TAPAN R RASTE,krishnaenterprise4568@gmail.com,9712658209,0,0
GUJARAT,Ahmedabad,KRISHIVA INNOVATIVES,SANDEEP LANGHNOJA,info@krishivainnovatives.com,9409435861,0,0
GUJARAT,Ahmedabad,KRISHA SOLAR SOLUTIONS,PARAG S MASHRU,acctkrishasolar@gmail.com,7622919575,0,0
GUJARAT,Ahmedabad,KOTHIYA ELECTRIC CONTRACTOR,ATULBHAI RAVJIBHAI KOTHIYA,kothiyaelectric@gmail.com,9913212056,0,0
GUJARAT,Ahmedabad,KONARK,VIRAL KUMAR,heykonark@gmail.com,7016013500,0,0
GUJARAT,Ahmedabad,KOMAL ELECTRIC,CHETANDAS R.RAMPRASADI,chetanramprasadi@gmail.com,9825047503,0,0
GUJARAT,Ahmedabad,KK SOLAR TECHNOLOGY,KUSHAL KACHHIYA,kksolartechnology@gmail.com,9586118331,0,0
GUJARAT,Ahmedabad,KITE SOLAR ENERGY,DEVENDRAKUMAR POPATLAL PATEL,kitesolarenergy@gmail.com,6352523489,0,0
GUJARAT,Ahmedabad,KIRTAN BATTERIES,ABHANI PARESHKUMAR VINODRAY,kirtanbatteries26@gmail.com,7043337333,0,0
GUJARAT,Ahmedabad,KIRAN SOLAR TECH PT. LT,JATIN TRIVEDI,info@kiransolartech.com,9800932333,0,0
GUJARAT,Ahmedabad,KHODIYAR ENTERPRISE,MAHENDRA P. NAKUM,k_enter_m@rediffmail.com,9825162853,0,0
GUJARAT,Ahmedabad,KHODIYAR ELECTRICAL (VISNAGAR),RAHULKUMAR KANTILAL PRAJAPATI,khodiyar.electrical210@gmail.com,9979632702,0,0
GUJARAT,Ahmedabad,KHODAL CORPORATION,HARDIK KALTHIYA,khodalcorporation10@gmail.com,9974129558,0,0
GUJARAT,Ahmedabad,KHANAK SYSTEM,RAJAN JARIWALA,khanaksystem@yahoo.com,9824751581,0,0
GUJARAT,Ahmedabad,KESHWALA ENGINEERING CO.,RAMBHAI KESHWALA,RKESHWALA26@GMAIL.COM,7575082097,0,0
GUJARAT,Ahmedabad,KESHRI NANDANAM ENERGY,MAHESH PRAJAPATI,keshrinandanamenergy@gmail.com,8200147522,0,0
GUJARAT,Ahmedabad,KASTBHANJAN SOLAR,DIKSHIT MORADIAY,kastbhanjansolar@gmail.com,9099863647,0,0
GUJARAT,Ahmedabad,KASHYAP INFRAPROJECTS PVT. LTD.,HIREN D BHAVSAR,info@kashyap.in,9898031010,0,0
GUJARAT,Ahmedabad,KARMAA SOLAR LLP,DIPEN BRAHMBHATT,dipen@karmaasolar.com,9724666479,0,0
GUJARAT,Ahmedabad,KARMA POWER,MAYURBHAI JAYANTIBHAI VEKARIYA,karmapower001@gmail.com,8849370511,0,0
GUJARAT,Ahmedabad,KARM ENTERPRISE,KHUNT TUSHAL BHARATBHAI,KARMSOLAR24@GMAIL.COM,9586363071,0,0
GUJARAT,Ahmedabad,KAMAXI ELECTRICAL ENGINEERS,DHARMESH PATEL,dharmesh@kamaxielectricals.com,9974744036,0,0
GUJARAT,Ahmedabad,KAIZEN UNIVERSAL PRIVATE LIMITED,Ketankumar Nathubhai Shah,ketan@kaizen.in,9825119674,0,0
GUJARAT,Ahmedabad,KAIZEN ENERGY,KIRTI VASANIYA,info.kaizenenergy@gmail.com,8347424158,0,0
GUJARAT,Ahmedabad,KAASHIVA POWER INNOVATIONS PVT LTD,KAASHIVA,nikunjprajapati@kaashiva.com,7227854857,0,0
GUJARAT,Ahmedabad,KAARVI GREEN ENERGY,KALPESHBHAI VALLABHBHAI TEJANI,kaarvienergy01@gmail.com,9824094291,0,0
GUJARAT,Ahmedabad,K T ELECTRICALS,Parth Thakkar,ktthakkar567@gmail.com,8905168423,0,0
GUJARAT,Ahmedabad,K P ENTERPRISE,BHAMMAR KANUBHAI VIHABHAI,kpenterprise39@gmail.com,9974383839,0,0
GUJARAT,Ahmedabad,K K SOLAR SOLUTIONS,KETAN AHIR,kksolarsolutions@gmail.com,9537279900,0,0
GUJARAT,Ahmedabad,K AND J ENTERPRISE,PATEL JAYESHKUMAR JAGDISHBHAI,kjenterprise15515@gmail.com,8320957225,0,0
GUJARAT,Ahmedabad,JUPISOL POWER INDIA PRIVATE LIMITED,SWAPNEEL PATEL,spatel@jupisolpower.com,9879284007,0,0
GUJARAT,Ahmedabad,JOYSTICK BIO HEALTH,ATUL ACHARYA,jstvalsad@gmail.com,9714163052,0,0
GUJARAT,Ahmedabad,JJV CORPORATION,RANA PRATIPALSINH,info@jjvcorporation.in,9016987377,0,0
GUJARAT,Ahmedabad,JIYAAN SOLAR COMPANY,BIPINCHANDRA NIMAVAT,jiyaansolar.co@gmail.com,8160645436,0,0
GUJARAT,Ahmedabad,JIGAR SYSTEM TECHNOLOGY,Jigar Solanki,jigar@jigarsystems.com,9511768710,0,0
GUJARAT,Ahmedabad,JD SOLAR,Jaykumar Agravat,jdsolar5005@gmail.com,9157590905,0,0
GUJARAT,Ahmedabad,JD INFRA ENERGY PRIVATE LIMITED,SANDIP J. VARIYA,jdinfraenergy0725@gmail.com,9714061118,0,0
GUJARAT,Ahmedabad,JAYRAJ SOLAR LLP,TEJAS BHATT,tejas@jayrajsolar.com,9033963450,0,0
GUJARAT,Ahmedabad,JAYDEV ENERGY,Sureshpuri Maganpuri Gosvami,jaydevenergy83@gmail.com,9824885237,0,0
GUJARAT,Ahmedabad,JAY KHODIYAR IMPEX,PARESHBHAI BABUBHAI RAMOLIYA,pareshramoliya310@gmail.com,9537164431,0,0
GUJARAT,Ahmedabad,JAY ELECTRICALS,Jayeshbhai surani,jayelec2021@gmail.com,9427261002,0,0
GUJARAT,Ahmedabad,JAY DADA SOLAR,jaydadasolar,jaydadasolar@gmail.com,6353659868,0,0
GUJARAT,Ahmedabad,JAY CONSTRUCTION CO,PARAS VORA,greenerenergy48@gmail.com,8200558867,0,0
GUJARAT,Ahmedabad,JAY AMBE GREEN ENERGY,Viren Solanki,jayambegreenenergy@gmail.com,9824328725,0,0
GUJARAT,Ahmedabad,JAY ADITYA SOLAR,KALPESH JOSHI,darshit.dj619@gmail.com,8160931631,0,0
GUJARAT,Ahmedabad,JASMIN J BAMBHAROLIYA,JASMIN JAYANTILAL BAMBHROLIYA,jasmin.bambharolia14@gmail.com,8140916256,0,0
GUJARAT,Ahmedabad,JALESHWAR GREEN ENERGY,KALPESHBHAI NANJIBHAI PRAJAPATI,info.jaleshwargreen@gmail.com,8140023662,0,0
GUJARAT,Ahmedabad,JAISHANAVI SOLAR,RUSHIKESH THAKKAR,rishikeshthakkar@gmail.com,9974143899,0,0
GUJARAT,Ahmedabad,JAI INDUSTRIES,Dalpat Choudhary,jaielectronic@yahoo.com,9828104233,0,0
GUJARAT,Ahmedabad,JAGRUTI TRADERS,BHARTIBEN THAKORBHAI PATEL,jagrutitraders.solar@gmail.com,8980498030,0,0
GUJARAT,Ahmedabad,JAGDAMBA TRADERS,Urvish Brahmbhatt,jagdambatraders.padra@gmail.com,7284841054,0,0
GUJARAT,Ahmedabad,JAGDAMBA ENTERPRISE,ADARSH SOLANKI,adarshrajput542@gmail.com,9316321978,0,0
GUJARAT,Ahmedabad,JAAC TECHNO SERVICES PVT LTD,JWALANT RAVAL,jwalant.raval@jaacservices.com,9824000545,0,0
GUJARAT,Ahmedabad,JAAC TECHNO SERVICES PVT LTD,Jwalant Raval,Jwalant.raval@jaacservice.com,9824000545,0,0
GUJARAT,Ahmedabad,J N RENEWABLE,ASHUTOSH CHOKSI,info@jnrenewable.com,9925037975,0,0
GUJARAT,Ahmedabad,J K MACHINE TOOLS (GUJARAT) PVT. LTD.,PIPALIYA NIKUNJ JAMANBHAI,jk.solarium@gmail.com,9328290518,0,0
GUJARAT,Ahmedabad,J D ELECTRICAL AND TRADING,Dharmdas Desani,jdelectrical26@gmail.com,8320397049,0,0
GUJARAT,Ahmedabad,J B POWER SOLAR,BHAVESH GELOT,jbpowersolar@gmail.com,9173390835,0,0
GUJARAT,Ahmedabad,IZZY ENERGY SOLUTION,NISAR VHORA,izzyenergysolution@gmail.com,9909236062,0,0
GUJARAT,Ahmedabad,ISHA SALES,KEVAN MAHESHBHAI DABHI,ishasolar027@gmail.com,9824739373,0,0
GUJARAT,Ahmedabad,INVENTRIK ENTERPRISE,HARSH CHAUDHARI,info@inventrik.co.in,8238083000,0,0
GUJARAT,Ahmedabad,INTIFY SOLAR PVT LTD,KANABHAI MERAMBHAI BADIYAVADAR,intifysolar@gmail.com,6358788735,0,0
GUJARAT,Ahmedabad,INTEGRITY DESIGN ENGINEERING,NEEL PATHAK,neelpathak19@gmail.com,9638888049,0,0
GUJARAT,Ahmedabad,INSTANT SOLUTION,GALANI VISHAL PARSHOTAMBHAI,info@instantsolar.in,9512123598,0,0
GUJARAT,Ahmedabad,INSTANT ELECTRIC SERVICES,RAJAN SONERA,instantelectricservices@gmail.com,9909415407,0,0
GUJARAT,Ahmedabad,INNOVATIVE ENERGY SOLUTIONS,YASH DESAI,yashdesai2005@gmail.com,7201951515,0,0
GUJARAT,Ahmedabad,INFYZON ENERGY,ANCHIT UMRIGAR,infyzonenergy@gmail.com,8160599803,0,0
GUJARAT,Ahmedabad,INFLUX SOLAR SOLUTIONS,Hiten Bhatt,influxsolarsolution@gmail.com,6352563582,0,0
GUJARAT,Ahmedabad,INFINITY SOLAR - SURAT,MANTHAN ANAGHAN,infinity.solar01@gmail.com,8866860686,0,0
GUJARAT,Ahmedabad,INFINITY GREENTECH,PRABHAT,info.infinitygreentech@gmail.com,9737823212,0,0
GUJARAT,Ahmedabad,INFINITY ELECTRICALS,Divyesh Nayi,info.infinityelectricals@gmail.com,7600458468,0,0
GUJARAT,Ahmedabad,INFINITE URJA LLP,ARPAN PATEL,info@infiniteurja.in,8000049380,0,0
GUJARAT,Ahmedabad,IMPULSE SYSTEM,PRASHANT PANCHAL,info@impulsesystem.in,9426471057,0,0
GUJARAT,Ahmedabad,IDEAL RENEWABLE LLP,BARASARA KEVALKUMAR MAHADEVBHAI,idealrenewable@gmail.com,9979083323,0,0
GUJARAT,Ahmedabad,I K SOLAR ENERGY,LIMBASIYA NARENDRA,iksolarenergy2302@gmail.com,6353941652,0,0
GUJARAT,Ahmedabad,HORIZON POWER SOLUTIONS,Dixita Jalpesh Soni,horizonpowersolutions2024@gmail.com,9909009525,0,0
GUJARAT,Ahmedabad,HIYASHA SOLAR SYSTEMS LLP,HEMAL PETHAPARA,hiyashasolarsystems@gmail.com,9727097250,0,0
GUJARAT,Ahmedabad,HINDUSTAN SOLAR AND POWER PACK,MUKESH BHUVA,hindustansolar86@gmail.com,7016087359,0,0
GUJARAT,Ahmedabad,HIMSON ENERGY,HARDIK PATEL,himson.energy@gmail.com,9825242728,0,0
GUJARAT,Ahmedabad,HILTON RENEWABLES,SHILPA S.SOLANKI,hiltonrenewables.amr@gmail.com,8181080800,0,0
GUJARAT,Ahmedabad,HI TECH SOLAR SOLUTION,ILYAS KAYDAWALA,hitechsolarsolu@gmail.com,8140535380,0,0
GUJARAT,Ahmedabad,HEM SOLAR ENERGY & IRRIGATION,RAVINDRASINH PRATAPJI SOLANKI,hemirrigtion@gmail.com,7698309718,0,0
GUJARAT,Ahmedabad,HELIOPATH SOLAR TECHNOLOGIES,TANAY PARIKH,enquiry.heliopath@gmail.com,8238664332,0,0
GUJARAT,Ahmedabad,HAVTON INDIA,RAVIBHAI,ravivarmora0803@gmail.com,9265496953,0,0
GUJARAT,Ahmedabad,HARSIDDHI ENGINEERING WORKS,MANISH RAMESHBHAI BHARAKHADA,harsiddiengineering@yahoo.com,9428342940,0,0
GUJARAT,Ahmedabad,HARISH ENGINEERING WORKS,SUMIT CHAUHAN,harish.engg91@gmail.com,9428618859,0,0
GUJARAT,Ahmedabad,HARI ELECTRICAL & SOLAR,JAYKUMAR H CHANAWALA,harielectrical18@gmail.com,7990453967,0,0
GUJARAT,Ahmedabad,HAPPY ENTERPRISE,JADEJA KRIPAL NARENDRASINH,divyeshchavda007@gmail.com,9510887781,0,0
GUJARAT,Ahmedabad,HANU ENTERPRISE,HANU ENTERPRISE,hanuenterprise2023@gmail.com,9067322910,0,0
GUJARAT,Ahmedabad,HADAF GREEN ENERGY PRIVATE LIMITED,Anashusain Shaikh,hadafgreenenergy@gmail.com,8320986239,0,0
GUJARAT,Ahmedabad,H K SOLAR ENERGY,CHAUDHARY KALPESHKUMAR BECHARBHAI,hkenergy16@gmail.com,9714516576,0,0
GUJARAT,Ahmedabad,H & M COMPANY,BHAVIKABEN HARESHBHAI AMBALIYA,info@hmcompany.in,9157768561,0,0
GUJARAT,Ahmedabad,GWE INFRA PROJECTS PRIVATE LIMITED,DHAVAL SHAH,dhaval.gwe@gmail.com,9726198989,0,0
GUJARAT,Ahmedabad,GURUKRUPA ENTERPRISE,Prashant Pathak,gurukrupaenterprise.head9@gmail.com,8320627280,0,0
GUJARAT,Ahmedabad,GURU RENEWABLE,Sandip patel,gururenewable@gmail.com,9687672620,0,0
GUJARAT,Ahmedabad,GUJARAT SOLAR ENERGY,OGANJA PARESHBHAI,gujaratsolarenergy010@gmail.com,9898472919,0,0
GUJARAT,Ahmedabad,GS POWERTECH,DEEP SONANI,info.gspowertech@gmail.com,7567438385,0,0
GUJARAT,Ahmedabad,GROWW SOLAR ENERGY,JITENDRAKUMAR VALABHAI DHULIYA,growwsolarenergy8@gmail.com,7874707545,0,0
GUJARAT,Ahmedabad,GROWTECH ENERGY,ONDHIYA IRFAN,growtechenergy91@gmail.com,9998435528,0,0
GUJARAT,Ahmedabad,GROW ENERGY SOLAR SOLUTION,Anis Ahamad,growenergysolarsolution@gmail.com,7778999695,0,0
GUJARAT,Ahmedabad,GRIWA INTERNATIONAL LLP,PRAKASH P KORIYA,prakashkoriya17@gmail.com,8200988481,0,0
GUJARAT,Ahmedabad,GREENTECH ENERGY,PIYUSH BHUVA,bhuvapiyush89@gmail.com,7990053035,0,0
GUJARAT,Ahmedabad,GREENLEAF SOLAR ENERGY,Kalpesh Nakum,info.greenleaf1@gmail.com,9313945225,0,0
GUJARAT,Ahmedabad,GREENLAND,PRAKASH N AHIR,greenlandsolar.np@gmail.com,9825545043,0,0
GUJARAT,Ahmedabad,GREENEXCEL ENERGY SOLUTION PVT LTD,Jenil Mangukiya,info@greenexcelenergy.com,9898949719,0,0
GUJARAT,Ahmedabad,GREENERGEE,AMIT KALARIYA,greenergee@vikasaryagroup.com,9374635103,0,0
GUJARAT,Ahmedabad,GREENCLEAN POWER SOLUTION,Anurag Singh,greencleanpowersolution@gmail.com,9909047056,0,0
GUJARAT,Ahmedabad,GREENARCH SOLAR PRIVATE LIMITED,PRAVIN BORLE,greenarchsolar@gmail.com,9879262766,0,0
GUJARAT,Ahmedabad,GREEN WATT SOLAR ENERGY,DIMPALBEN DIPENBHAI SHAH,greenwattsolarenergy2022@gmail.com,9898383910,0,0
GUJARAT,Ahmedabad,GREEN SOLAR ENERGY,YASH VACHHANI,info@greenssolar.in,9687222261,0,0
GUJARAT,Ahmedabad,GREEN POWER ENERGY,JAY MANUBHAI PATEL,info.greenenergy07@gmail.com,8780002027,0,0
GUJARAT,Ahmedabad,GREEN LIGHT ENERGY,ABHISHEK KISHORBHAI KUNJADIYA,glenergy2024@gmail.com,9998754265,0,0
GUJARAT,Ahmedabad,GREEN ENERGY-VALSAD,DHRUVINKUMAR AMRISHBHAI TANDEL,solar@greenenergy.ind.in,8866249369,0,0
GUJARAT,Ahmedabad,GREEN ENERGY SOLAR,GOYANI TUSHARBHAI DHIRUBHAI,ges.solar24@gmail.com,8866993164,0,0
GUJARAT,Ahmedabad,GREEN E SOLAR,GORDHANBHAI DHANJIBHAI BHUVA,greene.vb@hotmail.com,9925751589,0,0
GUJARAT,Ahmedabad,GREAT SOLUTION,GAURAV DESAI,greatsolution07@gmail.com,9924131317,0,0
GUJARAT,Ahmedabad,GRE ELECTRONICS PVT. LTD.,Kamlesh Patel,info@greindia.com,9825070480,0,0
GUJARAT,Ahmedabad,GRACE OF THE SUN ENERGY,Ankit patel,gotssolar@gmail.com,8320258395,0,0
GUJARAT,Ahmedabad,GOVINDJI POWER,PRIYANK BABUBHAI VAGHANI,priyankvaghani86@gmail.com,9726643435,0,0
GUJARAT,Ahmedabad,GOPI TECHNOLOGIES,BHUPATBHAI LAXMANBHAI BHUT,epc@gopitechnologies.com,8866077344,0,0
GUJARAT,Ahmedabad,GOPAL ENTERPRISE,GOKULBHAI B PARMAR,gokulbharvad@gmail.com,9727756664,0,0
GUJARAT,Ahmedabad,GOLDI SOLAR PRIVATE LIMITED,GOLDI SOLAR PRIVATE LIMITED,info@goldisolar.com,7211134134,0,0
GUJARAT,Ahmedabad,GLOWX SOLAR PROJECTS,KISHAN NATHANI,accounts@glowxsolar.com,9909517000,0,0
GUJARAT,Ahmedabad,GLOBAL SOLAR SOLUTION,MOKSHAK BODA,moxakboda111@gmail.com,8460820618,0,0
GUJARAT,Ahmedabad,GLOBAL ENERGY CORPORATION,NILESH SOLANKI,gec.accord@gmail.com,9825714919,0,0
GUJARAT,Ahmedabad,GIR ENTERPRISES,TERAIYA ANKIT AMRUTLAL,ankitbhaiankit88@gmail.com,8686869015,0,0
GUJARAT,Ahmedabad,GHANSHYAM SOLAR ENERGY,ISHABEN GOSAI,ghanshyam.solar.energy@gmail.com,9510734317,0,0
GUJARAT,Ahmedabad,GHANPRIYA ENERGY SOLUTION PRIVATE LIMITED,ADARSH KUMAR,subsidy@ghanpriyaenergy.com,9958676060,0,0
GUJARAT,Ahmedabad,GHADIYA RENEWABLE ENERGY,KALPESH GHADIYA,KALPESHPATEL8914@GMAIL.COM,9714000952,0,0
GUJARAT,Ahmedabad,GETWAY ENERGY,ATUL GOYANI,getwayenergy@gmail.com,9925827815,0,0
GUJARAT,Ahmedabad,GESTIC SELICON ENERGY,Shivam Mourya,shivammourya0987@gmail.com,9157621253,0,0
GUJARAT,Ahmedabad,GENESIS ELECTRICAL,RONAKKUMAR KHRISTI,genesiselectricalindia@gmail.com,8200480623,0,0
GUJARAT,Ahmedabad,GENESIS CLEAN ENERGY,RAVI BHARTHI,genesiscleanenergy1@gmail.com,9714125515,0,0
GUJARAT,Ahmedabad,GAYATRI SOLAR ENERGY,VIBHU PATEL,info@gayatrisolarenergy.com,8866778940,0,0
GUJARAT,Ahmedabad,GAYATRI CONSTRUCTION,CHETANSINH RAYJADA,chetansinh270@gmail.com,7408636363,0,0
GUJARAT,Ahmedabad,GALO ENERGY PRIVATE LIMITED,Abhishek Rao,info@galo.co.in,9773988289,0,0
GUJARAT,Ahmedabad,GALAXY ENTERPRISE,ALKABEN RATHWA,galaxyenterprise265@gmail.com,9998017765,0,0
GUJARAT,Ahmedabad,GAJGATI STEEL AND ENERGY PVT LTD.,SAMEER SURATWALA,sales@gajgati.com,7990480061,0,0
GUJARAT,Ahmedabad,G-POWER PLUS,RACHHADIA PARITKUMAR GHANSHYAMBHAI,gpowerplus.in@gmail.com,9898420613,0,0
GUJARAT,Ahmedabad,FRIENDLY FOOTPRINTS LLP,POOJA SHARMA,infosolar.ff@gmail.com,7874833399,0,0
GUJARAT,Ahmedabad,FOURSUN SOLAR,SAGAR PIPALIYA,project@foursunsolar.co.in,7435023502,0,0
GUJARAT,Ahmedabad,FOURCELL ENERGY PRIVATE LIMITED,PRAYAG NAKRANI,fourcellenergy@gmail.com,9377776564,0,0
GUJARAT,Ahmedabad,FATHUN RENEWABLE ENERGY (FORMERLY KNOWN AS KENVUE ENERGY),SHARIF ABDUL SATAR BHURI,fathunrenewable@gmail.com,9898589612,0,0
GUJARAT,Ahmedabad,F SOLAR ROOFTOP,GANJA FAIZAL ABDULBHAI,fsolarrooftop@gmail.com,8469525856,0,0
GUJARAT,Ahmedabad,EXPERT POWER SOLUTION,BOGHARA HIREN,info.expertpowersolution@gmail.com,8780287091,0,0
GUJARAT,Ahmedabad,EXIDE INDUSTRIES LIMITED,Exide Sunday Solar Solutions,pramit.mukherjee@exide.co.in,6291226448,0,0
GUJARAT,Ahmedabad,EWC SOLAR PRIVITED LIMITED (FORMERLY KNOWN AS ENERGY POWER SYSTEMS),Jitendra Ahire,ewcsolarpvtltd@gmail.com,8141150688,0,0
GUJARAT,Ahmedabad,EWAA SOLAR TECHNOLOGY PRIVATE LIMITED,vijay bhuva,info@ewaasolartech.com,6356008400,0,0
GUJARAT,Ahmedabad,EVERSHINE ENERGY,SUTHAR DASHRATH NARAYANLAL,contact@evershineenergy.com,8460167441,0,0
GUJARAT,Ahmedabad,EVERGREEN SOLAR,SHARMISTHABEN VIJAYBHAI MAKWANA,evergreensolar20@gmail.com,9408938979,0,0
GUJARAT,Ahmedabad,EVAANTA ENERGY,HARDIP BHARATBHAI GAJIPARA,info@evaantaenergy.com,9712326261,0,0
GUJARAT,Ahmedabad,EUROSOLAR ENERGY INDUSTRIES,DHARMENDRA PATEL,modasaeurosolar@gmail.com,9558823245,0,0
GUJARAT,Ahmedabad,ENWATECH SOLUTION PVT.LTD,Hiral Kumar Makadia,enwatechsolutionpvtltd@gmail.com,9427269089,0,0
GUJARAT,Ahmedabad,ENERGETIC SOLAR,DIVYANG PATNI,energeticsolar03@gmail.com,9537137427,0,0
GUJARAT,Ahmedabad,EMPYREAL SOLAR,GHANSHYAM CHOVATIYA,liaison@empyreAlsolar.in,9099526261,0,0
GUJARAT,Ahmedabad,ELECTROMECH DEVICES MANUFACTURING COMPANY,Pankaj Chandak,edmc.rpr@gmail.com,7000189225,0,0
GUJARAT,Ahmedabad,EFFICIENT ENERTECH PVT LTD,MAULESH PATEL,info@efficientenergyindia.com,9925624989,0,0
GUJARAT,Ahmedabad,ECOLUX SOLAR,GALANI CHIRAG BHAI BHUPAT BHAI,ecoluxsolar007@gmail.com,8980088806,0,0
GUJARAT,Ahmedabad,EARTH SOLAR ENERGY,MAYUR GOYANI,EARTHSOLARE@GMAIL.COM,8200115874,0,0
GUJARAT,Ahmedabad,E-POWER SOLAR ENERGY,AKASH RAVAL,epowerenergyinfo@gmail.com,9484784798,0,0
GUJARAT,Ahmedabad,DWARKESH SOLAR ENERGY,Nilesh chavda,nileshchavda1881@gmail.com,8000799990,0,0
GUJARAT,Ahmedabad,DREAM MART,PRATIKKUMAR BHARATBHAI PATEL,dreammart108@gmail.com,9099975489,0,0
GUJARAT,Ahmedabad,DK SOLAR TECHNOLOGY,RAJESH HARSHUKHBHAI BHUVA,dksolartechno@gmail.com,9824998007,0,0
GUJARAT,Ahmedabad,DIWAKAR SOLAR ENTERPRISE,VIRENDRASINH VANZARA,info.diwakarsolar@gmail.com,9104746612,0,0
GUJARAT,Ahmedabad,DIVY SOLAR TECHNOLOGY,PARESH CHITALIYA,divysolartechnology@gmail.com,9978551782,0,0
GUJARAT,Ahmedabad,DIVU ENTERPRISE,AJAY MAKODBHAI BORADA,divuenterprise2023@gmail.com,7383114133,0,0
GUJARAT,Ahmedabad,DIVINE SOLAR ENERGY,Solanki Kanji,divinesolarenergy33@gmail.com,7069853208,0,0
GUJARAT,Ahmedabad,DIVINE ENERGY,VIVEK CHAUHAN,divineenergy42@gmail.com,6354051676,0,0
GUJARAT,Ahmedabad,DIVINE BATTERY,JITENDRA AKBARI,divinesukam@gmail.com,9879246681,0,0
GUJARAT,Ahmedabad,DISHACHI ENERGY,DILIPKUMAR NANUBHAI HIRPARA,dishachienergy@gmail.com,9898762600,0,0
GUJARAT,Ahmedabad,DHVANI ENERGY,Rohit Niravkumar,dhvanisolar@gmail.com,9537928064,0,0
GUJARAT,Ahmedabad,DHRUVIN ELECTRICALS,KIRTIKUMAR GHANSHYAMBHAI PATEL,kirtipatel86665@gmail.com,9974814614,0,0
GUJARAT,Ahmedabad,DHRUVA ENTERPRISE,BHAVESH MANSUKH KANERIYA,dhruvaenterprise123@gmail.com,9978124597,0,0
GUJARAT,Ahmedabad,DHRUV ENTERPRISE,NARESH PANCHAL,dhruv.enterprise@aol.com,9825123335,0,0
GUJARAT,Ahmedabad,DHARMANANDAN SOLAR ENERGY,DHARIYAPARMAR MAYUR RANCHOODBHAI,mayurdhariyaparmar@gmail.com,9016367556,0,0
GUJARAT,Ahmedabad,DEVYAMI GREEN SOLUTIONS,PRARABDH SAXENA,greensolutions@devyami.com,9925128619,0,0
GUJARAT,Ahmedabad,DEVYAMI AUTOMATIC PUMPS AND CONTROLS PVT LTD,DEVANG SHAH,devyami@gmail.com,9825029877,0,0
GUJARAT,Ahmedabad,DEV TECHNO,JADEJA GHANSHYAMSINH A,devtechno14@gmail.com,9898242190,0,0
GUJARAT,Ahmedabad,DEV ELECTRICALS,DIVYESHKUMAR BALVANTBHAI PATEL,develectricals2024@gmail.com,9974821967,0,0
GUJARAT,Ahmedabad,DESTINY ELECTRICAL,VISHALKUMAR R SAVALIYA,destinyelectricals@gmail.com,9016172698,0,0
GUJARAT,Ahmedabad,DELICATE SOLAR PRIVATE LIMITED,JEMISH J GABANI,gabanijemish3@gmail.com,8238340836,0,0
GUJARAT,Ahmedabad,D.K. & CO.,DIPEN BUTANI,dkandcompanyrajkot@gmail.com,9925008040,0,0
GUJARAT,Ahmedabad,D.J.SOLAR & GENERAL,Tarunkumar D Joshi,djsolar111@gmail.com,8401183303,0,0
GUJARAT,Ahmedabad,D SUN SOLAR,Dharmeshkumar hirapara,dsunsolar429@gmail.com,9904131777,0,0
GUJARAT,Ahmedabad,D S POWER SOLUTION,VIPULBHAI CHAUHAN,vipulas094@gmail.com,9106304356,0,0
GUJARAT,Ahmedabad,CYBRIA SOLUTIONS,Jagdish Parmar,jagdish@cybriasolutions.com,9925026091,0,0
GUJARAT,Ahmedabad,CTONE METAL INDUSTRIES,HASMUKHBHAI JOSHI,hasmukhjoshi82@gmail.com,9909517156,0,0
GUJARAT,Ahmedabad,CROMPTON GREAVES CONSUMER ELECTRICALS LIMITED,Varinder Bhatia,solar.rooftop@crompton.co.in,9599589665,0,0
GUJARAT,Ahmedabad,CREST ENERGY SOLUTIONS,JADAV ROHIT MANSUKHBHAI,crestenergysolutions@gmail.com,9327415839,0,0
GUJARAT,Ahmedabad,CREASUN ENERGY,PARTH SUVAGIYA,creasunenergy25@gmail.com,9624120591,0,0
GUJARAT,Ahmedabad,COSMIC ENTERPRISE,GOHEL PUNIT,cosmicenergy13.info@gmail.com,9429213406,0,0
GUJARAT,Ahmedabad,CONVEX SOLAR,PRIGNAL KHRISTI,convexsolar92@gmail.com,9737710095,0,0
GUJARAT,Ahmedabad,CONCEPT SOLAR ENERGY,GAUTAM PRAJAPATI,conceptsolarenergy21@gmail.com,9662414865,0,0
GUJARAT,Ahmedabad,COMPUTER SHOP,PRADEEP DEPUTY,pradeep_deputy@yahoo.com,7043402514,0,0
GUJARAT,Ahmedabad,COMET EVSOL,AVINASH PRAVINBHAI RUPAVATIYA,cometevsol@gmail.com,8780440726,0,0
GUJARAT,Ahmedabad,CMPLUS QUALITY SERVICES PRIVATE LIMITED,CMPLUSQUALITY,chandramauli_india@yahoo.com,9868881112,0,0
GUJARAT,Ahmedabad,CHUDASAMA TEMUBHA BALVANTSINH,Temubha B Chudasama,adityasolar1987@gmail.com,8200459492,0,0
GUJARAT,Ahmedabad,CHEHAR ENERGY,PRAJAPATI RAJAT VISHNUBHAI,cheharenergy@gmail.com,9998077796,0,0
GUJARAT,Ahmedabad,CHARLES SOLAR POWER ENERGY,Monaben Sudhirbhai Bhuva,charlessolarpowerenergy1990@gmail.com,7016170076,0,0
GUJARAT,Ahmedabad,CHAMUNDA ELECTRICAL,HEMAL KARELIYA,chamundaelectrical1@gmail.coml,9723603864,0,0
GUJARAT,Ahmedabad,CER ROOFTOP PVT LTD,Susanta Kumar Hota,susanta.hota@cer-inc.com,8586971731,0,0
GUJARAT,Ahmedabad,CAPITAL WELDING,JAYESH KACHHADIYA,freexindia@gmail.com,9499602041,0,0
GUJARAT,Ahmedabad,C J ENTERPRISE,Krunal Patel,cjenterprise93@gmail.com,9429670026,0,0
GUJARAT,Ahmedabad,BURAK ENERGY,MOHAMADNAKIB AYAZBHAI SHEKH,burakenergy7@gmail.com,9173110729,0,0
GUJARAT,Ahmedabad,BSN ELECTRICS PRIVATE LIMITED,BHARATBHAI M SONAGARA,bsnelectrics162018@gmail.com,9925249658,0,0
GUJARAT,Ahmedabad,BSAFAL RENEWABLE ENERGIES PVT LTD,Nita Maru,nita.maru@bsrepl.com,9723706665,0,0
GUJARAT,Ahmedabad,BRIHASPATHI TECHNOLOGIES PVT LTD,BRIHASPATHI TECHNOLOGIES,ramu@brihaspathi.com,9989999197,0,0
GUJARAT,Ahmedabad,BRIGHT SUN SOLAR SOLUTIONS,Vijaysinh V Zala,brightsun2029@gmai.com,9033398401,0,0
GUJARAT,Ahmedabad,BRAHMANI ELECTRICS,RAJESHBHAI NAGJIBHAI RAJANI,brahmanielectrics1987@gmail.com,9429758674,0,0
GUJARAT,Ahmedabad,BOND SOLAR,CHINTAN DUDHAT,bondsolar9@gmail.com,9998118505,0,0
GUJARAT,Ahmedabad,BLUTH SERVICES LLP,OM TEKRIWAL,contact@bluthservices.com,8630697093,0,0
GUJARAT,Ahmedabad,BK GROUP & ASSOCIATES,IRFAN SAMA,irfansama2704@gmail.com,9879933662,0,0
GUJARAT,Ahmedabad,BILIPATRA ENTERPRISE,JALPESH CHANDEGARA,prajapatijalpesh24@gmail.com,9427928892,0,0
GUJARAT,Ahmedabad,BHUMI POLYMERS PRIVATE LIMITED (FORMERLY KNOWN AS BHUMI POLYMERS PRIVATE LIMITES),SAGAR VAGHASIYA,solar@bhumipolymers.com,9099084938,0,0
GUJARAT,Ahmedabad,BHUMI GREEN POWER,HERBHA RAJKUMAR MULUBHAI,bhumigreenpower@gmail.com,9824956161,0,0
GUJARAT,Ahmedabad,BHSQUARE SOLAR INSTALLATION SERVICES,HARSHKUMAR SURESHCHANDRA PATEL,harshwork2422@gmail.com,9909431526,0,0
GUJARAT,Ahmedabad,BHAVI SOLAR AND ELECTRICALS,DINESH CHAUDHARY,chaudharid04@gmail.com,9099754254,0,0
GUJARAT,Ahmedabad,BHAUTIK ENGINEERING CO.,Vegada Bhautik,vegadabhautik2410@gmail.com,9825690528,0,0
GUJARAT,Ahmedabad,BHASKAR RAY ENERGY,HARSHAD CHAUHAN,bhaskarray018@gmail.com,9426975552,0,0
GUJARAT,Ahmedabad,BHANU ENTERPRISES,ANAND KOTHARI,akkothari1964@gmail.com,9263635946,0,0
GUJARAT,Ahmedabad,BHANJAN ENTERPRISE,Piyushkumar H Patel,bhanjansolar@gmail.com,9574003537,0,0
GUJARAT,Ahmedabad,BHAGVATI SOLAR POWER,Ankit Vekariya,info@bhagvatisolarpower.com,7770007502,0,0
GUJARAT,Ahmedabad,BHAGAT SOLAR ENERGY,PIYUSH M MAKANI,bhujbhagatsolarenergy@gmail.com,9930432027,0,0
GUJARAT,Ahmedabad,BEYOND ENERGY,PARTH RATHOD,beyondenergy2025@gmail.com,8849608389,0,0
GUJARAT,Ahmedabad,BELIEVER RENEWAL ENERGY,DHRUVIL LATHIYA,bre.solar20@gmail.com,7434972242,0,0
GUJARAT,Ahmedabad,BELIEVE TECH ENERGY SERVICES,Kavina Vaghela,infobtes@gmail.com,9499631316,0,0
GUJARAT,Ahmedabad,BELIEF GREEN TECH PVT LTD,Kanji Mandaviya,mandaviyakanji@gmail.com,6351555029,0,0
GUJARAT,Ahmedabad,BELIANCE ENERGY INDIA PVT.LTD.,BHARGAV KURJIBHAI PATOLIYA,belianceenergy@gmail.com,8511651364,0,0
GUJARAT,Ahmedabad,BALAJI FABRICATORS,DASHRATHBHAI RAVAL,balajifabricatorsbhiloda@gmail.com,9726824808,0,0
GUJARAT,Ahmedabad,BAHUBALI CONSTRUCTION,TUSHARBHAI K DABHI,pintudabhi626@gmail.com,8490005005,0,0
GUJARAT,Ahmedabad,BACKBONE ELECTRICALS,C M AMRUTIA,backbone.electricals@gmail.com,6356044325,0,0
GUJARAT,Ahmedabad,AYKKA TECHNOVISION PRIVATE LIMITED,SEMAL OZA,aykka@outlook.in,9586508907,0,0
GUJARAT,Ahmedabad,AYAN SOLAR ENERGY,BHAVESH PRAJAPATI,ayansolar25@gmail.com,7623886775,0,0
GUJARAT,Ahmedabad,AVINYA POWER SOLUTION,AVINYA POWER SOLUTION,avinyapowersolution@gmail.com,9099317212,0,0
GUJARAT,Ahmedabad,AVATAR SOLAR PVT LTD,Falgunbhai,bharat@avatarsolar.com,9687055273,0,0
GUJARAT,Ahmedabad,AVANTA,JAYDIPSINH AMARSINH DODIYA,info@avantasolar.com,9586355511,0,0
GUJARAT,Ahmedabad,AVADH ENERGY,PAVANKUMAR PRAVINBHAI PATEL,AVADHENERGY@GMAIL.COM,9265262773,0,0
GUJARAT,Ahmedabad,ASTHA ENTERPRISE,KARIMBHAI BHIKHABHAI BELIM,asthaenterprise8010@gmail.com,9925668010,0,0
GUJARAT,Ahmedabad,ASHAPURA SOLAR POWER,PARTH GOHIL,ashapurasolarpower2025@gmail.com,7778095905,0,0
GUJARAT,Ahmedabad,ARYAVEER ENERGY INCORPORATION,TARPARA AMITBHAI JADAVBHAI,aryaveerenergyincorporation@gmail.com,9712987874,0,0
GUJARAT,Ahmedabad,ARRAY ENERGY SOLUTION,PRATIMA TRIVEDI,ceo.arrayenergysolution@gmail.com,9979898440,0,0
GUJARAT,Ahmedabad,ARKURJA INNOVATIONS PRIVATE LIMITED,Abhishek Kishore,arkurjarenewables@gmail.com,7383188631,0,0
GUJARAT,Ahmedabad,ARKAY SOLAR ENERGY LLP,HARDIK SAVALIYA,arkaysolar02@gmail.com,9737636600,0,0
GUJARAT,Ahmedabad,ARJUN ENTERPRISE,Sagar Dhranga,arjunenter2013@gmail.com,8780886508,0,0
GUJARAT,Ahmedabad,ARJAN SOLAR,megha d sisodiya,info@arjansolar.com,9638064824,0,0
GUJARAT,Ahmedabad,ARIHAA SOLAR PVT LTD,Ashish Parmar,ashish.arihaasolar@gmail.com,9825877888,0,0
GUJARAT,Ahmedabad,ARBUDA SOLAR,MANAN JAYANTIBHAI CHAUDHARI,manan.chaudhari@hotmail.com,9638732097,0,0
GUJARAT,Ahmedabad,AQUILINE ENERGY SOLUTION,KALPANA SHAH,aquilineenergysolution@gmail.com,7016762587,0,0
GUJARAT,Ahmedabad,APOLLO GREEN ENEGRY,Vivek Patel,apollogreenenergy2024@gmail.com,9825249415,0,0
GUJARAT,Ahmedabad,APN SOLAR ENERGY PVT LTD,APNSOLAR,nationalportal@apnsolar.com,9702034043,0,0
GUJARAT,Ahmedabad,ANGEL SOLTECH,KARTIK SATHVARA,angelsoltech@gmail.com,8511029776,0,0
GUJARAT,Ahmedabad,ANGEL PUMPS PVT.LTD.,BHARAT ASODARIYA,solar1@pumpsangel.com,9904809409,0,0
GUJARAT,Ahmedabad,ANANYA SOLAR TECHNOLOGIES,KETUL PANDAV,sales.ananyasolar@gmail.com,7573850419,0,0
GUJARAT,Ahmedabad,ANANYA SOLAR ENTERPRISE,Solanki Tusharkumar,ananyasolarenterprise@gmail.com,9537638499,0,0
GUJARAT,Ahmedabad,ANANYA RENEWABLE ENERGY LLP,CHITALIYA AJAY BHARATBHAI,energy.ananyarenewable@gmail.com,9327003360,0,0
GUJARAT,Ahmedabad,ANANY URJA PRIVATE LIMITED,PRAYAGKUMAR KANUBHAI KHATRANI,ananyurjapvtltd@outlook.com,8866442477,0,0
GUJARAT,Ahmedabad,ANANY URJA,PRAYAG KHATRANI,ananyurja@outlook.com,8866442477,0,0
GUJARAT,Ahmedabad,ANANT SOLAR,CHAUHAN HITESH RAMESHBHAI,anantsolar4242@gmail.com,8401714242,0,0
GUJARAT,Ahmedabad,ANADI SOLAR,HAREKRUSHN JOGANI,anadisolar3030@gmail.com,6359248000,0,0
GUJARAT,Ahmedabad,AMUL ENTERPRISE,HANIF BADI,amulenterprise92@gmail.com,9898618448,0,0
GUJARAT,Ahmedabad,AMRUT ENGINEERS,KHUSHAL J.BHADRA,amrutengineersbhuj@gmail.com,9033492711,0,0
GUJARAT,Ahmedabad,AMPLE ELECTRICAL SYSTEMS,DAXESH VASAVA,ample.info.in@gmail.com,9924391221,0,0
GUJARAT,Ahmedabad,ALFA SOLAR ENERGY PVT. LTD.,KETANBHAI PANSARA,alfaenergypvtltd24@gmail.com,9825374299,0,0
GUJARAT,Ahmedabad,ALFA SOLAR ENERGY,ASHVIN PANSARA,alfasolarenergy2020@gmail.com,9825374250,0,0
GUJARAT,Ahmedabad,AKSHAR SOLAR ENERGY,KAMLESH P NAGVADIYA,aksharsolarenergy@gmail.com,8200328133,0,0
GUJARAT,Ahmedabad,AKSHAR ENERGY SOLUTIONS,aksharenergysolutions@gmail.com,aksharenergysolutions@gmail.com,9662042835,0,0
GUJARAT,Ahmedabad,AKHANDDEEP SOLAR SOLUTION,AKHANDDEEP SOLAR SOLUTION,akhanddeepsolar@gmail.com,9978643099,0,0
GUJARAT,Ahmedabad,AKHAND SHAKTI SOLAR,ARUN PARANJAPEE,apparanjape@gmail.com,9427003484,0,0
GUJARAT,Ahmedabad,AGARIA ENTERPRISE,Iqbal Agaria,mahammadikbalagariya@gmail.com,8200605756,0,0
GUJARAT,Ahmedabad,AEW SMART SERVICES PVT. LTD.,BHARAT KUMAR,netmetering@aewsmart.com,8851047092,0,0
GUJARAT,Ahmedabad,ADVANCE ENERGY SOLUTION,JIGNAKUMARI,info.advanceenergysolution@gmail.com,8799359849,0,0
GUJARAT,Ahmedabad,ADITYAURJA,PALAK CHHASATIA,info.adityaurjasolar@gmail.com,7359935517,0,0
GUJARAT,Ahmedabad,ACTIVE POWER INFRA,ALISH VACHHANI,activepowerinfra@gmail.com,7228828738,0,0
GUJARAT,Ahmedabad,ACCURATE INFOTECH,MOHMMEDAHSAN SHABIRMIYAN SHAIKH,accurateinfotech1@gmail.com,8866445623,0,0
GUJARAT,Ahmedabad,AASHA SOLAR ENERGY,Amir Khanusiya,aashasolarenergy1@gmail.com,7016775306,0,0
GUJARAT,Ahmedabad,AARKA SOLAR AND AUTOMATION,AVI PATEL,aarkasolarandautomation@gmail.com,8511330941,0,0
GUJARAT,Ahmedabad,AANGI SOLAR,ATULKUMAR PARSHOTTAMBHAI KHUNT,aangisolar@gmail.com,8000848307,0,0
GUJARAT,Ahmedabad,AAJIVAN SOLAR POWER,MAYANK SAKARIYA,aajivansolarpower@gmail.com,9106798337,0,0
GUJARAT,Ahmedabad,AAI SHREE KHODIYAR FEBRICATION,JAYESH PATOLIYA,ASKF2024@GMAIL.COM,9725001682,0,0
GUJARAT,Ahmedabad,AADITYA SOLAR,GAUTAMBHAI R PATEL,adityasolarnarmada@gmail.com,9265740687,0,0
GUJARAT,Ahmedabad,A S RENEWABLE ENERGY PRIVATE LIMITED,Ashok Yadav,info@asre.co.in,9067207226,0,0
GUJARAT,Ahmedabad,360 ENERGY,SAURABH PATEL,buzz360energy@gmail.com,9898361401,0,0
GUJARAT,Ahmedabad,24R ENERGY,ABHINAV GAHARWAR SINGH,abhinav.24renergy@gmail.com,9898881359,0,0
