state,district,company_name,contact_name,emails,contact_numbers,total_installed_capacity_kwp,no_of_installations
GUJARAT,Botad,SHREE MARUTI SOLAR ENERGY,ASHISH FATEPARA,shreemarutisolarenergy@gmail.com,8320045640,1766,525
GUJARAT,Botad,GREEN EARTH SOLAR,RAJESH MONPARA,info.ges2015@gmail.com,9723076250,1726,505
GUJARAT,Botad,AMAR JYOT SPRAY PUMP,RITESH PATEL,ajagriandsolar@gmail.com,9722227299,1694,493
GUJARAT,Botad,VIRAJBHAI VISUBHAI KHACHAR,VIRAJBHAI KHACHAR,gchauhan17388@gmail.com,9898986662,1074,306
GUJARAT,Botad,HARIOM ENGINEERING,NIKHI PUNANI,hariomsolarbotad@gmail.com,8140771766,725,206
GUJARAT,Botad,MADHAV SOLAR ENERGY LIMITED (FORMERLY KNOWN AS MADHAV ENTERPRISE - SURAT),KRUTIKA AMIPARA,info@madhavsolarenergy.com,8849299212,701,203
GUJARAT,Botad,INFRAX INTERNATIONAL,BHARGV VACHHANI,info@infraxsolar.com,7778002780,588,172
GUJARAT,Botad,HARIOM ELECTRICS,MANOJKUMAR JAGDISHBHAI PATIWALA,manoj.patiwala.in@gmail.com,8140438508,613,169
GUJARAT,Botad,ADVANCE SOLAR,HIRALBEN PARASBHAI VADACHHAK,advancesolar139@gmail.com,7698756075,481,136
GUJARAT,Botad,SHREEJI GRIN SOLAR,ZAPADIYA NIKUNJ K.,shrijigreensolar@gmail.com,7203005770,468,134
GUJARAT,Botad,ITALIYA SOLAR,JATIN ITALIYA,italiyasolar@gmail.com,9909284408,411,122
GUJARAT,Botad,KSQUARE ENERGY PVT LTD,Mr. Vishal Punia,projects@ksquareenergy.com,9725218150,411,118
GUJARAT,Botad,GLOBAL SOLAR ENERGY,SAGAR VAKOTAR,globalsolar99@gmail.com,8866190358,396,115
GUJARAT,Botad,LIPO TECHNOLOGY PRIVATE LIMITED,KALPESH PARMAR,kalpesh@lipotechnology.in,9722266550,399,113
GUJARAT,Botad,YOG ENTERPRISE,NUMBER(S),yogenterprise.vallabhipur@gmail.com,7600790079,395,110
GUJARAT,Botad,PRACHI GREEN GREEN ENERGY PVT LTD,SURYADIP PATIVALA,prachigreenenergy@gmail.com,9737830854,368,106
GUJARAT,Botad,MITRA RENEWABLE ENERGY,KERALIYA BHAVIKBHAI SHANKARBHAI,mitra.renewable@gmail.com,9824792815,347,105
GUJARAT,Botad,JANTA RENEWABLE ENRGY,PRASHANT CHUDASAMA,jantarenewableenergy@gmail.com,9898897373,354,102
GUJARAT,Botad,INFINITY SOLAR - SURAT,MANTHAN ANAGHAN,infinity.solar01@gmail.com,8866860686,231,69
GUJARAT,Botad,SOL MAX SOLUTION,MOHITBHAI PRABHATBHAI BORICHA,mpboricha111@gmail.com,9429343757,238,67
GUJARAT,Botad,SHREE KHODIYAR REFRIGERATION SALES AND SERVICE,MANISH PATEL,shreekhodiyarref85@gmail.com,9825289293,226,67
GUJARAT,Botad,SYNCHRO ENERGY,ZULASANA MANJULABEN NILESHBHAI,synchroenergy389@gmail.com,9974737316,203,58
GUJARAT,Botad,CAPTAIN POLYPLAST LIMITED,CAPTAIN POLYPLAST LIMITED,solar@captainpolyplast.in,9313925889,185,55
GUJARAT,Botad,ARETE ELECTROPOWER PVT LTD,DEEP SHAH,projects@arelectropower.com,9099940283,180,54
GUJARAT,Botad,RAYSOLAR ENERGY SOLUTIONS PRIVATE LIMITED,RAYSOLARENERGYSOLUTIONS,raysolarenergysolutions@gmail.com,7874390654,181,53
GUJARAT,Botad,KESARI SOLAR,PARTH MORADIYA,kesarisolar2322@gmail.com,8780553703,171,51
GUJARAT,Botad,SUNCELL SOLAR LLP,Harsh,suncellsolarenergy@gmail.com,9512668884,168,49
GUJARAT,Botad,OMEGA POWER,OMEGA POWER,omegapower2018@gmail.com,7990226349,154,47
GUJARAT,Botad,MADHVAN POLYPLAST PVT. LTD.,NIKHIL MANJIBHAI SONANI,cmp.madhavanpolyplast@gmail.com,9104306162,130,42
GUJARAT,Botad,GREENERA ENERTECH PVT LTD,SAGAR BHAYANI,greenera.solarenergy@gmail.com,9427726620,139,42
GUJARAT,Botad,SOLISTA ENERGY,PARAG B VORA,solistaenergy8@gmail.com,9106194946,134,40
GUJARAT,Botad,SOLAR ACE,Solar Ace,project.solarace@gmail.com,9909037803,135,40
GUJARAT,Botad,ARKAY ICONIC PRIVATE LIMITED,MAULIK KACHHADIYA,arkaysolar@gmail.com,8401236600,132,40
GUJARAT,Botad,ETECH ENERGY,KALPESHBHAI,admin@etechenergy.com,9328509877,110,34
GUJARAT,Botad,KHODAL CORPORATION,HARDIK KALTHIYA,khodalcorporation10@gmail.com,9974129558,113,33
GUJARAT,Botad,GREEN ENERGY - RAJKOT,BHAVESH BHIMANI,greenenergy123@gmail.com,9428010202,110,31
GUJARAT,Botad,SAURASHTRA SOLAR SERVICES LLP,CHAUHAN MAHESH SUDHIRBHAI,SaurashtraSolar.Gujrat@gmail.com,9925448033,108,30
GUJARAT,Botad,PATEL GREEN ENERGY SALES AND SERVICE,KORADIYA ARVIND KESHAVJI,patelgreenenergyinfo@gmail.com,9427412983,100,28
GUJARAT,Botad,KARTAVY AGROTECH,TEJASBHAI VINUBHAI BAVISIYA,kartavysolar@gmail.com,9426465233,88,27
GUJARAT,Botad,SKY BLUE SOLAR,PRUTHVI GALANI,skybluesolar56@gmail.com,9824965349,94,26
GUJARAT,Botad,DINESHBHAI CHATURBHAI NANDANA,NANDANA DINESHBHAI CHATURBHAI,nandanadinesh62@gmail.com,6351782902,91,25
GUJARAT,Botad,VASANI SOLAR SOLUTION,RUTVIK J VASANI,vasani.solar.solution@gmail.com,9998404646,79,22
GUJARAT,Botad,AMPERE GREEN ENERGY,MIT KAVATHIYA,amperegreenenergy@gmail.com,9033116472,73,22
GUJARAT,Botad,INFRAX RENEWABLE LIMITED,Bhavik Gandhi,pmsg@infraxrenewable.com,9033260985,71,21
GUJARAT,Botad,SATYAM SALES,SATYAM BOGHARA,kishanagroagencyamreli@gmail.com,9825360183,67,20
GUJARAT,Botad,SHIVAM PHOTOVOLTICS PVT LTD,HARSHAD RAIYA,tenders@spvpl.com,9426023829,61,19
GUJARAT,Botad,MK ELECTRICAL AND CO,TRIKAM BHATT,mkelectrical.co@gmail.com,8866525483,64,18
GUJARAT,Botad,SUNSHINE SOLAR,HIRENBHAI LALJIBHAI VAVADIYA,sunshinesolarsurat@gmail.com,9537733133,58,17
GUJARAT,Botad,SOLARIUM GREEN ENERGY LIMITED,Solarium,np@solariumenergy.in,9687133338,57,17
GUJARAT,Botad,RK SUN POWER LLP,MR PARTH MADAAN,rksunpowertrading@gmail.com,9913785000,63,17
GUJARAT,Botad,HARSH COMMUNICATION,CHINTAN PATHAK,harshcomm.solar@gmail.com,9137373727,59,17
GUJARAT,Botad,GREENTECH POWER ENERGY,RAVI GOTI,greentechpowerenergy2020@gmail.com,9924070070,58,17
GUJARAT,Botad,BHANU PV SOLAR PVT LTD,VIMAL VINODBHAI RAIYANI,bhanupvsolarpvtltd@gmail.com,9510398989,59,17
GUJARAT,Botad,DIGI SOLAR ENERGY,NIKUNJ VAGHASIYA,digisolarenergy@gmail.com,9687818686,56,16
GUJARAT,Botad,BRAHMANI ELECTRICS,RAJESHBHAI NAGJIBHAI RAJANI,brahmanielectrics1987@gmail.com,9429758674,49,15
GUJARAT,Botad,SOLSKIN ENERGY LLP,NUMBER(S),solskinenergy@gmail.com,8128988878,49,14
GUJARAT,Botad,SCION POWER,SHUBHAM SAVALIYA,scionpower@yahoo.com,7043511106,46,14
GUJARAT,Botad,PATIDAR ENTERPRISE,Karetiya Raj Mukeshbhai,patidarenterprise13@gmail.com,8980312782,49,14
GUJARAT,Botad,FLAME SOLREN PRIVATE LIMITED,SANDIP HADIYA,operations@flamesolren.com,8849478907,48,14
GUJARAT,Botad,CREST ENERGY SOLUTIONS,JADAV ROHIT MANSUKHBHAI,crestenergysolutions@gmail.com,9327415839,49,14
GUJARAT,Botad,SHREERAM ENTERPRISE,SOLANKI SARDARSINH,shreeramvalbhi7@gmail.com,8154845959,41,12
GUJARAT,Botad,SAUR SOLAR SOLUTION LLP,PIYUSH PATEL,piyushpatel1974@gmail.com,9909417258,35,11
GUJARAT,Botad,GROWSUN RENEWABLE LLP,GROWSUN RENEWABLE LLP,info.growsunrenewablellp@gmail.com,9925590193,36,11
GUJARAT,Botad,FERUS ENERGIES CO,PARESHBHAI V BORAD,info@ferusenergies.com,9913341342,38,11
GUJARAT,Botad,URATOM SOLAR INDIA PVT LTD,NIHIT DOBARIA,pv@uratom.com,9925099249,32,10
GUJARAT,Botad,SHREE HARI SOLAR,RAVIT PATEL,patelravit1@gmail.com,9819049759,32,10
GUJARAT,Botad,GALAXY ENERGY SOLUTION,solanki prakashbhai bhikhabhai,galaxyenergysolution@protonmail.com,9428158678,36,10
GUJARAT,Botad,AUSTRALIAN PREMIUM SOLAR INDIA PVT LTD,EXECUTIVE,systems@australianpremiumsolar.co.in,7966006600,34,10
GUJARAT,Botad,ARKAY SOLAR ENERGY LLP,HARDIK SAVALIYA,arkaysolar02@gmail.com,9737636600,32,10
GUJARAT,Botad,APS ROOFTOP SOLAR PRIVATE LIMITED,EXECUTIVE,info@apsrooftopsolar.co.in,7966009900,34,10
GUJARAT,Botad,PRAYOSHAM SOLAR ENERGY,PARMAR JAYRAJSINH BHARATBHAI,jayrajp880@gmail.com,9574242883,32,9
GUJARAT,Botad,PERFECT RENEWTECH PRIVATE LIMITED,info@perfectrenewtech.com,info@perfectrenewtech.com,9965200700,31,9
GUJARAT,Botad,GOPAL ENTERPRISE,GOKULBHAI B PARMAR,gokulbharvad@gmail.com,9727756664,30,9
GUJARAT,Botad,POWERSHINE ENERGY,VISHBU BHALODI,powershineenergy1993@gmail.com,9723096888,26,8
GUJARAT,Botad,CEYONE SOLAR,PARIMAL HIRPARA,ceyonesolar@gmail.com,7567091000,26,8
GUJARAT,Botad,U R ENERGY INDIA PVT LTD,Mr. ALPESH DESAI,india@urenergyglobal.com,9512040442,23,7
GUJARAT,Botad,RELIABLE ELECTRIX,MAHESH SUDHIRBHAI CHAUHAN,reliableelectrix@gmail.com,9925448033,22,7
GUJARAT,Botad,ND ENERGY INDIA PRIVATE LIMITED,RA DIVYESH,ndenergyindia@gmail.com,8000001124,23,7
GUJARAT,Botad,JAY AMBE GREEN ENERGY,Viren Solanki,jayambegreenenergy@gmail.com,9824328725,24,7
GUJARAT,Botad,HEAVEN GREEN ENERGY LTD. (FORMERLY KNOWN AS HEAVEN SOLAR ENERGY PVT LTD),dipak khagad,heavensolarenergy@gmail.com,9979532167,22,6
GUJARAT,Botad,BHANU ENTERPRISES,ANAND KOTHARI,akkothari1964@gmail.com,9263635946,20,6
GUJARAT,Botad,ANUPAM SMART ENERGY SOLAR,RAMANI KAUSHIK MANUBHAI,anupamsmartenergy@gmail.com,9601719818,20,6
GUJARAT,Botad,4THVED AGROTECH,PRAFUL GADHAVI,4thvedagro@gmail.com,9377126082,20,6
GUJARAT,Botad,VASHRAMBHAI LAKHABHAI GHED,VANRAJBHAI J BAMBHANIYA,satrang.com@gmail.com,9624152555,18,5
GUJARAT,Botad,SOLEOS GREEN ENERGY PRIVATE LIMITED,Parth Rangholia,pruthvi@soleos.in,9512448900,20,5
GUJARAT,Botad,SANELITE SOLAR PVT LTD,SANELITE SOLAR PVT LTD,bhavesh.modi@sanelitesolar.com,9374021722,16,5
GUJARAT,Botad,PRAYOSHA CORPORATION,MAHESH VIRANI,prayoshacorporation.india@gmail.com,9825390162,16,5
GUJARAT,Botad,MANYAH ENERGY PVTLTD,VIDHYUT PATEL,manyahenergy@gmail.com,9925065224,14,5
GUJARAT,Botad,LGM ENERGY AND INFRACON LLP,ASHISH MOVALIYA,lgmenergyandinfraconllp@gmail.com,7574000906,16,5
GUJARAT,Botad,KAIZEN ENERGY,KIRTI VASANIYA,info.kaizenenergy@gmail.com,8347424158,16,5
GUJARAT,Botad,JAI SOMNATH ENTERPRISE,KISHAN GUNVANTRAI TRIVEDI,msjaisomnathenterprise@gmail.com,9979990909,17,5
GUJARAT,Botad,BAPA SITARAM SOLAR POWER PVT LTD,RAMESH GOSWAMI,bapasitaramsolarpower@gmail.com,8511362222,18,5
GUJARAT,Botad,ZODIAC ENERGY LIMITED,KARTIK PATEL,info@zodiacenergy.com,7861852582,15,4
GUJARAT,Botad,VRTECH ENERGY,VISHAL RAMESHBHAI GOTI,vrtechenergy20@gmail.com,9157988889,13,4
GUJARAT,Botad,VIABLE SOLAR,CHANDUBHAI BHINGARADIYA,viable.solar9990@gmail.com,9913344841,12,4
GUJARAT,Botad,UNIQUE SOLAR SERVICE,PARMAR RANJITSINH,UNIQUESOLARSERVICERAJKOT@GMAIL.COM,7046082382,13,4
GUJARAT,Botad,SURYASIDDHI ENERGY SOLUTION PRIVATE LIMITED,SARAL KOTHARI,suryasiddhienergysolutions@gmail.com,8460641891,12,4
GUJARAT,Botad,SURYA SHAKTI SOLAR,CHAVDA KISHAN NARESHBHAI,suryashaktisolar09@gmail.com,7567992734,16,4
GUJARAT,Botad,SUNBOOST PRIVATE LTD,PIYUSH KUMAR NATVARLAL PATEL,info@sunboostenergy.com,9104227788,13,4
GUJARAT,Botad,SHINE ENERGY SOLUTION,KALPITKUMAR PATEL,info@shineenergysolution.in,9687959342,12,4
GUJARAT,Botad,PROMECH SOLAR ENERGY,KARTIK PATEL,promechsolarenergy@gmail.com,9662026679,13,4
GUJARAT,Botad,J S COMPANY,J S COMPANY,jscompany9@gmail.com,7990307424,12,4
GUJARAT,Botad,GETWAY ENERGY,ATUL GOYANI,getwayenergy@gmail.com,9925827815,13,4
GUJARAT,Botad,ENJOY TECHNOLOGY,JAYESH DHAMELIYA,care.enjoytechnology@gmail.com,9727718887,15,4
GUJARAT,Botad,CHEMITEX EXPORTS PVT LTD,MANISH PARIKH,shrijichem@hotmail.com,9099940535,12,4
GUJARAT,Botad,ADINSON ENERGY LLP,SAGAR PANELIYA,adinsonenergy2022@gmail.com,9724272728,16,4
GUJARAT,Botad,AARU SOLAR PRIVATE LIMITED,Sharad Jani,sharad.aarusolar@gmail.com,9427954432,16,4
GUJARAT,Botad,VIDE ENERGY,VIRANG PATEL,ankita.videenergy@gmail.com,9712668268,9,3
GUJARAT,Botad,TROM INDUSTRIES LIMITED,KETUL PANCHASARA,marketing@tromsolar.in,9081017444,11,3
GUJARAT,Botad,SHIVAM ELECTRICAL,KAUSHAL NILESHBHAI DAVE,kaushaldave2@gmail.com,9687575600,10,3
GUJARAT,Botad,SHIV SHAKTI ELECTROTECH PRIVATE LIMITED,NAVALSINH MAKWANA,purchase.sselectrotech@gmail.com,9099516178,9,3
GUJARAT,Botad,RVMOVALIYA CONSTRUCTION CO,KAUSHIK MOVALIYA,rvmovaliya.solarenergy@gmail.com,9724543742,10,3
GUJARAT,Botad,RAJKOT E-BIKES AND SOLAR,VIPUL R FALDU,rajkotebikesandsolar@gmail.com,8306020890,9,3
GUJARAT,Botad,RADHE ELECTRICAL,Sanjay Patel,radheelectrical24@gmail.com,9601294783,9,3
GUJARAT,Botad,PAHAL SOLAR EPC LLP,AVINASH SHINGALA,avinash@pahalsolar.com,9512323223,9,3
GUJARAT,Botad,MITRAY ENGINEERING,KAMEJALIYA DASHARATHKUMAR PARSOTTAMBHAI,mitray.engineering@gmail.com,7621895796,12,3
GUJARAT,Botad,MAPS TECHNO SOLUTIONS,KEYURKUMAR M PATEL,mapstechnosolutions@gmail.com,9974386038,11,3
GUJARAT,Botad,JJ PV SOLAR PRIVATE LIMITED,RAJESH P JOSHI,rajesh@jjpvsolar.com,9904809006,10,3
GUJARAT,Botad,GOLDI SOLAR PRIVATE LIMITED,GOLDI SOLAR PRIVATE LIMITED,info@goldisolar.com,7211134134,9,3
GUJARAT,Botad,EMISUN SOLAR PVT LTD,NUMBER(S),care@emisun.in,9510777984,9,3
GUJARAT,Botad,DRAYS ENERGY SOLUTIONS,Draysenergysolutions,draysenergy@gmail.com,7802893258,9,3
GUJARAT,Botad,DEVDEEP ELECTRICALS,DEEP MORADIYA,devdeepelectricals@gmail.com,9726879009,9,3
GUJARAT,Botad,BHAVI URJA,BHARATBHAI VALLABHBHAI PATEL,bhaviurja@gmail.com,9377359007,11,3
GUJARAT,Botad,AVIRAT ENERGY PVT LTD,KEYUR SAVALIYA,aviratenergy@gmail.com,9697443344,9,3
GUJARAT,Botad,ZEEPO ELECTRICAL SERVICES PRIVATE LIMITED,VIRAL PURANDAS DUDHREJIYA,zeepoelectricalservices@gmail.com,9664823942,6,2
GUJARAT,Botad,VEER SOLAR GREEN ENERGY,NUMBER(S),veersolar2024@gmail.com,8347173977,6,2
GUJARAT,Botad,ULTRASUN ENERGY,NUMBER(S),info@ultrasunenergy.com,9909911071,7,2
GUJARAT,Botad,TERAIYA ENTERPRISE,Teraiya Shyam Nitinbhai ViewShortlist VendorSelect Vendor,teraiyaenterprise@gmail.com,8780802225,7,2
GUJARAT,Botad,SURYAKAMAL INFRA PVT.LTD.,Suryakamalinfra ViewShortlist VendorSelect Vendor,sales@suryakamalinfra.com,9727756866,7,2
GUJARAT,Botad,SUNSHREE SOLAR,NUMBER(S),sunshreesolar@gmail.com,9157838777,7,2
GUJARAT,Botad,SOULSHINE RENEWABLE ENERGY,ARJUN DHIRUBHAI PANDAV ViewShortlist VendorSelect Vendor,epc.soulshine@gmail.com,9913895893,5,2
GUJARAT,Botad,SHREE RAM SOLAR,NUMBER(S),shreeramsolar12@gmail.com,9726671212,7,2
GUJARAT,Botad,RIDHAM ENTERPRISE,CHETANKUMAR RAMJIBHAI RAIYANI ViewShortlist VendorSelect Vendor,ridhamenterprise770@gmail.com,6351158633,7,2
GUJARAT,Botad,REDREN ENERGY PVT LTD,NUMBER(S),rooftop@redren.in,9104591041,6,2
GUJARAT,Botad,NAVKAR POWER SOLUTIONS,MERUP SHAH ViewShortlist VendorSelect Vendor,contact@navkarpower.co.in,9879613334,6,2
GUJARAT,Botad,MANGROLIYA NIKUNJ J.,NUMBER(S),nikunjmangroliya54@gmail.com,8866685082,7,2
GUJARAT,Botad,MADHAV TECHNICALS,VISHAL MORDIYA ViewShortlist VendorSelect Vendor,madhavtechnicals@gmail.com,9737384121,5,2
GUJARAT,Botad,KOSOL ENERGIE PVT. LTD.,AHTESAM ViewShortlist VendorSelect Vendor,bharat@sunray.co.in,8799696356,6,2
GUJARAT,Botad,JAFFINS ENTERPRISE,JAFAR KAPASI ViewShortlist VendorSelect Vendor,solarbhavnagar@gmail.com,9375465252,6,2
GUJARAT,Botad,HILTON RENEWABLES,SHILPA S.SOLANKI ViewShortlist VendorSelect Vendor,hiltonrenewables.amr@gmail.com,8181080800,6,2
GUJARAT,Botad,HARSIDDHI ENGINEERING WORKS,MANISH RAMESHBHAI BHARAKHADA ViewShortlist VendorSelect Vendor,harsiddiengineering@yahoo.com,9428342940,7,2
GUJARAT,Botad,GLOBAL ENTERPRISE,BHAGIRATH DHANDHALIYA ViewShortlist VendorSelect Vendor,globalsolarent@gmail.com,9924900304,6,2
GUJARAT,Botad,ENERSOL SOLUTIONS LLP,ENERSOL SOLUTIONS LLP ViewShortlist VendorSelect Vendor,karan@enersol.co.in,7069555533,6,2
GUJARAT,Botad,VALAM ENTERPRISE,NARESHBHAI KANUBHAI MAKVANA ViewShortlist VendorSelect Vendor,valamenterprise007@gmail.com,9824881693,3,1
GUJARAT,Botad,TRINITY RENEWABLE ENERGY,PANDYA SMITKUMAR SHAILESH KUMAR ViewShortlist VendorSelect Vendor,info.trinityrenewableenergy@gmail.com,9227000392,3,1
GUJARAT,Botad,TOPCON SOLAR ENERGY,Tushar ViewShortlist VendorSelect Vendor,topconsolarenergy@gmail.com,9081773500,3,1
GUJARAT,Botad,TARA SOLAR ENERGY,RAVAL KEYURKUMAR PARASHARBHAI ViewShortlist VendorSelect Vendor,tara.solar.2111@gmail.com,9408966600,3,1
GUJARAT,Botad,SUNREST INFRA ENERGY,HITESH G KANZARIYA ViewShortlist VendorSelect Vendor,sunrestinfraenergy@gmail.com,9638063381,6,1
GUJARAT,Botad,SOLMECH ENERGY,PRAJAPATI VAISHALIBEN CHIRAGKUMAR ViewShortlist VendorSelect Vendor,solmechenergy@gmail.com,9998930960,4,1
GUJARAT,Botad,SOLIS ENERGY SYSTEM,BHARGAV A PANENIYA ViewShortlist VendorSelect Vendor,bhargavpaneliya@solisenergysystem.com,9601270077,3,1
GUJARAT,Botad,SOLAR SMART PVT LTD,SOLAR SMART NP ViewShortlist VendorSelect Vendor,solarsmart2021@gmail.com,7284000580,3,1
GUJARAT,Botad,SOLAR CLEAN ENERGY,NIKUNJ AMRUTLAL PRAJAPATI ViewShortlist VendorSelect Vendor,socleanenergy@gmail.com,6354418196,3,1
GUJARAT,Botad,SMART SOLAR ENERGY,ARVIND VELJIBHAI KHANPARA ViewShortlist VendorSelect Vendor,smartsolarenergy8542@gmail.com,7435907512,3,1
GUJARAT,Botad,SMART ENERGY SOLUTIONS,PARAS HARIBHAI ITALIYA ViewShortlist VendorSelect Vendor,smartenergysolutions99@gmail.com,8511495982,2,1
GUJARAT,Botad,SKYVIEW POWER,DHAVAL PAMBHAR ViewShortlist VendorSelect Vendor,skyviewpower17@gmail.com,8140055305,3,1
GUJARAT,Botad,SHRIJI ENERGY,IREN PAREKH ViewShortlist VendorSelect Vendor,shrijienergy@gmail.com,9909930405,3,1
GUJARAT,Botad,SHRI MARUTI ENTERPRISE,Tirth Doshi ViewShortlist VendorSelect Vendor,tdoshi76@gmail.com,9428358150,3,1
GUJARAT,Botad,SHREEJI SOLAR & SERVICES,NEEL SANJAYBHAI VADERA ViewShortlist VendorSelect Vendor,NILVADERA141@GMAIL.COM,9106331904,3,1
GUJARAT,Botad,SHREEJI ENTERPRISE-SURAT,NITULKUMAR B MORADIYA ViewShortlist VendorSelect Vendor,epc.solar@shreejiconstruction.com,9825108890,3,1
GUJARAT,Botad,SHREEJI ELECTRICAL - ISANPUR,Jeet Shah ViewShortlist VendorSelect Vendor,shreejielec312@yahoo.com,9408197081,3,1
GUJARAT,Botad,SHIVAY SOLAR ENERGY PRIVATE LIMITED,SANJAY PRAJAPATI ViewShortlist VendorSelect Vendor,sanjay1482@gmail.com,7490013700,3,1
GUJARAT,Botad,SHIV POWER,KETAN V VAGHELA ViewShortlist VendorSelect Vendor,shivpowerimpex@gmail.com,9825511115,3,1
GUJARAT,Botad,SHAKTI ENTERPRISE,GANPAT SOLANKI ViewShortlist VendorSelect Vendor,shaktienterprise082025@gmal.com,8511288555,4,1
GUJARAT,Botad,SAHAYOG ENERGY,VIJAYBHAI VALLABHBHAI GALANI ViewShortlist VendorSelect Vendor,sahayogenergy@gmail.com,9429124424,4,1
GUJARAT,Botad,ROYAL POWER MART,ABHISHEK BAXI ViewShortlist VendorSelect Vendor,royalmotormart1@gmail.com,9825440269,3,1
GUJARAT,Botad,RENEWZA ENERGY,SARDHARA SAGAR ViewShortlist VendorSelect Vendor,renewzaenergy@gmail.com,8511148225,3,1
GUJARAT,Botad,PATEL SOLAR,GONDALIYA SUBHASCHANDRA VALLABHBHAI ViewShortlist VendorSelect Vendor,patelsolarmahuva@gmail.com,9825353092,4,1
GUJARAT,Botad,P V ENERGY,PRATIK BHATT ViewShortlist VendorSelect Vendor,pvenergy999@gmail.com,9924195999,3,1
GUJARAT,Botad,ONEVOLT GREEN PVT LTD,AKSHAY MAGANBHAI VORA ViewShortlist VendorSelect Vendor,onevoltgreens@gmail.com,9925292721,3,1
GUJARAT,Botad,NP RENEWABLE ENERGY,Nirav Darji ViewShortlist VendorSelect Vendor,nprenewableenergy@gmail.com,7016917174,3,1
GUJARAT,Botad,NIL ENGINEERING,Nilay Zala ViewShortlist VendorSelect Vendor,nil.engineering@yahoo.com,9228387183,3,1
GUJARAT,Botad,NEXUS RENEWTECH,Nexus Renewtech ViewShortlist VendorSelect Vendor,nexusrenewtech@gmail.com,8849277955,3,1
GUJARAT,Botad,MEGHAL POWER,GIRISHBHAI HIRABHAI KARAMATA ViewShortlist VendorSelect Vendor,meghalpower23@gmail.com,9712726390,3,1
GUJARAT,Botad,MARUTI SUNSOLREN,DOBARIYA MILANKUMAR VRAJLALA ViewShortlist VendorSelect Vendor,marutisunsolren@gmail.com,8238145153,2,1
GUJARAT,Botad,MADHULI CORPORATION,Parth Mukeshbhai Bambhaniya ViewShortlist VendorSelect Vendor,madhulicorporation@gmail.com,9904990630,3,1
GUJARAT,Botad,KP GREEN ENERGY,SHASHEEKANT AGNIHOTRI ViewShortlist VendorSelect Vendor,kpgreenenergy46@gmail.com,7048370774,3,1
GUJARAT,Botad,KOMAL ELECTRIC,CHETANDAS R.RAMPRASADI ViewShortlist VendorSelect Vendor,chetanramprasadi@gmail.com,9825047503,3,1
GUJARAT,Botad,JAY ADITYA SOLAR,KALPESH JOSHI ViewShortlist VendorSelect Vendor,darshit.dj619@gmail.com,8160931631,3,1
GUJARAT,Botad,J P ENTERPRISE,JIGAR DAVE ViewShortlist VendorSelect Vendor,jpenterprise2007@gmail.com,9824220210,3,1
GUJARAT,Botad,INFINITY SOLAR - RAJKOT,chintan padaliya ViewShortlist VendorSelect Vendor,infinitysolar2022@gmail.com,7201070799,3,1
GUJARAT,Botad,HARISH ENGINEERING WORKS,SUMIT CHAUHAN ViewShortlist VendorSelect Vendor,harish.engg91@gmail.com,9428618859,3,1
GUJARAT,Botad,GUJARAT SOLAR ENERGY,OGANJA PARESHBHAI ViewShortlist VendorSelect Vendor,gujaratsolarenergy010@gmail.com,9898472919,3,1
GUJARAT,Botad,GRIWA INTERNATIONAL LLP,PRAKASH P KORIYA ViewShortlist VendorSelect Vendor,prakashkoriya17@gmail.com,8200988481,4,1
GUJARAT,Botad,GHANSHYAM SOLAR ENERGY,ISHABEN GOSAI ViewShortlist VendorSelect Vendor,ghanshyam.solar.energy@gmail.com,9510734317,3,1
GUJARAT,Botad,EARTHWAVE TECHNOLOGY PRIVATE LIMITED,EARTHWAVETECHNOLOGY@GMAIL.COM ViewShortlist VendorSelect Vendor,EARTHWAVETECHNOLOGY@GMAIL.COM,9426373334,3,1
GUJARAT,Botad,DELICATE SOLAR PRIVATE LIMITED,JEMISH J GABANI ViewShortlist VendorSelect Vendor,gabanijemish3@gmail.com,8238340836,3,1
GUJARAT,Botad,D-LIGHT SOLAR ENERGY LLP,PRATIK DHAMELIYA ViewShortlist VendorSelect Vendor,epc@dlightsolarenergy.in,9898511535,3,1
GUJARAT,Botad,CORWIND RENERGY LLP,VISHAL PRAJAPATI ViewShortlist VendorSelect Vendor,corwind.renergy@gmail.com,9428490118,3,1
GUJARAT,Botad,BHAGWATI ELECTRICALS,SAVALIYA BRIJESH ViewShortlist VendorSelect Vendor,bhagwatielectricals99091@gmail.com,7990883575,3,1
GUJARAT,Botad,ARENA AUTOMATION,BRIJESH PATEL ViewShortlist VendorSelect Vendor,arenaautomationb@gmail.com,9904018887,3,1
GUJARAT,Botad,ALFA SOLAR ENERGY PVT. LTD.,KETANBHAI PANSARA ViewShortlist VendorSelect Vendor,alfaenergypvtltd24@gmail.com,9825374299,3,1
GUJARAT,Botad,AKV ENERGY SOLUTIONS,ASHISH DHANANI ViewShortlist VendorSelect Vendor,akvenergysolutions@gmail.com,9033401435,3,1
GUJARAT,Botad,AIRSUN SOLAR ENERGY LLP,JATIN PRAJAPATI ViewShortlist VendorSelect Vendor,jatin@airsunsolarenergy.in,8799571627,5,1
GUJARAT,Botad,AARUSH ENTERPRISE,PARTH THUMMAR ViewShortlist VendorSelect Vendor,info@aarushsolar.com,9724302078,3,1
GUJARAT,Botad,ZY ENTERPRISE,Mohammad Atir Bula ViewShortlist VendorSelect Vendor,zyenterprise12@gmail.com,8460313094,0,0
GUJARAT,Botad,ZUNROOF TECH PVT LTD,Ashank Garg ViewShortlist VendorSelect Vendor,gosolar@zunroof.com,9205893368,0,0
GUJARAT,Botad,ZMR ENERGY INCORPORATION,PARESH RAMANI ViewShortlist VendorSelect Vendor,zmrenergyincorporation@gmail.com,9924818113,0,0
GUJARAT,Botad,ZENITH SUNSPARK,PATEL DIPKUMAR RAMESHBHAI ViewShortlist VendorSelect Vendor,zenithsunspark@gmail.com,8140946909,0,0
GUJARAT,Botad,ZAVICH INFRASTRUCTURE AND POWER PVT LTD,ROHAN PATEL ViewShortlist VendorSelect Vendor,zavichinfra@gmail.com,9106129608,0,0
GUJARAT,Botad,ZALA HAKUBHA NARSISINH,ZALA HAKUBHA N ViewShortlist VendorSelect Vendor,solar.hakubha1508@gmail.com,9925103777,0,0
GUJARAT,Botad,YUVARAYS SOLAR,RANJITSINH PARMAR ViewShortlist VendorSelect Vendor,yuvarayssolar@gmail.com,9824624497,0,0
GUJARAT,Botad,YUVAAN ENERGY PRIVATE LIMITED,JAY BHATT ViewShortlist VendorSelect Vendor,sales@yuvaanenergy.com,9825045890,0,0
GUJARAT,Botad,YUG SOLAR,SHIYAL BHAVESH ViewShortlist VendorSelect Vendor,yugsolar@gmail.com,6359410052,0,0
GUJARAT,Botad,YOGI BATTERY CENTRE,JIGNESH PATEL ViewShortlist VendorSelect Vendor,yogipowersystem@yahoo.co.in,9824088156,0,0
GUJARAT,Botad,YELLOWFELLOW ENERGIES LLP,VIRAJ SHAH ViewShortlist VendorSelect Vendor,viraj@yellowfellow.in,8200955676,0,0
GUJARAT,Botad,YELLOWCREST ENERGY LLP,MIRAJ UPENDRABHAI PANCHOLI ViewShortlist VendorSelect Vendor,yellowcrestenergy@gmail.com,9904675445,0,0
GUJARAT,Botad,YELLOW RAY SOLAR,VANSAL I RAY ViewShortlist VendorSelect Vendor,yellowraysolar@gmail.com,9427443581,0,0
GUJARAT,Botad,YASHVI ENTERPRISE,JAYSINH CHAVDA ViewShortlist VendorSelect Vendor,yashvientsami@gmail.com,8849331593,0,0
GUJARAT,Botad,YASHONAND ELECTRO SERVICE PVT LTD,PARESH J HADIYA ViewShortlist VendorSelect Vendor,yashonand2022@gmail.com,9157197171,0,0
GUJARAT,Botad,YAGNIKKUMAR VALLABHBHAI SAVALIYA,yagnik v savaliya ViewShortlist VendorSelect Vendor,yagniks1999@gmail.com,9409326590,0,0
GUJARAT,Botad,Y CAME SYSTEMS,TANDEL MITESHKUMAR KHANDUBHAI ViewShortlist VendorSelect Vendor,ycamesystem009@gmail.com,8320408867,0,0
GUJARAT,Botad,WISEN ENERGY LLP,Bhavik Patel ViewShortlist VendorSelect Vendor,info@wisenenergyllp.com,9016979007,0,0
GUJARAT,Botad,WISE GOAL SERVICES PRIVATE LIMITED,Tirth Acharya ViewShortlist VendorSelect Vendor,hr.wisegoal@gmail.com,7567161902,0,0
GUJARAT,Botad,WHITESUN GREEN ENERGY PRIVATE LIMITED,RAKESH BHUDIA ViewShortlist VendorSelect Vendor,rakesh.bhudia14@hotmail.com,8511740671,0,0
GUJARAT,Botad,WHITEDESERT POWER PROJECTS PVT. LTD.,KETAN PARASIYA ViewShortlist VendorSelect Vendor,wdplnkt@gmail.com,9427760723,0,0
GUJARAT,Botad,VSG ENTERPRISE,SURYAKANT GORASIYA ViewShortlist VendorSelect Vendor,SURYAKANTGORASIYA3024@GMAIL.COM,9979632447,0,0
GUJARAT,Botad,VRUND ENERGY,NUMBER(S),vrundenergy@gmail.com,9574779572,0,0
GUJARAT,Botad,VRAJ ENTERPRISE,Harshil bhalala ViewShortlist VendorSelect Vendor,vrajsolarsolutions@gmail.com,8140000903,0,0
GUJARAT,Botad,VR ENERGY,NUMBER(S),vrenergy4@gmail.com,9924390293,0,0
GUJARAT,Botad,VOLTEX SOLUTION,Manan Ghia ViewShortlist VendorSelect Vendor,info.voltexsolution@gmail.com,9104629229,0,0
GUJARAT,Botad,VOLTECH ELECTRICALS,JAY DHAMELIA ViewShortlist VendorSelect Vendor,voltechelectricals156@gmail.com,7567771900,0,0
GUJARAT,Botad,VOLT'S LEGACY ENERGY SOLUTION,LADUMOR ASHWIN CHHAGANBHAI ViewShortlist VendorSelect Vendor,contact@voltslegacy.com,9998765059,0,0
GUJARAT,Botad,VOLLT SOLAR ENERGY,RAVIBHAI MAHENDRABHAI RAVAL ViewShortlist VendorSelect Vendor,volltsolar@gmail.com,8128550011,0,0
GUJARAT,Botad,VMD SOLAR ENERGY PRIVATE LIMITED,VASIMAKRAM M DOI ViewShortlist VendorSelect Vendor,info@vmdsolarenergy.com,9974095302,0,0
GUJARAT,Botad,VIYA ELECTRIC PRIVATE LIMITED,Hitesh Raviya ViewShortlist VendorSelect Vendor,info@viyaelectric.com,9033092026,0,0
GUJARAT,Botad,VIVAN ENERGY,NUMBER(S),vivanenergy09@gmail.com,9979890230,0,0
GUJARAT,Botad,VIVAAN INFRA,JAYRAJ SOLANKI ViewShortlist VendorSelect Vendor,info@vivaaninfra.in,9909916448,0,0
GUJARAT,Botad,VITRAG TECHNO PRIVATE LIMITED,NUMBER(S),ad.vitragsolar@gmail.com,7778882668,0,0
GUJARAT,Botad,VISWAN ENERGY SOLUTIONS,SHREEDUTT DHANALIYA ViewShortlist VendorSelect Vendor,viswanenergy@gmail.com,8866641649,0,0
GUJARAT,Botad,VISION SOLAR,NUMBER(S),visionenergy196@gmail.com,6351131196,0,0
GUJARAT,Botad,VISION INFOSYS,Pradeepsinh Gohil ViewShortlist VendorSelect Vendor,info@vision-infosys.in,9825061749,0,0
GUJARAT,Botad,VISHWASH ENTERPRISE,NUMBER(S),vishwashenterprise2422@gmail.com,6355098324,0,0
GUJARAT,Botad,VISHWAKARMA ELECTRICALS,Arunaben A Suthar ViewShortlist VendorSelect Vendor,info.vishwakarmaelectricals@gmail.com,9426730030,0,0
GUJARAT,Botad,VISHWA SOLAR EXPERT,Jagdish ViewShortlist VendorSelect Vendor,vishwasolar68@gmail.com,9724968018,0,0
GUJARAT,Botad,VISHVAM POWER PRIVATE LIMITED,Niyati Pandya ViewShortlist VendorSelect Vendor,vishvampowerpl@gmail.com,9723191446,0,0
GUJARAT,Botad,VISAKA GREEN PRIVATE LIMITED,venkat ViewShortlist VendorSelect Vendor,vsolar@visaka.in,8770905614,0,0
GUJARAT,Botad,VIRTA ENTERPRISE,HARISHCHANDRA KUMAR K RATHAVI ViewShortlist VendorSelect Vendor,INFO.VIRTAENTERPRISE@GMAIL.COM,7698432673,0,0
GUJARAT,Botad,VIRAT CONSTRUCTION CO,YOMKESH CHITRODA ViewShortlist VendorSelect Vendor,info@viratconstruction.com,9909950605,0,0
GUJARAT,Botad,VINARA SOLUTIONS,INDRAJIT SINH ViewShortlist VendorSelect Vendor,vinarasolutions@gmail.com,8320754771,0,0
GUJARAT,Botad,VIMAL ELECTRONICS,K C PATEL ViewShortlist VendorSelect Vendor,kcpatel@vimalelectronics.com,9099777176,0,0
GUJARAT,Botad,VIJAY SOLAR ENERGY,Vijay Chaudhary ViewShortlist VendorSelect Vendor,vijaysolarenergy940@gmail.com,6351211549,0,0
GUJARAT,Botad,VIJAY ELECTRIC COMPANY,PATEL SATISHKUMAR RAMANBHAI ViewShortlist VendorSelect Vendor,vijayelectricco@rediffmail.com,8200337720,0,0
GUJARAT,Botad,VIDHYUT SOLAR,Darshan Dhola ViewShortlist VendorSelect Vendor,vidhyutsolarenergy@gmail.com,8347838900,0,0
GUJARAT,Botad,VIBRANT SOLAR SYSTEMS,SHIKHAR GUPTA ViewShortlist VendorSelect Vendor,sales.vibrantsolar@gmail.com,9408330692,0,0
GUJARAT,Botad,VIA ELECTRIC,JATIN DAVE ViewShortlist VendorSelect Vendor,hello.viaelectric@gmail.com,9925203764,0,0
GUJARAT,Botad,VERTEX SOLAR SOLUTIONS PVT LTD,BHARGAV PATEL ViewShortlist VendorSelect Vendor,vertexnad@gmail.com,8758614088,0,0
GUJARAT,Botad,VENUS ENTERPRISE,VIRUT JAGANI ViewShortlist VendorSelect Vendor,venusenergy2228@gmail.com,7990678583,0,0
GUJARAT,Botad,VENTURE SOLAR SOLUTION,VIMAL SHILU ViewShortlist VendorSelect Vendor,info@venturesolarsolution.com,9979632050,0,0
GUJARAT,Botad,VEERASOL TECHNOLOGY,Parth malaviya ViewShortlist VendorSelect Vendor,info@veerasol.com,9558899931,0,0
GUJARAT,Botad,VEE SECURE,VRAJESH SHARMA ViewShortlist VendorSelect Vendor,veesecure.in@gmail.com,9825070982,0,0
GUJARAT,Botad,VEDA ENTERPRISE,ALPABEN AJAYBHAI PATEL ViewShortlist VendorSelect Vendor,info.vedaenterprise@gmail.com,8401103393,0,0
GUJARAT,Botad,VECTON ENERGY,DEVANG NIMAVAT ViewShortlist VendorSelect Vendor,vectonenergy@gmail.com,8000140159,0,0
GUJARAT,Botad,VCL ENERGY,VIPULBHAI CHATURBHAI LAKHANI ViewShortlist VendorSelect Vendor,vclenergy777@gmail.com,9825492605,0,0
GUJARAT,Botad,VASUSENA SOLAR ENERGY,PATEL MARTINKUMAR NARESHBHAI ViewShortlist VendorSelect Vendor,vasusenasolarenergy07@gmail.com,9265356623,0,0
GUJARAT,Botad,VARUN ENGINEERING,VARUN PATEL ViewShortlist VendorSelect Vendor,varunpatel2027@gmail.com,9727854101,0,0
GUJARAT,Botad,VARRCHASVA ENERGY PRIVATE LIMITED,Vaibhav Ujjain ViewShortlist VendorSelect Vendor,vaibhav@varrchasva.com,9100520101,0,0
GUJARAT,Botad,VARIZONE SOLAR PRIVATE LIMITED,PASHWA SHAH ViewShortlist VendorSelect Vendor,varizonesolar@gmail.com,9426111113,0,0
GUJARAT,Botad,VARDHAN SALES,VARDHAN ViewShortlist VendorSelect Vendor,vardhansolar91@gmail.com,9512020935,0,0
GUJARAT,Botad,VAKRATUND INNOVATION PRIVATE LIMITED,DHRUVKUMAR PARMAR ViewShortlist VendorSelect Vendor,operation@vakratundinnovation.com,6351039120,0,0
GUJARAT,Botad,VAIJNATH GLOBAL,Hardik sathvara ViewShortlist VendorSelect Vendor,vaijnathglobal@gmail.com,9106991946,0,0
GUJARAT,Botad,VAGHASIA HITESH B,HITESH VAGHASIA ViewShortlist VendorSelect Vendor,vaghasia_hitesh@yahoo.com,9979773121,0,0
GUJARAT,Botad,VAATI POWER,BIRJU PATEL ViewShortlist VendorSelect Vendor,vaatipower@gmail.com,9510010005,0,0
GUJARAT,Botad,VA PATEL INFRA PRIVATE LIMITED,MAYURDHVAJSINH GOHIL ViewShortlist VendorSelect Vendor,mayurdhavajsinhgohil00@gmail.com,9428269204,0,0
GUJARAT,Botad,V-GUARD INDUSTRIES LIMITED,V-GUARD SOLAR ViewShortlist VendorSelect Vendor,solar@vguard.in,9895550313,0,0
GUJARAT,Botad,V SOLAR,VIPULKUMAR PATEL ViewShortlist VendorSelect Vendor,vsolar8521@gmail.com,7698297821,0,0
GUJARAT,Botad,V POWER SOLAR SERVICES,VISHAL LIMBACHIYA ViewShortlist VendorSelect Vendor,vpowersolarservices@gmail.com,9904254440,0,0
GUJARAT,Botad,UVR TECHSOL PRIVATE LIMITED,VIRAL D BHATT ViewShortlist VendorSelect Vendor,uvrtechsol@gmail.com,9227106799,0,0
GUJARAT,Botad,UTSAV TECHNO ENTERPRISE,DHANANJAY J CHAUDHARY ViewShortlist VendorSelect Vendor,utsavtechnoenterprise@gmail.com,7046612340,0,0
GUJARAT,Botad,URJASTROT PRIVATE LIMITED,Urjastrot ViewShortlist VendorSelect Vendor,urjastrotenterprise@gmail.com,7621010012,0,0
GUJARAT,Botad,URJA GLOBAL LIMITED,Mr Sushil Kumar Dubey ViewShortlist VendorSelect Vendor,bhagwan.verma@urjaglobal.in,7290005823,0,0
GUJARAT,Botad,URJA ELECTRICALS,SAVJIBHAI LAKUM ViewShortlist VendorSelect Vendor,urja.electricals.dhg@gmail.com,8469551508,0,0
GUJARAT,Botad,UPVOLTAGE SOLUTIONS LLP,Upvoltage Solutions ViewShortlist VendorSelect Vendor,upvoltagesolutions@gmail.com,7990618259,0,0
GUJARAT,Botad,UNIVERSE ENTERPRISE,MULJI NAKUM ViewShortlist VendorSelect Vendor,muljinakum1103@gmail.com,7878789968,0,0
GUJARAT,Botad,UNITY ENERGY SOLUTION,DHARM PARIKH ViewShortlist VendorSelect Vendor,unityenergysolution@gmail.com,9099094027,0,0
GUJARAT,Botad,UNIQUE ELECTRICAL,NUMBER(S),sales.epc2016@gmail.com,9099000148,0,0
GUJARAT,Botad,UNICORN ENTERPRISE,IBRAZ ISHAKBHAI MALEK ViewShortlist VendorSelect Vendor,unicornsolarvyara@gmail.com,8200121328,0,0
GUJARAT,Botad,UNICORN ELECTRICALS AND PROJECTS,NUMBER(S),unicornelectricals20@gmail.com,9510968626,0,0
GUJARAT,Botad,UNICON ENERGY,PREM BRAHMBHATT ViewShortlist VendorSelect Vendor,info@uniconenergy.com,9974545444,0,0
GUJARAT,Botad,UMIYA ENTERPRISE - NARODA,NUMBER(S),umiyaenterprise1981@gmail.com,9725033295,0,0
GUJARAT,Botad,UMA POWER SOLUTIONS,PRAKASHKUMAR BALDEVBHAI PATEL ViewShortlist VendorSelect Vendor,umapowersolution@gmail.com,9638953281,0,0
GUJARAT,Botad,ULTRAVIOLET SOLAR PVT.LTD.,JIGNESH P SORATHIYA ViewShortlist VendorSelect Vendor,info@uvrays.co.in,7878699099,0,0
GUJARAT,Botad,ULTRA RAYS ENERGY SOLUTION,APOORV LIMBANI ViewShortlist VendorSelect Vendor,ultrarays2019@gmail.com,7984482472,0,0
GUJARAT,Botad,UKEL AUTOMATION LLP,RAKESH SARVAIYA ViewShortlist VendorSelect Vendor,ukelautomation@gmail.com,9998008889,0,0
GUJARAT,Botad,UJALA COMPANY,Ashwin Chandravadiya ViewShortlist VendorSelect Vendor,ujalasolarcompany@gmail.com,7874157474,0,0
GUJARAT,Botad,UDB ENERGY PVT. LTD.,USDAD BHAUTIK LALITBHAI ViewShortlist VendorSelect Vendor,udbenergypvtltd@gmail.com,7077014714,0,0
GUJARAT,Botad,TVARIT ENERGY LLP,NUMBER(S),meet@tvritenergy.in,8511600853,0,0
GUJARAT,Botad,TULAJA ENTERPRISE,DAXESH GANDHI ViewShortlist VendorSelect Vendor,tulajaenterprise@gmail.com,9904866630,0,0
GUJARAT,Botad,TRIZONE POWER,NUMBER(S),trizonepower05@gmail.com,9638052084,0,0
GUJARAT,Botad,TRIDENT POWER,KETAN ARJANBHAI SARDHARA ViewShortlist VendorSelect Vendor,trident.power24@gmail.com,7698264402,0,0
GUJARAT,Botad,TRADE X,NUMBER(S),tradex.solarenergy22@gmail.com,9106834748,0,0
GUJARAT,Botad,TOUCHCORE CONSULTANCY,MAYUR SOLANKI ViewShortlist VendorSelect Vendor,touchcore27@gmail.com,9909284285,0,0
GUJARAT,Botad,TIRUPATI SOLAR,NUMBER(S),tirupatisolar@hotmail.com,7043343509,0,0
GUJARAT,Botad,THE SHIVSHAKTI ENTERPRISE,Hasmukh Makwana ViewShortlist VendorSelect Vendor,Shivshakti2688@gmail.com,9913418634,0,0
GUJARAT,Botad,THE MOON KNIGHT,Barad Hansaben Jagatkumar ViewShortlist VendorSelect Vendor,themoonknight913@gmail.com,9081313777,0,0
GUJARAT,Botad,THE MECHTECH SOLUTIONS,Smit Mohile ViewShortlist VendorSelect Vendor,themechtechsolutions@gmail.com,9714928728,0,0
GUJARAT,Botad,TEJ ENERGY LLP,KRUNAL PATEL ViewShortlist VendorSelect Vendor,director@tejenergy.com,9426856508,0,0
GUJARAT,Botad,TECHSUNBIO GREEN ENERGY PRIVATE LIMITED,ZANKAR PATEL ViewShortlist VendorSelect Vendor,info@techsunbio.com,9925336536,0,0
GUJARAT,Botad,TECHNOVATIVE GREEN ENERGY SOLUTIONS,VINAY SHAH ViewShortlist VendorSelect Vendor,technovativesolar@gmail.com,6354031108,0,0
GUJARAT,Botad,TECHNOGOODS ENTERPRISES,K H BARAD ViewShortlist VendorSelect Vendor,TechnoGoods@outlook.com,9904709693,0,0
GUJARAT,Botad,TECHNOCRATS ENGINEERS,MONIKA KAPIL PARMAR ViewShortlist VendorSelect Vendor,technocratsengineers007@gmail.com,9974214007,0,0
GUJARAT,Botad,TECHNOCELL INDUSTRIAL SERVICES,SHILENDRA GUPTA ViewShortlist VendorSelect Vendor,skg23aqua@yahoo.in,9979348446,0,0
GUJARAT,Botad,TECHNO POWER,Techno Power ViewShortlist VendorSelect Vendor,technopower0001@gmail.com,8200360798,0,0
GUJARAT,Botad,TECHNO ELECTRONICS,MEHUL SHAH ViewShortlist VendorSelect Vendor,sales@technopower.co.in,9825236894,0,0
GUJARAT,Botad,TATVAM INDUSTRIES,PARTH DAVE ViewShortlist VendorSelect Vendor,parth.tatvam@protonmail.com,7990101643,0,0
GUJARAT,Botad,TATSAT NRGS,NISARG PATEL ViewShortlist VendorSelect Vendor,tatsatnrgs@gmail.com,7984576567,0,0
GUJARAT,Botad,TARUN AND CO,MAHENDRA VAGHELA ViewShortlist VendorSelect Vendor,taruncopwr@gmail.com,9879534866,0,0
GUJARAT,Botad,TAPTI SOLAR,taptisolar ViewShortlist VendorSelect Vendor,taptisolar@gmail.com,9157028811,0,0
GUJARAT,Botad,TAJ ELECTRICALS,MOHAMMADGOUS H. ATTAR ViewShortlist VendorSelect Vendor,tajelectricals.daman@gmail.com,9824790965,0,0
GUJARAT,Botad,TAIYO SOLAR SYTEM INTEGRATOR LLP,CHETAN SHAH ViewShortlist VendorSelect Vendor,info@taiyosolar.co.in,9825324580,0,0
GUJARAT,Botad,SYSTEM RENEWABLE ENERGY,nafis Bagwan ViewShortlist VendorSelect Vendor,nbagwan8@gmail.com,9662361740,0,0
GUJARAT,Botad,SYSTEM LEVEL SOLUTIONS INDIA PVT LTD,RONAK SEVAK ViewShortlist VendorSelect Vendor,sales@getsunsights.com,7486992856,0,0
GUJARAT,Botad,SYNNOVE POWER TECHNOLOGY,VAIBHAV M EKBOTE ViewShortlist VendorSelect Vendor,synnovepowertechnology@gmail.com,9033346701,0,0
GUJARAT,Botad,SWEV INDIA PVT LIMITED,SHAIL B DESAI ViewShortlist VendorSelect Vendor,swevindia@gmail.com,7984328691,0,0
GUJARAT,Botad,SWASTIK SOLAR SYSTEM,BIJAL PATEL ViewShortlist VendorSelect Vendor,swastiksolar07@gmail.com,9712412011,0,0
GUJARAT,Botad,SWARG INDUSTRIES PVT LTD,NIRAV D PATEL ViewShortlist VendorSelect Vendor,info@swargworld.com,9824999527,0,0
GUJARAT,Botad,SWAMI INTEGRATOR AND CONSULTANTS LLP,PRITESH D PITHWA ViewShortlist VendorSelect Vendor,sanjib@swamisolar.com,8980800743,0,0
GUJARAT,Botad,SWAMI ENERGY,Jigar Swami ViewShortlist VendorSelect Vendor,jigar.swamienergy@gmail.com,9725451293,0,0
GUJARAT,Botad,SUTARIAS SOLUTIONS PRIVATE LTD,HASMUKH SUTARIA ViewShortlist VendorSelect Vendor,sspl.hasmukh@gmail.com,9099510408,0,0
GUJARAT,Botad,SURYOSA SOLAR PRIVATE LIMITED,ABHISHEK GUPTA ViewShortlist VendorSelect Vendor,info@suryosa.com,9998018314,0,0
GUJARAT,Botad,SURYATRIC SOLAR PVT LTD,JEET PATEL ViewShortlist VendorSelect Vendor,info.suryatrick@gmail.com,9979652010,0,0
GUJARAT,Botad,SURYASTRA GREEN INITIATIVES PRIVATE LIMITED,JAYESH SHELADIYA ViewShortlist VendorSelect Vendor,suryastraindia@gmail.com,8128007602,0,0
GUJARAT,Botad,SURYASE ENERGY,MADHAV PATEL ViewShortlist VendorSelect Vendor,suryaseenergy@gmail.com,9662047390,0,0
GUJARAT,Botad,SURYANCE SOLAR,suryancesolar@gmail.com ViewShortlist VendorSelect Vendor,suryancesolar@gmail.com,9664504655,0,0
GUJARAT,Botad,SURYAMANI SOLAR,SLESHKUMAR PATEL ViewShortlist VendorSelect Vendor,suryamanisolar@gmail.com,8140000257,0,0
GUJARAT,Botad,SURYAMAAN ENERGY,TUSHAR KISHORSINH BHATTI ViewShortlist VendorSelect Vendor,info.suryamaan@gmail.com,9722243637,0,0
GUJARAT,Botad,SURYAM INTERNATIONAL PRIVATE LIMITED,Suryaminternational ViewShortlist VendorSelect Vendor,marketing@groupsurya.co.in,8093011632,0,0
GUJARAT,Botad,SURYAM ENERGY,DHAVAL PATEL ViewShortlist VendorSelect Vendor,dhavalpatel7037@gmail.com,8320698043,0,0
GUJARAT,Botad,SURYADEV SOLAR,KARAMATA UKABHAI RAMABHAI ViewShortlist VendorSelect Vendor,suryadevsolar4@gmail.com,9327175676,0,0
GUJARAT,Botad,SURYADEV SALES & SERVICE,Parmar dharmeshkumar ViewShortlist VendorSelect Vendor,suryadev2k20@gmail.com,7016946571,0,0
GUJARAT,Botad,SURYABHUMI SOLAR ENERGY,HARSHIT LALJIBHAI GHADIYA ViewShortlist VendorSelect Vendor,suryabhumisolarenergy@gmail.com,8866019146,0,0
GUJARAT,Botad,SURYA URJA SYSTEMS,manish prajapati ViewShortlist VendorSelect Vendor,suryaurjasystems@gmail.com,9824276142,0,0
GUJARAT,Botad,SURYA SOLAR AND WATERS,SURYA POWER ViewShortlist VendorSelect Vendor,rooftop@suryasolarwaters.com,9033266039,0,0
GUJARAT,Botad,SURYA SHAKTI,NERKAR YOGESH ViewShortlist VendorSelect Vendor,suryashaktisolar.18@gmail.com,8488010488,0,0
GUJARAT,Botad,SURYA INTERNATIONAL,VISHNU PATEL ViewShortlist VendorSelect Vendor,suryavishnu159@yahoo.com,9825802298,0,0
GUJARAT,Botad,SURYA ENTERPRISE,NUMBER(S),suryaenterprise8324@gmail.com,9687975891,0,0
GUJARAT,Botad,SUREWORTH SOLAR,Rajendra R Rohit ViewShortlist VendorSelect Vendor,Sureworthsolar@gmail.com,7698763040,0,0
GUJARAT,Botad,SURESHBHAI SADURBHAI BARBACHIYA,NUMBER(S),surechbarbachiya41@gmail.com,9879299136,0,0
GUJARAT,Botad,SURAYAY NAMAH ENERGY PRIVATE LIMITED,Rahul Tiwari ViewShortlist VendorSelect Vendor,rahul@surayaynamahenergy.com,9554055565,0,0
GUJARAT,Botad,SURAJGEMA POWER,NUMBER(S),SURAJGEMAPOWER@GMAIL.COM,8460515124,0,0
GUJARAT,Botad,SUPER WATT POWER SOLUTIONS LLP,Hiren Bhanushali ViewShortlist VendorSelect Vendor,power.superwatt@gmail.com,9920320366,0,0
GUJARAT,Botad,SUNWAY SOLAR,SANNI SOLANKI ViewShortlist VendorSelect Vendor,sunwaysolar02@gmail.com,7698832340,0,0
GUJARAT,Botad,SUNWAVE ENERGY,DHARMESH PADSALA ViewShortlist VendorSelect Vendor,sunwave.energy123@gmail.com,7046070468,0,0
GUJARAT,Botad,SUNVINE RENEWABLE,YASH MOLIYA ViewShortlist VendorSelect Vendor,sunvinerenewable@gmail.com,8000050580,0,0
GUJARAT,Botad,SUNTRAC SOLAR,JAYESH ALGOTAR ViewShortlist VendorSelect Vendor,suntrac.jh@gmail.com,9979363442,0,0
GUJARAT,Botad,SUNSPOT ENERGY LLP,TARVINDERSINGH HARBHAJANSINGH RAKKAD ViewShortlist VendorSelect Vendor,info.sunspotenergy@gmail.com,8866110577,0,0
GUJARAT,Botad,SUNSPOT,YUVRAJSINH DABHI ViewShortlist VendorSelect Vendor,msn.sunspot@gmail.com,6356810701,0,0
GUJARAT,Botad,SUNSPARK SOLAR SOLUTIONS (FORMERLY KNOWN AS SUSSPARK SOLAR SOLUTIONS ),NAYAN PRAVINBHAI PATEL ViewShortlist VendorSelect Vendor,sunsparksolarsolutions23@gmail.com,9664693254,0,0
GUJARAT,Botad,SUNSOLAR SOLUTIONS (INDIA) PRIVATE LIMITED,NUMBER(S),jigar@sunsolarsolutions.co.in,9638189589,0,0
GUJARAT,Botad,SUNSNATCH SOLUTIONS LLP,MONARK PATEL ViewShortlist VendorSelect Vendor,monark.sunsnatch@gmail.com,7698536878,0,0
GUJARAT,Botad,SUNSKY SOLAR,NUMBER(S),trdesai@sunskysolar.co.in,9727518665,0,0
GUJARAT,Botad,SUNSHAPE ENERGY,JENISH VIJAYBHAI VEKARIYA ViewShortlist VendorSelect Vendor,sunshapeenergy@gmail.com,9913783302,0,0
GUJARAT,Botad,SUNSETLIFE SOLAR PRIVATE LIMITED,NUMBER(S),sunsetlifesolar@gmail.com,9574427119,0,0
GUJARAT,Botad,SUNSAI SOLAR SYSTEMS,KALPESH BAROT ViewShortlist VendorSelect Vendor,solar@sunsai.co.in,9925808788,0,0
GUJARAT,Botad,SUNSAFE INFRA SERVICES,Ronak Jam ViewShortlist VendorSelect Vendor,INFO@SUNSAFE.IN,9033673308,0,0
GUJARAT,Botad,SUNSAFE INFRA PRIVATE LIMITED,RONAK RAJENDRAKUMAR JAIN ViewShortlist VendorSelect Vendor,sunsafe.np@gmail.com,7227050091,0,0
GUJARAT,Botad,SUNRUN GREEN ENERGY,CHIRAGKUMAR PATEL ViewShortlist VendorSelect Vendor,sunrungreenenergy@gmail.com,6354883949,0,0
GUJARAT,Botad,SUNROOF ELECTRICAL ENERGY,JAY PADHYA ViewShortlist VendorSelect Vendor,sunroofenergy100@gmail.com,9687893989,0,0
GUJARAT,Botad,SUNRISE INDIA,Satya Narayan Tiwari ViewShortlist VendorSelect Vendor,satyanarayantiwari2022@gmail.com,7208291414,0,0
GUJARAT,Botad,SUNRISE ENTERPRISE,NUMBER(S),sunriseenterprise6388@gmail.com,9904889087,0,0
GUJARAT,Botad,SUNRAYS ENERGY,KEYUR SHIRISHBHAI SHETH ViewShortlist VendorSelect Vendor,keyursheth.14@gmail.com,9978724010,0,0
GUJARAT,Botad,SUNRAISE INDUSTRIES,NUMBER(S),info@sunraiseindustries.com,9722106810,0,0
GUJARAT,Botad,SUNPRIDE ENERGY,CHIRAG PATEL ViewShortlist VendorSelect Vendor,chiragpatel2592@gmail.com,9726880980,0,0
GUJARAT,Botad,SUNPOWER ENERGY,NUMBER(S),sunpowerenergy.solar@gmail.com,7405095299,0,0
GUJARAT,Botad,SUNPLUG TECHNOLOGIES LLP,HARDIKSINH CHAVDA ViewShortlist VendorSelect Vendor,hnchavda87@gmail.com,9427020496,0,0
GUJARAT,Botad,SUNNOVATIVE SOLAR ENERGY SOLUTION PVT LTD,NUMBER(S),ravi@sunnovative.com,8153819531,0,0
GUJARAT,Botad,SUNLIGHT SOLAR ENTERPRISE,BHAVESH PARMAR ViewShortlist VendorSelect Vendor,bhaveshparmar4793@gmail.com,8320866769,0,0
GUJARAT,Botad,SUNLIGHT INFRA ENERGY PRIVATE LIMITED,NUMBER(S),tender@sunlights.in,9998374580,0,0
GUJARAT,Botad,SUNLIGHT GREEN ENERGY,SUNLIGHT GREEN ENERGY ViewShortlist VendorSelect Vendor,sunlightgreenmeh@gmail.com,8460043385,0,0
GUJARAT,Botad,SUNLIGHT ENERGY SOLUTIONS,NUMBER(S),sunlightenergysolutions01@gmail.com,9824668001,0,0
GUJARAT,Botad,SUNLAND SOLAR ENERGY,MAYUR ODEDARA ViewShortlist VendorSelect Vendor,sunlandsolarenergy@gmail.com,8141810505,0,0
GUJARAT,Botad,SUNISTIC SOLAR ENERGY LLP,NUMBER(S),info@sunisticsolarenergy.com,9909507507,0,0
GUJARAT,Botad,SUNIFY SOLAR LLP,NIKUNJ PATEL ViewShortlist VendorSelect Vendor,sunifysolar@gmail.com,8141455505,0,0
GUJARAT,Botad,SUNGOLD ENTERPRISE,NUMBER(S),sungoldenterprise123@gmail.com,9737147433,0,0
GUJARAT,Botad,SUNFRAA RENEWABLES LLP,ESHAN CHOLIYA ViewShortlist VendorSelect Vendor,partner@sunfraa.com,6354296570,0,0
GUJARAT,Botad,SUNCENTER SOLAR ENERGY,NUMBER(S),suncentersolarenergy@gmail.com,8905055513,0,0
GUJARAT,Botad,SUNCARE ENERTECH PVT LTD,SAGAR SANGHANI ViewShortlist VendorSelect Vendor,suncaresolar3@gmail.com,7405450545,0,0
GUJARAT,Botad,SUNBYTE ENERGY SOLUTIONS LLP,NUMBER(S),info.sunbyteenergy@gmail.com,7698971717,0,0
GUJARAT,Botad,SUNBUY RENEWABLES PVT LTD,SHIVAMSHAH ViewShortlist VendorSelect Vendor,darshan@sunbuy.in,9328281611,0,0
GUJARAT,Botad,SUNBURST GREEN ENERGY LLP,NUMBER(S),office@sunburstgreen.com,9879514559,0,0
GUJARAT,Botad,SUNBLOOM ENERGY PRIVATE LIMITED,POOJA KAPADIA ViewShortlist VendorSelect Vendor,info@sunbloomenergy.com,9662874669,0,0
GUJARAT,Botad,SUNARC ELECTRICALS,NUMBER(S),sunarcelectricals@gmail.com,9687025729,0,0
GUJARAT,Botad,SUN VISION SOLAR,Niranjan Siddhpura ViewShortlist VendorSelect Vendor,info@sunvisionsolar.in,9924112225,0,0
GUJARAT,Botad,SUN TECH ENERGY SOLUTION,NUMBER(S),suntech.rutvij@gmail.com,8320301975,0,0
GUJARAT,Botad,SUN SPARKLE ENERGY,Vadsola Bhavya ViewShortlist VendorSelect Vendor,sunsparkleenergy@gmail.com,9016093505,0,0
GUJARAT,Botad,SUN MICRA RENEWABLE ENERGY,NUMBER(S),info@sunmicra.co.in,7990662677,0,0
GUJARAT,Botad,SUN LIGHT SOLAR,MAHESH MANILAL JOSHI ViewShortlist VendorSelect Vendor,sunlightsolar0106@gmail.com,9726215972,0,0
GUJARAT,Botad,SUN ENERGY,NUMBER(S),sunenergybharat@gmail.com,9427352326,0,0
GUJARAT,Botad,SUMERU SOLUTION,Akash Parmar ViewShortlist VendorSelect Vendor,sumerusolution22@gmail.com,8866426625,0,0
GUJARAT,Botad,SUKOON POWER TECHNOLOGY,KAUSHAL P ViewShortlist VendorSelect Vendor,sukoonpowertech@gmail.com,9712946594,0,0
GUJARAT,Botad,SUKARM,KISHOR S MISTRY ViewShortlist VendorSelect Vendor,sukarmsolar@gmail.com,9925045163,0,0
GUJARAT,Botad,SUCCESS TECHNOCRAT,BHUPENDRA KHATRI ViewShortlist VendorSelect Vendor,khatri292@gmail.com,9624001021,0,0
GUJARAT,Botad,STRONG SUN SOLAR ENERGY,MAKWANA MANTHAN JAYESHBHAI ViewShortlist VendorSelect Vendor,strongsunsolarenergy@gmail.com,7622011292,0,0
GUJARAT,Botad,STEELHACKS INDUSTRIES,CHINTAN PANDYA ViewShortlist VendorSelect Vendor,unisolsolar2000@yahoo.com,9825049997,0,0
GUJARAT,Botad,STARLUMEN ENERGY LLP,NUMBER(S),sales.starlumen@gmail.com,8758737125,0,0
GUJARAT,Botad,STAR ENERGY SYSTEMS,SACHIN R SHAH ViewShortlist VendorSelect Vendor,starenergyindia@gmail.com,9825014314,0,0
GUJARAT,Botad,STAR ELECTRICALS,NUMBER(S),starhalol389350@gmail.com,9909118137,0,0
GUJARAT,Botad,STANDARD ENGINEERS & CONTRACTORS,Faiz Mohamad ViewShortlist VendorSelect Vendor,standardelectricals7177@gmail.com,8140080726,0,0
GUJARAT,Botad,SSB ICONIC LLP,NUMBER(S),s2belectricals@gmail.com,9016903767,0,0
GUJARAT,Botad,SRI BALAJI SUN ENERGY,SRIBALAJI2024 ViewShortlist VendorSelect Vendor,info@sribalajienergy.com,7878375444,0,0
GUJARAT,Botad,SPY AUTOMATION,NUMBER(S),spyautomation61@gmail.com,7227000497,0,0
GUJARAT,Botad,SPIKE ENERGY,USHABEN B PATEL ViewShortlist VendorSelect Vendor,vspikeenergy@gmail.com,9662485355,0,0
GUJARAT,Botad,SPEED O ENERGY,K.S.PRAJAPATI ViewShortlist VendorSelect Vendor,INFO.SPEEDOENERGY@GMAIL.COM,7016826003,0,0
GUJARAT,Botad,SPARQ ENERTECH PVT LTD,PRASHANT JANI ViewShortlist VendorSelect Vendor,info@sparqenertech.com,9558971268,0,0
GUJARAT,Botad,SPARCO MULTIPLAST PVT LTD,JEET SHAH ViewShortlist VendorSelect Vendor,info@sparcoenergy.com,9409269062,0,0
GUJARAT,Botad,SP TECHNOLOGY,PIYUSH SAVALIYA ViewShortlist VendorSelect Vendor,Sptechnology2023@gmail.com,9586267664,0,0
GUJARAT,Botad,SP POWERTECH,PARTH PATEL ViewShortlist VendorSelect Vendor,sppowertech44@gmail.com,9408129713,0,0
GUJARAT,Botad,SP EPC SOLUTIONS,NUMBER(S),psbuma@gmail.com,9537824788,0,0
GUJARAT,Botad,SP ENGINEERING,GHANSHYAM RAMESHBHAI VAGHASIYA ViewShortlist VendorSelect Vendor,sp.engineering2k19@gmail.com,6353577489,0,0
GUJARAT,Botad,SOULTRUST SOLAR,NUMBER(S),soultrustsolar@gmail.com,9099663390,0,0
GUJARAT,Botad,SOR ENTERPRISE,HIREN VAGHASIYA ViewShortlist VendorSelect Vendor,sorsolar@yahoo.com,9824428293,0,0
GUJARAT,Botad,SOORYABHUMI ENERGY,NUMBER(S),sooryabhumienergy2024@gmail.com,8155887304,0,0
GUJARAT,Botad,SONIK SOLAR POWER SOLUTION,Sonik panchal ViewShortlist VendorSelect Vendor,Sonikpanchal27@gmail.com,8200291250,0,0
GUJARAT,Botad,SOMNATH ENERGY,NUMBER(S),somnath.solarenergy@gmail.com,7600250096,0,0
GUJARAT,Botad,SOM ENERGY SYSTEMS,RAKESH ViewShortlist VendorSelect Vendor,info@somenergysystems.com,8401909576,0,0
GUJARAT,Botad,SOLYUG RENEWABLES,NUMBER(S),info@solyugrenewables.com,9099562009,0,0
GUJARAT,Botad,SOLWAVE SOLAR,SANKET PATEL ViewShortlist VendorSelect Vendor,solwave4solar@gmail.com,9409344465,0,0
GUJARAT,Botad,SOLVEIG SOLAR PRIVATE LIMITED,NUMBER(S),solveigsolar@gmail.com,9724362544,0,0
GUJARAT,Botad,SOLNCE ENERGY PRIVATE LIMITED,KASHISH SHAH ViewShortlist VendorSelect Vendor,NATIONALPORTALSOLNCE@GMAIL.COM,7990480061,0,0
GUJARAT,Botad,SOLINE SOLAR PRIVATE LIMITED,NUMBER(S),info@soline.in,9898535056,0,0
GUJARAT,Botad,SOLEXY SOLAR POWER PVT. LTD.,Anil Kumar Garg ViewShortlist VendorSelect Vendor,ssepl1962@gmail.com,9810725280,0,0
GUJARAT,Botad,SOLEX GREEN ENERGY PRIVATE LIMITED,NUMBER(S),pravin.d@solex.in,9376820081,0,0
GUJARAT,Botad,SOLEX ENERGY LIMITED,SURESHBHAI PRAJAPATI ViewShortlist VendorSelect Vendor,solexcd@gmail.com,6354605180,0,0
GUJARAT,Botad,SOLEAF ENERGY,NUMBER(S),infosolarsoleaf@gmail.com,7600008915,0,0
GUJARAT,Botad,SOLARWISE-NEXG PRIVATE LIMITED,solarwise ViewShortlist VendorSelect Vendor,solarwise69@gmail.com,9910803171,0,0
GUJARAT,Botad,SOLARWAVE ENERGY,NUMBER(S),solarwaveenergy2@gmail.com,7490083005,0,0
GUJARAT,Botad,SOLARTRONICS ENERGY,BHAVIK SONI ViewShortlist VendorSelect Vendor,info.solartronics@gmail.com,9426424973,0,0
GUJARAT,Botad,SOLART,NUMBER(S),solart.sunfuel@gmail.com,8866506193,0,0
GUJARAT,Botad,SOLARSYS GREENTECH PRIVATE LIMITED,DIPAK MALIWAL ViewShortlist VendorSelect Vendor,deepak@solarsysgreentech.in,8488976829,0,0
GUJARAT,Botad,SOLARMAX ENERGY PRIVATE LIMITED,NUMBER(S),info@solarmaxenergy.in,9409222221,0,0
GUJARAT,Botad,SOLARLOGIX PRIVATE LIMITED,Raj Sanwaria ViewShortlist VendorSelect Vendor,contact@solarlogix.in,7979053489,0,0
GUJARAT,Botad,SOLARIZE RENEWABLES PVT. LTD.,NUMBER(S),info@solarizerenewables.com,9081999400,0,0
GUJARAT,Botad,SOLARISE TECHNOLOGIES,Maulik Patel ViewShortlist VendorSelect Vendor,solarisetechnologies1@gmail.com,6351562596,0,0
GUJARAT,Botad,SOLARIS TECHNO,NUMBER(S),solaristechno@gmail.com,8767917570,0,0
GUJARAT,Botad,SOLARIS 360,ANAND ASHOKBHAI MEHTA ViewShortlist VendorSelect Vendor,info@solaris360.com,9998117531,0,0
GUJARAT,Botad,SOLARINA RENEWABLE PRIVATE LIMITED,NUMBER(S),solarinarenewable@gmail.com,9824351021,0,0
GUJARAT,Botad,SOLARBERG SOLUTIONS,Sureshkumar Bavishiya ViewShortlist VendorSelect Vendor,sureshbavishiya@gmail.com,9879200821,0,0
GUJARAT,Botad,SOLARATIVE ENERGY SOLUTION,NUMBER(S),pavan.solarative@gmail.com,9327151411,0,0
GUJARAT,Botad,SOLARAM POWER INFRASTRUCTURE PRIVATE LIMITED,Mangilal Choudhary ViewShortlist VendorSelect Vendor,solarampower@gmail.com,9898041008,0,0
GUJARAT,Botad,SOLAR4U ENTERPRISE,solar4uenterprise1@gmail.com ViewShortlist VendorSelect Vendor,solar4uenterprise1@gmail.com,9510708411,0,0
GUJARAT,Botad,SOLAR TECHNOLOGY,SOLAR TECHNOLOGY ViewShortlist VendorSelect Vendor,info@solartechnology.in,9998063204,0,0
GUJARAT,Botad,SOLAR SUNPOWER,MANOJ SHELADIYA ViewShortlist VendorSelect Vendor,solarsunpower2020@gmail.com,8238835771,0,0
GUJARAT,Botad,SOLAR ONLINE SKP,PATEL YOGESHKUMAR PRAVINBHAI ViewShortlist VendorSelect Vendor,onlinesk044@gmail.com,8238539443,0,0
GUJARAT,Botad,SOLAR GREEN DEVELOPERS,PARTH PATEL ViewShortlist VendorSelect Vendor,solargreendevelopers@gmail.com,9924507751,0,0
GUJARAT,Botad,SOLAR EXPERT,POOJAN BHATT ViewShortlist VendorSelect Vendor,solarexpert35@gmail.com,9426167233,0,0
GUJARAT,Botad,SOLAR ENERGY,TEJAS GAJJAR ViewShortlist VendorSelect Vendor,solarpioneer19@gmail.com,9033868265,0,0
GUJARAT,Botad,SOLAR EDITION,Pinakin Patel ViewShortlist VendorSelect Vendor,solaredition18@gmail.com,7990909838,0,0
GUJARAT,Botad,SOLAR EARTH RENEWABLES PRIVATE LIMITED,HARDIKKUMAR VIJAYBHAI PATEL ViewShortlist VendorSelect Vendor,ser@solarearth.in,7990378370,0,0
GUJARAT,Botad,SOLAR EARTH,HARDIK PATEL ViewShortlist VendorSelect Vendor,solarearth7@gmail.com,7990378370,0,0
GUJARAT,Botad,SOLAR CLEAN ENERGY LIMITED,NIKUNJ AMRUTLAL PRAJAPATI ViewShortlist VendorSelect Vendor,socleanenergy@gmail.com,9712666866,0,0
GUJARAT,Botad,SOL ENERGY,Rajan Chimanbhai Meghani ViewShortlist VendorSelect Vendor,solenergyn@gmail.com,7621852735,0,0
GUJARAT,Botad,SOHAM TECHNO SOLUTIONS,SOHAM PATEL ViewShortlist VendorSelect Vendor,stssolar.document@gmail.com,9274349757,0,0
GUJARAT,Botad,SOHAM SOLAR SOLUTION,MRUNAL DOSHI ViewShortlist VendorSelect Vendor,sohamsolarsolution@yahoo.com,9601751327,0,0
GUJARAT,Botad,SOHAM ENTERPRISE,TUSHAR M.SINOJIYA ViewShortlist VendorSelect Vendor,sachinpatel3132@gmail.com,9924142513,0,0
GUJARAT,Botad,SODHA ELECTRIC SERVICE,RUBINA SOHAIL SODHA ViewShortlist VendorSelect Vendor,sohail.sodha@gmail.com,8000093095,0,0
GUJARAT,Botad,SNS ENERGY PVT. LTD.,Sujit Sharma ViewShortlist VendorSelect Vendor,sujitsharma@snsenergy.co.in,7043136049,0,0
GUJARAT,Botad,SNAP SOLAR,SAHIL PADHIYAR ViewShortlist VendorSelect Vendor,snapsolar7@gmail.com,7572851098,0,0
GUJARAT,Botad,SN GROUP OF COMPANY,TUSHAR BABUBHAI RIBADIYA ViewShortlist VendorSelect Vendor,sngroupofcompany2022@gmail.com,9725324439,0,0
GUJARAT,Botad,SMIT SOLAR SOLUTIONS,AAKASH PRAJAPATI ViewShortlist VendorSelect Vendor,smitsolarsolutions@gmail.com,9924793020,0,0
GUJARAT,Botad,SMIT ENGINEERING SOLUTION,MADHUR PATEL ViewShortlist VendorSelect Vendor,smitengineering10@gmail.com,9033381684,0,0
GUJARAT,Botad,SMART ROOF SOLAR SOLUTION PVT. LTD.,vikassinghal ViewShortlist VendorSelect Vendor,enquiry@gosmartroof.com,9971481718,0,0
GUJARAT,Botad,SKYWIN SOLAR,SANKET BHALODIA ViewShortlist VendorSelect Vendor,skywinsolar@gmail.com,7984435493,0,0
GUJARAT,Botad,SKYVOLT POWER TECHNOLOGIES LLP,VIVEK B THUMMAR ViewShortlist VendorSelect Vendor,skyvoltpower25@gmail.com,9909798222,0,0
GUJARAT,Botad,SKYLINE SOLAR SYSTEM,PRAJAPATI JAYDEEPKUMAR BALDEVBHAI ViewShortlist VendorSelect Vendor,skylinesolarsystem@gmail.com,9106430159,0,0
GUJARAT,Botad,SKYLIGHT SOLAR,MOKANI NIRAV ViewShortlist VendorSelect Vendor,skylightsolar03@gmail.com,9510905126,0,0
GUJARAT,Botad,SKYLARK ENERGY SOLUTIONS,SATYAJEET SINH JHALA ViewShortlist VendorSelect Vendor,satyajeetjhala7227@icloud.com,9726200054,0,0
GUJARAT,Botad,SKYLAR INDIA,DARSHANKUMAR PATEL ViewShortlist VendorSelect Vendor,darshansolarkheda@gmail.com,8530252952,0,0
GUJARAT,Botad,SKY WINGS SOLAR ENERGY,NISHIT PATEL ViewShortlist VendorSelect Vendor,skywingssolar@gmail.com,9974839830,0,0
GUJARAT,Botad,SKY TECH ENERGY,PRATIK J KATHIRIYA ViewShortlist VendorSelect Vendor,info.skytechenergy@gmail.com,6355092898,0,0
GUJARAT,Botad,SKY SUN ENTERPRISE,PIYUSH CHAUDHARY ViewShortlist VendorSelect Vendor,skysunenterprise@gmail.com,9408931070,0,0
GUJARAT,Botad,SKY RISE SOLAR,HIRAPARA DHAVAL ViewShortlist VendorSelect Vendor,skyrisesolar@gmail.com,9328009285,0,0
GUJARAT,Botad,SKY RENEWABLE,PIYUSHKUMAR SHANKARBHAI CHAVADHARI ViewShortlist VendorSelect Vendor,piush123.pp@gmail.com,9638166779,0,0
GUJARAT,Botad,SKY POWER ENERGY,DHARMESH RAMESHBHAI SIDAPARA ViewShortlist VendorSelect Vendor,skypowerenergy03@gmail.com,8849719837,0,0
GUJARAT,Botad,SKY POWER,SHAILESH PRAJAPATI ViewShortlist VendorSelect Vendor,skypowersvp@gmail.com,9723070267,0,0
GUJARAT,Botad,SKY LARK SOLAR PRIVATE LIMITED,SKY LARK SOLAR PRIVATE LIMITED ViewShortlist VendorSelect Vendor,skylarksolar7@gmail.com,7016360083,0,0
GUJARAT,Botad,SKY ENTERPRISE,BHUPENDRA RAMUBHAI PATEL ViewShortlist VendorSelect Vendor,skyenterprise.re@gmail.com,9428164222,0,0
GUJARAT,Botad,SKY BLUE SOLAR PVT .LTD,jigar borada ViewShortlist VendorSelect Vendor,Skybluesolarpvtltd@gmail.com,9104566242,0,0
GUJARAT,Botad,SIYAVAR ENERGY,Priyanka Kashyap ViewShortlist VendorSelect Vendor,SIYAVARENERGY@GMAIL.COM,9773131455,0,0
GUJARAT,Botad,SITARAM CORPORATION,AJAY SARVAIYA ViewShortlist VendorSelect Vendor,sitaramcorporation2025@gmail.com,8141427041,0,0
GUJARAT,Botad,SIMMS ENGINEERING PVT LTD,VISHAL DHOYDA ViewShortlist VendorSelect Vendor,simms_eng@yahoo.co.in,9825142376,0,0
GUJARAT,Botad,SILVER CYPHER TECHNOLOGIES,JAY MULIA ViewShortlist VendorSelect Vendor,silvercyphersolar@gmail.com,8460699699,0,0
GUJARAT,Botad,SILVER CONSUMER ELECTRICALS LIMITED (FORMERLY KNOWN AS SILVER CONSUMER ELECTRICALS PRIVATE LIMITED),KEVIN VACHHANI ViewShortlist VendorSelect Vendor,kevin.patel@silverpumps.com,7486059400,0,0
GUJARAT,Botad,SIGNAL AUTOMATION,DharmendraKumar Manubhai Patel ViewShortlist VendorSelect Vendor,solarservices1188@gmail.com,9978215636,0,0
GUJARAT,Botad,SIGMA SUN ENERGY,PIYUSH VINODBHAI MAKVANE ViewShortlist VendorSelect Vendor,info.sigmasunenergy@gmail.com,9726764498,0,0
GUJARAT,Botad,SIGMA ENGINEERING,YOGESH VYAS ViewShortlist VendorSelect Vendor,sigma_engg@yahoo.co.in,9825205934,0,0
GUJARAT,Botad,SIDDHIVINAYAK ENGINEERING COMPANY,BARAIYA RAMESHBHAI ViewShortlist VendorSelect Vendor,shreeganeshaquva@gmail.com,9904954348,0,0
GUJARAT,Botad,SIDDHI ELECTRICAL ENGINEER AND CONTRACTOR,RAVAL SUDHIRBHAI JAYANTILAL ViewShortlist VendorSelect Vendor,siddhielectrical77@gmail.com,9662061492,0,0
GUJARAT,Botad,SHYAM SOLAR ENERGY,VIJAY CHOSLA ViewShortlist VendorSelect Vendor,vschohla@GMAIL.COM,8140796593,0,0
GUJARAT,Botad,SHYAM ENTERPRISE,SHYAM M. NANDANIYA ViewShortlist VendorSelect Vendor,shyamsolarenergy10@gmail.com,8000145645,0,0
GUJARAT,Botad,SHRI SAI ELECTRICAL,CHETAN PATEL ViewShortlist VendorSelect Vendor,rooftop@shrisaielectrical.co.in,6353970979,0,0
GUJARAT,Botad,SHRI RAM SOLAR ENERGY LLP,JIGAR GAJJAR ViewShortlist VendorSelect Vendor,admin@shriramsolarenergy.com,9712912421,0,0
GUJARAT,Botad,SHRI KHODIYAR ENTERPRISE,KATARIYA PRAVIN KANABHAI ViewShortlist VendorSelect Vendor,shrikhodiyar1978@gmail.com,9727358029,0,0
GUJARAT,Botad,SHRI KHATRI BATTERY SERVICE,TEJENDRA KHATRI ViewShortlist VendorSelect Vendor,khatribattery@gmail.com,9426029459,0,0
GUJARAT,Botad,SHREYISHA ENGINEERING,Shah Shreyank Hiteshkumar ViewShortlist VendorSelect Vendor,shreyishaengineering@gmail.com,8460445802,0,0
GUJARAT,Botad,SHREEMAD ENGINEERS,PATEL BHAVIN KUMAR ViewShortlist VendorSelect Vendor,shreemadbg@gmail.com,9913721961,0,0
GUJARAT,Botad,SHREEJI SOLAR SYSTEM,PRERAK DESAI ViewShortlist VendorSelect Vendor,shreejisolars@gmail.com,9265296741,0,0
GUJARAT,Botad,SHREEJI SOLAR SOLUTION,NILESH PARIKH ViewShortlist VendorSelect Vendor,npparikh@hotmail.com,9879537250,0,0
GUJARAT,Botad,SHREEJI SOLAR ENERGY SYSTEMS,BHAGVATIBEN PATEL ViewShortlist VendorSelect Vendor,snpatel2605@gmail.com,9712914272,0,0
GUJARAT,Botad,SHREEJI SOLAR,PRATAP SINDHAV ViewShortlist VendorSelect Vendor,info.shreejisolar@gmail.com,9904351125,0,0
GUJARAT,Botad,SHREEJI SALES - KARAMSAD,MEHUL KORAT ViewShortlist VendorSelect Vendor,shreejisales125@gmail.com,9586548051,0,0
GUJARAT,Botad,SHREEJI POWER SOLUTIONS,Dilip gandhi ViewShortlist VendorSelect Vendor,shreejiss@yahoo.com,9824338633,0,0
GUJARAT,Botad,SHREEJI MARKETING - TALOD,RASHMIKANT TRIVEDI ViewShortlist VendorSelect Vendor,rajuksales@gmail.com,9974612008,0,0
GUJARAT,Botad,SHREEJI ENTERPRISES - WADI,Sandip Gandhi ViewShortlist VendorSelect Vendor,Sandipgandhi113@gmail.com,9825077605,0,0
GUJARAT,Botad,SHREEJI ENTERPRISES - BHAYLI,CHINTUL THAKAR ViewShortlist VendorSelect Vendor,shreejie1@gmail.com,9099710184,0,0
GUJARAT,Botad,SHREEJI ENTERPRISE - MANJALPUR,ANKIT MEHTA ViewShortlist VendorSelect Vendor,shreejienergy844@gmail.com,7041803421,0,0
GUJARAT,Botad,SHREEJI ENERGY SOLUTION,BIREN GEVARIA ViewShortlist VendorSelect Vendor,shreejienergysolution@gmail.com,8460595980,0,0
GUJARAT,Botad,SHREEJI ELECTRICALS,BHAKARBHAI BHATT ViewShortlist VendorSelect Vendor,shreejiele@gmail.com,9825089343,0,0
GUJARAT,Botad,SHREE VISHNU SALES AGENCY,SHASHIKANTBHAI N AMRUTIYA ViewShortlist VendorSelect Vendor,shreevishnusalesagency@gmail.com,9825324608,0,0
GUJARAT,Botad,SHREE UMIYA CORPORATION,CHIRAG PATEL ViewShortlist VendorSelect Vendor,shreeumiyacorp@gmail.com,8866731185,0,0
GUJARAT,Botad,SHREE SURYA SOLAR SOLUTION,HARDIK SANGHVI ViewShortlist VendorSelect Vendor,shreesurya2016@gmail.com,8000720006,0,0
GUJARAT,Botad,SHREE SOLAR VENTURE PVT LTD,SHREESOLAR ViewShortlist VendorSelect Vendor,shreesolarventure@gmail.com,9571211118,0,0
GUJARAT,Botad,SHREE SOLAR POWER,NILESH SORATHIYA ViewShortlist VendorSelect Vendor,nileshsorthiya2@gmail.com,9727620417,0,0
GUJARAT,Botad,SHREE SOLAR,DINKAR PAREKH ViewShortlist VendorSelect Vendor,dinkarparekh1983@gmail.com,9104030777,0,0
GUJARAT,Botad,SHREE SAI SOLAR,HITESH RANE ViewShortlist VendorSelect Vendor,Hiteshrane37@gmail.com,9879268362,0,0
GUJARAT,Botad,SHREE SAI ENTERPRISE,Chetanbahen Dineshbhai Patel ViewShortlist VendorSelect Vendor,shreesaienterprise75@gmail.com,8128171111,0,0
GUJARAT,Botad,SHREE RAM SOLAR RAJKOT,VIKESH CHOVATIYA ViewShortlist VendorSelect Vendor,vikeshchovatiya@gmail.com,9898921527,0,0
GUJARAT,Botad,SHREE RADHE ELECTRICALS,RAHUL AMBALIYA ViewShortlist VendorSelect Vendor,shreeradhesolar24@gmail.com,9974842981,0,0
GUJARAT,Botad,SHREE OFFICE SOLUTIONS PRIVATE LIMITED,RAMNIK DEVRAJBHAI RANIPA ViewShortlist VendorSelect Vendor,rajranipa.sospl@gmail.com,9898084466,0,0
GUJARAT,Botad,SHREE MARUTI ELECTRIFICATION ENGINEERS,BAPOTRA JAYMAL NAGA ViewShortlist VendorSelect Vendor,shreemarutieleCtrificationengi@gmail.com,7016480100,0,0
GUJARAT,Botad,SHREE LALGHAR CORPORATION,UPENDRAKUMAR BALDEVBHAI PARMAR ViewShortlist VendorSelect Vendor,shreelalgharcorporation@gmail.com,8200149120,0,0
GUJARAT,Botad,SHREE KRISHNA SALES AND SERVICES,Govind R Patel ViewShortlist VendorSelect Vendor,info@skss.co.in,9998990694,0,0
GUJARAT,Botad,SHREE KRISHNA ENERGY,NUMBER(S),shreekrishna.energy@gmail.com,9979559334,0,0
GUJARAT,Botad,SHREE KHODIYAR SOLAR PRIVATE LIMITED,YOGESH BORAD ViewShortlist VendorSelect Vendor,sk.solar@yahoo.com,9825820612,0,0
GUJARAT,Botad,SHREE KHODIYAR SOLAR & ENTERPRISE,NUMBER(S),s60358186@gmail.com,9313405580,0,0
GUJARAT,Botad,SHREE HARI SALES & SERVICES,Dipika Hiteshkumar Hirani ViewShortlist VendorSelect Vendor,shreeharisales16@gmail.com,7698916121,0,0
GUJARAT,Botad,SHREE HARGANGESHWAR WATER CARE,NUMBER(S),shreehargangeshwarenergy@gmail.com,8128362108,0,0
GUJARAT,Botad,SHREE GOR SOLAR,CHIRAG KRISHNAKANT GOR ViewShortlist VendorSelect Vendor,shreegorsolar@gmail.com,6361983041,0,0
GUJARAT,Botad,SHREE GOKUL ENTERPRISE,NUMBER(S),shreegokulenterprise123@gmail.com,8160000871,0,0
GUJARAT,Botad,SHREE GAUTAM RENEWABLES AND CLEAN ENERGIES,SAIKUMAR PATEL ViewShortlist VendorSelect Vendor,shreegautam.energy@gmail.com,9408188809,0,0
GUJARAT,Botad,SHREE GANGESHWAR ENGINEERING PRIVATE LIMITED,NUMBER(S),shreegangeshwarengineering@gmail.com,9157974445,0,0
GUJARAT,Botad,SHREE GAJANAND SOLAR,GANESH BHAVSAR ViewShortlist VendorSelect Vendor,gajanandsolar@gmail.com,8347972590,0,0
GUJARAT,Botad,SHREE GAJANAND ENERGIES,NUMBER(S),magicwithparth@gmail.com,6351126699,0,0
GUJARAT,Botad,SHREE ENERGY SOLUTIONS,VARUN DILIP DWIVEDI ViewShortlist VendorSelect Vendor,shreeenergysolution8@gmail.com,9904335293,0,0
GUJARAT,Botad,SHREE CHAMUNDESHVARI TRADING,NUMBER(S),hareshdodiya75@gmail.com,9327523737,0,0
GUJARAT,Botad,SHREE BRAHMANI ELECTRICALS,VIRANI AJAY BABUBHAI ViewShortlist VendorSelect Vendor,shreebrahmanisolar@gmail.com,9909995675,0,0
GUJARAT,Botad,SHREE AMBIKA AGENCIES,NUMBER(S),niravambika@rediffmail.com,9426158047,0,0
GUJARAT,Botad,SHOOLIN WATT PRIVATE LIMITED,saloni patel ViewShortlist VendorSelect Vendor,shoolinwattpvtltd@gmail.com,9909967894,0,0
GUJARAT,Botad,SHIVRON INDUSTRY,NIRAV PATEL ViewShortlist VendorSelect Vendor,shivronind.contr@gmail.com,9925248752,0,0
GUJARAT,Botad,SHIVIK ENTERPRISE,VIKASKUMAR BASAVBHAI PATEL ViewShortlist VendorSelect Vendor,shivikenterprise@gmail.com,9512839262,0,0
GUJARAT,Botad,SHIVHARDHA SHD PROJECTS,DHARABEN H PATEL ViewShortlist VendorSelect Vendor,shivhardha@gmail.com,9898692603,0,0
GUJARAT,Botad,SHIVDHARA SALES,RAMANI JAYDEEPBHAI BHUPATBHAI ViewShortlist VendorSelect Vendor,shivdharasales8060@gmail.com,7433004040,0,0
GUJARAT,Botad,SHIVAS SOLAR,ALPESH PANDAV ViewShortlist VendorSelect Vendor,shivassolar4418@gmail.com,9537611795,0,0
GUJARAT,Botad,SHIVAM SOLAR AND SERVICES,NUMBER(S),Parmardivyraj.77@gmail.com,8320732424,0,0
GUJARAT,Botad,SHIVAM SOLAR,DHAVAL PATEL ViewShortlist VendorSelect Vendor,solar.shivam2020@gmail.com,7575007551,0,0
GUJARAT,Botad,SHIVAM ENTERPRISE,NUMBER(S),ERJAYPATHAK1@GMAIL.COM,9376099001,0,0
GUJARAT,Botad,SHIVAM ENERGY TECH,SOLANKI ANILKUMAR ViewShortlist VendorSelect Vendor,shivamenergytech2023@gmail.com,9687001450,0,0
GUJARAT,Botad,SHIVA SOLAR ENERGY,Prashant Ashvinbhai Joshi ViewShortlist VendorSelect Vendor,admin@shivasolarenergy.com,9624220197,0,0
GUJARAT,Botad,SHIV TRADERS,NINAMA JITENDRAKUMAR BABUBHAI ViewShortlist VendorSelect Vendor,shivtraders7233@gmail.com,9998820863,0,0
GUJARAT,Botad,SHIV SALES AGENCY,RAHUL JAYANTIBHAI GHADIYA ViewShortlist VendorSelect Vendor,ghadiyabhaisolar08@gmail.com,9428798679,0,0
GUJARAT,Botad,SHIV ENTERPRISE,NAYI PARESHKUMAR LALLUBHAI ViewShortlist VendorSelect Vendor,shiventerprisesolor@gmail.com,7600438578,0,0
GUJARAT,Botad,SHINE SOLAR,NARENDRA PATEL ViewShortlist VendorSelect Vendor,shinesolar.marketing@gmail.com,7622023355,0,0
GUJARAT,Botad,SHAYONAAM ENTERPRISE,PARTH MOLIYA ViewShortlist VendorSelect Vendor,shayonaam12@gmail.com,9638766943,0,0
GUJARAT,Botad,SHAURYAM ENTERPRISE,VIRAL PATEL ViewShortlist VendorSelect Vendor,shauryamsolarenterprise@gmail.com,9173645491,0,0
GUJARAT,Botad,SHATRAS AGRI,PANKAJ VASHRAMBHAI RAMOLIYA ViewShortlist VendorSelect Vendor,shatrasagri@gmail.com,9714616040,0,0
GUJARAT,Botad,SHARVA SOLAR,MALAVIYA AMIT PANCHABHAI ViewShortlist VendorSelect Vendor,sharvasolar@gmail.com,9909449650,0,0
GUJARAT,Botad,SHANTI CORPORATION,DILIPKUMAR PRANJIVANBHAI AMRUTIYA ViewShortlist VendorSelect Vendor,info.shanticorporation@gmail.com,8980524444,0,0
GUJARAT,Botad,SHAKTI SOLAR SERVICE,Kirtiben Patel ViewShortlist VendorSelect Vendor,ktptl52@gmail.com,9737854634,0,0
GUJARAT,Botad,SHAKTI GREEN ENERGY SERVICES,AMARSINH CHAUHAN ViewShortlist VendorSelect Vendor,shakti.green25@gmail.com,9898860648,0,0
GUJARAT,Botad,SHAKTI GREEN ENERGY,DIPAK GADHIYA ViewShortlist VendorSelect Vendor,shaktigreenenergy96@gmail.com,7405252123,0,0
GUJARAT,Botad,SHAKTI ENTERPRISE,PATEL JAIMINKUMAR RAMESHBHAI ViewShortlist VendorSelect Vendor,shaktienterprise0507@gmail.com,8866124840,0,0
GUJARAT,Botad,SHAILEE PROJECTS PRIVATE LIMITED,DIVYANG PATEL ViewShortlist VendorSelect Vendor,shaileeprojects99@gmail.com,7600755058,0,0
GUJARAT,Botad,SGK SOLAR,DIPAK KARSHAN DHADUK ViewShortlist VendorSelect Vendor,sgksolarrjt@gmail.com,9313885348,0,0
GUJARAT,Botad,SEVENTH SKY RENEWABLE LLP,DARSHAN PATTANI ViewShortlist VendorSelect Vendor,seventhskyrenewable@gmail.com,7874524574,0,0
GUJARAT,Botad,SEVEN SOLAR ENERGY,DIVYANG PATEL ViewShortlist VendorSelect Vendor,divyang@sevensolarenergy.com,9825554277,0,0
GUJARAT,Botad,SERVOTECH POWER SYSTEMS LIMITED,Servotech ViewShortlist VendorSelect Vendor,pmsuryaghar@servotechindia.com,9266918120,0,0
GUJARAT,Botad,SCORP ENERGY PRIVATE LIMITED,MOHIT AGARWAL ViewShortlist VendorSelect Vendor,mohit@scorpenergy.com,9925345121,0,0
GUJARAT,Botad,SC SOLAR SOLUTION,MAYANK SHAH ViewShortlist VendorSelect Vendor,info@scsolarsolution.in,8780378144,0,0
GUJARAT,Botad,SAVIOR SOLAR ENERGY,Dipti Parmar ViewShortlist VendorSelect Vendor,saviorsolarenergy@outlook.com,8980517729,0,0
GUJARAT,Botad,SAVEGRID ENERGY,SALMAN JALOTARIYA ViewShortlist VendorSelect Vendor,savegridenergy@gmail.com,6355785758,0,0
GUJARAT,Botad,SAVARIYA CORPORATION,SONI DILIPKUMAR AMRUTLAL ViewShortlist VendorSelect Vendor,savariyacorporation@gmail.com,9274166507,0,0
GUJARAT,Botad,SATYAY SOLAR,MANGROLIYA NIKUNJ J ViewShortlist VendorSelect Vendor,satyaysolar@gmail.com,9157716540,0,0
GUJARAT,Botad,SATYASARA ENERGY PRIVATE LIMITED,VISHAL PATEL ViewShortlist VendorSelect Vendor,satyasaraenergy@gmail.com,9909365808,0,0
GUJARAT,Botad,SATYAM SOLAR,MR. RAJNIKANT VITTHALBHAI LIMBANI ViewShortlist VendorSelect Vendor,satyamsolar823@gmail.com,9227941770,0,0
GUJARAT,Botad,SATYAM ELECTRICALS,SATYAM PANDYA ViewShortlist VendorSelect Vendor,satyamelectrical@yahoo.com,9824256257,0,0
GUJARAT,Botad,SATYAKRISHNA LIGHTING,BRIJKUMARI SHAILENDRASINH CHAUHAN ViewShortlist VendorSelect Vendor,SATYAKRISHNALIGHTING@GMAIL.COM,9428369990,0,0
GUJARAT,Botad,SATTVA ENERGIES,DHRUV PATEL ViewShortlist VendorSelect Vendor,sattvaenergies@gmail.com,8401156604,0,0
GUJARAT,Botad,SAT GREENTECH PRIVATE LIMITED,NEEL PANSURIYA ViewShortlist VendorSelect Vendor,satgreentech25@gmail.com,8758957741,0,0
GUJARAT,Botad,SASA ENERGY LLP,YOGESH DALSANIYA ViewShortlist VendorSelect Vendor,sasaenergyllp@gmail.com,9099207722,0,0
GUJARAT,Botad,SARVAYOGAM SOLAR PRIVATE LIMITED,PRINCEKUMAR SHARMA ViewShortlist VendorSelect Vendor,sarvayogamsolar@gmail.com,6356633355,0,0
GUJARAT,Botad,SARJAN CONSTRUCTION PVT LTD,KISHOR PATEL ViewShortlist VendorSelect Vendor,info.solardiv@sarjanconstruction.com,8000052226,0,0
GUJARAT,Botad,SARDAR SOLAR ENERGY PRIVATE LIMITED,YASINMAHMAD GHORI ViewShortlist VendorSelect Vendor,sardarsolarenergypvtltd015@gmail.com,9664915598,0,0
GUJARAT,Botad,SANTKRUPA ELECTRICALS,RATHOD YUVRAJSINH VANRAJSINH ViewShortlist VendorSelect Vendor,santkrupaelectricals19@gmail.com,8849254993,0,0
GUJARAT,Botad,SANJEE ENTERPRISE,DHANKECHA AMITKUMAR JAYANTIBHAI ViewShortlist VendorSelect Vendor,sanjee.enterprise@gmail.com,9157353735,0,0
GUJARAT,Botad,SANJAY SOLAR,SANJAYBHAI SANKHAT ViewShortlist VendorSelect Vendor,sbheaters@gmail.com,7016893192,0,0
GUJARAT,Botad,SANGANI ENTERPRISE,SANGANI SHIVAM HARESHBHAI ViewShortlist VendorSelect Vendor,sanganienterprise1610@gmail.com,8347958992,0,0
GUJARAT,Botad,SANGAM ELECTRONICS CO,ARVINDBHAI MUNJANI ViewShortlist VendorSelect Vendor,info.sangamsolar@gmail.com,9825929552,0,0
GUJARAT,Botad,SAMRUDDH SOLAR,DESAI NITABEN RAYMALBHAI ViewShortlist VendorSelect Vendor,samruddhsolar1@gmail.com,7859827859,0,0
GUJARAT,Botad,SAMRUDDDHI ENTERPRISE,DHARA SAGAR LAMBA ViewShortlist VendorSelect Vendor,samruddhienterprise22@gmail.com,9033676399,0,0
GUJARAT,Botad,SAMPTEL ENERGY PRIVATE LIMITED,Sharadkumar Dhameliya ViewShortlist VendorSelect Vendor,project@samptelenergy.com,9727755187,0,0
GUJARAT,Botad,SAMAR SOLAR,sarfaraj ViewShortlist VendorSelect Vendor,samarsolar183@gmail.com,7046164346,0,0
GUJARAT,Botad,SAMAR ENERGY SOLUTIONS,PATEL KRUNAL KISHORBHAI ViewShortlist VendorSelect Vendor,samarenergysolutions@gmail.com,9662727432,0,0
GUJARAT,Botad,SAICAB TECH PVT LTD,saicabprs ViewShortlist VendorSelect Vendor,info@saicabtech.com,8511130328,0,0
GUJARAT,Botad,SAHJANAND ENTERPRISE,Kamlesh Patel ViewShortlist VendorSelect Vendor,sahjanandeprise@gmail.com,9737671777,0,0
GUJARAT,Botad,SAHAJ SOLAR PRIVATE LIMITED,BHAVIK PARMAR ViewShortlist VendorSelect Vendor,bparmar@sahajsolar.com,7573006832,0,0
GUJARAT,Botad,SAFVI ELECTRICALS SOLUTIONS,MOHAMMAD VASEEM ASAD ALI KHAN ViewShortlist VendorSelect Vendor,safvielectricalssolutions2013@gmail.com,9374754648,0,0
GUJARAT,Botad,SAFFRON RENEWTECH,Sagar Savaliya ViewShortlist VendorSelect Vendor,saffronrenewtech24@gmail.com,7600507557,0,0
GUJARAT,Botad,SAFECON INDUSTRIAL MAINTENANCE & ENGINEERING SERVICES,DEVANAND KAMBARIYA ViewShortlist VendorSelect Vendor,safeconservices2013@gmail.com,9925854491,0,0
GUJARAT,Botad,SADGURU SOLAR SYSTEMS,DARSHAN PRAVINBHAI KALKANI ViewShortlist VendorSelect Vendor,sadgurusolarsystems@gmail.com,9687621666,0,0
GUJARAT,Botad,SADGURU ELECTRICALS,KALPESHBHAI LATHIYA ViewShortlist VendorSelect Vendor,sadguruelectricals23@gmail.com,9714715649,0,0
GUJARAT,Botad,SAAN ELECTRICAL,SALMAN B LULAT ViewShortlist VendorSelect Vendor,saanelectrical@gmail.com,9033735490,0,0
GUJARAT,Botad,S P MULTI ENGINEERING SERVICES,DHAIRYA PATEL ViewShortlist VendorSelect Vendor,spmultiengineeringservices@gmail.com,9104556095,0,0
GUJARAT,Botad,S MEERA ELECTRICALS,GULAMNABI ViewShortlist VendorSelect Vendor,s.meeraelectricals@gmail.com,9328249939,0,0
GUJARAT,Botad,S DIPAK AND CO,NUMBER(S),sdipaksolar@gmail.com,9898664858,0,0
GUJARAT,Botad,RVV SOLAR PRIVATE LIMITED,Rushi vasani,rvvsolarpvtltd@gmail.com,8160825026,0,0
GUJARAT,Botad,RV INFOTECH,VIJAY CHAUDHARY,rvinfotech2020@gmail.com,8141560037,0,0
GUJARAT,Botad,RUPABHAI MAGANBHAI PATEL,RUPABHAI MAGANBHAI PATEL,RMP.GEMPORTAL@GMAIL.COM,9426004861,0,0
GUJARAT,Botad,RUDRASOL ENERGY PRIVATE LIMITED,KAMALESH SHUKLA,rudrasolenergy@gmail.com,9408397604,0,0
GUJARAT,Botad,RUDRAKSH SOLAR POWER,GOSAI KISHANGIRI N,rudrakshsolarpower@gmail.com,9016203365,0,0
GUJARAT,Botad,RUDRAKSH ELECTRICALS,MONIKKUMAR RAMANBHAI PATEL,rudrakshelectricals4@gmail.com,6353460657,0,0
GUJARAT,Botad,RUDRA SOLAR ENERGY,RUDRA SOLAR ENERGY,info.rudrasolar@gmail.com,9427903084,0,0
GUJARAT,Botad,RUDRA SOLAR AND ELECTRICAL,SHAKTISINH GOHIL,rudrasolar2019@gmail.com,9510514672,0,0
GUJARAT,Botad,RUDRA ENTERPRISE,AJAY JAYANTILAL GOHEL,rudraenterprise1110@gmail.com,8758462848,0,0
GUJARAT,Botad,RUDRA ELECTRICALS,RAVIKUMAR SABHANI,ravi.sabhani@rudraelectricals.co.in,9722643233,0,0
GUJARAT,Botad,RSV POWER ENGINEERING,RINKAL KUNAL SUNAVIA,rsv.power.engineering@gmail.com,9033590507,0,0
GUJARAT,Botad,ROYAL ENTERPRISE,NAYAN MAHERIYA,royalenterprise.vadodara@gmail.com,6352205345,0,0
GUJARAT,Botad,ROLEX GREEN ENERGY,MILAN GHEDIYA,ghediyamilan@gmail.com,9429476592,0,0
GUJARAT,Botad,RK RENEWABLE ENERGY & ENGINEERING WORKS,Jayendrasinh Rathod,rkrenewable.engineering2020@gmail.com,9824961523,0,0
GUJARAT,Botad,RITUDHAN SOLAR POWER,DHANESH PATEL,ritudhansolarpower@gmail.com,9879111390,0,0
GUJARAT,Botad,RISING SUN ENERGY,DHRUV PATEL,risingsunenergy2018@gmail.com,7405303305,0,0
GUJARAT,Botad,RISING GREEN ENERGY,PARTH CHAUHAN,rgesolar@gmail.com,9033119375,0,0
GUJARAT,Botad,RISING ENERGY SOLUTIONS,DIPESHKUMAR PATEL,risingenergy@yahoo.com,7990391839,0,0
GUJARAT,Botad,RISHAV POWERTECH LLP,Parth Upadhyay,rishavpowertech@gmail.com,9898203470,0,0
GUJARAT,Botad,RIMPLE CORPORATION LLP,SNEHAL L TALATI,rimpleco@gmail.com,6351076702,0,0
GUJARAT,Botad,RIGHT POWER INFRA PVT LTD,Darshana Upadhyay,darshana@right-infra.com,9898661067,0,0
GUJARAT,Botad,RIDDLE ENERGY PVT. LTD.,JAY NAGJIBHAI DOBARIYA,riddleenergy2101@gmail.com,9879556196,0,0
GUJARAT,Botad,RIA SOLAR,PANKAJ KANANI,riasolar2021@gmail.com,8320210323,0,0
GUJARAT,Botad,RIA POWER,PRAFULBHAI P JOGANI,riapower24@gmail.com,8758463929,0,0
GUJARAT,Botad,RG SOLAR SOLUTIONS,GOVINDBHAI M MAHESHWARI,info@rgsolarsolutions.com,7718719713,0,0
GUJARAT,Botad,REVA RENEWABLES,PRANAMI UPASANI,revarenewables@gmail.com,6358844490,0,0
GUJARAT,Botad,RESONAGE GREEN ENERGY PRIVATE LIMITED,Jayesh Joshi,rgepl2024gujarat@gmail.com,9879402000,0,0
GUJARAT,Botad,RENEWABLE SUN SOLAR,NIKHIL PRAJAPATI,renewablesunsolar@gmail.com,7600201198,0,0
GUJARAT,Botad,RENEW ENERGIES,PRASHANT KHAIRE,information.renew@gmail.com,7405507073,0,0
GUJARAT,Botad,RENEVIK SOLAR SOLUTIONS PRIVATE LIMITED,SEJAL CHAVDA,sejal.c@vikasaryagroup.com,9327572645,0,0
GUJARAT,Botad,RENEURJA ENERGY,HARISHCHANDRA D. CHAUHAN,reneurjaenergy@gmail.com,8460611110,0,0
GUJARAT,Botad,RENESYS POWER SYSTEMS PRIVATE LIMITED,JAY MEHTA,project@renesys.in,7069751110,0,0
GUJARAT,Botad,RENAISSANCE CORPORATE SOLUTIONS PVT. LTD.,Madhusudan Kumar,rcplsolar@gmail.com,9572032363,0,0
GUJARAT,Botad,RELIGHT ENERGY LLP,DHARMENDRASINH GOHIL,relightenergy.info@gmail.com,8000194738,0,0
GUJARAT,Botad,RELIABLE CONSULTING ENGINEERS,JAYMIN FAJALIA,jaymin.fajalia@onlinerce.com,9327168907,0,0
GUJARAT,Botad,REKSON ELECTROTECH,SACHIN RAMJIBHAI DHOKIYA,REKSONELECTROTECH37@GMAIL.COM,9904994494,0,0
GUJARAT,Botad,REGAL ELECTRICALS,Vikarali Baloch,balochvikarali60@gmail.com,8141028100,0,0
GUJARAT,Botad,REFLECTION SOLAR & ENERGY PRIVATE LIMITED,PIYUSHKUMAR BHATT,piyushraval.1984@gmail.com,9725019493,0,0
GUJARAT,Botad,REFLECT SOLAR,DHRUVEN MAKWANA,reflect.solar.energy@gmail.com,9998419211,0,0
GUJARAT,Botad,REEWA SOLAR ENERGY,ASHOKBHAI S HAPALIYA,reewasolarenergy@gmail.com,9879353053,0,0
GUJARAT,Botad,REDSUN SOLAR INDUSTRIES,RIGALKUMAR DAMJI GHETIA,info@redsunin.com,9825632875,0,0
GUJARAT,Botad,RECARE ELECTRICAL LLP,Mitesh Desai,projects.recare@gmail.com,7600184425,0,0
GUJARAT,Botad,REAL MULTIPLE SOLUTIONS,Mehulkumar M Desai,rmssolar.bhavnagar@rediffmail.com,9099722722,0,0
GUJARAT,Botad,RE360,SHASHANK BHAVSAR,gogreen@re360.in,8258976667,0,0
GUJARAT,Botad,RD ENERGY SOLUTIONS,VIJAYRAJSINH GOHIL,rdenergysolutions@outlook.com,8866226473,0,0
GUJARAT,Botad,RAYS RENEWABLE ENERGY,KINJALBEN NAYEE,raysrenewableenergy@gmail.com,7069175139,0,0
GUJARAT,Botad,RAYOLT ENERGY LLP,VIRAL PATEL,info@rayolt.com,9998745706,0,0
GUJARAT,Botad,RAYNEX POWER SOLUTION,YAGNESH THUMMAR,raynexps@gmail.com,8758239470,0,0
GUJARAT,Botad,RAYCAL POWER INFRA PVT LTD,DARSHAN KUMAR PIYUSHBHAI KATBA,darshan@raycal.in,6358196472,0,0
GUJARAT,Botad,RAYBOTIX TECHNOLOGIES PVT LTD,Jaineel Gandhi,info@raybotix.com,9978100900,0,0
GUJARAT,Botad,RAY ENERGY,Varun Trivedi,info.rayenergy@gmail.com,8401481453,0,0
GUJARAT,Botad,RAVIJA ENTERPRISES,BrijeshViradiya,ravijaenterprises09@gmail.com,6356956938,0,0
GUJARAT,Botad,RARA-AVIS RENEWABLE ENERGY PRIVATE LIMITED,SANDIP PATEL,info@raraavisenergy.com,7043374434,0,0
GUJARAT,Botad,RANJAN INDUSTRIES,ranjan28496@gmail.com,ranjan28496@gmail.com,9924818113,0,0
GUJARAT,Botad,RAMSUN ENERGY,RAJAN SUBHASHBHAI GAGLIYA,ramsunenergy09@gmail.com,7984300271,0,0
GUJARAT,Botad,RAMESH POWER POINTS,HANSABEN RAMESHBHAI PATEL,rameshpowerpoint@gmail.com,9825225585,0,0
GUJARAT,Botad,RAMDEV SOLAR SYSTEM,BARAIYA ASHOKBHAI RAGHAVJIBHAI,ramdevsolarsytem@gmail.com,8758911969,0,0
GUJARAT,Botad,RAMAA SOLAR,RISHABH SAJKA,ramaasolar@gmail.com,8866697632,0,0
GUJARAT,Botad,RAJDEEP SOLAR ENERGY PVT. LTD.,DHARMESH SOLANKI,dharmesh@rajdeepsolarnergy.com,9099089749,0,0
GUJARAT,Botad,RAJAVI ELECTRICAL SERVICES,Prajapati Alpeshbhai Amratbhai,rajvielectricalservices@gmail.com,9723613718,0,0
GUJARAT,Botad,RAJANJI ENTERPRISE,RANA SHAHEALAMMOHAMMAD LAVENDRASINHJI,RAJANJI72.LV@GMAIL.COM,8849116749,0,0
GUJARAT,Botad,RAJANI MOTORS,HAIDER ALI SHOKAT ALI RAJANI,rajanimotors21@gmail.com,7227807262,0,0
GUJARAT,Botad,RAJ ELECTRICALS,SUNNY CHAUHAN,solar.rajelectricals@gmail.com,9998656539,0,0
GUJARAT,Botad,RAICHURA ENERGY,MIHIR RAICHURA,raichuraenergy@gmail.com,9879152830,0,0
GUJARAT,Botad,RAGHURAM SOLAR POWER GREEN ENERGY LLP,RAJKUMAR G. DANGAR,raghuramsolar9@gmail.com,7575019877,0,0
GUJARAT,Botad,RADIANT SOLAR SYSTEMS,BHARGAV KIRITBHAI JOSHI,bhargavec40@gmail.com,9408503198,0,0
GUJARAT,Botad,RADIANT SOLAR SOLUTIONS,PARESH@RADIANTSOLARSOLUTION.COM,paresh@radiantsolarsolution.com,9979632096,0,0
GUJARAT,Botad,RADIANT SOLAR ENERGY,Kapil Rameshbhai Sathwara,info@radiantsolarenergy.co.in,9512337513,0,0
GUJARAT,Botad,RADIANT INDIA,RISHABH KOTHARI,RADIANTINDIA007@GMAIL.COM,9163559963,0,0
GUJARAT,Botad,RADIANT GREENS SOLAR,NIKUNJ SAGAR POTRA,info@radiantgreens.in,8140316334,0,0
GUJARAT,Botad,RADIANT GREEN SOLUTIONS,MANTHAN DAVDA,davda.manthan@yahoo.in,9978911803,0,0
GUJARAT,Botad,RABBIT ELECTRICAL AND SOLAR PVT. LTD.,VISHAL BABUBHAI PATEL,respvtltd24@gmai.com,9727646420,0,0
GUJARAT,Botad,RAASON ENERTECH LLP,RAHUL SONAGRA,info@raasonenertech.com,9624768483,0,0
GUJARAT,Botad,R. K. CONSTRUCTION,RAMESH S KAMBARIYA,rkconstruction101@gmail.com,9106065865,0,0
GUJARAT,Botad,R V SOLAR,MAHESH KUMAR RAMANLAL PATEL,rvsolarvijapur@gmail.com,9726801070,0,0
GUJARAT,Botad,R N SALES CORPORATION,PRANAV PANSURIYA,r.tech.2000@gmail.com,9574472134,0,0
GUJARAT,Botad,R K ENTERPRICE,RAVI JAYSWAL,jayswal.ravi@ymail.com,9722252875,0,0
GUJARAT,Botad,R K BHABHOR,RKBHABHOR,rkbhabhor78@gmail.com,9909161378,0,0
GUJARAT,Botad,R C ELECTRICALS,MANTHAN UNAGAR,info@rcelectricals.in,9824757160,0,0
GUJARAT,Botad,R B RENEWABLES LLP,MADHU M. SHARMA,info@brrenewables.com,9898985672,0,0
GUJARAT,Botad,QORX ENERGY,NUMBER(S),qorxenergy1366@gmail.com,9904000629,0,0
GUJARAT,Botad,PYRAMID PROJECTS,Jayendrsinh Makwana,pyramidsolarindia@gmail.com,9726430137,0,0
GUJARAT,Botad,PV RENEWABLES,Keyur Dudhat,keyurdudhat871@gmail.com,9714872871,0,0
GUJARAT,Botad,PV RAYS ENERGY,PRADIP RAKHASIYA,pvraysenergy@gmail.com,9898097222,0,0
GUJARAT,Botad,PURNIMA SOLAR ENERGY,PURNIMABEN ROHITBHAI PATEL,rpateldeesa@gmail.com,9824320856,0,0
GUJARAT,Botad,PURMA ENERGY PVT LTD,Pooja Patil,purmaenergy@gmail.com,7069628193,0,0
GUJARAT,Botad,PROTON POWER SERVICE,PRATIK PATEL,sprotonpower@gmail.com,9033765370,0,0
GUJARAT,Botad,PROSTARM INFO SYSTEMS LIMITED,BHALABHAI ASAL,mktg.ahm@prostarm.com,9316466272,0,0
GUJARAT,Botad,PROSPER ENTERPRISE,NIRAJ VASAVA,prosperenterprise07@gmail.com,9824420913,0,0
GUJARAT,Botad,PRODES CONSULTING ENGINEERS PRIVATE LIMITED,RAJIV RANJAN PRAKASH,rajiv.ranjan.prakash786@gmail.com,8690444556,0,0
GUJARAT,Botad,PRIYANKA ENTERPRISE,HEMANSHU PATEL,enterpriseriya8002@gmail.com,9913032779,0,0
GUJARAT,Botad,PRIVA ENTERPRISE,Vicky Sheth,vickysheth1987@gmail.com,9825241949,0,0
GUJARAT,Botad,PRISM ECOENERGIA PRIVATE LIMITED,MAHESHBHAI M KUMBHANI,info@prismecoenergia.com,9704710101,0,0
GUJARAT,Botad,PRISHA CORPORATION,BHAUMIK PATEL,prishacorporation183@gmail.com,9825505023,0,0
GUJARAT,Botad,PRINIX POWER OPC PRIVATE LIMITED,DIVYANG PATEL,prinixpower@gmail.com,7600755058,0,0
GUJARAT,Botad,PRINCE ELECTRICAL,HARSH PATEL,princeelectrical20@gmail.com,8866507173,0,0
GUJARAT,Botad,PRIME ENERGY,JAYESH DUDHAT,primeenergy321@gmail.com,9512022199,0,0
GUJARAT,Botad,PRIDE SOLAR ENERGY LLP,URVIL V SHELADIA,Pridesolarenergyllp@outlook.com,9664975264,0,0
GUJARAT,Botad,PRATYUSH RENEWABLE ENERGY PRIVATE LIMITED,MR. NIRAJ DAVE,pratyushrenewables@gmail.com,8780737839,0,0
GUJARAT,Botad,PRATIKSHA ENTERPRISE,SANJAYKUMAR G SINDHA,pratikshaenterprise1006@gmail.com,8238516417,0,0
GUJARAT,Botad,PRASHANT ENTERPRISE,PRASHANT PATEL,prashantenterprise.solar@gmail.com,9409337000,0,0
GUJARAT,Botad,PRANIL CORPORATION,Bhadresh Janardan Pandya,riddhistart@yahoo.co.in,9825411575,0,0
GUJARAT,Botad,PRANIK POWER INFRA PRIVATE LIMITED,PRAHAR TRIVEDI,solar.pranik@gmail.com,9925237347,0,0
GUJARAT,Botad,PRAKASH PUMP INDUSTRIES,PRAVIN VACHHANI,prakashpumpindustries@gmail.com,9687222263,0,0
GUJARAT,Botad,PRAHAR SOLAR SOLUTIONS,VANADAN VINODBHAI CHAUHAN,info.praharsolar@gmail.com,9016360702,0,0
GUJARAT,Botad,PRAGATI URZA PRIVATE LIMITED,NUMBER(S),pragatiurza@gmail.com,8347009697,0,0
GUJARAT,Botad,PRAGATI ENTERPRISE,CHIRAG THAKOR,pragatienterprise1985@gmail.com,9825254567,0,0
GUJARAT,Botad,POWERTRONICS TECHNOLOGY,MADHUSUDAN VIJAYSINH GOHIL,powertronics1990@gmail.com,9974772070,0,0
GUJARAT,Botad,POWERTRAC INDUSTRIES LIMITED,Hiren Parmar,info@powertracsolar.com,7573014610,0,0
GUJARAT,Botad,POWERTECH ENGINEERS SURAT,SANAT BAROT,sanatbarot@gmail.com,9377625242,0,0
GUJARAT,Botad,POWERSOL,Sachin Jain,office@re.digital,9016681762,0,0
GUJARAT,Botad,POWERON ELECTRICAL,RATAN PATEL,poweron.electricalservice@gmail.com,7990528002,0,0
GUJARAT,Botad,POWERMAC TECHNOLOGY,VIRENDRA RANA,info@powermacgroup.com,9099939972,0,0
GUJARAT,Botad,POWER TECH ENERGY SOLUTUIONS,DWIP PARIKH,epc@ptes.in,6357502081,0,0
GUJARAT,Botad,POWER SYSTEM,MAHESH PARMAR,powersystem2k11@gmail.com,9898068224,0,0
GUJARAT,Botad,POWER RISE,AKSHAY KISHORBHAI PATEL,powerrise16@gmail.com,8460145311,0,0
GUJARAT,Botad,POWER PLUS ENERGY,KISHANKUMAR BHARATBHAI PATEL,powerplussolarenergy@gmail.com,9998183339,0,0
GUJARAT,Botad,POWER PLUS,CHAUDHARY PARESHKUMAR BHAGVANBHAI,powerplusbhabhar@gmail.com,8128435584,0,0
GUJARAT,Botad,POWER PACK SOLUTIONS,KARAN DESAI,powerpacksolutions12195@gmail.com,9725787004,0,0
GUJARAT,Botad,POWER GENESYS ENERGY SOLUTIONS PRIVATE LIMITED,subbusolar,subbu@powergenesys.com,8618279431,0,0
GUJARAT,Botad,POOJA ELECTRICALS,RAHUL DINESHBHAI MISTRY,PE9711@gmail.com,8758668166,0,0
GUJARAT,Botad,POOJA ELECTRICALS,ANAND UPADHYAY,poojaelectrical21@gmail.com,7434034056,0,0
GUJARAT,Botad,POINTER INSTRUMENTS SERVICES,PATEL MAYURKUMAR,pointer1729@gmail.com,9033543187,0,0
GUJARAT,Botad,PLUGIN ELECTRICAL,MIT PATEL,info@pluginelectrical.in,9512020316,0,0
GUJARAT,Botad,PIXON GREEN ENERGY PRIVATE LIMITED,SUMIT MEHTA,tender@pixonenergy.in,7229035912,0,0
GUJARAT,Botad,PHOTOVOLTAIC SOLAR,Jay Thakkar,info@photovoltaicsolar.in,8866488000,0,0
GUJARAT,Botad,PHOTONICS WATERTECH PRIVATE LIMITED,BIREN PATEL,vasant@photonicslights.com,6353704460,0,0
GUJARAT,Botad,PHOENIX RENEWABLE ENERGY,TEJAS R BAROT,PHOENIXRE6@GMAIL.COM,9586110114,0,0
GUJARAT,Botad,PHOENIX CREATIONS LIMITED,VISHAL PATEL,phoenixcreations2011@gmail.com,9978578599,0,0
GUJARAT,Botad,PETLAD SOJITRA TALUKA SAURAURJA UTPADAK SAHKARI MANDALI LIMITED,TRUSHAR PATEL,pssumandali@gmail.com,8140968999,0,0
GUJARAT,Botad,PEGASUS POWER AND INFRA LLP,info@pegasusllp.com,info@pegasusllp.com,8160259454,0,0
GUJARAT,Botad,PEAKSUN ENERGY PRIVATE LIMITED,YOGESH PATEL,info@peaksunenergy.co.in,7486089901,0,0
GUJARAT,Botad,PDF ENGINEERS PRIVATE LIMITED,JAY VAGHELA,project2.pepl@gmail.com,8803910391,0,0
GUJARAT,Botad,PAVAN ENERGY,MAULIK CHAUDHARI,pavanenergy1209@gmail.com,7016265112,0,0
GUJARAT,Botad,PATEL JOYATABHAI GALABHAI,JOYTABHAI GALABHAI PATEL,pateljoytabhai1134@gmail.com,9724674544,0,0
GUJARAT,Botad,PATEL ELECTRONICS,HARDIK PATEL,hardikpatelelec@gmail.com,9377767508,0,0
GUJARAT,Botad,PATEL ELECTRICALS,Tasvin K. Jakhaniya,info.patelelectricals@gmail.com,9998896555,0,0
GUJARAT,Botad,PASHAVA ENERGY PRIVATE LIMITED,BHARGAV ANAND,pashavaenergy@yahoo.com,9909904332,0,0
GUJARAT,Botad,PARTHKUMAR VIKRAMBHAI KAMANIYA,PARTH VIKRAMBHAI KAMANIYA,kpv2322@gmail.com,9313098584,0,0
GUJARAT,Botad,PARTH SALES,HARICHANDRASINH CHAMANSINH RAOL,parthsalessolar@gmail.com,9712426671,0,0
GUJARAT,Botad,PAROT RENEWABLES LIMITED,NANANI GAURAV KIRANKUMAR,gn@parotrenewables.com,9274692942,0,0
GUJARAT,Botad,PARMAR ENTERPRISE,Parmar jeet,parmarenterprise2024@gmail.com,9574944345,0,0
GUJARAT,Botad,PARK SHELDRAKE,Karan Tarar,parksheldrake@gmail.com,7862991878,0,0
GUJARAT,Botad,PARISHRAM INFOENERGY,HARSH PATEL,parishraminfoenergy@gmail.com,9909433132,0,0
GUJARAT,Botad,PARESH S. VAIDYA,PARESH S VAIDYA,parvaidya2012@gmail.com,9879529203,0,0
GUJARAT,Botad,PARECHA ENTERPRISES,Sagar Parecha,sagarmparecha999@gmail.com,9537704244,0,0
GUJARAT,Botad,PARAS TECHNOCRAT PVT. LTD,PARTH TUSHARKUMAR JHAVERI,info@parastechnocrat.in,7621983131,0,0
GUJARAT,Botad,PANCHAMRUT ENTERPRISE,Ishvar Prajapati,panchamrut2019@gmail.com,7016103662,0,0
GUJARAT,Botad,P.M.BAROT GREEN ENERGY,JAY PRAVINBHAI BAROT,jaybarotkdbm@gmail.com,9327129667,0,0
GUJARAT,Botad,P C LINK ENTERPRISE,PATEL HITESHBHAI,pclinkenterprise@gmail.com,8238053941,0,0
GUJARAT,Botad,P AND N ENGINEERING AND MARKETING,PANDN ENGINEERING,pandnsolarenergy@gmail.com,7622023251,0,0
GUJARAT,Botad,OXEN ENERGIES,BIPIN SAVALIYA,oxenenergies@gmail.com,8866699444,0,0
GUJARAT,Botad,ORTEX CORPORATION,DIPENDRA UPADHYAY,ortexcorporation@gmail.com,9276103457,0,0
GUJARAT,Botad,OORJA ELECTRIC,Lilaben Patel,oorjaforeveryone@gmail.com,9067598727,0,0
GUJARAT,Botad,ONIX RENEWABLE LIMITED,NAMAN VIRADIYA,naman.viradiya@onixrenewable.in,9586043661,0,0
GUJARAT,Botad,ONETIME SOLAR SYSTEM,BHAVIN GOTHI,onetimesolarsystem@gmail.com,9925296957,0,0
GUJARAT,Botad,OMKARA INFOTECH,Karmata Jayeshkumar Hakmabhai,omkarinfotechlakhani@gmail.com,9428847854,0,0
GUJARAT,Botad,OMEGA ELECTRICALS,JAYESH PATEL,omele452@gmail.com,9979888452,0,0
GUJARAT,Botad,OM SOLAR SYSTEMS,KEYUR JOGI,omsolarsystems.rjt@gmail.com,8141405557,0,0
GUJARAT,Botad,OM SOLAR,VIPUL KANTILAL PATEL,VIPULKUMARPATEL43@YAHOO.IN,9714384884,0,0
GUJARAT,Botad,OM SHANTI SOLAR GROUP,SAGAR K PAMBHAR,omshantisolar@gmail.com,8530122612,0,0
GUJARAT,Botad,OM SHANTI MACHINERIES EXIM,Milan Bhimani,grandosolar@gmail.com,9824868078,0,0
GUJARAT,Botad,OM SALES ENTERPRISE,TARUNKUMAR KALYANBHAI AHIR,rahul.redrenbardoli@gmail.com,9428631515,0,0
GUJARAT,Botad,OM ELECTRICALS SERVICES,ANANT MAHERA,omelectricals2104@gmail.com,9998004891,0,0
GUJARAT,Botad,OM ELECTRICALS,OM ELECTRICALS,jaydratsinhzala09@gmail.com,9265589234,0,0
GUJARAT,Botad,ODHAV ENTERPRISE,VASHRAM TALSHABHAI CHAUDHRI,odhaventerpriseindia@gmail.com,9033231303,0,0
GUJARAT,Botad,OCTA ENTERPRISE,KISHAN MALAVIYA DESIGNATION,octaenterprise7@gmail.com,8469023543,0,0
GUJARAT,Botad,OCEANIC POWER ENGINEERS PRIVATE LIMITED,SOYEB PATEL,oceanicpower.in@gmail.com,7778065600,0,0
GUJARAT,Botad,NYALKARAN RENEWABLE ENERGY,VAIBHAV PATEL,nyalkaranrenewableenergy@gmail.com,9998473073,0,0
GUJARAT,Botad,NYALKARAN ENERGY LLP,KAUSHIK ADROJA,kaushik@nyalkaranenergy.com,9825412783,0,0
GUJARAT,Botad,NVVP GREEN ENERGY PRIVATE LIMITED,VRUSHANK B PATEL,nvvpgreenepl@gmail.com,9979941234,0,0
GUJARAT,Botad,NUJUM INDUSTRIES PRIVATE LIMITED,YASIR SHABBIR KANDOI,thenujum@gmail.com,9375188422,0,0
GUJARAT,Botad,NU SOLAR INFRACON PRIVATE LIMITED,NEEL SHAH,nu.solar.infracon@gmail.com,9033181196,0,0
GUJARAT,Botad,NRS SOLAR SOLUTION,PRAMOD KUMAR KANSARA,info.nrssolarsolution@gmail.com,8488953026,0,0
GUJARAT,Botad,NORTHGREEN ENERGY PVT LTD,HAARD BARBHAIYA,solar@northgreenenergy.com,9099931707,0,0
GUJARAT,Botad,NJ ELECTRICALS,NIRAVKUMAR JAYESHBHAI JOSHI,njelectricals.21@gmail.com,9886309619,0,0
GUJARAT,Botad,NIVAN ENERGY,BHAVIN KATARIYA,nivanenergy@gmail.com,9998820905,0,0
GUJARAT,Botad,NISHRAY SOLAR,ANKIT SHAH,mkshahexport@gmail.com,9825409639,0,0
GUJARAT,Botad,NIRAJ TRADERS,NIRAJ JOSHI,nirajtraders@yahoo.com,9825030321,0,0
GUJARAT,Botad,NINE TECH AUTOMATION,PATEL NAYAN KANUBHAI,ninetechautomation09@gmail.com,9313375388,0,0
GUJARAT,Botad,NILKANTH ENTERPRISE,NIKUL HARIBHAI CHOVATIYA,nilkanthenterprise96@gmail.com,9157369603,0,0
GUJARAT,Botad,NILKANTH ENGINEERING,SAGAR J MARKANA,nilkanthengineering9@gmail.com,8155928825,0,0
GUJARAT,Botad,NILESH ENGINEERS,KALPESH BHUVA,nileshengineers57@gmail.com,9033005732,0,0
GUJARAT,Botad,NIHAL ENTERPRISE,REHANABEN GULABBHAI DONAKIYA,rehanadonakiya786@gmail.com,8733978072,0,0
GUJARAT,Botad,NIDHI ELECTRICALS,UMANG THAKKAR,thakkarumang82@gmail.com,9409322020,0,0
GUJARAT,Botad,NEWYORK ENGINEERING CO.,HITESH THAKRAR,akashenergysolar@gmail.com,9824206059,0,0
GUJARAT,Botad,NEW RESEARCH TECHNOLOGY,DIPAK JETHAVA,nrtsolar@gmail.com,9427809253,0,0
GUJARAT,Botad,NETWORK SOLUTION,KETAN DAVARIYA,network.solution.raj@gmail.com,9227707042,0,0
GUJARAT,Botad,NES ENERGY SOLUTIONS,HARDIK SHAH,info.nesenergy@gmail.com,9825071551,0,0
GUJARAT,Botad,NEOTERIX SOLUTION PVT. LTD.,DISHANT JEGATIA,neoterixsolutions@gmail.com,9414010579,0,0
GUJARAT,Botad,NEOCENT SOLAR SYSTEM LLP,MAYANK PATEL,m.neocent@gmail.com,9974710486,0,0
GUJARAT,Botad,NEETY EURO ASIA SOLAR ENERGY,Falgun Bhatt,falgun@nease.in,9909595442,0,0
GUJARAT,Botad,NEELKANTHESHWAR SOLAR ENERGY,SATYAM DINESHBHAI PATEL,neelkantheshwarsolarenergy@gmail.com,8460048549,0,0
GUJARAT,Botad,NAYRA ELECTRONICS,PARESH PARMAR,info.nayraelectronics@gmail.com,9054244430,0,0
GUJARAT,Botad,NAVKALP GROUPS,MAULIK NAVNITBHAI BHOJAK,navkalprenewable@gmail.com,8460109090,0,0
GUJARAT,Botad,NAVI ENERGY,KISHAN THUMMAR,contact@navienergy.in,9979435742,0,0
GUJARAT,Botad,NATURE CARE ADVISORS,ISHWAR DESAI,naturecare.gujarat@gmail.com,8469991098,0,0
GUJARAT,Botad,NAMAH SOLAR ENERGY,BIREN VASANI,namahsolar@gmail.com,6351500821,0,0
GUJARAT,Botad,NAKSHATRA INFOSYS,PANKAJKUMAR PARSHOTAMBHAI BHALALA,nakshatrainfosys178@gmail.com,9909697193,0,0
GUJARAT,Botad,NAKSH POWER,Parmar Bhumikaben Dharmeshbhai,bhumikarana1989@gmail.com,8141113593,0,0
GUJARAT,Botad,N J ENERGY,Nehalkumar Panchal,nj.energy9@gmail.com,7487022943,0,0
GUJARAT,Botad,MS SOLAR SPARK,MEETKUMAR CHANDUBHAISAVANI,mssolarspark7@gmail.com,9825590311,0,0
GUJARAT,Botad,MS SOLAR,sherasiya mujahid fatamaben,shersiyamujahid@gmail.com,9725097291,0,0
GUJARAT,Botad,MOVA GREEN ENERGY,MOHIT PATEL,movagreenenergy1112@gmail.com,7778033298,0,0
GUJARAT,Botad,MOTHER ELECTRICALS,NUMBER(S),motherelectricals@yahoo.com,8128105018,0,0
GUJARAT,Botad,MNS GLOBAL ENGINEERING AND SERVICES,SHASHIKANT RATHOD,mnsglobalengineeringservices@gmail.com,9727207075,0,0
GUJARAT,Botad,MK ENTERPRISE,moinkhan,mkenterprise061@gmail.com,8780069239,0,0
GUJARAT,Botad,MK ELECTRICALS,DIGANT SHAH,digant.shah10@gmail.com,9825349554,0,0
GUJARAT,Botad,MJR INDUSTRIES PRIVATE LIMITED,MJR INDUSTRIES PRIVATE LIMITED,mjrindustriespvtltd@gmail.com,9426998993,0,0
GUJARAT,Botad,MITTALS GREEN ENERGY PRIVATE LIMITED,Mittals_2025,info@mittalsgreenenergy.com,8053004999,0,0
GUJARAT,Botad,MITRAYA ELECTRICAL,SANJAY CHAUHAN,mitrayaelectrical@gmail.com,7016415834,0,0
GUJARAT,Botad,MITRA SOLAR ENERGY,ANKIT PATEL,mitrasolarenergy@gmail.com,9725777143,0,0
GUJARAT,Botad,MITCON CONSULTANCY AND ENGINEERING SERVICES LTD,Sandip Bhosale,tendercell@mitconindia.com,7447420680,0,0
GUJARAT,Botad,MICROVISE SOLUTIONS,CHANDULAL MAJITHIYA,info@microviseindia.com,7778092462,0,0
GUJARAT,Botad,MH POWER SYSTEM,JAINISH B. PATOLIA,info.mhpowersystem@gmail.com,9016581006,0,0
GUJARAT,Botad,MFINS SERVICES PVT. LTD.,Santosh Gupta,vidya@m-fins.in,8356843342,0,0
GUJARAT,Botad,MESHWA ENTERPRISE,Soniyaben Hemantbhai Patel,meshwaelectricals@gmail.com,9574409148,0,0
GUJARAT,Botad,MERIDIAN INTERNATIONAL,ASHISHKUMAR BHIKHUBHAI GHETIA,ghetiya.ashish@gmail.com,7990847552,0,0
GUJARAT,Botad,MEKTECH SOLUTION,CHAHIL SAPKAL,mektechsolution@gmail.com,7984595405,0,0
GUJARAT,Botad,MEHUL ELECTRIC,BHIMANI HARDIK MANSUKHBHAI,fivestarsolar2025@gmail.com,7984547908,0,0
GUJARAT,Botad,MEERASUN ENERGY,MANISH SHRIMALI,meerasunenergy@gmail.com,9016680239,0,0
GUJARAT,Botad,MEERA SUN ENERGIES,AMRISH JOSHI,info@meerasunenergies.com,8200447359,0,0
GUJARAT,Botad,MEENA SOLAR,RIPAL SONPAL,ripalsonpal@gmail.com,8408944904,0,0
GUJARAT,Botad,MECPOWER SOLUTIONS LIMITED,MANOJ SHAH,tender@mecpower.in,9328911577,0,0
GUJARAT,Botad,MEAN RAYS RENEWABLE POWER PRIVATE LIMITED,RITA D PATEL,sales.meanrays@gmail.com,9898251352,0,0
GUJARAT,Botad,MD ENERGIES,VISHAL NAKRANI,mdenergies01@gmail.com,9099260004,0,0
GUJARAT,Botad,MBTION ENGINEERING,JANAK JOSHI,mbtionengineering@gmail.com,8320565108,0,0
GUJARAT,Botad,MAXSUN ENERGY PRIVATE LIMITED,Brijesh rokad,maxsunsolarenergy@gmail.com,7990361324,0,0
GUJARAT,Botad,MAXIM ENERGY,PARTH HIRAPARA,maximenergy21@gmail.com,9265123804,0,0
GUJARAT,Botad,MAXIFLUENCE TECHNOVATE LLP,AALAP RANPURA,info@maxifluencetechnovate.com,9662298809,0,0
GUJARAT,Botad,MATRIX ENTERPRISE,NUMBER(S),matrixsolar41@gmail.com,8905314234,0,0
GUJARAT,Botad,MATCH ELECTRONICS AND EXPORT,Mr Hiren N Shah,matchsolarenergy@gmail.com,9879538585,0,0
GUJARAT,Botad,MARUTI SOLAR SYSTEMS,DINESH NAVAR,dinesh.navar@gmail.com,9409080149,0,0
GUJARAT,Botad,MARUTI SOLAR PUMP SYSTEM,DIVYABEN SANDIPBHAI PATEL,patelsandip0226@gmail.com,9426849250,0,0
GUJARAT,Botad,MARUTI ENTERPRISE,Hitesh,marutienterprise148@gmail.com,7698803938,0,0
GUJARAT,Botad,MARUTI ENTERPRISE,BHAUTIK PRINCE,maruti.enterprise0915@hotmail.com,8866239646,0,0
GUJARAT,Botad,MARUTI ENERGY,PRASHANT VAISHNAV,marutienrgy@gmail.com,9033408939,0,0
GUJARAT,Botad,MARUTI ELECTRICALS,LOVE K PATEL,info.maruti16@yahoo.com,9727474683,0,0
GUJARAT,Botad,MANAN SOLAR,Atul Joshi,manansolar2022@gmail.com,9714352719,0,0
GUJARAT,Botad,MAKE INSIDE SOLUTIONS,CHIRAG PATEL,info@makeinside.co.in,9898302030,0,0
GUJARAT,Botad,MAHISAGAR SOLAR ENERGY,NAITIK PANCHAL,mahisagarsolarenergy23@gmail.com,8200154972,0,0
GUJARAT,Botad,MAHEK SOLAR POWER,HEMANT GORE,mahek.tech1@gmail.com,9925805953,0,0
GUJARAT,Botad,MAHAVEER ENTRPRISE,BHAUMIK PATEL,me.solarmaster@gmail.com,7878647771,0,0
GUJARAT,Botad,MAHALAXMI ELECTRICALS - AHEMDABAD,HITESH PATEL,mahalaxmi.electricals_07@yahoo.com,8238914975,0,0
GUJARAT,Botad,MAHAKALI POWER,CHIRAG B.DAVRA,mahakalipower9252@gmail.com,9687209519,0,0
GUJARAT,Botad,MAHADEV SOLAR ENTERPRISE,Patel Naimesh D,mahadevsolar2526@gmail.com,8758610449,0,0
GUJARAT,Botad,MAHADEV SOLAR ENETERPRISE,CHOPADA RAJIBEN RAMESHBHAI,mahadevsolarjamnagar@gmail.com,9978999939,0,0
GUJARAT,Botad,MAHADEV SALES AGENCY,Raval Kishankumar Dashrathbhai,mahadevsolarproject@gmail.com,7393939139,0,0
GUJARAT,Botad,MAGLARE TECHNOLOGIES PVT.LTD.,HITENKUMAR M SHINGALA,info@maglare.com,8460183838,0,0
GUJARAT,Botad,MADYSON ELECTRICAL,SRUJAL PATEL,madyson.electrical41@gmail.com,9998864567,0,0
GUJARAT,Botad,MADHAV GREEN ENERGY,KISHAN TRIVEDI,madhavgreene@gmail.com,9408102358,0,0
GUJARAT,Botad,MADHAV ENTERPRISE,Shailesh Patel,madhavsolarshop@gmail.com,7990485674,0,0
GUJARAT,Botad,MADHAV ENERGY SOLUTION,SUTHAR RAHULKUMAR M.,info.madhavenergy@gmail.com,9408354018,0,0
GUJARAT,Botad,MADHAV ELECTRICAL,MAHARSHI DAVE,madhavelectrical23@gmail.com,9426755766,0,0
GUJARAT,Botad,MAA MOGAL ENTERPRISE,VIRAT JITENDARBHAI RATHOD,maamogale1999@gmail.com,8401237990,0,0
GUJARAT,Botad,M/S. BRAMHA VISHNU MAHESH INFRASTRUCTURE,UMANG DAVE,BVM.INFRASTRUCTURE@REDIFFMAIL.COM,9099980199,0,0
GUJARAT,Botad,M SUN ENERGY,TILVA KULIN S,msunenergy30@gmail.com,9104145599,0,0
GUJARAT,Botad,M S ENERGY,Jatinbhai M Baldaniya,msenergy2021@gmail.com,7265939104,0,0
GUJARAT,Botad,M R ENTERPRISE,RAKESH SHIVRAMBHAI DHUMAL,mrenterprisesolar@gmail.com,9924370232,0,0
GUJARAT,Botad,M M PARMAR,M.M.PARMAR,sunlightenergy09@outlook.com,9227092099,0,0
GUJARAT,Botad,M AND P POWER SOLUTIONS,PRAKASH KUMAR,mnppowersolutions2021@gmail.com,9537006733,0,0
GUJARAT,Botad,LUCRATIVE ENERGY PRIVATE LIMITED,AASHUTOSH CHATURVEDI,lucrativein24@gmail.com,9408152427,0,0
GUJARAT,Botad,LUCIDUS ENERGY PRIVATE LIMITED,RAJESH JAIN,lucidusenergy21@gmail.com,9327990722,0,0
GUJARAT,Botad,LOGICTECH SOLAR AND AUTOMATION PVT LTD,HITESH GOLANI,logictechsolar@gmail.com,9429580846,0,0
GUJARAT,Botad,LOBEL SOLAR POWER SYSTEM,FENIL BHAVSAR,info@lobelpower.com,9327007854,0,0
GUJARAT,Botad,LIGHTRIC POWER SOLUTION,BHAUMIK PATEL,lightricpower@gmail.com,6355768984,0,0
GUJARAT,Botad,LIFE MAGIC MARVELL STORE PRIVATE LIMITED,LIFE MAGIC SOLAR,lifemagicmarvel@gmail.com,9098698493,0,0
GUJARAT,Botad,LED LIGHT HOUSE,PATEL VAISHALIBEN PRASHANTBHAI,ledlighthouse161921@gmail.com,9624132754,0,0
GUJARAT,Botad,LAXMI HI TECH,MIHIR GAJERA,laxmihitech36@gmail.com,7046494649,0,0
GUJARAT,Botad,LA CARTE RETAILERS PVT LTD,SANJAY SHAH,lacarte09@gmail.com,9909920700,0,0
GUJARAT,Botad,L L ELECTRICALS,Limbabhai Gajera,llelect89@yahoo.com,9879078908,0,0
GUJARAT,Botad,L G ELECTRICALS,LIYAKATKHAN PATHAN,lgelectricals29@gmail.com,9825949200,0,0
GUJARAT,Botad,KVP SOLAR AND SOLUTION,KALPESH SONI,kvpsolarandsolution.22@gmail.com,9033343105,0,0
GUJARAT,Botad,KUTCH SOLAR AND EV,DILIP LUHAR,kutchsolarev@gmail.com,9725436751,0,0
GUJARAT,Botad,KUNTHU CONSULTANTS PVT LTD,NEELESH MUTHA,neelesh@kunthusolar.com,7405992700,0,0
GUJARAT,Botad,KT SOLAR ENERGY,Karan Yogesh Patil,KTSOLARENERGY14418@GMAIL.COM,9033092122,0,0
GUJARAT,Botad,KSHETRAPAL GREEN ENERGY,JIGNABEN MANSHUKHBHAI DANKHARA,kshetrapalgreenenergy@gmail.com,7874098869,0,0
GUJARAT,Botad,KRIVI ENERGY PRIVATE LIMITED,Krivi Energy Private Limited,solar@krivienergy.com,9326275972,0,0
GUJARAT,Botad,KRIVA TECHNOLOGIES,RITESH GOHIL,krivasolartechnologies@gmail.com,7227074480,0,0
GUJARAT,Botad,KRITA GREEN ENERGY,RAJIV POPAT,admin@kritagreenenergy.in,9824998266,0,0
GUJARAT,Botad,KRISHNA ENTERPRISE,TAPAN R RASTE,krishnaenterprise4568@gmail.com,9712658209,0,0
GUJARAT,Botad,KRISHIVA INNOVATIVES,NUMBER(S),info@krishivainnovatives.com,9409435861,0,0
GUJARAT,Botad,KRISHIV ENTERPRISE,PANSURIYA JAIVIN SAMJUBHAI,jevinpansuriya4@gmail.com,7359294060,0,0
GUJARAT,Botad,KRISHA SOLAR & AGRO INDUSTRIES,Nipesh Dabhi,krishasolarandagro21@gmail.com,9574856582,0,0
GUJARAT,Botad,KREYA ENTERPRISES,Bhaumik Patel,kreyaentp@gmail.com,6359233332,0,0
GUJARAT,Botad,KP GREEN ENGINEERING LIMITED,MOINULHAQUE KADVA,imam.syed@kpgroup.co,9104677596,0,0
GUJARAT,Botad,KOTSON PROJECTS PRIVATE LIMITED,KRUNAL PANCHAL,kotsonprojects@gmail.com,9978909595,0,0
GUJARAT,Botad,KOTHIYA ELECTRIC CONTRACTOR,ATULBHAI RAVJIBHAI KOTHIYA,kothiyaelectric@gmail.com,9913212056,0,0
GUJARAT,Botad,KONARK,VIRAL KUMAR,heykonark@gmail.com,7016013500,0,0
GUJARAT,Botad,KK SOLAR TECHNOLOGY,KUSHAL KACHHIYA,kksolartechnology@gmail.com,9586118331,0,0
GUJARAT,Botad,KK ENTERPRISE,KRUSHAL LATHIYA,LATHIYA410@GMAIL.COM,9925590208,0,0
GUJARAT,Botad,KITE SOLAR ENERGY,DEVENDRAKUMAR POPATLAL PATEL,kitesolarenergy@gmail.com,6352523489,0,0
GUJARAT,Botad,KIRTAN MARKETING,SHILUBHAI PATEL,kirtanmarketing@gmail.com,9714440026,0,0
GUJARAT,Botad,KIRTAN BATTERIES,ABHANI PARESHKUMAR VINODRAY,kirtanbatteries26@gmail.com,7043337333,0,0
GUJARAT,Botad,KIRAN SOLAR TECH PT. LT,JATIN TRIVEDI,info@kiransolartech.com,9800932333,0,0
GUJARAT,Botad,KHUSHI SOLAR,Dhruvini Patel,khushisolar13.info@gmail.com,7600094866,0,0
GUJARAT,Botad,KHUSHI IRRIGATION AND SOLAR,SHARMISTHA PATEL,khushi.irrigationandsolar@gmail.com,9638370303,0,0
GUJARAT,Botad,KHODIYAR ENTERPRISE,MAHENDRA P. NAKUM,k_enter_m@rediffmail.com,9825162853,0,0
GUJARAT,Botad,KHODIYAR ELECTRICAL,Alpesh Patel,khodiyarelectrical9199@gmail.com,6355714181,0,0
GUJARAT,Botad,KHANAK SYSTEM,RAJAN JARIWALA,khanaksystem@yahoo.com,9824751581,0,0
GUJARAT,Botad,KESHWALA ENGINEERING CO.,RAMBHAI KESHWALA,RKESHWALA26@GMAIL.COM,7575082097,0,0
GUJARAT,Botad,KASTBHANJAN SOLAR,DIKSHIT MORADIAY,kastbhanjansolar@gmail.com,9099863647,0,0
GUJARAT,Botad,KASHYAP INFRAPROJECTS PVT. LTD.,HIREN D BHAVSAR,info@kashyap.in,9898031010,0,0
GUJARAT,Botad,KARMA POWER,MAYURBHAI JAYANTIBHAI VEKARIYA,karmapower001@gmail.com,8849370511,0,0
GUJARAT,Botad,KARM ENTERPRISE,KHUNT TUSHAL BHARATBHAI,KARMSOLAR24@GMAIL.COM,9586363071,0,0
GUJARAT,Botad,KANHA ENTERPRISE,Jay Patel,kanhaenterprise4161@gmail.com,6355636703,0,0
GUJARAT,Botad,KAMAXI ELECTRICAL ENGINEERS,DHARMESH PATEL,dharmesh@kamaxielectricals.com,9974744036,0,0
GUJARAT,Botad,KALPTARU RENEWABLE POWER PVT LTD,support@kalptaru.co,support@kalptaru.co,7600780720,0,0
GUJARAT,Botad,KAIZEN UNIVERSAL PRIVATE LIMITED,Ketankumar Nathubhai Shah,ketan@kaizen.in,9825119674,0,0
GUJARAT,Botad,KAIZEN NOW,YOGESH PUROHIT,kaizennowahd@gmail.com,9978985558,0,0
GUJARAT,Botad,KAGI RENEWABLE ENERGY,JIGAR RAJ,info.kagirenew@gmail.com,8401935902,0,0
GUJARAT,Botad,KAASHIVA POWER INNOVATIONS PVT LTD,KAASHIVA,nikunjprajapati@kaashiva.com,7227854857,0,0
GUJARAT,Botad,KAARVI GREEN ENERGY,KALPESHBHAI VALLABHBHAI TEJANI,kaarvienergy01@gmail.com,9824094291,0,0
GUJARAT,Botad,K T ELECTRICALS,Parth Thakkar,ktthakkar567@gmail.com,8905168423,0,0
GUJARAT,Botad,K P ENTERPRISE,BHAMMAR KANUBHAI VIHABHAI,kpenterprise39@gmail.com,9974383839,0,0
GUJARAT,Botad,K K SOLAR SOLUTIONS,KETAN AHIR,kksolarsolutions@gmail.com,9537279900,0,0
GUJARAT,Botad,JUPISOL POWER INDIA PRIVATE LIMITED,SWAPNEEL PATEL,spatel@jupisolpower.com,9879284007,0,0
GUJARAT,Botad,JOYSTICK BIO HEALTH,ATUL ACHARYA,jstvalsad@gmail.com,9714163052,0,0
GUJARAT,Botad,JJV CORPORATION,RANA PRATIPALSINH,info@jjvcorporation.in,9016987377,0,0
GUJARAT,Botad,JIYAAN SOLAR COMPANY,BIPINCHANDRA NIMAVAT,jiyaansolar.co@gmail.com,8160645436,0,0
GUJARAT,Botad,JIGS ELECTRICAL,BIRJU PATEL,jigselectrical@gmail.com,9979129392,0,0
GUJARAT,Botad,JIGAR SYSTEM TECHNOLOGY,Jigar Solanki,jigar@jigarsystems.com,9511768710,0,0
GUJARAT,Botad,JD SOLAR,Jaykumar Agravat,jdsolar5005@gmail.com,9157590905,0,0
GUJARAT,Botad,JD INFRA ENERGY PRIVATE LIMITED,SANDIP J. VARIYA,jdinfraenergy0725@gmail.com,9714061118,0,0
GUJARAT,Botad,JAYVEER ELECTRICAL PRIVATE LIMITED,MR. PRATIK PATEL,jayveerelectrical@gmail.com,9601679621,0,0
GUJARAT,Botad,JAYRAJ SOLAR LLP,TEJAS BHATT,tejas@jayrajsolar.com,9033963450,0,0
GUJARAT,Botad,JAYKAMAL ENERGY,JAYKAMAL ENERGY,JAYKAMAL.ENERGY@GMAIL.COM,9726862780,0,0
GUJARAT,Botad,JAYDEV ENERGY,Sureshpuri Maganpuri Gosvami,jaydevenergy83@gmail.com,9824885237,0,0
GUJARAT,Botad,JAY SARDAR SOLAR PVT.LTD.,KISHORBHAI NARANBHAI TILALA,jaysardarsolar@gmail.com,8141500062,0,0
GUJARAT,Botad,JAY SARDAR SOLAR POWER PRIVATE LIMITED,VIPULBHAI CHAUDHARY,dbchaudhary108@gmail.com,9737550593,0,0
GUJARAT,Botad,JAY KHODIYAR IMPEX,PARESHBHAI BABUBHAI RAMOLIYA,pareshramoliya310@gmail.com,9537164431,0,0
GUJARAT,Botad,JAY ELECTRICALS,Jayeshbhai surani,jayelec2021@gmail.com,9427261002,0,0
GUJARAT,Botad,JAY DADA SOLAR,jaydadasolar,jaydadasolar@gmail.com,6353659868,0,0
GUJARAT,Botad,JAY AMBE ELECTRICALS,MITESH PATEL,jayambeelectricals091@gmail.com,6355252020,0,0
GUJARAT,Botad,JASMIN J BAMBHAROLIYA,JASMIN JAYANTILAL BAMBHROLIYA,jasmin.bambharolia14@gmail.com,8140916256,0,0
GUJARAT,Botad,JANSA SOLAR SOLUTIONS PVT LTD,NUMBER(S),jansa@kalptaru.co.in,9998000769,0,0
GUJARAT,Botad,JANGID SOLAR ENERGY PVT LTD,JAYKUMAR JANGID,info@jsepl.in,6358931609,0,0
GUJARAT,Botad,JANETA SOLAR,Parth Dave,info.janetasolar90@gmail.com,8734829145,0,0
GUJARAT,Botad,JALESHWAR GREEN ENERGY,KALPESHBHAI NANJIBHAI PRAJAPATI,info.jaleshwargreen@gmail.com,8140023662,0,0
GUJARAT,Botad,JALARK SOLAR SOLUTIONS OPC PVT LTD,CHINTAN MAHIDA,infojalark@gmail.com,9426661857,0,0
GUJARAT,Botad,JAISHANAVI SOLAR,RUSHIKESH THAKKAR,rishikeshthakkar@gmail.com,9974143899,0,0
GUJARAT,Botad,JAIMAX SUNBIM PVT LTD,SANATAN PATEL,jaimaxsunbim@gmail.com,8980024055,0,0
GUJARAT,Botad,JAI INDUSTRIES,Dalpat Choudhary,jaielectronic@yahoo.com,9828104233,0,0
GUJARAT,Botad,JAGRUTI TRADERS,BHARTIBEN THAKORBHAI PATEL,jagrutitraders.solar@gmail.com,8980498030,0,0
GUJARAT,Botad,JAGDAMBA TRADERS,Urvish Brahmbhatt,jagdambatraders.padra@gmail.com,7284841054,0,0
GUJARAT,Botad,JAGDAMBA ENTERPRISE,ADARSH SOLANKI,adarshrajput542@gmail.com,9316321978,0,0
GUJARAT,Botad,JAAC TECHNO SERVICES PVT LTD,Jwalant Raval,Jwalant.raval@jaacservice.com,9824000545,0,0
GUJARAT,Botad,J K MACHINE TOOLS (GUJARAT) PVT. LTD.,PIPALIYA NIKUNJ JAMANBHAI,jk.solarium@gmail.com,9328290518,0,0
GUJARAT,Botad,J D ELECTRICAL AND TRADING,Dharmdas Desani,jdelectrical26@gmail.com,8320397049,0,0
GUJARAT,Botad,J B POWER SOLAR,BHAVESH GELOT,jbpowersolar@gmail.com,9173390835,0,0
GUJARAT,Botad,IZZY ENERGY SOLUTION,NISAR VHORA,izzyenergysolution@gmail.com,9909236062,0,0
GUJARAT,Botad,ISHITA ENGINEERING,PATEL NIKUNJKUMAR RAJENDRABHAI,ishitaengineering13@gmail.com,8866649177,0,0
GUJARAT,Botad,ISHA SALES,KEVAN MAHESHBHAI DABHI,ishasolar027@gmail.com,9824739373,0,0
GUJARAT,Botad,INSTANT TECHNOLOGY,JAYDIPSINH GOHIL,info@instantgroup.live,8200782232,0,0
GUJARAT,Botad,INSTANT ELECTRIC SERVICES,RAJAN SONERA,instantelectricservices@gmail.com,9909415407,0,0
GUJARAT,Botad,INRAYS TECHNOLOGY,HARDIPSINH JADEJA,inraystechnology@gmail.com,9898878734,0,0
GUJARAT,Botad,INQILAB ENGINEERING PRIVATE LIMITED,HARESH BARAD,inqilabengineering@gmail.com,9099598998,0,0
GUJARAT,Botad,INOX SOLAR ENERGY,RAVI KAPADIYA,inoxsolarenergy@gmail.com,9904604047,0,0
GUJARAT,Botad,INFLUX SOLAR SOLUTIONS,Hiten Bhatt,influxsolarsolution@gmail.com,6352563582,0,0
GUJARAT,Botad,INFINITY RENEWABLE ENERGY,PATEL ANANDKUMAR VIJAYBHAI,anand.infinityrenewableenergy@gmail.com,9913784000,0,0
GUJARAT,Botad,INFINITY POWER,SOLANKI CHETAN,infinitypower1026@gmail.com,8758875751,0,0
GUJARAT,Botad,INFINITE URJA LLP,ARPAN PATEL,info@infiniteurja.in,8000049380,0,0
GUJARAT,Botad,INFINITE ENERGY ANS TECHNOLOGY,Kamlesh Mistry,planning@infiniteenergy.co.in,9099971778,0,0
GUJARAT,Botad,IMPULSE SYSTEM,PRASHANT PANCHAL,info@impulsesystem.in,9426471057,0,0
GUJARAT,Botad,IMMIX SOLUTION,ABRARAHMED R MALIK,immixsolution@gmail.com,9265493249,0,0
GUJARAT,Botad,IMAGINE POWERTREE PRIVATE LIMITED,SHANI PANDYA,imagine.powertree@gmail.com,9586121111,0,0
GUJARAT,Botad,IDEAL RENEWABLE LLP,BARASARA KEVALKUMAR MAHADEVBHAI,idealrenewable@gmail.com,9979083323,0,0
GUJARAT,Botad,IDEAL ELECTRICAL,BHAVIN C. PATEL,idealelectric7@gmail.com,9638324167,0,0
GUJARAT,Botad,ICONIC SOLAR ENERGY,SHAILESH NARSHIBHAI LIMBASIYA,iconicsolarenergy26@gmail.com,7698504095,0,0
GUJARAT,Botad,ICON ENERGY,HARSH PATEL,info@iconenergy.in,9909999162,0,0
GUJARAT,Botad,I-TECH STORE,RONAK PARIKH,info.itechsolar@gmail.com,9879603933,0,0
GUJARAT,Botad,I SQUARE SOLAR,SANJAY RAMESHBHAI BUDHELIYA,work.srbudheliya@gmail.com,9722272775,0,0
GUJARAT,Botad,I K SOLAR ENERGY,LIMBASIYA NARENDRA,iksolarenergy2302@gmail.com,6353941652,0,0
GUJARAT,Botad,I CARE ENGINEERING,MEMON TOFIQ,icareengr@gmail.com,9978920284,0,0
GUJARAT,Botad,HYSUN SOLAR PRIVATE LIMITED,OMRAM PRAJAPATI,prajapatiomaram62@gmail.com,7573999961,0,0
GUJARAT,Botad,HORIZON POWER SOLUTIONS,Dixita Jalpesh Soni,horizonpowersolutions2024@gmail.com,9909009525,0,0
GUJARAT,Botad,HIYASHA SOLAR SYSTEMS LLP,HEMAL PETHAPARA,hiyashasolarsystems@gmail.com,9727097250,0,0
GUJARAT,Botad,HIYA ELECTRO ENGINEERS,NIKHIL BHOJAK,hiyaelectroengineers@gmail.com,8128672333,0,0
GUJARAT,Botad,HITECH SOLAR,JAYESH BALDHA,jayesh@hitechsolar.in,7600059073,0,0
GUJARAT,Botad,HIRANYA,CHINTAN KANUBHAI PATEL,chintan6310@gmail.com,9909009425,0,0
GUJARAT,Botad,HIPANAX ENERGY,ANKIT PANCHAL,hipanaxenergy@outlook.com,9727063026,0,0
GUJARAT,Botad,HINDUSTAN SOLAR AND POWER PACK,MUKESH BHUVA,hindustansolar86@gmail.com,7016087359,0,0
GUJARAT,Botad,HIMSON ENERGY,HARDIK PATEL,himson.energy@gmail.com,9825242728,0,0
GUJARAT,Botad,HILL LIGHTING,RAKESH PATEL,rndungrani@gmail.com,9328385858,0,0
GUJARAT,Botad,HI TECH SOLAR SOLUTION,ILYAS KAYDAWALA,hitechsolarsolu@gmail.com,8140535380,0,0
GUJARAT,Botad,HI TECH ENERGY,SHREYANS TRIVEDI,hitechenergy17@gmail.com,9924388540,0,0
GUJARAT,Botad,HET CONSULTANCY,SAUNAK PATEL,hetconsultancy01@gmail.com,9586618784,0,0
GUJARAT,Botad,HEMALI ELECTRICALS,HARDIK PATEL,hemali_elect@rocketmail.com,9979874161,0,0
GUJARAT,Botad,HELIOS SELENE,KISHAN SHUKLA,sales@heliosselene.in,7600132252,0,0
GUJARAT,Botad,HELIOPATH SOLAR TECHNOLOGIES,TANAY PARIKH,enquiry.heliopath@gmail.com,8238664332,0,0
GUJARAT,Botad,HEER SOLAR ENERGY,CHINTAN PATEL,heersolarenergy@gmail.com,9427063399,0,0
GUJARAT,Botad,HAVTON INDIA,RAVIBHAI,ravivarmora0803@gmail.com,9265496953,0,0
GUJARAT,Botad,HATKESH ENGINEERING,DHWANI PRAYANG VORA,hatkeshengineering@gmail.com,9898105579,0,0
GUJARAT,Botad,HARSH ENTERPRISE,KARTIKKUMAR ARVINDBHAI BHAVSAR,harshenterprise.ele@gmail.com,9586703597,0,0
GUJARAT,Botad,HARIPRIY INDUSTRIES,PRAKASH PATEL,haripriyindustries@gmail.com,9725022146,0,0
GUJARAT,Botad,HARI INFRA PROJECTS,KRUPAL MEHTA,info@hariindia.in,9998037067,0,0
GUJARAT,Botad,HAPPY ENTERPRISE,JADEJA KRIPAL NARENDRASINH,divyeshchavda007@gmail.com,9510887781,0,0
GUJARAT,Botad,HANU ENTERPRISE,HANU ENTERPRISE,hanuenterprise2023@gmail.com,9067322910,0,0
GUJARAT,Botad,HADAF GREEN ENERGY PRIVATE LIMITED,Anashusain Shaikh,hadafgreenenergy@gmail.com,8320986239,0,0
GUJARAT,Botad,H.K ENERGY,HARDIK KACHHIA,hkenergy001@gmail.com,9586401312,0,0
GUJARAT,Botad,H S ENTERPRISE,HIRAL PATEL,hiralpatel3031@gmail.com,9773257603,0,0
GUJARAT,Botad,H K SOLAR ENERGY,CHAUDHARY KALPESHKUMAR BECHARBHAI,hkenergy16@gmail.com,9714516576,0,0
GUJARAT,Botad,H AND S ENGINEERING,HARSH PATEL,HSENGINEERING9698@GMAIL.COM,8980818699,0,0
GUJARAT,Botad,H & M COMPANY,BHAVIKABEN HARESHBHAI AMBALIYA,info@hmcompany.in,9157768561,0,0
GUJARAT,Botad,GWE INFRA PROJECTS PRIVATE LIMITED,DHAVAL SHAH,dhaval.gwe@gmail.com,9726198989,0,0
GUJARAT,Botad,GURUKRUPA SOLAR AND AGRO INDUSTRIES,VISHAL PRAJAPATI,vishal@vishal-group.com,9328854525,0,0
GUJARAT,Botad,GURUKRUPA ENTERPRISE,Prashant Pathak,gurukrupaenterprise.head9@gmail.com,8320627280,0,0
GUJARAT,Botad,GURU RENEWABLE,Sandip patel,gururenewable@gmail.com,9687672620,0,0
GUJARAT,Botad,GSL ENERGY,PARTH PATEL,gslenergy09@gmail.com,8320945187,0,0
GUJARAT,Botad,GS POWERTECH,DEEP SONANI,info.gspowertech@gmail.com,7567438385,0,0
GUJARAT,Botad,GROWW SOLAR ENERGY,JITENDRAKUMAR VALABHAI DHULIYA,growwsolarenergy8@gmail.com,7874707545,0,0
GUJARAT,Botad,GROWTECH ENERGY,NUMBER(S),growtechenergy91@gmail.com,9998435528,0,0
GUJARAT,Botad,GROW ENERGY SOLAR SOLUTION,Anis Ahamad,growenergysolarsolution@gmail.com,7778999695,0,0
GUJARAT,Botad,GROW EARTH RENEWABLE TECHNOLOGIES,DIVYESH D RAJPUT,divyesh@growearthsolar.com,9104495364,0,0
GUJARAT,Botad,GRIDSOL ENERGY,PATEL AKASH PANKAJKUMAR,GRIDSOLENERGY@GMAIL.COM,9724634747,0,0
GUJARAT,Botad,GREYANAS INDUSTRIES PRIVATE LIMITED,SHASANKA SOURAV,greyanassolar@gmail.com,9408715033,0,0
GUJARAT,Botad,GREENTECH ENERGY,PIYUSH BHUVA,bhuvapiyush89@gmail.com,7990053035,0,0
GUJARAT,Botad,GREENNETIC RENEWABLE PRIVATE LIMITED,PARTH PATEL,sales.greenneticrenewable@gmail.com,8320563819,0,0
GUJARAT,Botad,GREENLEAF SOLAR ENERGY,Kalpesh Nakum,info.greenleaf1@gmail.com,9313945225,0,0
GUJARAT,Botad,GREENLAND,PRAKASH N AHIR,greenlandsolar.np@gmail.com,9825545043,0,0
GUJARAT,Botad,GREENLAND,PRAKASH AHIR,greenlandsolar.projects@gmail.com,9825545043,0,0
GUJARAT,Botad,GREENEXCEL ENERGY SOLUTION PVT LTD,Jenil Mangukiya,info@greenexcelenergy.com,9898949719,0,0
GUJARAT,Botad,GREENERGY SOLAR SOLUTIONS,ANUJ SHAH,greenergysolarsolutions26@gmail.com,9409215712,0,0
GUJARAT,Botad,GREENERGEE,AMIT KALARIYA,greenergee@vikasaryagroup.com,9374635103,0,0
GUJARAT,Botad,GREENEABLE SOLAR SOLUTION,JIGNESH BHUVA,greeneablesolar@gmail.com,6357555660,0,0
GUJARAT,Botad,GREENCUBE ENERGIES PRIVATE LIMITED,NIRANKUSH PRASAD,nirankush@gcepl.in,9106836019,0,0
GUJARAT,Botad,GREENBRILLIANCE RENEWABLE ENERGY LLP,JAY PATEL,jay.patel@gbreenergy.com,9879611302,0,0
GUJARAT,Botad,GREENARCH SOLAR PRIVATE LIMITED,PRAVIN BORLE,greenarchsolar@gmail.com,9879262766,0,0
GUJARAT,Botad,GREEN WATT SOLAR ENERGY,DIMPALBEN DIPENBHAI SHAH,greenwattsolarenergy2022@gmail.com,9898383910,0,0
GUJARAT,Botad,GREEN SUN SOLAR,RAJDEEPSINH B.PARMAR,greensunsolar07@gmail.com,7600649582,0,0
GUJARAT,Botad,GREEN SUN ENERGY,RAJESH GANDHI,teamgreensun@gmail.com,9274525232,0,0
GUJARAT,Botad,GREEN SOLAR ENERGY ENTERPRISES,VIPULKUMAR PATEL,greensolar.ahmedabad@gmail.com,9712909823,0,0
GUJARAT,Botad,GREEN SOLAR ENERGY,YASH VACHHANI,info@greenssolar.in,9687222261,0,0
GUJARAT,Botad,GREEN SOLAR ENERGY,RAXIT HINSHU,greensolarenergygse@gmail.com,8866566056,0,0
GUJARAT,Botad,GREEN POWER SOLUTION,HARDIK P DARJI,darjihardik777@gmail.com,8141216635,0,0
GUJARAT,Botad,GREEN POWER ENERGY,JAY MANUBHAI PATEL,info.greenenergy07@gmail.com,8780002027,0,0
GUJARAT,Botad,GREEN LIGHT ENERGY,ABHISHEK KISHORBHAI KUNJADIYA,glenergy2024@gmail.com,9998754265,0,0
GUJARAT,Botad,GREEN IMPAQ SOLAR ENERGY,BHAVESHKUMAR LALJIBHAI DUDHAT,greenimpaqsolarenergypm@mail.com,9974414600,0,0
GUJARAT,Botad,GREEN EVER SYSTEMS PRIVATE LIMITED,ADIT SHAH,greeneversystems@gmail.com,8866167111,0,0
GUJARAT,Botad,GREEN ENERGY-VALSAD,DHRUVINKUMAR AMRISHBHAI TANDEL,solar@greenenergy.ind.in,8866249369,0,0
GUJARAT,Botad,GREEN ENERGY SOLAR,GOYANI TUSHARBHAI DHIRUBHAI,ges.solar24@gmail.com,8866993164,0,0
GUJARAT,Botad,GREEN E SOLAR,GORDHANBHAI DHANJIBHAI BHUVA,greene.vb@hotmail.com,9925751589,0,0
GUJARAT,Botad,GREAT SOLUTION,GAURAV DESAI,greatsolution07@gmail.com,9924131317,0,0
GUJARAT,Botad,GRACE RENEWABLE ENERGY PVT LTD,MANISH BAGDIA,project1@gracerenew.com,7573027788,0,0
GUJARAT,Botad,GRACE OF THE SUN ENERGY,Ankit patel,gotssolar@gmail.com,8320258395,0,0
GUJARAT,Botad,GOVINDJI POWER,PRIYANK BABUBHAI VAGHANI,priyankvaghani86@gmail.com,9726643435,0,0
GUJARAT,Botad,GOPI TECHNOLOGIES,BHUPATBHAI LAXMANBHAI BHUT,epc@gopitechnologies.com,8866077344,0,0
GUJARAT,Botad,GOLDSUN SOLAR,DHRUV PADASUMBIYA,dhruvpadasumbiya@gmail.com,9409016021,0,0
GUJARAT,Botad,GOLDEN SOLAR POWER,NIRANJAY BHANDERI,goldensolarp@gmail.com,9558887494,0,0
GUJARAT,Botad,GLOBAL SOLAR SOLUTION,MOKSHAK BODA,moxakboda111@gmail.com,8460820618,0,0
GUJARAT,Botad,GITANJALI DEVELOPERS,Somabhai Moghabhai Chamar,dhavalparmar.dp39@gmail.com,8200332871,0,0
GUJARAT,Botad,GIR ENTERPRISES,TERAIYA ANKIT AMRUTLAL,ankitbhaiankit88@gmail.com,8686869015,0,0
GUJARAT,Botad,GHANPRIYA ENERGY SOLUTION PRIVATE LIMITED,ADARSH KUMAR,subsidy@ghanpriyaenergy.com,9958676060,0,0
GUJARAT,Botad,GHADIYA RENEWABLE ENERGY,KALPESH GHADIYA,KALPESHPATEL8914@GMAIL.COM,9714000952,0,0
GUJARAT,Botad,GESTIC SELICON ENERGY,Shivam Mourya,shivammourya0987@gmail.com,9157621253,0,0
GUJARAT,Botad,GENESIS ELECTRICAL,RONAKKUMAR KHRISTI,genesiselectricalindia@gmail.com,8200480623,0,0
GUJARAT,Botad,GENESIS CLEAN ENERGY,RAVI BHARTHI,genesiscleanenergy1@gmail.com,9714125515,0,0
GUJARAT,Botad,GEER AGRO WORKS,MAYANK PATEL,geeragro@gmail.com,9898799789,0,0
GUJARAT,Botad,GAYATRI SOLAR ENERGY,VIBHU PATEL,info@gayatrisolarenergy.com,8866778940,0,0
GUJARAT,Botad,GAYATRI CONSTRUCTION,CHETANSINH RAYJADA,chetansinh270@gmail.com,7408636363,0,0
GUJARAT,Botad,GARUDA POWER,DHAVALSINH KHATANA,garudapower26@gmail.com,9016555765,0,0
GUJARAT,Botad,GANESH GREEN BHARAT LIMITED,Mrugesh Patel,sales@ganeshgreen.com,9519518951,0,0
GUJARAT,Botad,GANESH CORPORATION,SUCHIT PRAJAPATI,ganeshcorporation3003@gmail.com,9979856236,0,0
GUJARAT,Botad,GALO ENERGY PRIVATE LIMITED,Abhishek Rao,info@galo.co.in,9773988289,0,0
GUJARAT,Botad,GALAXY ENTERPRISE,ALKABEN RATHWA,galaxyenterprise265@gmail.com,9998017765,0,0
GUJARAT,Botad,GAJGATI STEEL AND ENERGY PVT LTD.,SAMEER SURATWALA,sales@gajgati.com,7990480061,0,0
GUJARAT,Botad,G-POWER PLUS,RACHHADIA PARITKUMAR GHANSHYAMBHAI,gpowerplus.in@gmail.com,9898420613,0,0
GUJARAT,Botad,FRS ENTERPRISE,TAUFIK BADI,frsenterprise1@gmail.com,7990366078,0,0
GUJARAT,Botad,FRIENDLY FOOTPRINTS LLP,POOJA SHARMA,infosolar.ff@gmail.com,7874833399,0,0
GUJARAT,Botad,FRELIT ENERGY PRIVATE LIMITED,ANKUR KARKAR,frelitenergy@gmail.com,9512700130,0,0
GUJARAT,Botad,FOURSUN SOLAR,SAGAR PIPALIYA,project@foursunsolar.co.in,7435023502,0,0
GUJARAT,Botad,FOURCELL ENERGY PRIVATE LIMITED,PRAYAG NAKRANI,fourcellenergy@gmail.com,9377776564,0,0
GUJARAT,Botad,FORTUNE TECHNOLOGIST,KIRIT JOSHI,fortunetechnologist@gmail.com,9427597246,0,0
GUJARAT,Botad,FOREXT GREEN ENERGY PRIVATE LIMITED,Surajkumar Patel,Forextgreen@gmail.com,9227145384,0,0
GUJARAT,Botad,FLORIAN VENTURE PVT.LTD.,JAYANTILAL B RABADIYA,florianventurepvt.ltd@gmail.com,9081684444,0,0
GUJARAT,Botad,FATHUN RENEWABLE ENERGY (FORMERLY KNOWN AS KENVUE ENERGY),SHARIF ABDUL SATAR BHURI,fathunrenewable@gmail.com,9898589612,0,0
GUJARAT,Botad,FASTRISE ENTERPRISE PRIVATE LIMITED,Hardik Patel,FASTRISEENTERPRISE@GMAIL.COM,7862079768,0,0
GUJARAT,Botad,FARMSON ENERGY,MAULIK PATEL,info.pv@farmsonsolar.com,9687692733,0,0
GUJARAT,Botad,F Z ENERGY,RASIDAHEMAD MOMIN,info@fzenergy.in,9227153030,0,0
GUJARAT,Botad,F SOLAR ROOFTOP,GANJA FAIZAL ABDULBHAI,fsolarrooftop@gmail.com,8469525856,0,0
GUJARAT,Botad,EXPERT POWER SOLUTION,BOGHARA HIREN,info.expertpowersolution@gmail.com,8780287091,0,0
GUJARAT,Botad,EXIDE INDUSTRIES LIMITED,Exide Sunday Solar Solutions,pramit.mukherjee@exide.co.in,6291226448,0,0
GUJARAT,Botad,EWC SOLAR PRIVITED LIMITED (FORMERLY KNOWN AS ENERGY POWER SYSTEMS),Jitendra Ahire,ewcsolarpvtltd@gmail.com,8141150688,0,0
GUJARAT,Botad,EWALK ENERGY,ASHISH PAREKH,info.ewalkenergy@gmail.com,9054927675,0,0
GUJARAT,Botad,EWAA SOLAR TECHNOLOGY PRIVATE LIMITED,vijay bhuva,info@ewaasolartech.com,6356008400,0,0
GUJARAT,Botad,EVOTAR TECHNOLOGIES PRIVATE LIMITED,YASH BHATT,info@evotartech.com,6358999573,0,0
GUJARAT,Botad,EVOLUTION,SATYAJITSINH GOHIL,evolutiongujarat@gmail.com,9773296801,0,0
GUJARAT,Botad,EVITUS ENERGY SOLUTIONS,ASHVIN HADIYAL,evitusenergysolutions@gmail.com,8156006133,0,0
GUJARAT,Botad,EVERSHINE ENERGY,SUTHAR DASHRATH NARAYANLAL,contact@evershineenergy.com,8460167441,0,0
GUJARAT,Botad,EVERGREEN RENEWABLE TECHNOLOGIES,ASHISHKUMAR VASANTBHAI PANCHAL,ashishpanchal888@gmail.com,7359743295,0,0
GUJARAT,Botad,EVAANTA ENERGY,HARDIP BHARATBHAI GAJIPARA,info@evaantaenergy.com,9712326261,0,0
GUJARAT,Botad,EUROLITE SOLAR,HARSHIL PATEL,harshil.patel@euroliteindia.com,7490007847,0,0
GUJARAT,Botad,EURO PREMIUM SOLAR SYSTEM (INDIA) PRIVATE LIMITED,EURO PREMIUM SOLAR,info@europremiumsolar.com,7622023253,0,0
GUJARAT,Botad,ETERNAL SOLAR ENERGY,Hiren Rathod,hiren.p.rathod@gmail.com,9879203040,0,0
GUJARAT,Botad,ERA ENVIRO SOLUTIONS,APARNATHI CHANDUGIRI,info.eraenviro@gmail.com,9227849825,0,0
GUJARAT,Botad,EQUINOX SOLAR PRIVATE LIMITED,NUMBER(S),info@equinoxsolar.in,7573044078,0,0
GUJARAT,Botad,ENWATECH SOLUTION PVT.LTD,Hiral Kumar Makadia,enwatechsolutionpvtltd@gmail.com,9427269089,0,0
GUJARAT,Botad,ENERZYTECH INDUSTRIES PRIVATE LIMITED,deep.bhojani@enerzytech.com,deep.bhojani@enerzytech.com,9727139999,0,0
GUJARAT,Botad,ENERGY O & M SERVICES PVT LTD,DHIRAJ RAVAL,dhirajsummit@gmail.com,9512775551,0,0
GUJARAT,Botad,ENERGETIC SOLAR,DIVYANG PATNI,energeticsolar03@gmail.com,9537137427,0,0
GUJARAT,Botad,EMPYREAL SOLAR,GHANSHYAM CHOVATIYA,liaison@empyreAlsolar.in,9099526261,0,0
GUJARAT,Botad,EMISSIONS FREE WORLD PVT LTD,PANCHAL SIDDARTHKUMAR,emissionsfreeworld@gmail.com,8320097477,0,0
GUJARAT,Botad,EMERALD ENTERPRISE,CHANDANI VYAS,emerald.vadodara@outlook.com,9173591485,0,0
GUJARAT,Botad,EMDERS ENTERPRISE,AJAY D PANCHAL,info.emders@gmail.com,7016614013,0,0
GUJARAT,Botad,ELLINZA ENERGY,JAYESH PATOLIYA,ELLINZAENERGY@GMAIL.COM,9725001682,0,0
GUJARAT,Botad,ELLENCE ENERGY LLP,DHAVAL PATEL,dhaval@ellenceenergy.com,9054073345,0,0
GUJARAT,Botad,ELIOS ENERGY,SAGAR RAVAL,info@eliosenergy.co.in,7016192219,0,0
GUJARAT,Botad,ELECTROMECH DEVICES MANUFACTURING COMPANY,Pankaj Chandak,edmc.rpr@gmail.com,7000189225,0,0
GUJARAT,Botad,EFFORTS SOLAR PRIVATE LIMITED (FORMERLY KNOWN AS EFFORTS ENTERPRISES),ADESH VANPARIYA,admin@effortsgroup.in,9067817117,0,0
GUJARAT,Botad,EFFICIENT ENERTECH PVT LTD,MAULESH PATEL,info@efficientenergyindia.com,9925624989,0,0
GUJARAT,Botad,EFARM INTERNATIONAL PRIVATE LIMITED,efarmenergy,info@efarmenergy.com,9723610012,0,0
GUJARAT,Botad,ECOWATT ENERGY,RAHUL KOLADIYA,ecowattenergy18@gmail.com,9978638437,0,0
GUJARAT,Botad,ECOVIBE RENEWTECH ENERGY,PARTH PANCHAL,ecoviberenewtechenergy@gmail.com,8401168101,0,0
GUJARAT,Botad,ECOLUX SOLAR,GALANI CHIRAG BHAI BHUPAT BHAI,ecoluxsolar007@gmail.com,8980088806,0,0
GUJARAT,Botad,ECLIPTIC SOLAR,VISHAL DAVE,davevishalkumar@gmail.com,9825023276,0,0
GUJARAT,Botad,EARTHTECH INNOVATIONS PRIVATE LIMITED,KHOJEMA MAKDA,earthtechinnovations@gmail.com,8490850276,0,0
GUJARAT,Botad,EARTH SOLARISM,PATHAR TUSHAR G,earthsolarism@gmail.com,9724990231,0,0
GUJARAT,Botad,EARTH SOLAR ENERGY,MAYUR GOYANI,EARTHSOLARE@GMAIL.COM,8200115874,0,0
GUJARAT,Botad,EARTH SOLAR,VIRENKUMAR PATEL,earthsollar@gmail.com,9879911777,0,0
GUJARAT,Botad,E-TECH SOLUTION & SOLAR,JAYDIP PADMANI,etechsolution.solar@gmail.com,9099563174,0,0
GUJARAT,Botad,E-POWER SOLAR ENERGY,AKASH RAVAL,epowerenergyinfo@gmail.com,9484784798,0,0
GUJARAT,Botad,DWARKESH SOLAR ENERGY,Nilesh chavda,nileshchavda1881@gmail.com,8000799990,0,0
GUJARAT,Botad,DUDANI RENEWABLES LLP,NUMBER(S),dudanirenewables@gmail.com,9429744710,0,0
GUJARAT,Botad,DREAM MART,PRATIKKUMAR BHARATBHAI PATEL,dreammart108@gmail.com,9099975489,0,0
GUJARAT,Botad,DRASHTI LIGHT CARE,SURESHKUMAR GORDHANBHAI VASIYANI,drashti3411@gmail.com,9825430097,0,0
GUJARAT,Botad,DIWAKAR SOLAR ENTERPRISE,VIRENDRASINH VANZARA,info.diwakarsolar@gmail.com,9104746612,0,0
GUJARAT,Botad,DIVY SOLAR TECHNOLOGY,PARESH CHITALIYA,divysolartechnology@gmail.com,9978551782,0,0
GUJARAT,Botad,DIVU ENTERPRISE,AJAY MAKODBHAI BORADA,divuenterprise2023@gmail.com,7383114133,0,0
GUJARAT,Botad,DIVINE SOLAR ENERGY,Solanki Kanji,divinesolarenergy33@gmail.com,7069853208,0,0
GUJARAT,Botad,DIVINE ENERGY,VIVEK CHAUHAN,divineenergy42@gmail.com,6354051676,0,0
GUJARAT,Botad,DISHACHI ENERGY,DILIPKUMAR NANUBHAI HIRPARA,dishachienergy@gmail.com,9898762600,0,0
GUJARAT,Botad,DIMAN SOLAR PVT LTD (FORMERLY KNOWN AS DIMAN OVERSEAS PVT LTD),VISHAL UNADKAT,info@dimansolar.com,9909928959,0,0
GUJARAT,Botad,DHWANIL LIGHT ZONE,RIKIN PATEL,patelrikin3054@gmail.com,9409505790,0,0
GUJARAT,Botad,DHVANI ENERGY,Rohit Niravkumar,dhvanisolar@gmail.com,9537928064,0,0
GUJARAT,Botad,DHRUVIN ELECTRICALS,KIRTIKUMAR GHANSHYAMBHAI PATEL,kirtipatel86665@gmail.com,9974814614,0,0
GUJARAT,Botad,DHRUVA ENTERPRISE,BHAVESH MANSUKH KANERIYA,dhruvaenterprise123@gmail.com,9978124597,0,0
GUJARAT,Botad,DHRUV ENTERPRISE,NARESH PANCHAL,dhruv.enterprise@aol.com,9825123335,0,0
GUJARAT,Botad,DHM SOLAR POWER PVT LTD,DINESHBHAI M.HADIYA,dhmsolarpower@gmail.com,8980508730,0,0
GUJARAT,Botad,DHAVAL ELECTRIC SOLUTION,PATEL DHAVAL ANILBHAI,dhavalelectricsolution@gmail.com,8490990138,0,0
GUJARAT,Botad,DHARMANANDAN SOLAR ENERGY,DHARIYAPARMAR MAYUR RANCHOODBHAI,mayurdhariyaparmar@gmail.com,9016367556,0,0
GUJARAT,Botad,DGR ENERGY PRIVATE LIMITED,Jigar Shukla,dgrenergygroup@gmail.com,8128603082,0,0
GUJARAT,Botad,DEVASYAM ENTERPRISE LLP,ABHISHEK PATEL,abpatel4318@gmail.com,9106684467,0,0
GUJARAT,Botad,DEV TECHNO,JADEJA GHANSHYAMSINH A,devtechno14@gmail.com,9898242190,0,0
GUJARAT,Botad,DEV ENTERPRISE,HAMIRANI ARMAN NURMAMANDBHAI,deventerprise424@gmail.com,9428121408,0,0
GUJARAT,Botad,DEV ELECTRICALS,DIVYESHKUMAR BALVANTBHAI PATEL,develectricals2024@gmail.com,9974821967,0,0
GUJARAT,Botad,DESIGNLUX PRIVATE LIMITED,Falak Patel,info@designlux.in,9825868523,0,0
GUJARAT,Botad,DESAI'S SOLAR ENERGY,HEMANTKUMAR H DESAI,desaisolarenergy@gmail.com,9429021070,0,0
GUJARAT,Botad,DELUXE ENTERPRISE,Gopal Patel,infodeluxeenterprise@gmail.com,9429040663,0,0
GUJARAT,Botad,DELTA SOLAR ENERGY,YAGNESH VADODARIYA,deltasolarenergy1@gmail.com,9427539663,0,0
GUJARAT,Botad,DEK AND MAVERICKS GREEN ENERGY LIMITED,LALJI GOLTAR,lalji.goltar@dmgel.in,8780289470,0,0
GUJARAT,Botad,DEEP ENERGY,NUMBER(S),dipenvyas25@gmail.com,8866212187,0,0
GUJARAT,Botad,DAY LIGHT SOLAR ENRGY,MITESH KUMAR NAVINCHANDRA PATEL,daylightsolarahm@gmail.com,8401605515,0,0
GUJARAT,Botad,D.K. & CO.,DIPEN BUTANI,dkandcompanyrajkot@gmail.com,9925008040,0,0
GUJARAT,Botad,D.J.SOLAR & GENERAL,Tarunkumar D Joshi,djsolar111@gmail.com,8401183303,0,0
GUJARAT,Botad,D SUN SOLAR,Dharmeshkumar hirapara,dsunsolar429@gmail.com,9904131777,0,0
GUJARAT,Botad,D S POWER SOLUTION,VIPULBHAI CHAUHAN,vipulas094@gmail.com,9106304356,0,0
GUJARAT,Botad,D R ENTERPRISE,HARDIK RAMANBHAI PATEL,DRENTERPRISE3029@GMAIL.COM,7990689506,0,0
GUJARAT,Botad,CYMENS ENTERPRISE,JAY R MAKWANA,jaymakwana2062@gmail.com,9157133330,0,0
GUJARAT,Botad,CYBRID INFRATECH PRIVATE LIMITED,DEEPAK S PANELIYA,DEEPAK@CYBRIDINFRA.COM,9925299942,0,0
GUJARAT,Botad,CYBRIA SOLUTIONS,Jagdish Parmar,jagdish@cybriasolutions.com,9925026091,0,0
GUJARAT,Botad,CTONE METAL INDUSTRIES,HASMUKHBHAI JOSHI,hasmukhjoshi82@gmail.com,9909517156,0,0
GUJARAT,Botad,CROMPTON GREAVES CONSUMER ELECTRICALS LIMITED,Varinder Bhatia,solar.rooftop@crompton.co.in,9599589665,0,0
GUJARAT,Botad,CREASUN ENERGY,PARTH SUVAGIYA,creasunenergy25@gmail.com,9624120591,0,0
GUJARAT,Botad,COSMIC SOLAR EPC PVT LTD,JENISHKUMAR DEEPAKKUMAR GHAEL,cosmicsolarepc@gmail.com,7984721299,0,0
GUJARAT,Botad,COSMIC POWER TECH,CHARCHIL SHAH,cosmicpowertech@gmail.com,9313720672,0,0
GUJARAT,Botad,COSMIC ENTERPRISE,GOHEL PUNIT,cosmicenergy13.info@gmail.com,9429213406,0,0
GUJARAT,Botad,CONVEX SOLAR,PRIGNAL KHRISTI,convexsolar92@gmail.com,9737710095,0,0
GUJARAT,Botad,CONNECT POWER PRIVATE LIMITED,Hannan Malik,hannan@connect-power.in,9898195122,0,0
GUJARAT,Botad,CONCEPT SOLAR ENERGY,GAUTAM PRAJAPATI,conceptsolarenergy21@gmail.com,9662414865,0,0
GUJARAT,Botad,COMPUTER SHOP,PRADEEP DEPUTY,pradeep_deputy@yahoo.com,7043402514,0,0
GUJARAT,Botad,COMPASS ENERGIES,ABHISHEK GHEEWALA,abhishek@compassenergies.in,9974458840,0,0
GUJARAT,Botad,COMET EVSOL,AVINASH PRAVINBHAI RUPAVATIYA,cometevsol@gmail.com,8780440726,0,0
GUJARAT,Botad,CMPLUS QUALITY SERVICES PRIVATE LIMITED,CMPLUSQUALITY,chandramauli_india@yahoo.com,9868881112,0,0
GUJARAT,Botad,CITIZEN SOLAR PVT. LTD.,T S JAIN,tsjain@citizensolar.com,9825144499,0,0
GUJARAT,Botad,CHUDASAMA TEMUBHA BALVANTSINH,Temubha B Chudasama,adityasolar1987@gmail.com,8200459492,0,0
GUJARAT,Botad,CHEHAR ENERGY,PRAJAPATI RAJAT VISHNUBHAI,cheharenergy@gmail.com,9998077796,0,0
GUJARAT,Botad,CHARLES SOLAR POWER ENERGY,Monaben Sudhirbhai Bhuva,charlessolarpowerenergy1990@gmail.com,7016170076,0,0
GUJARAT,Botad,CHAMUNDA ELECTRICAL,HEMAL KARELIYA,chamundaelectrical1@gmail.coml,9723603864,0,0
GUJARAT,Botad,CHALAKNESI ENERGY,GADHAVI SHENIDANJI PAHADDANJI,CHALAKNESHIENERGY@GMAIL.COM,9408539887,0,0
GUJARAT,Botad,CER ROOFTOP PVT LTD,Susanta Kumar Hota,susanta.hota@cer-inc.com,8586971731,0,0
GUJARAT,Botad,CELESTRA SOLAR PVT LTD,DIXAN PANCHAL,info@celestrasolar.com,9998805002,0,0
GUJARAT,Botad,CELESTIAL RENEWABLE ENERGY,HEMANTBHAI PATEL,celestialrenewableenergy@gmail.com,9099033033,0,0
GUJARAT,Botad,CAPITAL WELDING,JAYESH KACHHADIYA,freexindia@gmail.com,9499602041,0,0
GUJARAT,Botad,C J ENTERPRISE,Krunal Patel,cjenterprise93@gmail.com,9429670026,0,0
GUJARAT,Botad,BURAK ENERGY,MOHAMADNAKIB AYAZBHAI SHEKH,burakenergy7@gmail.com,9173110729,0,0
GUJARAT,Botad,BSN ELECTRICS PRIVATE LIMITED,BHARATBHAI M SONAGARA,bsnelectrics162018@gmail.com,9925249658,0,0
GUJARAT,Botad,BSAFAL RENEWABLE ENERGIES PVT LTD,Nita Maru,nita.maru@bsrepl.com,9723706665,0,0
GUJARAT,Botad,BRITI ENERGY,BHARAT BAVARVA,britienergy2021@gmail.com,8460227728,0,0
GUJARAT,Botad,BRIHASPATHI TECHNOLOGIES PVT LTD,BRIHASPATHI TECHNOLOGIES,ramu@brihaspathi.com,9989999197,0,0
GUJARAT,Botad,BRIGHT SUN SOLAR SOLUTIONS,Vijaysinh V Zala,brightsun2029@gmai.com,9033398401,0,0
GUJARAT,Botad,BRAHMADIP ENTERPRISE,KASHYAP PANDYA,brahmadip.solar@yahoo.com,9427230047,0,0
GUJARAT,Botad,BOND SOLAR,CHINTAN DUDHAT,bondsolar9@gmail.com,9998118505,0,0
GUJARAT,Botad,BNG GREEN ENERGY SOLUTION,BHARAT KUMAR NANJIBHAI GOHEL,bng.greenenergy@gmail.com,9727777171,0,0
GUJARAT,Botad,BLUTH SERVICES LLP,OM TEKRIWAL,contact@bluthservices.com,8630697093,0,0
GUJARAT,Botad,BLEO ENERGY,KRUPAL DESAI,bleoenergy@gmail.com,9924982211,0,0
GUJARAT,Botad,BK GROUP & ASSOCIATES,IRFAN SAMA,irfansama2704@gmail.com,9879933662,0,0
GUJARAT,Botad,BISON ENGINEERS,HIRAL PANDYA,bisonengineers19@gmail.com,7573984542,0,0
GUJARAT,Botad,BILIPATRA ENTERPRISE,JALPESH CHANDEGARA,prajapatijalpesh24@gmail.com,9427928892,0,0
GUJARAT,Botad,BHUMI POLYMERS PRIVATE LIMITED (FORMERLY KNOWN AS BHUMI POLYMERS PRIVATE LIMITES),SAGAR VAGHASIYA,solar@bhumipolymers.com,9099084938,0,0
GUJARAT,Botad,BHUMI GREEN POWER,HERBHA RAJKUMAR MULUBHAI,bhumigreenpower@gmail.com,9824956161,0,0
GUJARAT,Botad,BHSQUARE SOLAR INSTALLATION SERVICES,HARSHKUMAR SURESHCHANDRA PATEL,harshwork2422@gmail.com,9909431526,0,0
GUJARAT,Botad,BHAVI SOLAR AND ELECTRICALS,DINESH CHAUDHARY,chaudharid04@gmail.com,9099754254,0,0
GUJARAT,Botad,BHAVANI ELECTRICALS,Yogesh Patel,beplpatan@gmail.com,9824014075,0,0
GUJARAT,Botad,BHAUTIK ENGINEERING CO.,Vegada Bhautik,vegadabhautik2410@gmail.com,9825690528,0,0
GUJARAT,Botad,BHASKAR SOLAR ENTERPRISE,BHAVIK VANZARA,info.bhaskarsolar@gmail.com,8980451231,0,0
GUJARAT,Botad,BHASKAR RAY ENERGY,HARSHAD CHAUHAN,bhaskarray018@gmail.com,9426975552,0,0
GUJARAT,Botad,BHARTI SOLAR,Jayesh Surtani,bhartisolar1@gmail.com,8160804583,0,0
GUJARAT,Botad,BHAKTINANDAN POWER PVTLTD,DINESH J CHAVADA,bhaktinandanpower@gmail.com,9724031529,0,0
GUJARAT,Botad,BHAGVATI SOLAR POWER,Ankit Vekariya,info@bhagvatisolarpower.com,7770007502,0,0
GUJARAT,Botad,BHAGAT SOLAR ENERGY,PIYUSH M MAKANI,bhujbhagatsolarenergy@gmail.com,9930432027,0,0
GUJARAT,Botad,BEYOND ENERGY,PARTH RATHOD,beyondenergy2025@gmail.com,8849608389,0,0
GUJARAT,Botad,BESIGNATURE SOLAR ENERGY PVT.LTD,Prit Patel,signaturesolar975@gmail.com,7265996001,0,0
GUJARAT,Botad,BENCHMARK AGENCIES PRIVATE LIMITED,TARANG MEHTA,tarang@benchmarkagencies.com,8200267346,0,0
GUJARAT,Botad,BELIEVER RENEWAL ENERGY,DHRUVIL LATHIYA,bre.solar20@gmail.com,7434972242,0,0
GUJARAT,Botad,BELIEVE TECH ENERGY SERVICES,Kavina Vaghela,infobtes@gmail.com,9499631316,0,0
GUJARAT,Botad,BELIEF GREEN TECH PVT LTD,Kanji Mandaviya,mandaviyakanji@gmail.com,6351555029,0,0
GUJARAT,Botad,BELIANCE ENERGY INDIA PVT.LTD.,BHARGAV KURJIBHAI PATOLIYA,belianceenergy@gmail.com,8511651364,0,0
GUJARAT,Botad,BEACON ELECTROTECH LLP,RIYA Narsana,info@beaconelectrotech.com,8460314011,0,0
GUJARAT,Botad,BAPA SITARAM RENEWABLE ENERGY,KISHAN KUMAR ANILBHAI PANDYA,BSREVADODARA@GMAIL.COM,9925557878,0,0
GUJARAT,Botad,BANSIDHAR SOLAR ENERGY,MAKWANA DEEP HITESHBHAI,banshidharsolarenergy@gmail.com,9726035143,0,0
GUJARAT,Botad,BANAS POWER,DASHRATHBHAI C GOLETAR,banaspower2020@gmail.com,9998418825,0,0
GUJARAT,Botad,BALA SOLAR,VIJAY SINH PRAVINSINH RANA,balasolar@yahoo.com,9879188034,0,0
GUJARAT,Botad,BAHUBALI CONSTRUCTION,TUSHARBHAI K DABHI,pintudabhi626@gmail.com,8490005005,0,0
GUJARAT,Botad,BADAL INDUSTRIES,BADAL SHAH,badalindustries@gmail.com,9824594844,0,0
GUJARAT,Botad,BACKBONE ELECTRICALS,C M AMRUTIA,backbone.electricals@gmail.com,6356044325,0,0
GUJARAT,Botad,B-SOLAR CONSULTANT AND ENGINEER PVT LTD,ANIL GUPTA,md@bsolar.in,8000888019,0,0
GUJARAT,Botad,AZOLE POWER,MALI URMILABEN PRAKASHBHAI,azolepower9998@gmail.com,9998743101,0,0
GUJARAT,Botad,AYKKA TECHNOVISION PRIVATE LIMITED,SEMAL OZA,aykka@outlook.in,9586508907,0,0
GUJARAT,Botad,AYAN SOLAR ENERGY,NUMBER(S),ayansolar25@gmail.com,7623886775,0,0
GUJARAT,Botad,AXIS ENERTECH,MEET VACHHANI,meet@axisenertech.com,9428028009,0,0
GUJARAT,Botad,AWAAS SEWA PRIVATE LIMITED,BHARATI BHONSALE,ADMIN@AWAAS.IN,9099189893,0,0
GUJARAT,Botad,AVINYA POWER SOLUTION,AVINYA POWER SOLUTION,avinyapowersolution@gmail.com,9099317212,0,0
GUJARAT,Botad,AVI APPLIANCES PVT. LTD.,PRITAM JAIN,design01@avi-products.com,9913759764,0,0
GUJARAT,Botad,AVEE ENERGY,DHAVAL PATEL,dhavalpatel1973@yahoo.in,9898233244,0,0
GUJARAT,Botad,AVATAR SOLAR PVT LTD,Falgunbhai,bharat@avatarsolar.com,9687055273,0,0
GUJARAT,Botad,AVANTA,JAYDIPSINH AMARSINH DODIYA,info@avantasolar.com,9586355511,0,0
GUJARAT,Botad,ATRI ENERGY,JAIMIN PATEL,atrienergy@gmail.com,7622838008,0,0
GUJARAT,Botad,ATLAS MATRIX PVT LTD,NIRAVBHAI BRAHMBHATT,atlassolar01@gmail.com,9016955068,0,0
GUJARAT,Botad,ATHARV ENERTECH,MONTU J. DEDAKIYA,montu.dedakiya@gmail.com,9998943833,0,0
GUJARAT,Botad,ASV ENERGY SOLUTIONS,Vikas Singhal,vikas30.asv@gmail.com,7879064335,0,0
GUJARAT,Botad,ASTHA ENTERPRISE,KARIMBHAI BHIKHABHAI BELIM,asthaenterprise8010@gmail.com,9925668010,0,0
GUJARAT,Botad,ASHISH ELECTROMECH,IKBAL MANSURI,ashishelectromech@gmail.com,9426048587,0,0
GUJARAT,Botad,ASHIRWAD ELECTRICALS,ALPESHBHAI CHAUHAN,ashirwad.ele2022@gmail.com,9904614125,0,0
GUJARAT,Botad,ASHAPURA SOLAR POWER,PARTH GOHIL,ashapurasolarpower2025@gmail.com,7778095905,0,0
GUJARAT,Botad,ASCENT ENERGY,BHAVIN KAKA,ascentenergys@gmail.com,8799447675,0,0
GUJARAT,Botad,ARYAVEER ENERGY INCORPORATION,TARPARA AMITBHAI JADAVBHAI,aryaveerenergyincorporation@gmail.com,9712987874,0,0
GUJARAT,Botad,ARRAYCOM INDIA LIMITED,KISHAN PATEL,solar@arraycom.co.in,9909941004,0,0
GUJARAT,Botad,ARRAY ENERGY SOLUTION,PRATIMA TRIVEDI,ceo.arrayenergysolution@gmail.com,9979898440,0,0
GUJARAT,Botad,ARKURJA INNOVATIONS PRIVATE LIMITED,Abhishek Kishore,arkurjarenewables@gmail.com,7383188631,0,0
GUJARAT,Botad,ARKTEC RENEWABLE ENERGY LLP,Parth Patel,arktecrenewableenergy@gmail.com,8160038659,0,0
GUJARAT,Botad,ARK SOLAR ENERGY SOLUTIONS,arksolarenergy3@gmail.com,arksolarenergy3@gmail.com,7874463444,0,0
GUJARAT,Botad,ARJUN ENTERPRISE,Sagar Dhranga,arjunenter2013@gmail.com,8780886508,0,0
GUJARAT,Botad,ARJAN SOLAR,megha d sisodiya,info@arjansolar.com,9638064824,0,0
GUJARAT,Botad,ARIHAA SOLAR PVT LTD,Ashish Parmar,ashish.arihaasolar@gmail.com,9825877888,0,0
GUJARAT,Botad,ARCHER RENEWABLE PRIVATE LIMITED,Chhayank D Patel,info@archersolar.in,8000041003,0,0
GUJARAT,Botad,ARBUDA SOLAR,MANAN JAYANTIBHAI CHAUDHARI,manan.chaudhari@hotmail.com,9638732097,0,0
GUJARAT,Botad,AQUILINE ENERGY SOLUTION,KALPANA SHAH,aquilineenergysolution@gmail.com,7016762587,0,0
GUJARAT,Botad,APOLLO SOLAR POWER,DHAVAL SAVANI,dhavalsavani@icloud.com,9099006748,0,0
GUJARAT,Botad,APOLLO GREEN ENEGRY,Vivek Patel,apollogreenenergy2024@gmail.com,9825249415,0,0
GUJARAT,Botad,APN SOLAR ENERGY PVT LTD,APNSOLAR,nationalportal@apnsolar.com,9702034043,0,0
GUJARAT,Botad,AONE RENEWABLE ENERGY,AONE RENEWABLE ENERGY,md.aonerenewableenergy@gmail.com,7435061657,0,0
GUJARAT,Botad,ANK SOLAR ENERGY,HIT A KHANDOR,anksolarenergy@gmail.com,9724816510,0,0
GUJARAT,Botad,ANGEL SOLTECH,KARTIK SATHVARA,angelsoltech@gmail.com,8511029776,0,0
GUJARAT,Botad,ANGEL PUMPS PVT.LTD.,BHARAT ASODARIYA,solar1@pumpsangel.com,9904809409,0,0
GUJARAT,Botad,ANANYA SOLAR TECHNOLOGIES,KETUL PANDAV,sales.ananyasolar@gmail.com,7573850419,0,0
GUJARAT,Botad,ANANYA SOLAR ENTERPRISE,Solanki Tusharkumar,ananyasolarenterprise@gmail.com,9537638499,0,0
GUJARAT,Botad,ANANYA RENEWABLE ENERGY LLP,CHITALIYA AJAY BHARATBHAI,energy.ananyarenewable@gmail.com,9327003360,0,0
GUJARAT,Botad,ANANY URJA PRIVATE LIMITED,PRAYAGKUMAR KANUBHAI KHATRANI,ananyurjapvtltd@outlook.com,8866442477,0,0
GUJARAT,Botad,ANANT SOLAR ENRGY,KALARIYA HIREN,anantsolarenergy@gmail.com,9904198764,0,0
GUJARAT,Botad,ANANT SOLAR,CHAUHAN HITESH RAMESHBHAI,anantsolar4242@gmail.com,8401714242,0,0
GUJARAT,Botad,ANANT ENERGY,DEEPABEN PATEL,anantenergy1910@gmai.com,9773476431,0,0
GUJARAT,Botad,ANAND AND ANAND ASSOCIATES,YOGESH KUSHWAHA,yogeshanandk@gmail.com,9426546256,0,0
GUJARAT,Botad,AMUL ENTERPRISE,HANIF BADI,amulenterprise92@gmail.com,9898618448,0,0
GUJARAT,Botad,AMRUTAM RENEWABLE ENERGY,VIVEKKUMAR AMRUTLAL PRAJAPATI,info@amrenergy.in,9016352248,0,0
GUJARAT,Botad,AMRUT ENGINEERS,KHUSHAL J.BHADRA,amrutengineersbhuj@gmail.com,9033492711,0,0
GUJARAT,Botad,AMPLE SOLAR PVT LTD,Ravi,ravi@amplesolar.in,9979792403,0,0
GUJARAT,Botad,ALPHA ENTERPRISE,MAULIK H SABHANI,maulik.solar@gmail.com,9725957991,0,0
GUJARAT,Botad,ALFA SOLAR ENERGY,ASHVIN PANSARA,alfasolarenergy2020@gmail.com,9825374250,0,0
GUJARAT,Botad,ALAYNA GREEN ENERGY,TAHARKHAN PATHAN,taharkhantna@gmail.com,6353439659,0,0
GUJARAT,Botad,AKUNTHA PROJECTS PVT LTD,RAVI KAMDAR,ravi@akuntha.com,9426402423,0,0
GUJARAT,Botad,AKSHAR SOLAR ENERGY,KAMLESH P NAGVADIYA,aksharsolarenergy@gmail.com,8200328133,0,0
GUJARAT,Botad,AKHANDDEEP SOLAR SOLUTION,AKHANDDEEP SOLAR SOLUTION,akhanddeepsolar@gmail.com,9978643099,0,0
GUJARAT,Botad,AKHAND SHAKTI SOLAR,ARUN PARANJAPEE,apparanjape@gmail.com,9427003484,0,0
GUJARAT,Botad,AK GREEN ENERGY,TAILOR AKSHAYKUMAR KISHORBHAI,akgreenenergy49@gmail.com,9974846833,0,0
GUJARAT,Botad,AILIS ENERGY PRIVATE LIMITED,MEHUL PRAJAPATI,suryagujarat@ailisenergy.com,8401541048,0,0
GUJARAT,Botad,AHAD SOLARTECH,SHABBIRALI ABBASALI SUTHAR,ahad.solartech@gmail.com,9724259440,0,0
GUJARAT,Botad,AHAD ENERGY,SALIM LOHANI,info@ahadenergy.in,9737673768,0,0
GUJARAT,Botad,AGARIA ENTERPRISE,Iqbal Agaria,mahammadikbalagariya@gmail.com,8200605756,0,0
GUJARAT,Botad,AEW SMART SERVICES PVT. LTD.,BHARAT KUMAR,netmetering@aewsmart.com,8851047092,0,0
GUJARAT,Botad,AEROVOLT ENERGY PRIVATE LIMITED,Aerovolt Energy,aerovoltenergy@gmail.com,9558002201,0,0
GUJARAT,Botad,AEILUS RENEWABLE ENERGY,JIGNESH PATEL,aeilusrenewableenergy@gmail.com,8866581528,0,0
GUJARAT,Botad,ADVANCED ELETRICAL SOLUTIONS,DHRUV SHAH,info.aessolar@gmail.com,7574880300,0,0
GUJARAT,Botad,ADVANCE ENERGY SOLUTION,JIGNAKUMARI,info.advanceenergysolution@gmail.com,8799359849,0,0
GUJARAT,Botad,ADITYAURJA,PALAK CHHASATIA,info.adityaurjasolar@gmail.com,7359935517,0,0
GUJARAT,Botad,ADARSH ANUKAMPA SERVICES,BHARAT SHIROYA,info@adarshindia.net,9825389314,0,0
GUJARAT,Botad,ACTIVE POWER INFRA,ALISH VACHHANI,activepowerinfra@gmail.com,7228828738,0,0
GUJARAT,Botad,ACCURATE INFOTECH,MOHMMEDAHSAN SHABIRMIYAN SHAIKH,accurateinfotech1@gmail.com,8866445623,0,0
GUJARAT,Botad,ACCLIMATE SYSTEMS PRIVATE LIMITED,HARSHUL SHAH,acclimatesystem@gmail.com,7878538141,0,0
GUJARAT,Botad,AC DC PROJECTS,MAULIK PANCHAL,acdcprojects1@gmail.com,8200193182,0,0
GUJARAT,Botad,ABS SOLAR ENERGY,Salman Khan,abssolar16@gmail.com,7574010721,0,0
GUJARAT,Botad,ABR ENERGY,RAJAN DETROJA,abrenergy2019@gmail.com,9375208266,0,0
GUJARAT,Botad,ABHI ENERGETIC PVT LTD,NARENDRAKUMAR PATEL,abhi_electrical13@yahoo.com,9824345369,0,0
GUJARAT,Botad,AATREY SOLUTIONS,DILIP FOSI,aatreysolutions@gmail.com,7698120241,0,0
GUJARAT,Botad,AATREY ASSOCIATES PRIVATE LIMITED,TUMESHKUMAR JADEJA,aatreyassociates@gmail.com,9824089144,0,0
GUJARAT,Botad,AASHA SOLAR ENERGY,Amir Khanusiya,aashasolarenergy1@gmail.com,7016775306,0,0
GUJARAT,Botad,AARSUN ENERGY SOLUTIONS,Mr. YUVRAJSINH UDAVAT,aarsunenergy@gmail.com,8200328869,0,0
GUJARAT,Botad,AAROHI SOLAR ENERGY,RAMABHAI PARMAR,pram8384@gmail.com,8347341291,0,0
GUJARAT,Botad,AARISH POWER,HARSH PATEL,harshpatel5268@gmail.com,7600621060,0,0
GUJARAT,Botad,AARAMBH RENEWABLE,KULDEEP HARESHBHAI PANCHAL,aarambhrenewable@gamil.com,8487861888,0,0
GUJARAT,Botad,AAPLUG SYSTEM,NILESH TALAVIYA,aaplugsystem@gmail.com,7434066394,0,0
GUJARAT,Botad,AANJNEY ENTERPRISE,AKASH PATEL,aanjneysolar@gmail.com,6353161531,0,0
GUJARAT,Botad,AANGI SOLAR,ATULKUMAR PARSHOTTAMBHAI KHUNT,aangisolar@gmail.com,8000848307,0,0
GUJARAT,Botad,AAMOKSH ELECTRICALS PRIVATE LIMITED,AAMOKSH ELECTRICALS PRIVATE LIMITED,hardik.pandya4166@gmail.com,9998367462,0,0
GUJARAT,Botad,AAKASH ENTERPRISES,Akash Parmar,Enterprise.aakash2010@gmail.com,8735074986,0,0
GUJARAT,Botad,AAJIVAN SOLAR POWER,MAYANK SAKARIYA,aajivansolarpower@gmail.com,9106798337,0,0
GUJARAT,Botad,AAI SHREE KHODIYAR FEBRICATION,JAYESH PATOLIYA,ASKF2024@GMAIL.COM,9725001682,0,0
GUJARAT,Botad,AADITYA SOLAR,GAUTAMBHAI R PATEL,adityasolarnarmada@gmail.com,9265740687,0,0
GUJARAT,Botad,AA SOLAR,AA SOLAR,enquiry.aasolar@gmail.com,7984392322,0,0
GUJARAT,Botad,A S SOLAR ENTERPRISE,VHORA MUSTKIMBHAI ILIYASBHAI,assolarenterprise@gmail.com,9510572504,0,0
GUJARAT,Botad,A S RENEWABLE ENERGY PRIVATE LIMITED,Ashok Yadav,info@asre.co.in,9067207226,0,0
GUJARAT,Botad,A J INFRATECH AND SOLAR,aj_infratechsolar,aryanpatelvisnagar@gmail.com,9429083193,0,0
GUJARAT,Botad,A D ENERGY SOLUTIONS,DHARMIKKUMAR KAUSHIKBHAI PATHAK,adenergysolutions64@gmail.com,9924503387,0,0
GUJARAT,Botad,7 STAR SOLAR ENERGY,IKBAL BADI,7STAR51751@GMAIL.COM,9624899019,0,0
GUJARAT,Botad,5 RAYS ENERGY,SANJAY PANSURIYA,5raysenergy@gmail.com,9979595404,0,0
GUJARAT,Botad,4SUN POWER,PRAVIN GOSWAMI,4sunpower.ahd@gmail.com,8000859548,0,0
GUJARAT,Botad,24R ENERGY,ABHINAV GAHARWAR SINGH,abhinav.24renergy@gmail.com,9898881359,0,0
