state,district,company_name,emails,contact_numbers,total_installed_capacity_kwp,no_of_installations
GUJARAT,Anand,CORWIND RENERGY LLP,corwind.renergy@gmail.com,9428490118,4684,1209
GUJARAT,Anand,PETLAD SOJITRA TALUKA SAURAURJA UTPADAK SAHKARI MANDALI LIMITED,pssumandali@gmail.com,8140968999,4015,1052
GUJARAT,Anand,PRAGATI INDUSTRIES,pragatipv8@gmail.com,9428799552,4151,907
GUJARAT,Anand,SUNFREE ENERGY,sunfreeenergy2017@gmail.com,7600002358,2994,740
GUJARAT,Anand,SURYA URJA SYSTEMS,suryaurjasystems@gmail.com,9824276142,2763,716
GUJARAT,Anand,RK RENEWABLE ENERGY & ENGINEERING WORKS,rkrenewable.engineering2020@gmail.com,9824961523,2310,603
GUJARAT,Anand,URJASTROT PRIVATE LIMITED,urjastrotenterprise@gmail.com,7621010012,1789,487
GUJARAT,Anand,NAVKAR POWER SOLUTIONS,contact@navkarpower.co.in,9879613334,1846,472
GUJARAT,Anand,JANGID SOLAR ENERGY PVT LTD,info@jsepl.in,6358931609,1813,470
GUJARAT,Anand,GREENERGY SOLAR SOLUTIONS,greenergysolarsolutions26@gmail.com,9409215712,1633,411
GUJARAT,Anand,HARI OM SOLAR ENERGY,prajapativr697@gmail.com,9428490890,1437,381
GUJARAT,Anand,PATWA MARKETING,nigam82002@yahoo.co.in,9825622939,1379,360
GUJARAT,Anand,PANCHAMRUT ENTERPRISE,panchamrut2019@gmail.com,7016103662,1373,341
GUJARAT,Anand,ARIS SOLAR,arissolartech@gmail.com,9662336115,1212,284
GUJARAT,Anand,SOLEX ENERGY LIMITED,solexcd@gmail.com,6354605180,894,251
GUJARAT,Anand,RADIANT SUN ENERGY LLP,slesh.patel@gmail.com,8140000257,968,248
GUJARAT,Anand,RAY ENERGY,info.rayenergy@gmail.com,8401481453,994,234
GUJARAT,Anand,FRELIT ENERGY PRIVATE LIMITED,frelitenergy@gmail.com,9512700130,911,233
GUJARAT,Anand,SUNLIGHT SOLAR ENTERPRISE,bhaveshparmar4793@gmail.com,8320866769,847,214
GUJARAT,Anand,KSQUARE ENERGY PVT LTD,projects@ksquareenergy.com,9725218150,785,211
GUJARAT,Anand,SHREEJI SALES - KARAMSAD,shreejisales125@gmail.com,9586548051,714,206
GUJARAT,Anand,HITECH SOLAR,jayesh@hitechsolar.in,7600059073,735,204
GUJARAT,Anand,LIGHTWELL SOLAR,lightwellsolar@gmail.com,9054524293,820,202
GUJARAT,Anand,LUCIDUS ENERGY PRIVATE LIMITED,lucidusenergy21@gmail.com,9327990722,758,182
GUJARAT,Anand,SYSTEM LEVEL SOLUTIONS INDIA PVT LTD,sales@getsunsights.com,7486992856,682,179
GUJARAT,Anand,SOLARIUM GREEN ENERGY LIMITED,np@solariumenergy.in,9687133338,650,164
GUJARAT,Anand,AARISH POWER,harshpatel5268@gmail.com,7600621060,617,160
GUJARAT,Anand,DIVINE ENERGY INC,divinein17@gmail.com,7874391679,575,146
GUJARAT,Anand,VEDANTA SOLAR,info.vedantasolar@gmail.com,8140233119,562,143
GUJARAT,Anand,ALAYNA GREEN ENERGY,taharkhantna@gmail.com,6353439659,623,143
GUJARAT,Anand,AUSTRALIAN PREMIUM SOLAR INDIA PVT LTD,systems@australianpremiumsolar.co.in,7966006600,537,141
GUJARAT,Anand,STARLUMEN ENERGY LLP,sales.starlumen@gmail.com,8758737125,539,137
GUJARAT,Anand,MECPOWER SOLUTIONS LIMITED,tender@mecpower.in,9328911577,509,137
GUJARAT,Anand,SHIVAM PHOTOVOLTICS PVT LTD,tenders@spvpl.com,9426023829,538,134
GUJARAT,Anand,GIMS ENERGY PRIVATE LIMITED (FORMERLY KNOWN AS GUPTA INDUSTRIAL MAINTENANCE SERVICES PVT.LTD),yash@gimsindia.com,9879806111,516,128
GUJARAT,Anand,CRYSTASOL ENERGY SOLUTIONS PRIVATE LIMITED,n.s.pathak18@gmail.com,7069335544,484,125
GUJARAT,Anand,LUCRATIVE ENERGY PRIVATE LIMITED,lucrativein24@gmail.com,9408152427,494,124
GUJARAT,Anand,SHREEJI SOLAR ENERGY SYSTEMS,snpatel2605@gmail.com,9712914272,400,115
GUJARAT,Anand,C J ENTERPRISE,cjenterprise93@gmail.com,9429670026,441,111
GUJARAT,Anand,ZAVICH INFRASTRUCTURE AND POWER PVT LTD,zavichinfra@gmail.com,9106129608,436,110
GUJARAT,Anand,BESIGNATURE SOLAR ENERGY PVT.LTD,signaturesolar975@gmail.com,7265996001,380,108
GUJARAT,Anand,VIRTA ENTERPRISE,INFO.VIRTAENTERPRISE@GMAIL.COM,7698432673,363,103
GUJARAT,Anand,SUNCELL SOLAR LLP,suncellsolarenergy@gmail.com,9512668884,390,102
GUJARAT,Anand,BHANU ENTERPRISES,akkothari1964@gmail.com,9263635946,312,98
GUJARAT,Anand,STEELHACKS INDUSTRIES,unisolsolar2000@yahoo.com,9825049997,319,87
GUJARAT,Anand,HET CONSULTANCY,hetconsultancy01@gmail.com,9586618784,331,82
GUJARAT,Anand,BHANU PV SOLAR PVT LTD,bhanupvsolarpvtltd@gmail.com,9510398989,296,82
GUJARAT,Anand,SOLAR ACE,project.solarace@gmail.com,9909037803,276,76
GUJARAT,Anand,DELICATE SOLAR PRIVATE LIMITED,gabanijemish3@gmail.com,8238340836,267,76
GUJARAT,Anand,VYAS IMPEX,vyasimpex1982@gmail.com,8200849398,276,72
GUJARAT,Anand,SUN SAVER SOLAR,support@sunsaversolar.in,9909908879,263,71
GUJARAT,Anand,SHREEJI ENTERPRISE-SURAT,epc.solar@shreejiconstruction.com,9825108890,254,71
GUJARAT,Anand,D S POWER SOLUTION,vipulas094@gmail.com,9106304356,259,71
GUJARAT,Anand,SURYAKAMAL INFRA PVT.LTD.,sales@suryakamalinfra.com,9727756866,252,66
GUJARAT,Anand,SOLARATIVE ENERGY SOLUTION,pavan.solarative@gmail.com,9327151411,205,56
GUJARAT,Anand,PRATIKSHA ENTERPRISE,pratikshaenterprise1006@gmail.com,8238516417,210,55
GUJARAT,Anand,GREENERA ENERTECH PVT LTD,greenera.solarenergy@gmail.com,9427726620,198,55
GUJARAT,Anand,GENESIS ELECTRICAL,genesiselectricalindia@gmail.com,8200480623,212,55
GUJARAT,Anand,SOLARPLUS ENERGY SOLUTIONS,esolarplus@gmail.com,9327269583,202,54
GUJARAT,Anand,NATIONAL ELECTRICALS AND ELECTRONICS CORPORATION,ashokpatel@neec.in,9429136631,236,53
GUJARAT,Anand,JIGS ELECTRICAL,jigselectrical@gmail.com,9979129392,170,51
GUJARAT,Anand,EARTH SOLAR,earthsollar@gmail.com,9879911777,194,51
GUJARAT,Anand,RG SOLAR SOLUTIONS,info@rgsolarsolutions.com,7718719713,199,50
GUJARAT,Anand,DGR ENERGY PRIVATE LIMITED,dgrenergygroup@gmail.com,8128603082,179,50
GUJARAT,Anand,ASCENT ENERGY,ascentenergys@gmail.com,8799447675,181,50
GUJARAT,Anand,JANTA RENEWABLE ENRGY,jantarenewableenergy@gmail.com,9898897373,173,48
GUJARAT,Anand,EMISSIONS FREE WORLD PVT LTD,emissionsfreeworld@gmail.com,8320097477,186,48
GUJARAT,Anand,SMIT ENGINEERING SOLUTION,smitengineering10@gmail.com,9033381684,176,46
GUJARAT,Anand,GURUKRUPA SOLAR AND AGRO INDUSTRIES,vishal@vishal-group.com,9328854525,179,46
GUJARAT,Anand,PATEL GREEN ENERGY SALES AND SERVICE,patelgreenenergyinfo@gmail.com,9427412983,186,45
GUJARAT,Anand,ZODIAC ENERGY LIMITED,info@zodiacenergy.com,7861852582,166,44
GUJARAT,Anand,UNITY ENERGY SOLUTION,unityenergysolution@gmail.com,9099094027,171,44
GUJARAT,Anand,MNS GLOBAL ENGINEERING AND SERVICES,mnsglobalengineeringservices@gmail.com,9727207075,177,44
GUJARAT,Anand,SOLEX GREEN ENERGY PRIVATE LIMITED,pravin.d@solex.in,9376820081,164,42
GUJARAT,Anand,SIA ENTERPRISE,sia.enterprises19@gmail.com,9327248299,151,42
GUJARAT,Anand,SOLAR SMART PVT LTD,solarsmart2021@gmail.com,7284000580,141,39
GUJARAT,Anand,APS ROOFTOP SOLAR PRIVATE LIMITED,info@apsrooftopsolar.co.in,7966009900,150,39
GUJARAT,Anand,SHREE NARAYAN ENERGY,snesolar@gmail.com,9879179079,152,38
GUJARAT,Anand,SATTVA ENERGIES,sattvaenergies@gmail.com,8401156604,147,38
GUJARAT,Anand,MADHAV ENERGY SOLUTION,info.madhavenergy@gmail.com,9408354018,158,38
GUJARAT,Anand,PROSPER ENTERPRISE,prosperenterprise07@gmail.com,9824420913,135,33
GUJARAT,Anand,GOVARDHAN TRADERS,govardhantraders2512@gmail.com,7600029983,140,33
GUJARAT,Anand,TECHNOGOODS ENTERPRISES,TechnoGoods@outlook.com,9904709693,128,31
GUJARAT,Anand,OCEANIC POWER ENGINEERS PRIVATE LIMITED,oceanicpower.in@gmail.com,7778065600,128,31
GUJARAT,Anand,EFFORTS SOLAR PRIVATE LIMITED (FORMERLY KNOWN AS EFFORTS ENTERPRISES),admin@effortsgroup.in,9067817117,112,30
GUJARAT,Anand,SAUR SOLAR SOLUTION LLP,piyushpatel1974@gmail.com,9909417258,105,29
GUJARAT,Anand,KT SOLAR ENERGY,KTSOLARENERGY14418@GMAIL.COM,9033092122,101,29
GUJARAT,Anand,JALARK SOLAR SOLUTIONS OPC PVT LTD,infojalark@gmail.com,9426661857,120,29
GUJARAT,Anand,AILIS ENERGY PRIVATE LIMITED,suryagujarat@ailisenergy.com,8401541048,111,29
GUJARAT,Anand,SWAMI INTEGRATOR AND CONSULTANTS LLP,sanjib@swamisolar.com,8980800743,91,27
GUJARAT,Anand,SHREEJI ENTERPRISE - MANJALPUR,shreejienergy844@gmail.com,7041803421,98,27
GUJARAT,Anand,MAHISAGAR SOLAR ENERGY,mahisagarsolarenergy23@gmail.com,8200154972,106,27
GUJARAT,Anand,LAKSH POWER TECH,lakshpowertech777@gmail.com,9825692073,93,27
GUJARAT,Anand,HANU ENTERPRISE,hanuenterprise2023@gmail.com,9067322910,110,27
GUJARAT,Anand,SUNSAFE INFRA SERVICES,INFO@SUNSAFE.IN,9033673308,107,26
GUJARAT,Anand,SANELITE SOLAR PVT LTD,bhavesh.modi@sanelitesolar.com,9374021722,94,26
GUJARAT,Anand,GREENBRILLIANCE RENEWABLE ENERGY LLP,jay.patel@gbreenergy.com,9879611302,98,26
GUJARAT,Anand,BHARTI SOLAR,bhartisolar1@gmail.com,8160804583,98,26
GUJARAT,Anand,SWAMI ENERGY,jigar.swamienergy@gmail.com,9725451293,95,25
GUJARAT,Anand,PRINCE ELECTRICAL,princeelectrical20@gmail.com,8866507173,91,25
GUJARAT,Anand,AADHYA SOLAR,jalpam.aadhyasolar@gmail.com,9426624423,105,25
GUJARAT,Anand,SURYA SOLAR AND WATERS,rooftop@suryasolarwaters.com,9033266039,96,24
GUJARAT,Anand,SUNLIGHT ENERGY SOLUTIONS,sunlightenergysolutions01@gmail.com,9824668001,82,21
GUJARAT,Anand,SUCCESS TECHNOCRAT,khatri292@gmail.com,9624001021,69,21
GUJARAT,Anand,PRUTHVIRAJSINH SINDHA,pruthvisindha89@gmail.com,9328106806,73,21
GUJARAT,Anand,EARTH WISE ENERGIES,earthwiseenergies@gmail.com,9033330463,74,21
GUJARAT,Anand,SUNRUN GREEN ENERGY,sunrungreenenergy@gmail.com,6354883949,85,20
GUJARAT,Anand,SHIVHARDHA SHD PROJECTS,shivhardha@gmail.com,9898692603,81,20
GUJARAT,Anand,IMMIX SOLUTION,immixsolution@gmail.com,9265493249,82,19
GUJARAT,Anand,GARUDA POWER,garudapower26@gmail.com,9016555765,72,19
GUJARAT,Anand,FLAME SOLREN PRIVATE LIMITED,operations@flamesolren.com,8849478907,76,19
GUJARAT,Anand,ADITYAURJA,info.adityaurjasolar@gmail.com,7359935517,73,19
GUJARAT,Anand,SOLAR TECH WORLD,support@solartechworld.com,8460728007,67,18
GUJARAT,Anand,LOBEL SOLAR POWER SYSTEM,info@lobelpower.com,9327007854,68,18
GUJARAT,Anand,GREEN WATT SOLAR ENERGY,greenwattsolarenergy2022@gmail.com,9898383910,71,18
GUJARAT,Anand,A S SOLAR ENTERPRISE,assolarenterprise@gmail.com,9510572504,68,18
GUJARAT,Anand,VISHWA SOLAR EXPERT,vishwasolar68@gmail.com,9724968018,63,17
GUJARAT,Anand,SYNCHRO ENERGY,synchroenergy389@gmail.com,9974737316,56,17
GUJARAT,Anand,SHIVA SOLAR ENERGY,admin@shivasolarenergy.com,9624220197,75,17
GUJARAT,Anand,PERFECT RENEWTECH PRIVATE LIMITED,info@perfectrenewtech.com,9965200700,65,17
GUJARAT,Anand,OORJA ELECTRIC,oorjaforeveryone@gmail.com,9067598727,61,17
GUJARAT,Anand,OM ELECTRICALS SERVICES,omelectricals2104@gmail.com,9998004891,69,17
GUJARAT,Anand,MEERA SUN ENERGIES,info@meerasunenergies.com,8200447359,69,17
GUJARAT,Anand,BHASKAR SOLAR ENTERPRISE,info.bhaskarsolar@gmail.com,8980451231,57,17
GUJARAT,Anand,H AND S ENGINEERING,HSENGINEERING9698@GMAIL.COM,8980818699,54,16
GUJARAT,Anand,SOLAR EARTH RENEWABLES PRIVATE LIMITED,ser@solarearth.in,7990378370,52,15
GUJARAT,Anand,VERTEX SOLAR SOLUTIONS PVT LTD,vertexnad@gmail.com,8758614088,60,14
GUJARAT,Anand,SURYASE ENERGY,suryaseenergy@gmail.com,9662047390,53,14
GUJARAT,Anand,SOLAR EXPERT,solarexpert35@gmail.com,9426167233,52,14
GUJARAT,Anand,SHREEJI MARKETING - TALOD,rajuksales@gmail.com,9974612008,52,14
GUJARAT,Anand,SOLEOS GREEN ENERGY PRIVATE LIMITED,pruthvi@soleos.in,9512448900,50,13
GUJARAT,Anand,SCORP ENERGY PRIVATE LIMITED,mohit@scorpenergy.com,9925345121,61,13
GUJARAT,Anand,REVA RENEWABLES,revarenewables@gmail.com,6358844490,48,13
GUJARAT,Anand,POWER TECH ENERGY SOLUTUIONS,epc@ptes.in,6357502081,48,13
GUJARAT,Anand,DHVANI ENERGY,dhvanisolar@gmail.com,9537928064,49,13
GUJARAT,Anand,SUNBOOST PRIVATE LTD,info@sunboostenergy.com,9104227788,45,12
GUJARAT,Anand,PHOTOVOLTAIC SOLAR,info@photovoltaicsolar.in,8866488000,62,12
GUJARAT,Anand,NYALKARAN RENEWABLE ENERGY,nyalkaranrenewableenergy@gmail.com,9998473073,45,12
GUJARAT,Anand,GREEN WATT ENERGY,info@greenwattenergy.co.in,9913853055,49,12
GUJARAT,Anand,AQUA AIR ENVIRONMENTAL ENGINEERS PVT LTD,aquasolarsurat@gmail.com,9898068808,41,12
GUJARAT,Anand,TATSAT NRGS,tatsatnrgs@gmail.com,7984576567,42,11
GUJARAT,Anand,SNETRIC POWER,snetricpower@gmail.com,8487013107,39,11
GUJARAT,Anand,KHUSHI SOLAR,khushisolar13.info@gmail.com,7600094866,46,11
GUJARAT,Anand,INFRAX RENEWABLE LIMITED,pmsg@infraxrenewable.com,9033260985,42,11
GUJARAT,Anand,BAPA SITARAM RENEWABLE ENERGY,BSREVADODARA@GMAIL.COM,9925557878,39,11
GUJARAT,Anand,TOUCHCORE CONSULTANCY,touchcore27@gmail.com,9909284285,35,10
GUJARAT,Anand,SUTARIAS SOLUTIONS PRIVATE LTD,sspl.hasmukh@gmail.com,9099510408,40,10
GUJARAT,Anand,RIA SOLAR,riasolar2021@gmail.com,8320210323,37,10
GUJARAT,Anand,RAYS RENEWABLE ENERGY,raysrenewableenergy@gmail.com,7069175139,36,10
GUJARAT,Anand,RADHE ELECTRICAL,radheelectrical24@gmail.com,9601294783,33,10
GUJARAT,Anand,KREYA ENTERPRISES,kreyaentp@gmail.com,6359233332,40,10
GUJARAT,Anand,INSTANT ELECTRIC SERVICES,instantelectricservices@gmail.com,9909415407,33,10
GUJARAT,Anand,BISON ENGINEERS,bisonengineers19@gmail.com,7573984542,34,10
GUJARAT,Anand,AKSHAR ENERGY SOLUTIONS,aksharenergysolutions@gmail.com,9662042835,34,10
GUJARAT,Anand,SUN RAYS ENTERPRISE,sunraysbrd@gmail.com,8141315459,30,9
GUJARAT,Anand,SARDAR SOLAR ENERGY PRIVATE LIMITED,sardarsolarenergypvtltd015@gmail.com,9664915598,42,9
GUJARAT,Anand,KRISHA SOLAR & AGRO INDUSTRIES,krishasolarandagro21@gmail.com,9574856582,32,9
GUJARAT,Anand,ELIOS ENERGY,info@eliosenergy.co.in,7016192219,33,9
GUJARAT,Anand,VIDE ENERGY,ankita.videenergy@gmail.com,9712668268,30,8
GUJARAT,Anand,SPARCO MULTIPLAST PVT LTD,info@sparcoenergy.com,9409269062,28,8
GUJARAT,Anand,PDF ENGINEERS PRIVATE LIMITED,project2.pepl@gmail.com,8803910391,28,8
GUJARAT,Anand,PATEL ELECTRONICS,hardikpatelelec@gmail.com,9377767508,31,8
GUJARAT,Anand,KARMAA SOLAR LLP,dipen@karmaasolar.com,9724666479,34,8
GUJARAT,Anand,JAISHANAVI SOLAR,rishikeshthakkar@gmail.com,9974143899,29,8
GUJARAT,Anand,INSTANT TECHNOLOGY,info@instantgroup.live,8200782232,29,8
GUJARAT,Anand,CHOKSI ENERGY SOLUTIONS,nainishkchoksi@gmail.com,9879200767,32,8
GUJARAT,Anand,ARRAY ENERGY SOLUTION,ceo.arrayenergysolution@gmail.com,9979898440,25,8
GUJARAT,Anand,AC DC PROJECTS,acdcprojects1@gmail.com,8200193182,28,8
GUJARAT,Anand,Y CAME SYSTEMS,ycamesystem009@gmail.com,8320408867,24,7
GUJARAT,Anand,UKEL AUTOMATION LLP,ukelautomation@gmail.com,9998008889,24,7
GUJARAT,Anand,SOLVEIG SOLAR PRIVATE LIMITED,solveigsolar@gmail.com,9724362544,25,7
GUJARAT,Anand,RUDRASOL ENERGY PRIVATE LIMITED,rudrasolenergy@gmail.com,9408397604,24,7
GUJARAT,Anand,RITUDHAN SOLAR POWER,ritudhansolarpower@gmail.com,9879111390,23,7
GUJARAT,Anand,PV RENEWABLES,keyurdudhat871@gmail.com,9714872871,24,7
GUJARAT,Anand,KOSOL ENERGIE PVT. LTD.,bharat@sunray.co.in,8799696356,23,7
GUJARAT,Anand,JANSA SOLAR SOLUTIONS PVT LTD,jansa@kalptaru.co.in,9998000769,23,7
GUJARAT,Anand,GRACE RENEWABLE ENERGY PVT LTD,project1@gracerenew.com,7573027788,32,7
GUJARAT,Anand,EUROLITE SOLAR,harshil.patel@euroliteindia.com,7490007847,25,7
GUJARAT,Anand,URJA ASSISTANCE,gujarat@urjaassistance.com,9724806341,22,6
GUJARAT,Anand,SAHJANAND ENTERPRISE,sahjanandeprise@gmail.com,9737671777,21,6
GUJARAT,Anand,S P MULTI ENGINEERING SERVICES,spmultiengineeringservices@gmail.com,9104556095,22,6
GUJARAT,Anand,HELIOPATH SOLAR TECHNOLOGIES,enquiry.heliopath@gmail.com,8238664332,27,6
GUJARAT,Anand,ADVANCED ELETRICAL SOLUTIONS,info.aessolar@gmail.com,7574880300,25,6
GUJARAT,Anand,TIRUPATI SOLAR,tirupatisolar@hotmail.com,7043343509,29,5
GUJARAT,Anand,SUN TECH ENERGY SOLUTION,suntech.rutvij@gmail.com,8320301975,25,5
GUJARAT,Anand,R C ELECTRICALS,info@rcelectricals.in,9824757160,19,5
GUJARAT,Anand,KHUSHI IRRIGATION AND SOLAR,khushi.irrigationandsolar@gmail.com,9638370303,18,5
GUJARAT,Anand,KESHRI NANDANAM ENERGY,keshrinandanamenergy@gmail.com,8200147522,16,5
GUJARAT,Anand,JJ PV SOLAR PRIVATE LIMITED,rajesh@jjpvsolar.com,9904809006,17,5
GUJARAT,Anand,GALAXY ENERGY SOLUTION,galaxyenergysolution@protonmail.com,9428158678,20,5
GUJARAT,Anand,BENCHMARK AGENCIES PRIVATE LIMITED,tarang@benchmarkagencies.com,8200267346,26,5
GUJARAT,Anand,AMPERE GREEN ENERGY,amperegreenenergy@gmail.com,9033116472,26,5
GUJARAT,Anand,YELLOWFELLOW ENERGIES LLP,viraj@yellowfellow.in,8200955676,20,4
GUJARAT,Anand,VIRAJBHAI VISUBHAI KHACHAR,gchauhan17388@gmail.com,9898986662,18,4
GUJARAT,Anand,ULTRA RAYS ENERGY SOLUTION,ultrarays2019@gmail.com,7984482472,13,4
GUJARAT,Anand,TECHNOCELL INDUSTRIAL SERVICES,skg23aqua@yahoo.in,9979348446,14,4
GUJARAT,Anand,SUN MICRA RENEWABLE ENERGY,info@sunmicra.co.in,7990662677,14,4
GUJARAT,Anand,SOM ENERGY SYSTEMS,info@somenergysystems.com,8401909576,21,4
GUJARAT,Anand,SOLINE SOLAR PRIVATE LIMITED,info@soline.in,9898535056,14,4
GUJARAT,Anand,SOLARINA RENEWABLE PRIVATE LIMITED,solarinarenewable@gmail.com,9824351021,13,4
GUJARAT,Anand,SOL ENERGY,solenergyn@gmail.com,7621852735,13,4
GUJARAT,Anand,SOHAM SOLAR SOLUTION,sohamsolarsolution@yahoo.com,9601751327,16,4
GUJARAT,Anand,SHREEJI ELECTRICAL - ISANPUR,shreejielec312@yahoo.com,9408197081,15,4
GUJARAT,Anand,SHIVAY SOLAR ENERGY PRIVATE LIMITED,sanjay1482@gmail.com,7490013700,12,4
GUJARAT,Anand,RK SUN POWER LLP,rksunpowertrading@gmail.com,9913785000,12,4
GUJARAT,Anand,RISHAV POWERTECH LLP,rishavpowertech@gmail.com,9898203470,15,4
GUJARAT,Anand,RIGHTWAY ELECTRICALS,rightwayelectricals@gmail.com,9537519905,13,4
GUJARAT,Anand,R K BHABHOR,rkbhabhor78@gmail.com,9909161378,16,4
GUJARAT,Anand,PLUGIN ELECTRICAL,info@pluginelectrical.in,9512020316,13,4
GUJARAT,Anand,K T ELECTRICALS,ktthakkar567@gmail.com,8905168423,18,4
GUJARAT,Anand,INFLUX SOLAR SOLUTIONS,influxsolarsolution@gmail.com,6352563582,13,4
GUJARAT,Anand,ICON ENERGY,info@iconenergy.in,9909999162,12,4
GUJARAT,Anand,HARSH COMMUNICATION,harshcomm.solar@gmail.com,9137373727,15,4
GUJARAT,Anand,FORTUNE TECHNOLOGIST,fortunetechnologist@gmail.com,9427597246,14,4
GUJARAT,Anand,FERUS ENERGIES CO,info@ferusenergies.com,9913341342,15,4
GUJARAT,Anand,EARTHWAVE TECHNOLOGY PRIVATE LIMITED,EARTHWAVETECHNOLOGY@GMAIL.COM,9426373334,15,4
GUJARAT,Anand,CRESCENS ENERGY,crescens.in@gmail.com,9879635395,15,4
GUJARAT,Anand,AYKKA TECHNOVISION PRIVATE LIMITED,aykka@outlook.in,9586508907,14,4
GUJARAT,Anand,AYAN SOLAR ENERGY,ayansolar25@gmail.com,7623886775,9,4
GUJARAT,Anand,AVADH ENERGY,AVADHENERGY@GMAIL.COM,9265262773,16,4
GUJARAT,Anand,AIRSUN SOLAR ENERGY LLP,jatin@airsunsolarenergy.in,8799571627,10,4
GUJARAT,Anand,ACHYUT ENERGY,achyutenergy@gmail.com,9275382879,14,4
GUJARAT,Anand,VRAJ BATTERIES AND POWER SOLUTION,ramkapadia68@gmail.com,9925084825,11,3
GUJARAT,Anand,TECHSUN SOLAR,matolindia@gmail.com,7043731102,9,3
GUJARAT,Anand,SWASTIK SOLAR SYSTEM,swastiksolar07@gmail.com,9712412011,13,3
GUJARAT,Anand,SOLARWAVE ENERGY,solarwaveenergy2@gmail.com,7490083005,10,3
GUJARAT,Anand,SOLAR CLEAN ENERGY,socleanenergy@gmail.com,6354418196,14,3
GUJARAT,Anand,SKYVOLT POWER TECHNOLOGIES LLP,skyvoltpower25@gmail.com,9909798222,14,3
GUJARAT,Anand,SKY POWER,skypowersvp@gmail.com,9723070267,10,3
GUJARAT,Anand,ROYAL ENTERPRISE,royalenterprise.vadodara@gmail.com,6352205345,10,3
GUJARAT,Anand,RELIABLE ELECTRIX,reliableelectrix@gmail.com,9925448033,9,3
GUJARAT,Anand,RAYOLT ENERGY LLP,info@rayolt.com,9998745706,10,3
GUJARAT,Anand,PUSHPAK SOLAR ENERGY,pushpaksolarenergy@gmail.com,9924595205,12,3
GUJARAT,Anand,PRASHANT ENTERPRISE,prashantenterprise.solar@gmail.com,9409337000,9,3
GUJARAT,Anand,PRAJAPATI ONLINE,prajapationline@gmail.com,9824002369,9,3
GUJARAT,Anand,ONIX RENEWABLE LIMITED,naman.viradiya@onixrenewable.in,9586043661,9,3
GUJARAT,Anand,NORTHGREEN ENERGY PVT LTD,solar@northgreenenergy.com,9099931707,9,3
GUJARAT,Anand,MOTHER ELECTRICALS,motherelectricals@yahoo.com,8128105018,17,3
GUJARAT,Anand,MAHEK ENTERPRISE,mahekenterprise02@gmail.com,9723128039,17,3
GUJARAT,Anand,MADHVAN POLYPLAST PVT. LTD.,cmp.madhavanpolyplast@gmail.com,9104306162,11,3
GUJARAT,Anand,LIGHTRIC POWER SOLUTION,lightricpower@gmail.com,6355768984,9,3
GUJARAT,Anand,KK SOLAR TECHNOLOGY,kksolartechnology@gmail.com,9586118331,15,3
GUJARAT,Anand,JANETA SOLAR,info.janetasolar90@gmail.com,8734829145,12,3
GUJARAT,Anand,HELIOSNATURAL RENEWTECH PRIVATE LIMITED,marketing@heliosnatural.com,7600052305,13,3
GUJARAT,Anand,HARIPRIY INDUSTRIES,haripriyindustries@gmail.com,9725022146,9,3
GUJARAT,Anand,GREENCLEAN POWER SOLUTION,greencleanpowersolution@gmail.com,9909047056,14,3
GUJARAT,Anand,GREEN SOLAR ENERGY ENTERPRISES,greensolar.ahmedabad@gmail.com,9712909823,10,3
GUJARAT,Anand,GREEN POWER SOLUTION,darjihardik777@gmail.com,8141216635,11,3
GUJARAT,Anand,GREEN FEEDS,greenfeedsolar@gmail.com,9426780778,11,3
GUJARAT,Anand,FUSION TECHNOLOGIES,fusiontech025@gmail.com,8200697067,13,3
GUJARAT,Anand,EWC SOLAR PRIVITED LIMITED (FORMERLY KNOWN AS ENERGY POWER SYSTEMS),ewcsolarpvtltd@gmail.com,8141150688,12,3
GUJARAT,Anand,EVITUS ENERGY SOLUTIONS,evitusenergysolutions@gmail.com,8156006133,10,3
GUJARAT,Anand,ENWATECH SOLUTION PVT.LTD,enwatechsolutionpvtltd@gmail.com,9427269089,10,3
GUJARAT,Anand,ENERSOL SOLUTIONS LLP,karan@enersol.co.in,7069555533,10,3
GUJARAT,Anand,AHAD SOLARTECH,ahad.solartech@gmail.com,9724259440,12,3
GUJARAT,Anand,VOLTEX SOLUTION,info.voltexsolution@gmail.com,9104629229,6,2
GUJARAT,Anand,VMD SOLAR ENERGY PRIVATE LIMITED,info@vmdsolarenergy.com,9974095302,8,2
GUJARAT,Anand,UVR TECHSOL PRIVATE LIMITED,uvrtechsol@gmail.com,9227106799,9,2
GUJARAT,Anand,TRINITY RENEWABLE ENERGY,info.trinityrenewableenergy@gmail.com,9227000392,8,2
GUJARAT,Anand,SURYAMANI SOLAR,suryamanisolar@gmail.com,8140000257,8,2
GUJARAT,Anand,SUNBEAM SOLAR ENERGY,ceo.sunbeamsolarenergy@gmail.com,9662412871,6,2
GUJARAT,Anand,STAR ENERGY SYSTEMS,starenergyindia@gmail.com,9825014314,7,2
GUJARAT,Anand,SOR ENTERPRISE,sorsolar@yahoo.com,9824428293,6,2
GUJARAT,Anand,SOLAR CLEAN ENERGY LIMITED,socleanenergy@gmail.com,9712666866,8,2
GUJARAT,Anand,SHREEJI ELECTRICAL - VADSAR,shreejielectrical13@gmail.com,9624542806,8,2
GUJARAT,Anand,SHREE GOKUL ENTERPRISE,shreegokulenterprise123@gmail.com,8160000871,7,2
GUJARAT,Anand,SHIVIK ENTERPRISE,shivikenterprise@gmail.com,9512839262,6,2
GUJARAT,Anand,SCION POWER,scionpower@yahoo.com,7043511106,8,2
GUJARAT,Anand,RD ENERGY SOLUTIONS,rdenergysolutions@outlook.com,8866226473,6,2
GUJARAT,Anand,RADIANT SOLAR SYSTEMS,bhargavec40@gmail.com,9408503198,7,2
GUJARAT,Anand,R B RENEWABLES LLP,info@brrenewables.com,9898985672,7,2
GUJARAT,Anand,PRUTHVI SOLAR ENERGY,pruthvisolar@yahoo.com,9537659989,9,2
GUJARAT,Anand,PRISHA CORPORATION,prishacorporation183@gmail.com,9825505023,7,2
GUJARAT,Anand,PRIME ENERGY,primeenergy321@gmail.com,9512022199,9,2
GUJARAT,Anand,PRATYUSH RENEWABLE ENERGY PRIVATE LIMITED,pratyushrenewables@gmail.com,8780737839,8,2
GUJARAT,Anand,POWERSHINE ENERGY,powershineenergy1993@gmail.com,9723096888,7,2
GUJARAT,Anand,POWER SOLAR,hpenterprise1436@gmail.com,8490007316,7,2
GUJARAT,Anand,PATIDAR ENTERPRISE,patidarenterprise13@gmail.com,8980312782,6,2
GUJARAT,Anand,PARAS TECHNOCRAT PVT. LTD,info@parastechnocrat.in,7621983131,7,2
GUJARAT,Anand,MJR INDUSTRIES PRIVATE LIMITED,mjrindustriespvtltd@gmail.com,9426998993,8,2
GUJARAT,Anand,MESHWA ENTERPRISE,meshwaelectricals@gmail.com,9574409148,7,2
GUJARAT,Anand,MEAN RAYS RENEWABLE POWER PRIVATE LIMITED,sales.meanrays@gmail.com,9898251352,39,2
GUJARAT,Anand,MAKKWANA INDUSTRIES,rooftopindia@gmail.com,9879398464,6,2
GUJARAT,Anand,LABDHI ENTERPRISE,labdhi1touchsolution@gmail.com,7405069474,7,2
GUJARAT,Anand,KUNTHU CONSULTANTS PVT LTD,neelesh@kunthusolar.com,7405992700,6,2
GUJARAT,Anand,KOTSON PROJECTS PRIVATE LIMITED,kotsonprojects@gmail.com,9978909595,7,2
GUJARAT,Anand,JAIMAX SUNBIM PVT LTD,jaimaxsunbim@gmail.com,8980024055,8,2
GUJARAT,Anand,JAGDAMBA ENTERPRISE,adarshrajput542@gmail.com,9316321978,6,2
GUJARAT,Anand,JAFFINS ENTERPRISE,solarbhavnagar@gmail.com,9375465252,9,2
GUJARAT,Anand,INTEGRITY DESIGN ENGINEERING,neelpathak19@gmail.com,9638888049,11,2
GUJARAT,Anand,INFINITE URJA LLP,info@infiniteurja.in,8000049380,8,2
GUJARAT,Anand,HARI INFRA PROJECTS,info@hariindia.in,9998037067,6,2
GUJARAT,Anand,GREEN EVER SYSTEMS PRIVATE LIMITED,greeneversystems@gmail.com,8866167111,7,2
GUJARAT,Anand,EFARM INTERNATIONAL PRIVATE LIMITED,info@efarmenergy.com,9723610012,6,2
GUJARAT,Anand,DIMAN SOLAR PVT LTD (FORMERLY KNOWN AS DIMAN OVERSEAS PVT LTD),info@dimansolar.com,9909928959,7,2
GUJARAT,Anand,DHAVAL ELECTRIC SOLUTION,dhavalelectricsolution@gmail.com,8490990138,6,2
GUJARAT,Anand,DELUXE ENTERPRISE,infodeluxeenterprise@gmail.com,9429040663,6,2
GUJARAT,Anand,DELTA SOLAR ENERGY,deltasolarenergy1@gmail.com,9427539663,7,2
GUJARAT,Anand,CHAUDHARY DESIGNERS & FABRICATORS,cdfsolarpv@gmail.com,9712922019,8,2
GUJARAT,Anand,BELIEVER RENEWAL ENERGY,bre.solar20@gmail.com,7434972242,6,2
GUJARAT,Anand,BELIEVE TECH ENERGY SERVICES,infobtes@gmail.com,9499631316,9,2
GUJARAT,Anand,ARCHER RENEWABLE PRIVATE LIMITED,info@archersolar.in,8000041003,8,2
GUJARAT,Anand,APEX RENEWABLE ENERGY,apexenergy95@gmail.com,9737972543,8,2
GUJARAT,Anand,AMPLE ELECTRICAL SYSTEMS,ample.info.in@gmail.com,9924391221,7,2
GUJARAT,Anand,AMAR JYOT SPRAY PUMP,ajagriandsolar@gmail.com,9722227299,9,2
GUJARAT,Anand,ABS SOLAR ENERGY,abssolar16@gmail.com,7574010721,6,2
GUJARAT,Anand,AAYAL ENTERPRISE,piyushvaira_ae@outlook.com,9722686158,6,2
GUJARAT,Anand,AANJNEY ENTERPRISE,aanjneysolar@gmail.com,6353161531,8,2
GUJARAT,Anand,WISEN ENERGY LLP,info@wisenenergyllp.com,9016979007,3,1
GUJARAT,Anand,WISE GOAL SERVICES PRIVATE LIMITED,hr.wisegoal@gmail.com,7567161902,3,1
GUJARAT,Anand,VIA ELECTRIC,hello.viaelectric@gmail.com,9925203764,3,1
GUJARAT,Anand,VENTURE SOLAR SOLUTION,info@venturesolarsolution.com,9979632050,3,1
GUJARAT,Anand,VAKRATUND INNOVATION PRIVATE LIMITED,operation@vakratundinnovation.com,6351039120,3,1
GUJARAT,Anand,UMIYA ENTERPRISE - NARODA,umiyaenterprise1981@gmail.com,9725033295,4,1
GUJARAT,Anand,U R ENERGY INDIA PVT LTD,india@urenergyglobal.com,9512040442,3,1
GUJARAT,Anand,TULAJA ENTERPRISE,tulajaenterprise@gmail.com,9904866630,3,1
GUJARAT,Anand,TROM INDUSTRIES LIMITED,marketing@tromsolar.in,9081017444,5,1
GUJARAT,Anand,TOPCON SOLAR ENERGY,topconsolarenergy@gmail.com,9081773500,3,1
GUJARAT,Anand,TECHNO POWER,technopower0001@gmail.com,8200360798,5,1
GUJARAT,Anand,TECHNO ENERGY SOLUTIONS,tes010421@gmail.com,9725022866,3,1
GUJARAT,Anand,TARUN AND CO,taruncopwr@gmail.com,9879534866,4,1
GUJARAT,Anand,SURYATRIC SOLAR PVT LTD,info.suryatrick@gmail.com,9979652010,3,1
GUJARAT,Anand,SUNSPOT ENERGY LLP,info.sunspotenergy@gmail.com,8866110577,6,1
GUJARAT,Anand,SUNSAFE INFRA PRIVATE LIMITED,sunsafe.np@gmail.com,7227050091,4,1
GUJARAT,Anand,SUNRISE SOLAR,sunrisesolar1605@gmail.com,9898261920,6,1
GUJARAT,Anand,SUNRAISE INDUSTRIES,info@sunraiseindustries.com,9722106810,6,1
GUJARAT,Anand,SUMERU SOLUTION,sumerusolution22@gmail.com,8866426625,4,1
GUJARAT,Anand,STRONG SUN SOLAR ENERGY,strongsunsolarenergy@gmail.com,7622011292,3,1
GUJARAT,Anand,SPIKE ENERGY,vspikeenergy@gmail.com,9662485355,2,1
GUJARAT,Anand,SPARQ ENERTECH PVT LTD,info@sparqenertech.com,9558971268,3,1
GUJARAT,Anand,SONIK SOLAR POWER SOLUTION,Sonikpanchal27@gmail.com,8200291250,3,1
GUJARAT,Anand,SMIT SOLAR SOLUTIONS,smitsolarsolutions@gmail.com,9924793020,5,1
GUJARAT,Anand,SKY WINGS SOLAR ENERGY,skywingssolar@gmail.com,9974839830,3,1
GUJARAT,Anand,SHRI KHATRI BATTERY SERVICE,khatribattery@gmail.com,9426029459,3,1
GUJARAT,Anand,SHREEJI ENTERPRISES - WADI,Sandipgandhi113@gmail.com,9825077605,4,1
GUJARAT,Anand,SHREE SOLAR POWER,nileshsorthiya2@gmail.com,9727620417,3,1
GUJARAT,Anand,SHREE HARI SOLAR,patelravit1@gmail.com,9819049759,4,1
GUJARAT,Anand,SHREE AADINATH CORPORATION,adinathcorporation@yahoo.com,8490840163,3,1
GUJARAT,Anand,SHINE ENERGY SOLUTION,info@shineenergysolution.in,9687959342,2,1
GUJARAT,Anand,SHANTINIKETAN COMPUTER AND COMMUNICATION PVT LTD,shantiniketan@hotmail.com,9428444211,4,1
GUJARAT,Anand,SATYAM SALES,kishanagroagencyamreli@gmail.com,9825360183,3,1
GUJARAT,Anand,SAICAB TECH PVT LTD,info@saicabtech.com,8511130328,4,1
GUJARAT,Anand,S MEERA ELECTRICALS,s.meeraelectricals@gmail.com,9328249939,3,1
GUJARAT,Anand,RISING ENERGY SOLUTIONS,risingenergy@yahoo.com,7990391839,4,1
GUJARAT,Anand,REFLECT SOLAR,reflect.solar.energy@gmail.com,9998419211,3,1
GUJARAT,Anand,RADIANT GREENS SOLAR,info@radiantgreens.in,8140316334,3,1
GUJARAT,Anand,PYRAMID PROJECTS,pyramidsolarindia@gmail.com,9726430137,4,1
GUJARAT,Anand,PROSTARM INFO SYSTEMS LIMITED,mktg.ahm@prostarm.com,9316466272,4,1
GUJARAT,Anand,PRINIX POWER OPC PRIVATE LIMITED,prinixpower@gmail.com,7600755058,3,1
GUJARAT,Anand,PRIDE SOLAR ENERGY LLP,Pridesolarenergyllp@outlook.com,9664975264,2,1
GUJARAT,Anand,PARISHRAM INFOENERGY,parishraminfoenergy@gmail.com,9909433132,4,1
GUJARAT,Anand,P AND N ENGINEERING AND MARKETING,pandnsolarenergy@gmail.com,7622023251,3,1
GUJARAT,Anand,NETWORKS TRADING AND CONSTRUCTION PVT LTD,netccopvtltd@gmail.com,9319106152,4,1
GUJARAT,Anand,NES ENERGY SOLUTIONS,info.nesenergy@gmail.com,9825071551,3,1
GUJARAT,Anand,NEOVOLT GREEN ENERGIES,neovoltgreen@gmail.com,8511138558,4,1
GUJARAT,Anand,MK ENTERPRISE,mkenterprise061@gmail.com,8780069239,4,1
GUJARAT,Anand,MITRA SOLAR ENERGY,mitrasolarenergy@gmail.com,9725777143,5,1
GUJARAT,Anand,MICROVISE SOLUTIONS,info@microviseindia.com,7778092462,3,1
GUJARAT,Anand,MAHEK SOLAR POWER,mahek.tech1@gmail.com,9925805953,4,1
GUJARAT,Anand,MADHAV SOLAR ENERGY LIMITED (FORMERLY KNOWN AS MADHAV ENTERPRISE - SURAT),info@madhavsolarenergy.com,8849299212,4,1
GUJARAT,Anand,LOGICTECH SOLAR AND AUTOMATION PVT LTD,logictechsolar@gmail.com,9429580846,3,1
GUJARAT,Anand,LED LIGHT HOUSE,ledlighthouse161921@gmail.com,9624132754,4,1
GUJARAT,Anand,KP GREEN ENERGY,kpgreenenergy46@gmail.com,7048370774,3,1
GUJARAT,Anand,INFRAX INTERNATIONAL,info@infraxsolar.com,7778002780,3,1
GUJARAT,Anand,INFINITY SOLAR - RAJKOT,infinitysolar2022@gmail.com,7201070799,4,1
GUJARAT,Anand,INFINITY POWER,infinitypower1026@gmail.com,8758875751,8,1
GUJARAT,Anand,INFINITY ELECTRICALS,info.infinityelectricals@gmail.com,7600458468,3,1
GUJARAT,Anand,HORIZON POWER SOLUTIONS,horizonpowersolutions2024@gmail.com,9909009525,4,1
GUJARAT,Anand,HIRANYA,chintan6310@gmail.com,9909009425,3,1
GUJARAT,Anand,HAPPY ENTERPRISE,divyeshchavda007@gmail.com,9510887781,3,1
GUJARAT,Anand,GREEN ENERGY - RAJKOT,greenenergy123@gmail.com,9428010202,3,1
GUJARAT,Anand,FOREXT GREEN ENERGY PRIVATE LIMITED,Forextgreen@gmail.com,9227145384,3,1
GUJARAT,Anand,EARTH SOLARISM,earthsolarism@gmail.com,9724990231,4,1
GUJARAT,Anand,DEVYAMI GREEN SOLUTIONS,greensolutions@devyami.com,9925128619,5,1
GUJARAT,Anand,CONNECT POWER PRIVATE LIMITED,hannan@connect-power.in,9898195122,3,1
GUJARAT,Anand,BRITI ENERGY,britienergy2021@gmail.com,8460227728,4,1
GUJARAT,Anand,BONS LIGHT PVT LTD,info@bonslight.com,8155054410,5,1
GUJARAT,Anand,BAPA SITARAM SOLAR POWER PVT LTD,bapasitaramsolarpower@gmail.com,8511362222,3,1
GUJARAT,Anand,AVIRAT ENERGY PVT LTD,aviratenergy@gmail.com,9697443344,3,1
GUJARAT,Anand,ARKAY ICONIC PRIVATE LIMITED,arkaysolar@gmail.com,8401236600,4,1
GUJARAT,Anand,ANUPAM SMART ENERGY SOLAR,anupamsmartenergy@gmail.com,9601719818,4,1
GUJARAT,Anand,ANK SOLAR ENERGY,anksolarenergy@gmail.com,9724816510,3,1
GUJARAT,Anand,ADS SOLAR POWER,sales@adssolarpower.com,9879532141,4,1
GUJARAT,Anand,ADINSON ENERGY LLP,adinsonenergy2022@gmail.com,9724272728,3,1
GUJARAT,Anand,AAKASH ENTERPRISES,Enterprise.aakash2010@gmail.com,8735074986,3,1
GUJARAT,Anand,ZY ENTERPRISE,zyenterprise12@gmail.com,8460313094,0,0
GUJARAT,Anand,ZUNROOF TECH PVT LTD,gosolar@zunroof.com,9205893368,0,0
GUJARAT,Anand,ZMR ENERGY INCORPORATION,zmrenergyincorporation@gmail.com,9924818113,0,0
GUJARAT,Anand,ZENITH SUNSPARK,zenithsunspark@gmail.com,8140946909,0,0
GUJARAT,Anand,ZEEPO ELECTRICAL SERVICES PRIVATE LIMITED,zeepoelectricalservices@gmail.com,9664823942,0,0
GUJARAT,Anand,ZEBRON SOLAR POWER SOLUTIONS,zebronsolar@gmail.com,9510370572,0,0
GUJARAT,Anand,ZALA HAKUBHA NARSISINH,solar.hakubha1508@gmail.com,9925103777,0,0
GUJARAT,Anand,YUVARAYS SOLAR,yuvarayssolar@gmail.com,9824624497,0,0
GUJARAT,Anand,YUVAAN ENERGY PRIVATE LIMITED,sales@yuvaanenergy.com,9825045890,0,0
GUJARAT,Anand,YUG SOLAR,yugsolar@gmail.com,6359410052,0,0
GUJARAT,Anand,YOGI BATTERY CENTRE,yogipowersystem@yahoo.co.in,9824088156,0,0
GUJARAT,Anand,YOG ENTERPRISE,yogenterprise.vallabhipur@gmail.com,7600790079,0,0
GUJARAT,Anand,YELLOWCREST ENERGY LLP,yellowcrestenergy@gmail.com,9904675445,0,0
GUJARAT,Anand,YELLOW RAY SOLAR,yellowraysolar@gmail.com,9427443581,0,0
GUJARAT,Anand,YASHVI ENTERPRISE,yashvientsami@gmail.com,8849331593,0,0
GUJARAT,Anand,YASHONAND ELECTRO SERVICE PVT LTD,yashonand2022@gmail.com,9157197171,0,0
GUJARAT,Anand,YAGNIKKUMAR VALLABHBHAI SAVALIYA,yagniks1999@gmail.com,9409326590,0,0
GUJARAT,Anand,WHITESUN GREEN ENERGY PRIVATE LIMITED,rakesh.bhudia14@hotmail.com,8511740671,0,0
GUJARAT,Anand,WHITEDESERT POWER PROJECTS PVT. LTD.,wdplnkt@gmail.com,9427760723,0,0
GUJARAT,Anand,VSG ENTERPRISE,SURYAKANTGORASIYA3024@GMAIL.COM,9979632447,0,0
GUJARAT,Anand,VRUND ENERGY,vrundenergy@gmail.com,9574779572,0,0
GUJARAT,Anand,VRAJ ENTERPRISE,vrajsolarsolutions@gmail.com,8140000903,0,0
GUJARAT,Anand,VR ENERGY,vrenergy4@gmail.com,9924390293,0,0
GUJARAT,Anand,VOLTECH ELECTRICALS,voltechelectricals156@gmail.com,7567771900,0,0
GUJARAT,Anand,VOLT'S LEGACY ENERGY SOLUTION,contact@voltslegacy.com,9998765059,0,0
GUJARAT,Anand,VOLLT SOLAR ENERGY,volltsolar@gmail.com,8128550011,0,0
GUJARAT,Anand,VIYA ELECTRIC PRIVATE LIMITED,info@viyaelectric.com,9033092026,0,0
GUJARAT,Anand,VIVAN ENERGY,vivanenergy09@gmail.com,9979890230,0,0
GUJARAT,Anand,VIVAAN INFRA,info@vivaaninfra.in,9909916448,0,0
GUJARAT,Anand,VITRAG TECHNO PRIVATE LIMITED,ad.vitragsolar@gmail.com,7778882668,0,0
GUJARAT,Anand,VISWAN ENERGY SOLUTIONS,viswanenergy@gmail.com,8866641649,0,0
GUJARAT,Anand,VISION SOLAR,visionenergy196@gmail.com,6351131196,0,0
GUJARAT,Anand,VISION INFOSYS,info@vision-infosys.in,9825061749,0,0
GUJARAT,Anand,VISHWASH ENTERPRISE,vishwashenterprise2422@gmail.com,6355098324,0,0
GUJARAT,Anand,VISHWAKARMA ELECTRICALS,info.vishwakarmaelectricals@gmail.com,9426730030,0,0
GUJARAT,Anand,VISHVAM POWER PRIVATE LIMITED,vishvampowerpl@gmail.com,9723191446,0,0
GUJARAT,Anand,VISAKA GREEN PRIVATE LIMITED,vsolar@visaka.in,8770905614,0,0
GUJARAT,Anand,VINARA SOLUTIONS,vinarasolutions@gmail.com,8320754771,0,0
GUJARAT,Anand,VIMAL ELECTRONICS,kcpatel@vimalelectronics.com,9099777176,0,0
GUJARAT,Anand,VIJAY SOLAR ENERGY,vijaysolarenergy940@gmail.com,6351211549,0,0
GUJARAT,Anand,VIJAY ELECTRIC COMPANY,vijayelectricco@rediffmail.com,8200337720,0,0
GUJARAT,Anand,VIDHYUT URJA,vidhyut.urja10@gmail.com,9664845692,0,0
GUJARAT,Anand,VIDHYUT SOLAR,vidhyutsolarenergy@gmail.com,8347838900,0,0
GUJARAT,Anand,VIBRANT SOLAR SYSTEMS,sales.vibrantsolar@gmail.com,9408330692,0,0
GUJARAT,Anand,VIABLE SOLAR,viable.solar9990@gmail.com,9913344841,0,0
GUJARAT,Anand,VENUS ENTERPRISE,venusenergy2228@gmail.com,7990678583,0,0
GUJARAT,Anand,VEERASOL TECHNOLOGY,info@veerasol.com,9558899931,0,0
GUJARAT,Anand,VEER SOLAR GREEN ENERGY,veersolar2024@gmail.com,8347173977,0,0
GUJARAT,Anand,VEE SECURE,veesecure.in@gmail.com,9825070982,0,0
GUJARAT,Anand,VEDA ENTERPRISE,info.vedaenterprise@gmail.com,8401103393,0,0
GUJARAT,Anand,VECTON ENERGY,vectonenergy@gmail.com,8000140159,0,0
GUJARAT,Anand,VCL ENERGY,vclenergy777@gmail.com,9825492605,0,0
GUJARAT,Anand,VASUSENA SOLAR ENERGY,vasusenasolarenergy07@gmail.com,9265356623,0,0
GUJARAT,Anand,VASHRAMBHAI LAKHABHAI GHED,satrang.com@gmail.com,9624152555,0,0
GUJARAT,Anand,VASANI SOLAR SOLUTION,vasani.solar.solution@gmail.com,9998404646,0,0
GUJARAT,Anand,VARUN ENGINEERING,varunpatel2027@gmail.com,9727854101,0,0
GUJARAT,Anand,VARRCHASVA ENERGY PRIVATE LIMITED,vaibhav@varrchasva.com,9100520101,0,0
GUJARAT,Anand,VARIZONE SOLAR PRIVATE LIMITED,varizonesolar@gmail.com,9426111113,0,0
GUJARAT,Anand,VARDHAN SALES,vardhansolar91@gmail.com,9512020935,0,0
GUJARAT,Anand,VALAM ENTERPRISE,valamenterprise007@gmail.com,9824881693,0,0
GUJARAT,Anand,VAIJNATH GLOBAL,vaijnathglobal@gmail.com,9106991946,0,0
GUJARAT,Anand,VAGHASIA HITESH B,vaghasia_hitesh@yahoo.com,9979773121,0,0
GUJARAT,Anand,VAATI POWER,vaatipower@gmail.com,9510010005,0,0
GUJARAT,Anand,VA PATEL INFRA PRIVATE LIMITED,mayurdhavajsinhgohil00@gmail.com,9428269204,0,0
GUJARAT,Anand,V-GUARD INDUSTRIES LIMITED,solar@vguard.in,9895550313,0,0
GUJARAT,Anand,V-GRID POWER,vgridpower22@gmail.com,9714892380,0,0
GUJARAT,Anand,V SOLAR,vsolar8521@gmail.com,7698297821,0,0
GUJARAT,Anand,V POWER SOLAR SERVICES,vpowersolarservices@gmail.com,9904254440,0,0
GUJARAT,Anand,UTSAV TECHNO ENTERPRISE,utsavtechnoenterprise@gmail.com,7046612340,0,0
GUJARAT,Anand,UTSAV ELECTRICALS,info.utsavelectricals@gmail.com,9106623744,0,0
GUJARAT,Anand,URJA GLOBAL LIMITED,bhagwan.verma@urjaglobal.in,7290005823,0,0
GUJARAT,Anand,URJA ELECTRICALS,urja.electricals.dhg@gmail.com,8469551508,0,0
GUJARAT,Anand,URATOM SOLAR INDIA PVT LTD,pv@uratom.com,9925099249,0,0
GUJARAT,Anand,UPVOLTAGE SOLUTIONS LLP,upvoltagesolutions@gmail.com,7990618259,0,0
GUJARAT,Anand,UNIVERSE ENTERPRISE,muljinakum1103@gmail.com,7878789968,0,0
GUJARAT,Anand,UNIQUE SOLAR SERVICE,UNIQUESOLARSERVICERAJKOT@GMAIL.COM,7046082382,0,0
GUJARAT,Anand,UNIQUE ELECTRICAL,sales.epc2016@gmail.com,9099000148,0,0
GUJARAT,Anand,UNICORN ENTERPRISE,unicornsolarvyara@gmail.com,8200121328,0,0
GUJARAT,Anand,UNICORN ELECTRICALS AND PROJECTS,unicornelectricals20@gmail.com,9510968626,0,0
GUJARAT,Anand,UNICON ENERGY,info@uniconenergy.com,9974545444,0,0
GUJARAT,Anand,UMIYA TRADING COMPANY,umiyatradingcompany1287@gmail.com,9998850299,0,0
GUJARAT,Anand,UMA POWER SOLUTIONS,umapowersolution@gmail.com,9638953281,0,0
GUJARAT,Anand,ULTRAVIOLET SOLAR PVT.LTD.,info@uvrays.co.in,7878699099,0,0
GUJARAT,Anand,ULTRASUN ENERGY,info@ultrasunenergy.com,9909911071,0,0
GUJARAT,Anand,UJALA COMPANY,ujalasolarcompany@gmail.com,7874157474,0,0
GUJARAT,Anand,UDB ENERGY PVT. LTD.,udbenergypvtltd@gmail.com,7077014714,0,0
GUJARAT,Anand,TVARIT ENERGY LLP,meet@tvritenergy.in,8511600853,0,0
GUJARAT,Anand,TROPICAL SOLAR ENERGY PRIVATE LIMITED,connect@tropicalsolar.in,8160023355,0,0
GUJARAT,Anand,TRIZONE POWER,trizonepower05@gmail.com,9638052084,0,0
GUJARAT,Anand,TRIDENT POWER,trident.power24@gmail.com,7698264402,0,0
GUJARAT,Anand,TRADE X,tradex.solarenergy22@gmail.com,9106834748,0,0
GUJARAT,Anand,TITAN ENERGY,info@titanenergy.in,9054825825,0,0
GUJARAT,Anand,THE WOLT TECHNIQUES,director@woltsolarproducts.com,9904238777,0,0
GUJARAT,Anand,THE SHIVSHAKTI ENTERPRISE,Shivshakti2688@gmail.com,9913418634,0,0
GUJARAT,Anand,THE MOON KNIGHT,themoonknight913@gmail.com,9081313777,0,0
GUJARAT,Anand,THE MECHTECH SOLUTIONS,themechtechsolutions@gmail.com,9714928728,0,0
GUJARAT,Anand,TERAIYA ENTERPRISE,teraiyaenterprise@gmail.com,8780802225,0,0
GUJARAT,Anand,TEJ ENERGY LLP,director@tejenergy.com,9426856508,0,0
GUJARAT,Anand,TECHSUNBIO GREEN ENERGY PRIVATE LIMITED,info@techsunbio.com,9925336536,0,0
GUJARAT,Anand,TECHNOVATIVE GREEN ENERGY SOLUTIONS,technovativesolar@gmail.com,6354031108,0,0
GUJARAT,Anand,TECHNOCRATS ENGINEERS,technocratsengineers007@gmail.com,9974214007,0,0
GUJARAT,Anand,TECHNO ELECTRONICS,sales@technopower.co.in,9825236894,0,0
GUJARAT,Anand,TECH ELECTRICAL,rathodsatishsinh8@gmail.com,9499878957,0,0
GUJARAT,Anand,TATVAM INDUSTRIES,parth.tatvam@protonmail.com,7990101643,0,0
GUJARAT,Anand,TARA SOLAR ENERGY,tara.solar.2111@gmail.com,9408966600,0,0
GUJARAT,Anand,TAPTI SOLAR,taptisolar@gmail.com,9157028811,0,0
GUJARAT,Anand,TANAY SS LLP,tanayss.llp@gmail.com,7778910000,0,0
GUJARAT,Anand,TAJ ELECTRICALS,tajelectricals.daman@gmail.com,9824790965,0,0
GUJARAT,Anand,TAIYO SOLAR SYTEM INTEGRATOR LLP,info@taiyosolar.co.in,9825324580,0,0
GUJARAT,Anand,SYSTEM RENEWABLE ENERGY,nbagwan8@gmail.com,9662361740,0,0
GUJARAT,Anand,SYNNOVE POWER TECHNOLOGY,synnovepowertechnology@gmail.com,9033346701,0,0
GUJARAT,Anand,SYNC GLOBAL SOLUTIONS,syncenergyindia@gmail.com,8854084325,0,0
GUJARAT,Anand,SWEV INDIA PVT LIMITED,swevindia@gmail.com,7984328691,0,0
GUJARAT,Anand,SWARG INDUSTRIES PVT LTD,info@swargworld.com,9824999527,0,0
GUJARAT,Anand,SURYOSA SOLAR PRIVATE LIMITED,info@suryosa.com,9998018314,0,0
GUJARAT,Anand,SURYASTRA GREEN INITIATIVES PRIVATE LIMITED,suryastraindia@gmail.com,8128007602,0,0
GUJARAT,Anand,SURYASIDDHI ENERGY SOLUTION PRIVATE LIMITED,suryasiddhienergysolutions@gmail.com,8460641891,0,0
GUJARAT,Anand,SURYANCE SOLAR,suryancesolar@gmail.com,9664504655,0,0
GUJARAT,Anand,SURYAMAAN ENERGY,info.suryamaan@gmail.com,9722243637,0,0
GUJARAT,Anand,SURYAM INTERNATIONAL PRIVATE LIMITED,marketing@groupsurya.co.in,8093011632,0,0
GUJARAT,Anand,SURYAM ENERGY,dhavalpatel7037@gmail.com,8320698043,0,0
GUJARAT,Anand,SURYADEV SOLAR,suryadevsolar4@gmail.com,9327175676,0,0
GUJARAT,Anand,SURYADEV SALES & SERVICE,suryadev2k20@gmail.com,7016946571,0,0
GUJARAT,Anand,SURYABHUMI SOLAR ENERGY,suryabhumisolarenergy@gmail.com,8866019146,0,0
GUJARAT,Anand,SURYA SHAKTI SOLAR,suryashaktisolar09@gmail.com,7567992734,0,0
GUJARAT,Anand,SURYA SHAKTI,suryashaktisolar.18@gmail.com,8488010488,0,0
GUJARAT,Anand,SURYA INTERNATIONAL,suryavishnu159@yahoo.com,9825802298,0,0
GUJARAT,Anand,SURYA ENTERPRISE,suryaenterprise8324@gmail.com,9687975891,0,0
GUJARAT,Anand,SUREWORTH SOLAR,Sureworthsolar@gmail.com,7698763040,0,0
GUJARAT,Anand,SURESHBHAI SADURBHAI BARBACHIYA,surechbarbachiya41@gmail.com,9879299136,0,0
GUJARAT,Anand,SURAYAY NAMAH ENERGY PRIVATE LIMITED,rahul@surayaynamahenergy.com,9554055565,0,0
GUJARAT,Anand,SURAJGEMA POWER,SURAJGEMAPOWER@GMAIL.COM,8460515124,0,0
GUJARAT,Anand,SUPER WATT POWER SOLUTIONS LLP,power.superwatt@gmail.com,9920320366,0,0
GUJARAT,Anand,SUNWAY SOLAR,sunwaysolar02@gmail.com,7698832340,0,0
GUJARAT,Anand,SUNWAVE ENERGY,sunwave.energy123@gmail.com,7046070468,0,0
GUJARAT,Anand,SUNVINE RENEWABLE,sunvinerenewable@gmail.com,8000050580,0,0
GUJARAT,Anand,SUNTRAC SOLAR,suntrac.jh@gmail.com,9979363442,0,0
GUJARAT,Anand,SUNSPOT,msn.sunspot@gmail.com,6356810701,0,0
GUJARAT,Anand,SUNSPARK SOLAR SOLUTIONS (FORMERLY KNOWN AS SUSSPARK SOLAR SOLUTIONS ),sunsparksolarsolutions23@gmail.com,9664693254,0,0
GUJARAT,Anand,SUNSOLAR SOLUTIONS (INDIA) PRIVATE LIMITED,jigar@sunsolarsolutions.co.in,9638189589,0,0
GUJARAT,Anand,SUNSNATCH SOLUTIONS LLP,monark.sunsnatch@gmail.com,7698536878,0,0
GUJARAT,Anand,SUNSKY SOLAR,trdesai@sunskysolar.co.in,9727518665,0,0
GUJARAT,Anand,SUNSHREE SOLAR,sunshreesolar@gmail.com,9157838777,0,0
GUJARAT,Anand,SUNSHINE SOLAR,sunshinesolarsurat@gmail.com,9537733133,0,0
GUJARAT,Anand,SUNSHAPE ENERGY,sunshapeenergy@gmail.com,9913783302,0,0
GUJARAT,Anand,SUNSETLIFE SOLAR PRIVATE LIMITED,sunsetlifesolar@gmail.com,9574427119,0,0
GUJARAT,Anand,SUNSAI SOLAR SYSTEMS,solar@sunsai.co.in,9925808788,0,0
GUJARAT,Anand,SUNROOF ELECTRICAL ENERGY,sunroofenergy100@gmail.com,9687893989,0,0
GUJARAT,Anand,SUNRISE INDIA,satyanarayantiwari2022@gmail.com,7208291414,0,0
GUJARAT,Anand,SUNRISE ENTERPRISE,sunriseenterprise6388@gmail.com,9904889087,0,0
GUJARAT,Anand,SUNREST INFRA ENERGY,sunrestinfraenergy@gmail.com,9638063381,0,0
GUJARAT,Anand,SUNRAYS ENERGY,keyursheth.14@gmail.com,9978724010,0,0
GUJARAT,Anand,SUNPRIDE ENERGY,chiragpatel2592@gmail.com,9726880980,0,0
GUJARAT,Anand,SUNPOWER ENERGY,sunpowerenergy.solar@gmail.com,7405095299,0,0
GUJARAT,Anand,SUNPLUG TECHNOLOGIES LLP,hnchavda87@gmail.com,9427020496,0,0
GUJARAT,Anand,SUNNOVATIVE SOLAR ENERGY SOLUTION PVT LTD,ravi@sunnovative.com,8153819531,0,0
GUJARAT,Anand,SUNLIGHT INFRA ENERGY PRIVATE LIMITED,tender@sunlights.in,9998374580,0,0
GUJARAT,Anand,SUNLIGHT GREEN ENERGY,sunlightgreenmeh@gmail.com,8460043385,0,0
GUJARAT,Anand,SUNLAND SOLAR ENERGY,sunlandsolarenergy@gmail.com,8141810505,0,0
GUJARAT,Anand,SUNISTIC SOLAR ENERGY LLP,info@sunisticsolarenergy.com,9909507507,0,0
GUJARAT,Anand,SUNIFY SOLAR LLP,sunifysolar@gmail.com,8141455505,0,0
GUJARAT,Anand,SUNHIT SOLAR SOLUTION LLP,sunil@sunhit.in,9712892197,0,0
GUJARAT,Anand,SUNGOLD ENTERPRISE,sungoldenterprise123@gmail.com,9737147433,0,0
GUJARAT,Anand,SUNFRAA RENEWABLES LLP,partner@sunfraa.com,6354296570,0,0
GUJARAT,Anand,SUNCENTER SOLAR ENERGY,suncentersolarenergy@gmail.com,8905055513,0,0
GUJARAT,Anand,SUNCARE ENERTECH PVT LTD,suncaresolar3@gmail.com,7405450545,0,0
GUJARAT,Anand,SUNBYTE ENERGY SOLUTIONS LLP,info.sunbyteenergy@gmail.com,7698971717,0,0
GUJARAT,Anand,SUNBUY RENEWABLES PVT LTD,darshan@sunbuy.in,9328281611,0,0
GUJARAT,Anand,SUNBURST GREEN ENERGY LLP,office@sunburstgreen.com,9879514559,0,0
GUJARAT,Anand,SUNBLOOM ENERGY PRIVATE LIMITED,info@sunbloomenergy.com,9662874669,0,0
GUJARAT,Anand,SUNARC ELECTRICALS,sunarcelectricals@gmail.com,9687025729,0,0
GUJARAT,Anand,SUN VISION SOLAR,info@sunvisionsolar.in,9924112225,0,0
GUJARAT,Anand,SUN SPARKLE ENERGY,sunsparkleenergy@gmail.com,9016093505,0,0
GUJARAT,Anand,SUN LIGHT SOLAR,sunlightsolar0106@gmail.com,9726215972,0,0
GUJARAT,Anand,SUN ENERGY,sunenergybharat@gmail.com,9427352326,0,0
GUJARAT,Anand,SUKOON POWER TECHNOLOGY,sukoonpowertech@gmail.com,9712946594,0,0
GUJARAT,Anand,SUKARM,sukarmsolar@gmail.com,9925045163,0,0
GUJARAT,Anand,STAR ELECTRICALS,starhalol389350@gmail.com,9909118137,0,0
GUJARAT,Anand,STANDARD ENGINEERS & CONTRACTORS,standardelectricals7177@gmail.com,8140080726,0,0
GUJARAT,Anand,SSB ICONIC LLP,s2belectricals@gmail.com,9016903767,0,0
GUJARAT,Anand,SRI BALAJI SUN ENERGY,info@sribalajienergy.com,7878375444,0,0
GUJARAT,Anand,SPY AUTOMATION,spyautomation61@gmail.com,7227000497,0,0
GUJARAT,Anand,SPEED O ENERGY,INFO.SPEEDOENERGY@GMAIL.COM,7016826003,0,0
GUJARAT,Anand,SP TECHNOLOGY,Sptechnology2023@gmail.com,9586267664,0,0
GUJARAT,Anand,SP POWERTECH,sppowertech44@gmail.com,9408129713,0,0
GUJARAT,Anand,SP EPC SOLUTIONS,psbuma@gmail.com,9537824788,0,0
GUJARAT,Anand,SP ENGINEERING,sp.engineering2k19@gmail.com,6353577489,0,0
GUJARAT,Anand,SOULTRUST SOLAR,soultrustsolar@gmail.com,9099663390,0,0
GUJARAT,Anand,SOULSHINE RENEWABLE ENERGY,epc.soulshine@gmail.com,9913895893,0,0
GUJARAT,Anand,SOORYABHUMI ENERGY,sooryabhumienergy2024@gmail.com,8155887304,0,0
GUJARAT,Anand,SOMNATH ENERGY,somnath.solarenergy@gmail.com,7600250096,0,0
GUJARAT,Anand,SOLYUG RENEWABLES,info@solyugrenewables.com,9099562009,0,0
GUJARAT,Anand,SOLWAVE SOLAR,solwave4solar@gmail.com,9409344465,0,0
GUJARAT,Anand,SOLSKIN ENERGY LLP,solskinenergy@gmail.com,8128988878,0,0
GUJARAT,Anand,SOLNCE ENERGY PRIVATE LIMITED,NATIONALPORTALSOLNCE@GMAIL.COM,7990480061,0,0
GUJARAT,Anand,SOLMECH ENERGY,solmechenergy@gmail.com,9998930960,0,0
GUJARAT,Anand,SOLISTA ENERGY,solistaenergy8@gmail.com,9106194946,0,0
GUJARAT,Anand,SOLIS ENERGY SYSTEM,bhargavpaneliya@solisenergysystem.com,9601270077,0,0
GUJARAT,Anand,SOLEXY SOLAR POWER PVT. LTD.,ssepl1962@gmail.com,9810725280,0,0
GUJARAT,Anand,SOLEAF ENERGY,infosolarsoleaf@gmail.com,7600008915,0,0
GUJARAT,Anand,SOLARWISE-NEXG PRIVATE LIMITED,solarwise69@gmail.com,9910803171,0,0
GUJARAT,Anand,SOLARTRONICS ENERGY,info.solartronics@gmail.com,9426424973,0,0
GUJARAT,Anand,SOLART,solart.sunfuel@gmail.com,8866506193,0,0
GUJARAT,Anand,SOLARSYS GREENTECH PRIVATE LIMITED,deepak@solarsysgreentech.in,8488976829,0,0
GUJARAT,Anand,SOLARMAX ENERGY PRIVATE LIMITED,info@solarmaxenergy.in,9409222221,0,0
GUJARAT,Anand,SOLARLOGIX PRIVATE LIMITED,contact@solarlogix.in,7979053489,0,0
GUJARAT,Anand,SOLARIZE RENEWABLES PVT. LTD.,info@solarizerenewables.com,9081999400,0,0
GUJARAT,Anand,SOLARISE TECHNOLOGIES,solarisetechnologies1@gmail.com,6351562596,0,0
GUJARAT,Anand,SOLARIS TECHNO,solaristechno@gmail.com,8767917570,0,0
GUJARAT,Anand,SOLARIS 360,info@solaris360.com,9998117531,0,0
GUJARAT,Anand,SOLARBERG SOLUTIONS,sureshbavishiya@gmail.com,9879200821,0,0
GUJARAT,Anand,SOLARAM POWER INFRASTRUCTURE PRIVATE LIMITED,solarampower@gmail.com,9898041008,0,0
GUJARAT,Anand,SOLAR4U ENTERPRISE,solar4uenterprise1@gmail.com,9510708411,0,0
GUJARAT,Anand,SOLAR TECHNOLOGY,info@solartechnology.in,9998063204,0,0
GUJARAT,Anand,SOLAR SUNPOWER,solarsunpower2020@gmail.com,8238835771,0,0
GUJARAT,Anand,SOLAR ONLINE SKP,onlinesk044@gmail.com,8238539443,0,0
GUJARAT,Anand,SOLAR GREEN DEVELOPERS,solargreendevelopers@gmail.com,9924507751,0,0
GUJARAT,Anand,SOLAR EVERGREEN,nileshkhatri2251@gmail.com,9998564678,0,0
GUJARAT,Anand,SOLAR ENERGY,solarpioneer19@gmail.com,9033868265,0,0
GUJARAT,Anand,SOLAR EDITION,solaredition18@gmail.com,7990909838,0,0
GUJARAT,Anand,SOLAR EDGE,solaredge.w@gmail.com,8000030407,0,0
GUJARAT,Anand,SOLAR EARTH,solarearth7@gmail.com,7990378370,0,0
GUJARAT,Anand,SOL MAX SOLUTION,mpboricha111@gmail.com,9429343757,0,0
GUJARAT,Anand,SOHAM TECHNO SOLUTIONS,stssolar.document@gmail.com,9274349757,0,0
GUJARAT,Anand,SOHAM ENTERPRISE,sachinpatel3132@gmail.com,9924142513,0,0
GUJARAT,Anand,SODHA ELECTRIC SERVICE,sohail.sodha@gmail.com,8000093095,0,0
GUJARAT,Anand,SNS ENERGY PVT. LTD.,sujitsharma@snsenergy.co.in,7043136049,0,0
GUJARAT,Anand,SNAP SOLAR,snapsolar7@gmail.com,7572851098,0,0
GUJARAT,Anand,SN GROUP OF COMPANY,sngroupofcompany2022@gmail.com,9725324439,0,0
GUJARAT,Anand,SMART SOLAR ENERGY,smartsolarenergy8542@gmail.com,7435907512,0,0
GUJARAT,Anand,SMART ROOF SOLAR SOLUTION PVT. LTD.,enquiry@gosmartroof.com,9971481718,0,0
GUJARAT,Anand,SMART ENERGY SOLUTIONS,smartenergysolutions99@gmail.com,8511495982,0,0
GUJARAT,Anand,SKYWIN SOLAR,skywinsolar@gmail.com,7984435493,0,0
GUJARAT,Anand,SKYVIEW POWER,skyviewpower17@gmail.com,8140055305,0,0
GUJARAT,Anand,SKYLINE SOLAR SYSTEM,skylinesolarsystem@gmail.com,9106430159,0,0
GUJARAT,Anand,SKYLIGHT SOLAR,skylightsolar03@gmail.com,9510905126,0,0
GUJARAT,Anand,SKYLAR INDIA,darshansolarkheda@gmail.com,8530252952,0,0
GUJARAT,Anand,SKY TECH ENERGY,info.skytechenergy@gmail.com,6355092898,0,0
GUJARAT,Anand,SKY SUN ENTERPRISE,skysunenterprise@gmail.com,9408931070,0,0
GUJARAT,Anand,SKY RISE SOLAR,skyrisesolar@gmail.com,9328009285,0,0
GUJARAT,Anand,SKY RENEWABLE,piush123.pp@gmail.com,9638166779,0,0
GUJARAT,Anand,SKY POWER ENERGY,skypowerenergy03@gmail.com,8849719837,0,0
GUJARAT,Anand,SKY LARK SOLAR PRIVATE LIMITED,skylarksolar7@gmail.com,7016360083,0,0
GUJARAT,Anand,SKY ENTERPRISE,skyenterprise.re@gmail.com,9428164222,0,0
GUJARAT,Anand,SIYAVAR ENERGY,SIYAVARENERGY@GMAIL.COM,9773131455,0,0
GUJARAT,Anand,SITARAM CORPORATION,sitaramcorporation2025@gmail.com,8141427041,0,0
GUJARAT,Anand,SIMMS ENGINEERING PVT LTD,simms_eng@yahoo.co.in,9825142376,0,0
GUJARAT,Anand,SILVER CYPHER TECHNOLOGIES,silvercyphersolar@gmail.com,8460699699,0,0
GUJARAT,Anand,SILVER CONSUMER ELECTRICALS LIMITED (FORMERLY KNOWN AS SILVER CONSUMER ELECTRICALS PRIVATE LIMITED),kevin.patel@silverpumps.com,7486059400,0,0
GUJARAT,Anand,SIGNAL AUTOMATION,solarservices1188@gmail.com,9978215636,0,0
GUJARAT,Anand,SIGMA SUN ENERGY,info.sigmasunenergy@gmail.com,9726764498,0,0
GUJARAT,Anand,SIGMA ENGINEERING,sigma_engg@yahoo.co.in,9825205934,0,0
GUJARAT,Anand,SIDOM SYNERGY PRIVATE LIMITED,sidomsynergy@gmail.com,9408454029,0,0
GUJARAT,Anand,SIDDHIVINAYAK ENGINEERING COMPANY,shreeganeshaquva@gmail.com,9904954348,0,0
GUJARAT,Anand,SIDDHI ELECTRICAL ENGINEER AND CONTRACTOR,siddhielectrical77@gmail.com,9662061492,0,0
GUJARAT,Anand,SHYAM SOLAR ENERGY,vschohla@GMAIL.COM,8140796593,0,0
GUJARAT,Anand,SHYAM ENTERPRISE,shyamsolarenergy10@gmail.com,8000145645,0,0
GUJARAT,Anand,SHRI SAI ELECTRICAL,rooftop@shrisaielectrical.co.in,6353970979,0,0
GUJARAT,Anand,SHRI RAM SOLAR ENERGY LLP,admin@shriramsolarenergy.com,9712912421,0,0
GUJARAT,Anand,SHRI MARUTI ENTERPRISE,tdoshi76@gmail.com,9428358150,0,0
GUJARAT,Anand,SHRI KHODIYAR ENTERPRISE,shrikhodiyar1978@gmail.com,9727358029,0,0
GUJARAT,Anand,SHREYISHA ENGINEERING,shreyishaengineering@gmail.com,8460445802,0,0
GUJARAT,Anand,SHREYA AGENCY,sharad.panchal73.sp@gmail.com,9898021159,0,0
GUJARAT,Anand,SHREEMAD ENGINEERS,shreemadbg@gmail.com,9913721961,0,0
GUJARAT,Anand,SHREEM SOLARIUM PVT LTD,shreemsolarium@gmail.com,7016455944,0,0
GUJARAT,Anand,SHREEJI SOLAR SYSTEM,shreejisolars@gmail.com,9265296741,0,0
GUJARAT,Anand,SHREEJI SOLAR SOLUTION,npparikh@hotmail.com,9879537250,0,0
GUJARAT,Anand,SHREEJI SOLAR & SERVICES,NILVADERA141@GMAIL.COM,9106331904,0,0
GUJARAT,Anand,SHREEJI SOLAR,info.shreejisolar@gmail.com,9904351125,0,0
GUJARAT,Anand,SHREEJI POWER SOLUTIONS,shreejiss@yahoo.com,9824338633,0,0
GUJARAT,Anand,SHREEJI GRIN SOLAR,shrijigreensolar@gmail.com,7203005770,0,0
GUJARAT,Anand,SHREEJI ENTERPRISES - BHAYLI,shreejie1@gmail.com,9099710184,0,0
GUJARAT,Anand,SHREEJI ENERGY SOLUTION,shreejienergysolution@gmail.com,8460595980,0,0
GUJARAT,Anand,SHREEJI ELECTRICALS,shreejiele@gmail.com,9825089343,0,0
GUJARAT,Anand,SHREE VISHNU SALES AGENCY,shreevishnusalesagency@gmail.com,9825324608,0,0
GUJARAT,Anand,SHREE UMIYA CORPORATION,shreeumiyacorp@gmail.com,8866731185,0,0
GUJARAT,Anand,SHREE SURYA SOLAR SOLUTION,shreesurya2016@gmail.com,8000720006,0,0
GUJARAT,Anand,SHREE SOLAR VENTURE PVT LTD,shreesolarventure@gmail.com,9571211118,0,0
GUJARAT,Anand,SHREE SOLAR,dinkarparekh1983@gmail.com,9104030777,0,0
GUJARAT,Anand,SHREE SAI SOLAR,Hiteshrane37@gmail.com,9879268362,0,0
GUJARAT,Anand,SHREE SAI ENTERPRISE,shreesaienterprise75@gmail.com,8128171111,0,0
GUJARAT,Anand,SHREE RAM SOLAR RAJKOT,vikeshchovatiya@gmail.com,9898921527,0,0
GUJARAT,Anand,SHREE RAM SOLAR,shreeramsolar12@gmail.com,9726671212,0,0
GUJARAT,Anand,SHREE RADHE ELECTRICALS,shreeradhesolar24@gmail.com,9974842981,0,0
GUJARAT,Anand,SHREE OFFICE SOLUTIONS PRIVATE LIMITED,rajranipa.sospl@gmail.com,9898084466,0,0
GUJARAT,Anand,SHREE MARUTI ELECTRIFICATION ENGINEERS,shreemarutieleCtrificationengi@gmail.com,7016480100,0,0
GUJARAT,Anand,SHREE LALGHAR CORPORATION,shreelalgharcorporation@gmail.com,8200149120,0,0
GUJARAT,Anand,SHREE KRISHNA SALES AND SERVICES,info@skss.co.in,9998990694,0,0
GUJARAT,Anand,SHREE KRISHNA ENERGY,shreekrishna.energy@gmail.com,9979559334,0,0
GUJARAT,Anand,SHREE KHODIYAR SOLAR PRIVATE LIMITED,sk.solar@yahoo.com,9825820612,0,0
GUJARAT,Anand,SHREE KHODIYAR SOLAR & ENTERPRISE,s60358186@gmail.com,9313405580,0,0
GUJARAT,Anand,SHREE KHODIYAR REFRIGERATION SALES AND SERVICE,shreekhodiyarref85@gmail.com,9825289293,0,0
GUJARAT,Anand,SHREE HARI SALES & SERVICES,shreeharisales16@gmail.com,7698916121,0,0
GUJARAT,Anand,SHREE HARGANGESHWAR WATER CARE,shreehargangeshwarenergy@gmail.com,8128362108,0,0
GUJARAT,Anand,SHREE GOR SOLAR,shreegorsolar@gmail.com,6361983041,0,0
GUJARAT,Anand,SHREE GAUTAM RENEWABLES AND CLEAN ENERGIES,shreegautam.energy@gmail.com,9408188809,0,0
GUJARAT,Anand,SHREE GANGESHWAR ENGINEERING PRIVATE LIMITED,shreegangeshwarengineering@gmail.com,9157974445,0,0
GUJARAT,Anand,SHREE GANESH ELECTRICALS,shreeganesh6857@gmail.com,9898956262,0,0
GUJARAT,Anand,SHREE GAJANAND SOLAR,gajanandsolar@gmail.com,8347972590,0,0
GUJARAT,Anand,SHREE GAJANAND ENERGIES,magicwithparth@gmail.com,6351126699,0,0
GUJARAT,Anand,SHREE ENTERPRISE,shreeenterprise.mktg@gmail.com,8511170916,0,0
GUJARAT,Anand,SHREE ENERGY SOLUTIONS,shreeenergysolution8@gmail.com,9904335293,0,0
GUJARAT,Anand,SHREE CHAMUNDESHVARI TRADING,hareshdodiya75@gmail.com,9327523737,0,0
GUJARAT,Anand,SHREE BRAHMANI ELECTRICALS,shreebrahmanisolar@gmail.com,9909995675,0,0
GUJARAT,Anand,SHREE AMBIKA AGENCIES,niravambika@rediffmail.com,9426158047,0,0
GUJARAT,Anand,SHOOLIN WATT PRIVATE LIMITED,shoolinwattpvtltd@gmail.com,9909967894,0,0
GUJARAT,Anand,SHIVRON INDUSTRY,shivronind.contr@gmail.com,9925248752,0,0
GUJARAT,Anand,SHIVDHARA SALES,shivdharasales8060@gmail.com,7433004040,0,0
GUJARAT,Anand,SHIVAS SOLAR,shivassolar4418@gmail.com,9537611795,0,0
GUJARAT,Anand,SHIVAM SOLAR AND SERVICES,Parmardivyraj.77@gmail.com,8320732424,0,0
GUJARAT,Anand,SHIVAM SOLAR,solar.shivam2020@gmail.com,7575007551,0,0
GUJARAT,Anand,SHIVAM ENERGY TECH,shivamenergytech2023@gmail.com,9687001450,0,0
GUJARAT,Anand,SHIVAM ELECTRICAL,kaushaldave2@gmail.com,9687575600,0,0
GUJARAT,Anand,SHIV TRADERS,shivtraders7233@gmail.com,9998820863,0,0
GUJARAT,Anand,SHIV SOLARTECH,info.shivsolartech@gmail.com,9825245956,0,0
GUJARAT,Anand,SHIV SALES AGENCY,ghadiyabhaisolar08@gmail.com,9428798679,0,0
GUJARAT,Anand,SHIV ENTERPRISE,shiventerprisesolor@gmail.com,7600438578,0,0
GUJARAT,Anand,SHINE SOLAR,shinesolar.marketing@gmail.com,7622023355,0,0
GUJARAT,Anand,SHAYONAAM ENTERPRISE,shayonaam12@gmail.com,9638766943,0,0
GUJARAT,Anand,SHAURYAM ENTERPRISE,shauryamsolarenterprise@gmail.com,9173645491,0,0
GUJARAT,Anand,SHATRAS AGRI,shatrasagri@gmail.com,9714616040,0,0
GUJARAT,Anand,SHASHWAT SOLAR SYSTEM,shashwatsolarsystem@gmail.com,9574919117,0,0
GUJARAT,Anand,SHARVA SOLAR,sharvasolar@gmail.com,9909449650,0,0
GUJARAT,Anand,SHANTI CORPORATION,info.shanticorporation@gmail.com,8980524444,0,0
GUJARAT,Anand,SHAKTI SOLAR SERVICE,ktptl52@gmail.com,9737854634,0,0
GUJARAT,Anand,SHAKTI GREEN ENERGY SERVICES,shakti.green25@gmail.com,9898860648,0,0
GUJARAT,Anand,SHAKTI GREEN ENERGY,shaktigreenenergy96@gmail.com,7405252123,0,0
GUJARAT,Anand,SHAKTI ENTERPRISE,shaktienterprise082025@gmal.com,8511288555,0,0
GUJARAT,Anand,SHAKTI ENTERPRISE,shaktienterprise0507@gmail.com,8866124840,0,0
GUJARAT,Anand,SHAILEE PROJECTS PRIVATE LIMITED,shaileeprojects99@gmail.com,7600755058,0,0
GUJARAT,Anand,SGK SOLAR,sgksolarrjt@gmail.com,9313885348,0,0
GUJARAT,Anand,SEVENTH SKY RENEWABLE LLP,seventhskyrenewable@gmail.com,7874524574,0,0
GUJARAT,Anand,SEVEN SOLAR ENERGY,divyang@sevensolarenergy.com,9825554277,0,0
GUJARAT,Anand,SERVOTECH POWER SYSTEMS LIMITED,pmsuryaghar@servotechindia.com,9266918120,0,0
GUJARAT,Anand,SC SOLAR SOLUTION,info@scsolarsolution.in,8780378144,0,0
GUJARAT,Anand,SAVIOR SOLAR ENERGY,saviorsolarenergy@outlook.com,8980517729,0,0
GUJARAT,Anand,SAVEGRID ENERGY,savegridenergy@gmail.com,6355785758,0,0
GUJARAT,Anand,SAVARIYA CORPORATION,savariyacorporation@gmail.com,9274166507,0,0
GUJARAT,Anand,SAURASHTRA SOLAR SERVICES LLP,SaurashtraSolar.Gujrat@gmail.com,9925448033,0,0
GUJARAT,Anand,SATYAY SOLAR,satyaysolar@gmail.com,9157716540,0,0
GUJARAT,Anand,SATYASARA ENERGY PRIVATE LIMITED,satyasaraenergy@gmail.com,9909365808,0,0
GUJARAT,Anand,SATYAM SOLAR,satyamsolar823@gmail.com,9227941770,0,0
GUJARAT,Anand,SATYAM ELECTRICALS,satyamelectrical@yahoo.com,9824256257,0,0
GUJARAT,Anand,SATYAKRISHNA LIGHTING,SATYAKRISHNALIGHTING@GMAIL.COM,9428369990,0,0
GUJARAT,Anand,SAT GREENTECH PRIVATE LIMITED,satgreentech25@gmail.com,8758957741,0,0
GUJARAT,Anand,SASA ENERGY LLP,sasaenergyllp@gmail.com,9099207722,0,0
GUJARAT,Anand,SARVAYOGAM SOLAR PRIVATE LIMITED,sarvayogamsolar@gmail.com,6356633355,0,0
GUJARAT,Anand,SARVAYOGAM,sarvayogamgroup@gmail.com,9510356575,0,0
GUJARAT,Anand,SARJAN CONSTRUCTION PVT LTD,info.solardiv@sarjanconstruction.com,8000052226,0,0
GUJARAT,Anand,SANTKRUPA ELECTRICALS,santkrupaelectricals19@gmail.com,8849254993,0,0
GUJARAT,Anand,SANJEE ENTERPRISE,sanjee.enterprise@gmail.com,9157353735,0,0
GUJARAT,Anand,SANJAY SOLAR,sbheaters@gmail.com,7016893192,0,0
GUJARAT,Anand,SANGANI ENTERPRISE,sanganienterprise1610@gmail.com,8347958992,0,0
GUJARAT,Anand,SANGAM ELECTRONICS CO,info.sangamsolar@gmail.com,9825929552,0,0
GUJARAT,Anand,SAMRUDDH SOLAR,samruddhsolar1@gmail.com,7859827859,0,0
GUJARAT,Anand,SAMRUDDDHI ENTERPRISE,samruddhienterprise22@gmail.com,9033676399,0,0
GUJARAT,Anand,SAMPTEL ENERGY PRIVATE LIMITED,project@samptelenergy.com,9727755187,0,0
GUJARAT,Anand,SAMAR SOLAR,samarsolar183@gmail.com,7046164346,0,0
GUJARAT,Anand,SAMAR ENERGY SOLUTIONS,samarenergysolutions@gmail.com,9662727432,0,0
GUJARAT,Anand,SAHAYOG ENERGY,sahayogenergy@gmail.com,9429124424,0,0
GUJARAT,Anand,SAHAJ SOLAR PRIVATE LIMITED,bparmar@sahajsolar.com,7573006832,0,0
GUJARAT,Anand,SAFVI ELECTRICALS SOLUTIONS,safvielectricalssolutions2013@gmail.com,9374754648,0,0
GUJARAT,Anand,SAFFRON RENEWTECH,saffronrenewtech24@gmail.com,7600507557,0,0
GUJARAT,Anand,SAFECON INDUSTRIAL MAINTENANCE & ENGINEERING SERVICES,safeconservices2013@gmail.com,9925854491,0,0
GUJARAT,Anand,SADGURU SOLAR SYSTEMS,sadgurusolarsystems@gmail.com,9687621666,0,0
GUJARAT,Anand,SADGURU ELECTRICALS,sadguruelectricals23@gmail.com,9714715649,0,0
GUJARAT,Anand,SAAN ELECTRICAL,saanelectrical@gmail.com,9033735490,0,0
GUJARAT,Anand,S DIPAK AND CO,sdipaksolar@gmail.com,9898664858,0,0
GUJARAT,Anand,RVV SOLAR PRIVATE LIMITED,rvvsolarpvtltd@gmail.com,8160825026,0,0
GUJARAT,Anand,RVMOVALIYA CONSTRUCTION CO,rvmovaliya.solarenergy@gmail.com,9724543742,0,0
GUJARAT,Anand,RV INFOTECH,rvinfotech2020@gmail.com,8141560037,0,0
GUJARAT,Anand,RUPABHAI MAGANBHAI PATEL,RMP.GEMPORTAL@GMAIL.COM,9426004861,0,0
GUJARAT,Anand,RUDRAKSH SOLAR POWER,rudrakshsolarpower@gmail.com,9016203365,0,0
GUJARAT,Anand,RUDRAKSH ELECTRICALS,rudrakshelectricals4@gmail.com,6353460657,0,0
GUJARAT,Anand,RUDRA SOLAR AND ELECTRICAL,rudrasolar2019@gmail.com,9510514672,0,0
GUJARAT,Anand,RUDRA ENTERPRISE,rudraenterprise1110@gmail.com,8758462848,0,0
GUJARAT,Anand,RUDRA ELECTRICALS,ravi.sabhani@rudraelectricals.co.in,9722643233,0,0
GUJARAT,Anand,RSV POWER ENGINEERING,rsv.power.engineering@gmail.com,9033590507,0,0
GUJARAT,Anand,ROSHNI ENTERPRISE,resolar444@gmail.com,9227104121,0,0
GUJARAT,Anand,ROLEX GREEN ENERGY,ghediyamilan@gmail.com,9429476592,0,0
GUJARAT,Anand,RISING SUN ENERGY,risingsunenergy2018@gmail.com,7405303305,0,0
GUJARAT,Anand,RISING GREEN ENERGY,rgesolar@gmail.com,9033119375,0,0
GUJARAT,Anand,RIMPLE CORPORATION LLP,rimpleco@gmail.com,6351076702,0,0
GUJARAT,Anand,RIGHT POWER INFRA PVT LTD,darshana@right-infra.com,9898661067,0,0
GUJARAT,Anand,RIDHAM ENTERPRISE,ridhamenterprise770@gmail.com,6351158633,0,0
GUJARAT,Anand,RIDDLE ENERGY PVT. LTD.,riddleenergy2101@gmail.com,9879556196,0,0
GUJARAT,Anand,RIA POWER,riapower24@gmail.com,8758463929,0,0
GUJARAT,Anand,RESONAGE GREEN ENERGY PRIVATE LIMITED,rgepl2024gujarat@gmail.com,9879402000,0,0
GUJARAT,Anand,RENEWZA ENERGY,renewzaenergy@gmail.com,8511148225,0,0
GUJARAT,Anand,RENEWIX INNOVATIONS PVT LTD,hello@renewix.in,9998980947,0,0
GUJARAT,Anand,RENEWABLE SUN SOLAR,renewablesunsolar@gmail.com,7600201198,0,0
GUJARAT,Anand,RENEW ENERGIES,information.renew@gmail.com,7405507073,0,0
GUJARAT,Anand,RENEVIK SOLAR SOLUTIONS PRIVATE LIMITED,sejal.c@vikasaryagroup.com,9327572645,0,0
GUJARAT,Anand,RENEURJA ENERGY,reneurjaenergy@gmail.com,8460611110,0,0
GUJARAT,Anand,RENESYS POWER SYSTEMS PRIVATE LIMITED,project@renesys.in,7069751110,0,0
GUJARAT,Anand,RENAISSANCE CORPORATE SOLUTIONS PVT. LTD.,rcplsolar@gmail.com,9572032363,0,0
GUJARAT,Anand,RELIGHT ENERGY LLP,relightenergy.info@gmail.com,8000194738,0,0
GUJARAT,Anand,RELIABLE CONSULTING ENGINEERS,jaymin.fajalia@onlinerce.com,9327168907,0,0
GUJARAT,Anand,REKSON ELECTROTECH,REKSONELECTROTECH37@GMAIL.COM,9904994494,0,0
GUJARAT,Anand,REGAL ELECTRICALS,balochvikarali60@gmail.com,8141028100,0,0
GUJARAT,Anand,REFLECTION SOLAR & ENERGY PRIVATE LIMITED,piyushraval.1984@gmail.com,9725019493,0,0
GUJARAT,Anand,REEWA SOLAR ENERGY,reewasolarenergy@gmail.com,9879353053,0,0
GUJARAT,Anand,REDSUN SOLAR INDUSTRIES,info@redsunin.com,9825632875,0,0
GUJARAT,Anand,REDREN ENERGY PVT LTD,rooftop@redren.in,9104591041,0,0
GUJARAT,Anand,RECARE ELECTRICAL LLP,projects.recare@gmail.com,7600184425,0,0
GUJARAT,Anand,REAL MULTIPLE SOLUTIONS,rmssolar.bhavnagar@rediffmail.com,9099722722,0,0
GUJARAT,Anand,RE360,gogreen@re360.in,8258976667,0,0
GUJARAT,Anand,RAYS TECH SOLAR SOLUTIONS,raystechsolarsolutions@gmail.com,9510147343,0,0
GUJARAT,Anand,RAYCAL POWER INFRA PVT LTD,darshan@raycal.in,6358196472,0,0
GUJARAT,Anand,RAYBOTIX TECHNOLOGIES PVT LTD,info@raybotix.com,9978100900,0,0
GUJARAT,Anand,RAVIJA ENTERPRISES,ravijaenterprises09@gmail.com,6356956938,0,0
GUJARAT,Anand,RARA-AVIS RENEWABLE ENERGY PRIVATE LIMITED,info@raraavisenergy.com,7043374434,0,0
GUJARAT,Anand,RANJAN INDUSTRIES,ranjan28496@gmail.com,9924818113,0,0
GUJARAT,Anand,RAMESH POWER POINTS,rameshpowerpoint@gmail.com,9825225585,0,0
GUJARAT,Anand,RAMDEV SOLAR SYSTEM,ramdevsolarsytem@gmail.com,8758911969,0,0
GUJARAT,Anand,RAMAA SOLAR,ramaasolar@gmail.com,8866697632,0,0
GUJARAT,Anand,RAJKOT E-BIKES AND SOLAR,rajkotebikesandsolar@gmail.com,8306020890,0,0
GUJARAT,Anand,RAJDEEP SOLAR ENERGY PVT. LTD.,dharmesh@rajdeepsolarnergy.com,9099089749,0,0
GUJARAT,Anand,RAJAVI ELECTRICAL SERVICES,rajvielectricalservices@gmail.com,9723613718,0,0
GUJARAT,Anand,RAJANJI ENTERPRISE,RAJANJI72.LV@GMAIL.COM,8849116749,0,0
GUJARAT,Anand,RAJANI MOTORS,rajanimotors21@gmail.com,7227807262,0,0
GUJARAT,Anand,RAJ GREEN ENERGY,rgeresource@gmail.com,9712911189,0,0
GUJARAT,Anand,RAJ ELECTRICALS,solar.rajelectricals@gmail.com,9998656539,0,0
GUJARAT,Anand,RAJ CORPORATION,raj.corporation07@gmail.com,7990452182,0,0
GUJARAT,Anand,RAICHURA ENERGY,raichuraenergy@gmail.com,9879152830,0,0
GUJARAT,Anand,RAGHURAM SOLAR POWER GREEN ENERGY LLP,raghuramsolar9@gmail.com,7575019877,0,0
GUJARAT,Anand,RADIANT SOLAR SOLUTIONS,paresh@radiantsolarsolution.com,9979632096,0,0
GUJARAT,Anand,RADIANT SOLAR ENERGY,info@radiantsolarenergy.co.in,9512337513,0,0
GUJARAT,Anand,RADIANT INDIA,RADIANTINDIA007@GMAIL.COM,9163559963,0,0
GUJARAT,Anand,RADIANT GREEN SOLUTIONS,davda.manthan@yahoo.in,9978911803,0,0
GUJARAT,Anand,RADHASWAMI CORPOPRATION,radhaswamicorporation1@gmail.com,9687607072,0,0
GUJARAT,Anand,RABBIT ELECTRICAL AND SOLAR PVT. LTD.,respvtltd24@gmai.com,9727646420,0,0
GUJARAT,Anand,RAASON ENERTECH LLP,info@raasonenertech.com,9624768483,0,0
GUJARAT,Anand,R. K. CONSTRUCTION,rkconstruction101@gmail.com,9106065865,0,0
GUJARAT,Anand,R V SOLAR,rvsolarvijapur@gmail.com,9726801070,0,0
GUJARAT,Anand,R N SALES CORPORATION,r.tech.2000@gmail.com,9574472134,0,0
GUJARAT,Anand,R K ENTERPRICE,jayswal.ravi@ymail.com,9722252875,0,0
GUJARAT,Anand,QORX ENERGY,qorxenergy1366@gmail.com,9904000629,0,0
GUJARAT,Anand,PV RAYS ENERGY,pvraysenergy@gmail.com,9898097222,0,0
GUJARAT,Anand,PURNIMA SOLAR ENERGY,rpateldeesa@gmail.com,9824320856,0,0
GUJARAT,Anand,PURMA ENERGY PVT LTD,purmaenergy@gmail.com,7069628193,0,0
GUJARAT,Anand,PROTON POWER SERVICE,sprotonpower@gmail.com,9033765370,0,0
GUJARAT,Anand,PROMECH SOLAR ENERGY,promechsolarenergy@gmail.com,9662026679,0,0
GUJARAT,Anand,PRODES CONSULTING ENGINEERS PRIVATE LIMITED,rajiv.ranjan.prakash786@gmail.com,8690444556,0,0
GUJARAT,Anand,PRIYANKA ENTERPRISE,enterpriseriya8002@gmail.com,9913032779,0,0
GUJARAT,Anand,PRIVA ENTERPRISE,vickysheth1987@gmail.com,9825241949,0,0
GUJARAT,Anand,PRISM ECOENERGIA PRIVATE LIMITED,info@prismecoenergia.com,9704710101,0,0
GUJARAT,Anand,PRAYOSHAM SOLAR ENERGY,jayrajp880@gmail.com,9574242883,0,0
GUJARAT,Anand,PRAYOSHA CORPORATION,prayoshacorporation.india@gmail.com,9825390162,0,0
GUJARAT,Anand,PRAVEG SOLAR,office.praveg@gmail.com,9081714161,0,0
GUJARAT,Anand,PRANIL CORPORATION,riddhistart@yahoo.co.in,9825411575,0,0
GUJARAT,Anand,PRANIK POWER INFRA PRIVATE LIMITED,solar.pranik@gmail.com,9925237347,0,0
GUJARAT,Anand,PRAKASHI ENTERPRISE,prakashienterprise@gmail.com,9879797965,0,0
GUJARAT,Anand,PRAKASH PUMP INDUSTRIES,prakashpumpindustries@gmail.com,9687222263,0,0
GUJARAT,Anand,PRAHAR SOLAR SOLUTIONS,info.praharsolar@gmail.com,9016360702,0,0
GUJARAT,Anand,PRAGATI URZA PRIVATE LIMITED,pragatiurza@gmail.com,8347009697,0,0
GUJARAT,Anand,PRAGATI ENTERPRISE,pragatienterprise1985@gmail.com,9825254567,0,0
GUJARAT,Anand,PRACHI GREEN GREEN ENERGY PVT LTD,prachigreenenergy@gmail.com,9737830854,0,0
GUJARAT,Anand,POWERTRONICS TECHNOLOGY,powertronics1990@gmail.com,9974772070,0,0
GUJARAT,Anand,POWERTRAC INDUSTRIES LIMITED,info@powertracsolar.com,7573014610,0,0
GUJARAT,Anand,POWERTECH ENGINEERS SURAT,sanatbarot@gmail.com,9377625242,0,0
GUJARAT,Anand,POWERSOL,office@re.digital,9016681762,0,0
GUJARAT,Anand,POWERON ELECTRICAL,poweron.electricalservice@gmail.com,7990528002,0,0
GUJARAT,Anand,POWERMAC TECHNOLOGY,info@powermacgroup.com,9099939972,0,0
GUJARAT,Anand,POWER SYSTEM,powersystem2k11@gmail.com,9898068224,0,0
GUJARAT,Anand,POWER RISE,powerrise16@gmail.com,8460145311,0,0
GUJARAT,Anand,POWER PLUS ENERGY,powerplussolarenergy@gmail.com,9998183339,0,0
GUJARAT,Anand,POWER PLUS,powerplusbhabhar@gmail.com,8128435584,0,0
GUJARAT,Anand,POWER PACK SOLUTIONS,powerpacksolutions12195@gmail.com,9725787004,0,0
GUJARAT,Anand,POWER GENESYS ENERGY SOLUTIONS PRIVATE LIMITED,subbu@powergenesys.com,8618279431,0,0
GUJARAT,Anand,POOJA ELECTRICALS,PE9711@gmail.com,8758668166,0,0
GUJARAT,Anand,POOJA ELECTRICALS,poojaelectrical21@gmail.com,7434034056,0,0
GUJARAT,Anand,POINTER INSTRUMENTS SERVICES,pointer1729@gmail.com,9033543187,0,0
GUJARAT,Anand,PIXON GREEN ENERGY PRIVATE LIMITED,tender@pixonenergy.in,7229035912,0,0
GUJARAT,Anand,PHOTONICS WATERTECH PRIVATE LIMITED,vasant@photonicslights.com,6353704460,0,0
GUJARAT,Anand,PHOENIX RENEWABLE ENERGY,PHOENIXRE6@GMAIL.COM,9586110114,0,0
GUJARAT,Anand,PHOENIX CREATIONS LIMITED,phoenixcreations2011@gmail.com,9978578599,0,0
GUJARAT,Anand,PEGASUS POWER AND INFRA LLP,info@pegasusllp.com,8160259454,0,0
GUJARAT,Anand,PEAKSUN ENERGY PRIVATE LIMITED,info@peaksunenergy.co.in,7486089901,0,0
GUJARAT,Anand,PAVAN ENERGY,pavanenergy1209@gmail.com,7016265112,0,0
GUJARAT,Anand,PATEL JOYATABHAI GALABHAI,pateljoytabhai1134@gmail.com,9724674544,0,0
GUJARAT,Anand,PATEL ELECTRICALS,info.patelelectricals@gmail.com,9998896555,0,0
GUJARAT,Anand,PASHAVA ENERGY PRIVATE LIMITED,pashavaenergy@yahoo.com,9909904332,0,0
GUJARAT,Anand,PARTHKUMAR VIKRAMBHAI KAMANIYA,kpv2322@gmail.com,9313098584,0,0
GUJARAT,Anand,PARTH SALES,parthsalessolar@gmail.com,9712426671,0,0
GUJARAT,Anand,PAROT RENEWABLES LIMITED,gn@parotrenewables.com,9274692942,0,0
GUJARAT,Anand,PARMAR ENTERPRISE,parmarenterprise2024@gmail.com,9574944345,0,0
GUJARAT,Anand,PARK SHELDRAKE,parksheldrake@gmail.com,7862991878,0,0
GUJARAT,Anand,PARESH S. VAIDYA,parvaidya2012@gmail.com,9879529203,0,0
GUJARAT,Anand,PARECHA ENTERPRISES,sagarmparecha999@gmail.com,9537704244,0,0
GUJARAT,Anand,PAHAL SOLAR EPC LLP,avinash@pahalsolar.com,9512323223,0,0
GUJARAT,Anand,P.M.BAROT GREEN ENERGY,jaybarotkdbm@gmail.com,9327129667,0,0
GUJARAT,Anand,P V ENERGY,pvenergy999@gmail.com,9924195999,0,0
GUJARAT,Anand,P C LINK ENTERPRISE,pclinkenterprise@gmail.com,8238053941,0,0
GUJARAT,Anand,OXEN ENERGIES,oxenenergies@gmail.com,8866699444,0,0
GUJARAT,Anand,ORTEX CORPORATION,ortexcorporation@gmail.com,9276103457,0,0
GUJARAT,Anand,ONEVOLT GREEN PVT LTD,onevoltgreens@gmail.com,9925292721,0,0
GUJARAT,Anand,ONETIME SOLAR SYSTEM,onetimesolarsystem@gmail.com,9925296957,0,0
GUJARAT,Anand,OMKARA INFOTECH,omkarinfotechlakhani@gmail.com,9428847854,0,0
GUJARAT,Anand,OMEGA POWER,omegapower2018@gmail.com,7990226349,0,0
GUJARAT,Anand,OMEGA ELECTRICALS,omele452@gmail.com,9979888452,0,0
GUJARAT,Anand,OM SOLAR SYSTEMS,omsolarsystems.rjt@gmail.com,8141405557,0,0
GUJARAT,Anand,OM SOLAR,VIPULKUMARPATEL43@YAHOO.IN,9714384884,0,0
GUJARAT,Anand,OM SHANTI SOLAR GROUP,omshantisolar@gmail.com,8530122612,0,0
GUJARAT,Anand,OM SHANTI MACHINERIES EXIM,grandosolar@gmail.com,9824868078,0,0
GUJARAT,Anand,OM SALES ENTERPRISE,rahul.redrenbardoli@gmail.com,9428631515,0,0
GUJARAT,Anand,OM ELECTRICALS,jaydratsinhzala09@gmail.com,9265589234,0,0
GUJARAT,Anand,ODHAV ENTERPRISE,odhaventerpriseindia@gmail.com,9033231303,0,0
GUJARAT,Anand,OCTA ENTERPRISE,octaenterprise7@gmail.com,8469023543,0,0
GUJARAT,Anand,NYSA POWER,ronakpatel7319@gmail.com,9081819955,0,0
GUJARAT,Anand,NYALKARAN ENERGY LLP,kaushik@nyalkaranenergy.com,9825412783,0,0
GUJARAT,Anand,NVVP GREEN ENERGY PRIVATE LIMITED,nvvpgreenepl@gmail.com,9979941234,0,0
GUJARAT,Anand,NUJUM INDUSTRIES PRIVATE LIMITED,thenujum@gmail.com,9375188422,0,0
GUJARAT,Anand,NU SOLAR INFRACON PRIVATE LIMITED,nu.solar.infracon@gmail.com,9033181196,0,0
GUJARAT,Anand,NRS SOLAR SOLUTION,info.nrssolarsolution@gmail.com,8488953026,0,0
GUJARAT,Anand,NRG TECHNOLOGISTS PVT. LTD.,sales@nrgtechnologists.com,9824652624,0,0
GUJARAT,Anand,NP RENEWABLE ENERGY,nprenewableenergy@gmail.com,7016917174,0,0
GUJARAT,Anand,NP ELECTRICALS,info@npelectricals.co.in,9824144945,0,0
GUJARAT,Anand,NJ ELECTRICALS,njelectricals.21@gmail.com,9886309619,0,0
GUJARAT,Anand,NIVAN ENERGY,nivanenergy@gmail.com,9998820905,0,0
GUJARAT,Anand,NISHRAY SOLAR,mkshahexport@gmail.com,9825409639,0,0
GUJARAT,Anand,NIRAJ TRADERS,nirajtraders@yahoo.com,9825030321,0,0
GUJARAT,Anand,NINE TECH AUTOMATION,ninetechautomation09@gmail.com,9313375388,0,0
GUJARAT,Anand,NILKANTH ENTERPRISE,nilkanthenterprise96@gmail.com,9157369603,0,0
GUJARAT,Anand,NILESH ENGINEERS,nileshengineers57@gmail.com,9033005732,0,0
GUJARAT,Anand,NIL ENGINEERING,nil.engineering@yahoo.com,9228387183,0,0
GUJARAT,Anand,NIHAL ENTERPRISE,rehanadonakiya786@gmail.com,8733978072,0,0
GUJARAT,Anand,NEXUS RENEWTECH,nexusrenewtech@gmail.com,8849277955,0,0
GUJARAT,Anand,NEWYORK ENGINEERING CO.,akashenergysolar@gmail.com,9824206059,0,0
GUJARAT,Anand,NEW RESEARCH TECHNOLOGY,nrtsolar@gmail.com,9427809253,0,0
GUJARAT,Anand,NEOTERIX SOLUTION PVT. LTD.,neoterixsolutions@gmail.com,9414010579,0,0
GUJARAT,Anand,NEOCENT SOLAR SYSTEM LLP,m.neocent@gmail.com,9974710486,0,0
GUJARAT,Anand,NEETY EURO ASIA SOLAR ENERGY,falgun@nease.in,9909595442,0,0
GUJARAT,Anand,NEELKANTHESHWAR SOLAR ENERGY,neelkantheshwarsolarenergy@gmail.com,8460048549,0,0
GUJARAT,Anand,ND ENERGY INDIA PRIVATE LIMITED,ndenergyindia@gmail.com,8000001124,0,0
GUJARAT,Anand,NAYRA ELECTRONICS,info.nayraelectronics@gmail.com,9054244430,0,0
GUJARAT,Anand,NAVKALP GROUPS,navkalprenewable@gmail.com,8460109090,0,0
GUJARAT,Anand,NAVI ENERGY,contact@navienergy.in,9979435742,0,0
GUJARAT,Anand,NATURE CARE ADVISORS,naturecare.gujarat@gmail.com,8469991098,0,0
GUJARAT,Anand,NARMADA RENEWABLES,narmadarenewables@gmail.com,7623870035,0,0
GUJARAT,Anand,NAMAH SOLAR ENERGY,namahsolar@gmail.com,6351500821,0,0
GUJARAT,Anand,NAKSHATRA INFOSYS,nakshatrainfosys178@gmail.com,9909697193,0,0
GUJARAT,Anand,NAKSH POWER,bhumikarana1989@gmail.com,8141113593,0,0
GUJARAT,Anand,NAKODA PRODUCTS,purchase.nsolar@gmail.com,9825322552,0,0
GUJARAT,Anand,N J ENERGY,nj.energy9@gmail.com,7487022943,0,0
GUJARAT,Anand,MS SOLAR SPARK,mssolarspark7@gmail.com,9825590311,0,0
GUJARAT,Anand,MS SOLAR,shersiyamujahid@gmail.com,9725097291,0,0
GUJARAT,Anand,MOVA GREEN ENERGY,movagreenenergy1112@gmail.com,7778033298,0,0
GUJARAT,Anand,MK ELECTRICALS,digant.shah10@gmail.com,9825349554,0,0
GUJARAT,Anand,MK ELECTRICAL AND CO,mkelectrical.co@gmail.com,8866525483,0,0
GUJARAT,Anand,MITTALS GREEN ENERGY PRIVATE LIMITED,info@mittalsgreenenergy.com,8053004999,0,0
GUJARAT,Anand,MITRAYA ELECTRICAL,mitrayaelectrical@gmail.com,7016415834,0,0
GUJARAT,Anand,MITRAY ENGINEERING,mitray.engineering@gmail.com,7621895796,0,0
GUJARAT,Anand,MITCON CONSULTANCY AND ENGINEERING SERVICES LTD,tendercell@mitconindia.com,7447420680,0,0
GUJARAT,Anand,MH POWER SYSTEM,info.mhpowersystem@gmail.com,9016581006,0,0
GUJARAT,Anand,MFINS SERVICES PVT. LTD.,vidya@m-fins.in,8356843342,0,0
GUJARAT,Anand,MERIDIAN INTERNATIONAL,ghetiya.ashish@gmail.com,7990847552,0,0
GUJARAT,Anand,MEKTECH SOLUTION,mektechsolution@gmail.com,7984595405,0,0
GUJARAT,Anand,MEHUL ELECTRIC,fivestarsolar2025@gmail.com,7984547908,0,0
GUJARAT,Anand,MEGHAL POWER,meghalpower23@gmail.com,9712726390,0,0
GUJARAT,Anand,MEERASUN ENERGY,meerasunenergy@gmail.com,9016680239,0,0
GUJARAT,Anand,MEENA SOLAR,ripalsonpal@gmail.com,8408944904,0,0
GUJARAT,Anand,MD ENERGIES,mdenergies01@gmail.com,9099260004,0,0
GUJARAT,Anand,MBTION ENGINEERING,mbtionengineering@gmail.com,8320565108,0,0
GUJARAT,Anand,MAXSUN ENERGY PRIVATE LIMITED,maxsunsolarenergy@gmail.com,7990361324,0,0
GUJARAT,Anand,MAXIM ENERGY,maximenergy21@gmail.com,9265123804,0,0
GUJARAT,Anand,MAXIFLUENCE TECHNOVATE LLP,info@maxifluencetechnovate.com,9662298809,0,0
GUJARAT,Anand,MATRIX ENTERPRISE,matrixsolar41@gmail.com,8905314234,0,0
GUJARAT,Anand,MARUTI TECHNOLOGIES GOTRI,maruti.tech@yahoo.in,9099962323,0,0
GUJARAT,Anand,MARUTI SUNSOLREN,marutisunsolren@gmail.com,8238145153,0,0
GUJARAT,Anand,MARUTI SOLAR SYSTEMS,dinesh.navar@gmail.com,9409080149,0,0
GUJARAT,Anand,MARUTI SOLAR PUMP SYSTEM,patelsandip0226@gmail.com,9426849250,0,0
GUJARAT,Anand,MARUTI ENTERPRISE,marutienterprise148@gmail.com,7698803938,0,0
GUJARAT,Anand,MARUTI ENTERPRISE,maruti.enterprise0915@hotmail.com,8866239646,0,0
GUJARAT,Anand,MARUTI ENERGY,marutienrgy@gmail.com,9033408939,0,0
GUJARAT,Anand,MARUTI ELECTRICALS,info.maruti16@yahoo.com,9727474683,0,0
GUJARAT,Anand,MAPSTECH SYSTEMS,mapstechsystems@gmail.com,9998854510,0,0
GUJARAT,Anand,MANYAH ENERGY PVTLTD,manyahenergy@gmail.com,9925065224,0,0
GUJARAT,Anand,MANGROLIYA NIKUNJ J.,nikunjmangroliya54@gmail.com,8866685082,0,0
GUJARAT,Anand,MANAN SOLAR,manansolar2022@gmail.com,9714352719,0,0
GUJARAT,Anand,MAKE INSIDE SOLUTIONS,info@makeinside.co.in,9898302030,0,0
GUJARAT,Anand,MAHAVEER ENTRPRISE,me.solarmaster@gmail.com,7878647771,0,0
GUJARAT,Anand,MAHALAXMI ELECTRICALS - AHEMDABAD,mahalaxmi.electricals_07@yahoo.com,8238914975,0,0
GUJARAT,Anand,MAHAKALI POWER,mahakalipower9252@gmail.com,9687209519,0,0
GUJARAT,Anand,MAHADEV SOLAR ENTERPRISE,mahadevsolar2526@gmail.com,8758610449,0,0
GUJARAT,Anand,MAHADEV SOLAR ENETERPRISE,mahadevsolarjamnagar@gmail.com,9978999939,0,0
GUJARAT,Anand,MAHADEV SALES AGENCY,mahadevsolarproject@gmail.com,7393939139,0,0
GUJARAT,Anand,MAGLARE TECHNOLOGIES PVT.LTD.,info@maglare.com,8460183838,0,0
GUJARAT,Anand,MADYSON ELECTRICAL,madyson.electrical41@gmail.com,9998864567,0,0
GUJARAT,Anand,MADHULI CORPORATION,madhulicorporation@gmail.com,9904990630,0,0
GUJARAT,Anand,MADHAV GREEN ENERGY,madhavgreene@gmail.com,9408102358,0,0
GUJARAT,Anand,MADHAV ENTERPRISE,madhavsolarshop@gmail.com,7990485674,0,0
GUJARAT,Anand,MADHAV ELECTRICAL,madhavelectrical23@gmail.com,9426755766,0,0
GUJARAT,Anand,MAA MOGAL ENTERPRISE,maamogale1999@gmail.com,8401237990,0,0
GUJARAT,Anand,M SUN ENERGY,msunenergy30@gmail.com,9104145599,0,0
GUJARAT,Anand,M R ENTERPRISE,mrenterprisesolar@gmail.com,9924370232,0,0
GUJARAT,Anand,M M PARMAR,sunlightenergy09@outlook.com,9227092099,0,0
GUJARAT,Anand,M AND P POWER SOLUTIONS,mnppowersolutions2021@gmail.com,9537006733,0,0
GUJARAT,Anand,LIPO TECHNOLOGY PRIVATE LIMITED,kalpesh@lipotechnology.in,9722266550,0,0
GUJARAT,Anand,LIGHTFLOW INDIA SOLAR,lightflowindia@gmail.com,8000835616,0,0
GUJARAT,Anand,LIFE MAGIC MARVELL STORE PRIVATE LIMITED,lifemagicmarvel@gmail.com,9098698493,0,0
GUJARAT,Anand,LGM ENERGY AND INFRACON LLP,lgmenergyandinfraconllp@gmail.com,7574000906,0,0
GUJARAT,Anand,LAXMI HI TECH,laxmihitech36@gmail.com,7046494649,0,0
GUJARAT,Anand,LA CARTE RETAILERS PVT LTD,lacarte09@gmail.com,9909920700,0,0
GUJARAT,Anand,L L ELECTRICALS,llelect89@yahoo.com,9879078908,0,0
GUJARAT,Anand,L G ELECTRICALS,lgelectricals29@gmail.com,9825949200,0,0
GUJARAT,Anand,KVP SOLAR AND SOLUTION,kvpsolarandsolution.22@gmail.com,9033343105,0,0
GUJARAT,Anand,KUTCH SOLAR AND EV,kutchsolarev@gmail.com,9725436751,0,0
GUJARAT,Anand,KSHETRAPAL GREEN ENERGY,kshetrapalgreenenergy@gmail.com,7874098869,0,0
GUJARAT,Anand,KRIVI ENERGY PRIVATE LIMITED,solar@krivienergy.com,9326275972,0,0
GUJARAT,Anand,KRIVA TECHNOLOGIES,krivasolartechnologies@gmail.com,7227074480,0,0
GUJARAT,Anand,KRITA GREEN ENERGY,admin@kritagreenenergy.in,9824998266,0,0
GUJARAT,Anand,KRISHNA ENTERPRISE,krishnaenterprise4568@gmail.com,9712658209,0,0
GUJARAT,Anand,KRISHIVA INNOVATIVES,info@krishivainnovatives.com,9409435861,0,0
GUJARAT,Anand,KRISHIV ENTERPRISE,jevinpansuriya4@gmail.com,7359294060,0,0
GUJARAT,Anand,KP GREEN ENGINEERING LIMITED,imam.syed@kpgroup.co,9104677596,0,0
GUJARAT,Anand,KOTHIYA ELECTRIC CONTRACTOR,kothiyaelectric@gmail.com,9913212056,0,0
GUJARAT,Anand,KONARK,heykonark@gmail.com,7016013500,0,0
GUJARAT,Anand,KOMAL ELECTRIC,chetanramprasadi@gmail.com,9825047503,0,0
GUJARAT,Anand,KK ENTERPRISE,LATHIYA410@GMAIL.COM,9925590208,0,0
GUJARAT,Anand,KITE SOLAR ENERGY,kitesolarenergy@gmail.com,6352523489,0,0
GUJARAT,Anand,KIRTAN MARKETING,kirtanmarketing@gmail.com,9714440026,0,0
GUJARAT,Anand,KIRTAN BATTERIES,kirtanbatteries26@gmail.com,7043337333,0,0
GUJARAT,Anand,KIRAN SOLAR TECH PT. LT,info@kiransolartech.com,9800932333,0,0
GUJARAT,Anand,KHODIYAR ENTERPRISE,k_enter_m@rediffmail.com,9825162853,0,0
GUJARAT,Anand,KHODIYAR ELECTRICAL (VISNAGAR),khodiyar.electrical210@gmail.com,9979632702,0,0
GUJARAT,Anand,KHODIYAR ELECTRICAL,khodiyarelectrical9199@gmail.com,6355714181,0,0
GUJARAT,Anand,KHODAL CORPORATION,khodalcorporation10@gmail.com,9974129558,0,0
GUJARAT,Anand,KHANAK SYSTEM,khanaksystem@yahoo.com,9824751581,0,0
GUJARAT,Anand,KESHWALA ENGINEERING CO.,RKESHWALA26@GMAIL.COM,7575082097,0,0
GUJARAT,Anand,KASTBHANJAN SOLAR,kastbhanjansolar@gmail.com,9099863647,0,0
GUJARAT,Anand,KASHYAP INFRAPROJECTS PVT. LTD.,info@kashyap.in,9898031010,0,0
GUJARAT,Anand,KARTAVY AGROTECH,kartavysolar@gmail.com,9426465233,0,0
GUJARAT,Anand,KARMA POWER,karmapower001@gmail.com,8849370511,0,0
GUJARAT,Anand,KARM ENTERPRISE,KARMSOLAR24@GMAIL.COM,9586363071,0,0
GUJARAT,Anand,KANHA ENTERPRISE,kanhaenterprise4161@gmail.com,6355636703,0,0
GUJARAT,Anand,KAMAXI ELECTRICAL ENGINEERS,dharmesh@kamaxielectricals.com,9974744036,0,0
GUJARAT,Anand,KALPTARU RENEWABLE POWER PVT LTD,support@kalptaru.co,7600780720,0,0
GUJARAT,Anand,KAIZEN UNIVERSAL PRIVATE LIMITED,ketan@kaizen.in,9825119674,0,0
GUJARAT,Anand,KAIZEN NOW,kaizennowahd@gmail.com,9978985558,0,0
GUJARAT,Anand,KAIZEN ENERGY,info.kaizenenergy@gmail.com,8347424158,0,0
GUJARAT,Anand,KAGI RENEWABLE ENERGY,info.kagirenew@gmail.com,8401935902,0,0
GUJARAT,Anand,KAASHIVA POWER INNOVATIONS PVT LTD,nikunjprajapati@kaashiva.com,7227854857,0,0
GUJARAT,Anand,KAARVI GREEN ENERGY,kaarvienergy01@gmail.com,9824094291,0,0
GUJARAT,Anand,K P ENTERPRISE,kpenterprise39@gmail.com,9974383839,0,0
GUJARAT,Anand,K K SOLAR SOLUTIONS,kksolarsolutions@gmail.com,9537279900,0,0
GUJARAT,Anand,JUPISOL POWER INDIA PRIVATE LIMITED,spatel@jupisolpower.com,9879284007,0,0
GUJARAT,Anand,JOYSTICK BIO HEALTH,jstvalsad@gmail.com,9714163052,0,0
GUJARAT,Anand,JJV CORPORATION,info@jjvcorporation.in,9016987377,0,0
GUJARAT,Anand,JIYANSH ENERGY SOLUTIONS,mvp.jes.24@gmail.com,9924700866,0,0
GUJARAT,Anand,JIYAAN SOLAR COMPANY,jiyaansolar.co@gmail.com,8160645436,0,0
GUJARAT,Anand,JIGAR SYSTEM TECHNOLOGY,jigar@jigarsystems.com,9511768710,0,0
GUJARAT,Anand,JD SOLAR,jdsolar5005@gmail.com,9157590905,0,0
GUJARAT,Anand,JD INFRA ENERGY PRIVATE LIMITED,jdinfraenergy0725@gmail.com,9714061118,0,0
GUJARAT,Anand,JAYVEER ELECTRICAL PRIVATE LIMITED,jayveerelectrical@gmail.com,9601679621,0,0
GUJARAT,Anand,JAYRAJ SOLAR LLP,tejas@jayrajsolar.com,9033963450,0,0
GUJARAT,Anand,JAYKAMAL ENERGY,JAYKAMAL.ENERGY@GMAIL.COM,9726862780,0,0
GUJARAT,Anand,JAYDEV ENERGY,jaydevenergy83@gmail.com,9824885237,0,0
GUJARAT,Anand,JAY SARDAR SOLAR PVT.LTD.,jaysardarsolar@gmail.com,8141500062,0,0
GUJARAT,Anand,JAY SARDAR SOLAR POWER PRIVATE LIMITED,dbchaudhary108@gmail.com,9737550593,0,0
GUJARAT,Anand,JAY KHODIYAR IMPEX,pareshramoliya310@gmail.com,9537164431,0,0
GUJARAT,Anand,JAY ELECTRICALS,jayelec2021@gmail.com,9427261002,0,0
GUJARAT,Anand,JAY DADA SOLAR,jaydadasolar@gmail.com,6353659868,0,0
GUJARAT,Anand,JAY AMBE GREEN ENERGY,jayambegreenenergy@gmail.com,9824328725,0,0
GUJARAT,Anand,JAY AMBE ELECTRICALS,jayambeelectricals091@gmail.com,6355252020,0,0
GUJARAT,Anand,JAY ADITYA SOLAR,darshit.dj619@gmail.com,8160931631,0,0
GUJARAT,Anand,JASMIN J BAMBHAROLIYA,jasmin.bambharolia14@gmail.com,8140916256,0,0
GUJARAT,Anand,JALESHWAR GREEN ENERGY,info.jaleshwargreen@gmail.com,8140023662,0,0
GUJARAT,Anand,JAI SOMNATH ENTERPRISE,msjaisomnathenterprise@gmail.com,9979990909,0,0
GUJARAT,Anand,JAI INDUSTRIES,jaielectronic@yahoo.com,9828104233,0,0
GUJARAT,Anand,JAGRUTI TRADERS,jagrutitraders.solar@gmail.com,8980498030,0,0
GUJARAT,Anand,JAGDAMBA TRADERS,jagdambatraders.padra@gmail.com,7284841054,0,0
GUJARAT,Anand,JAAC TECHNO SERVICES PVT LTD,jwalant.raval@jaacservices.com,9824000545,0,0
GUJARAT,Anand,JAAC TECHNO SERVICES PVT LTD,Jwalant.raval@jaacservice.com,9824000545,0,0
GUJARAT,Anand,J S COMPANY,jscompany9@gmail.com,7990307424,0,0
GUJARAT,Anand,J N RENEWABLE,info@jnrenewable.com,9925037975,0,0
GUJARAT,Anand,J K MACHINE TOOLS (GUJARAT) PVT. LTD.,jk.solarium@gmail.com,9328290518,0,0
GUJARAT,Anand,J D ELECTRICAL AND TRADING,jdelectrical26@gmail.com,8320397049,0,0
GUJARAT,Anand,J B POWER SOLAR,jbpowersolar@gmail.com,9173390835,0,0
GUJARAT,Anand,IZZY ENERGY SOLUTION,izzyenergysolution@gmail.com,9909236062,0,0
GUJARAT,Anand,ISHITA ENGINEERING,ishitaengineering13@gmail.com,8866649177,0,0
GUJARAT,Anand,ISHA SALES,ishasolar027@gmail.com,9824739373,0,0
GUJARAT,Anand,INRAYS TECHNOLOGY,inraystechnology@gmail.com,9898878734,0,0
GUJARAT,Anand,INQILAB ENGINEERING PRIVATE LIMITED,inqilabengineering@gmail.com,9099598998,0,0
GUJARAT,Anand,INOX SOLAR ENERGY,inoxsolarenergy@gmail.com,9904604047,0,0
GUJARAT,Anand,INFYZON ENERGY,infyzonenergy@gmail.com,8160599803,0,0
GUJARAT,Anand,INFINITY SOLAR - SURAT,infinity.solar01@gmail.com,8866860686,0,0
GUJARAT,Anand,INFINITY RENEWABLE ENERGY,anand.infinityrenewableenergy@gmail.com,9913784000,0,0
GUJARAT,Anand,INFINITY GREENTECH,info.infinitygreentech@gmail.com,9737823212,0,0
GUJARAT,Anand,INFINITE ENERGY ANS TECHNOLOGY,planning@infiniteenergy.co.in,9099971778,0,0
GUJARAT,Anand,IMPULSE SYSTEM,info@impulsesystem.in,9426471057,0,0
GUJARAT,Anand,IMPERIUM POWERTECH,imperiumtender@gmail.com,9054457166,0,0
GUJARAT,Anand,IMAGINE POWERTREE PRIVATE LIMITED,imagine.powertree@gmail.com,9586121111,0,0
GUJARAT,Anand,IDEAL RENEWABLE LLP,idealrenewable@gmail.com,9979083323,0,0
GUJARAT,Anand,IDEAL ELECTRICAL,idealelectric7@gmail.com,9638324167,0,0
GUJARAT,Anand,ICONIC SOLAR ENERGY,iconicsolarenergy26@gmail.com,7698504095,0,0
GUJARAT,Anand,I-TECH STORE,info.itechsolar@gmail.com,9879603933,0,0
GUJARAT,Anand,I SQUARE SOLAR,work.srbudheliya@gmail.com,9722272775,0,0
GUJARAT,Anand,I K SOLAR ENERGY,iksolarenergy2302@gmail.com,6353941652,0,0
GUJARAT,Anand,I CARE ENGINEERING,icareengr@gmail.com,9978920284,0,0
GUJARAT,Anand,HYSUN SOLAR PRIVATE LIMITED,prajapatiomaram62@gmail.com,7573999961,0,0
GUJARAT,Anand,HIYASHA SOLAR SYSTEMS LLP,hiyashasolarsystems@gmail.com,9727097250,0,0
GUJARAT,Anand,HIYA ELECTRO ENGINEERS,hiyaelectroengineers@gmail.com,8128672333,0,0
GUJARAT,Anand,HIPANAX ENERGY,hipanaxenergy@outlook.com,9727063026,0,0
GUJARAT,Anand,HINDUSTAN SOLAR AND POWER PACK,hindustansolar86@gmail.com,7016087359,0,0
GUJARAT,Anand,HIMSON ENERGY,himson.energy@gmail.com,9825242728,0,0
GUJARAT,Anand,HILTON RENEWABLES,hiltonrenewables.amr@gmail.com,8181080800,0,0
GUJARAT,Anand,HILL LIGHTING,rndungrani@gmail.com,9328385858,0,0
GUJARAT,Anand,HI TECH SOLAR SOLUTION,hitechsolarsolu@gmail.com,8140535380,0,0
GUJARAT,Anand,HI TECH ENERGY,hitechenergy17@gmail.com,9924388540,0,0
GUJARAT,Anand,HERMES TECHNOLOGIES PRIVATE LIMITED,info@hermesdrives.com,9825066778,0,0
GUJARAT,Anand,HEMALI ELECTRICALS,hemali_elect@rocketmail.com,9979874161,0,0
GUJARAT,Anand,HELIOS SELENE,sales@heliosselene.in,7600132252,0,0
GUJARAT,Anand,HEER SOLAR ENERGY,heersolarenergy@gmail.com,9427063399,0,0
GUJARAT,Anand,HEAVEN GREEN ENERGY LTD. (FORMERLY KNOWN AS HEAVEN SOLAR ENERGY PVT LTD),heavensolarenergy@gmail.com,9979532167,0,0
GUJARAT,Anand,HAVTON INDIA,ravivarmora0803@gmail.com,9265496953,0,0
GUJARAT,Anand,HATKESH ENGINEERING,hatkeshengineering@gmail.com,9898105579,0,0
GUJARAT,Anand,HARSIDDHI ENGINEERING WORKS,harsiddiengineering@yahoo.com,9428342940,0,0
GUJARAT,Anand,HARSH ENTERPRISE,harshenterprise.ele@gmail.com,9586703597,0,0
GUJARAT,Anand,HARISH ENGINEERING WORKS,harish.engg91@gmail.com,9428618859,0,0
GUJARAT,Anand,HARIOM ENGINEERING,hariomsolarbotad@gmail.com,8140771766,0,0
GUJARAT,Anand,HARIOM ELECTRICS,manoj.patiwala.in@gmail.com,8140438508,0,0
GUJARAT,Anand,HARI ELECTRICAL & SOLAR,harielectrical18@gmail.com,7990453967,0,0
GUJARAT,Anand,HADAF GREEN ENERGY PRIVATE LIMITED,hadafgreenenergy@gmail.com,8320986239,0,0
GUJARAT,Anand,HAAN SOLAR ENERGY,haan.232423@gmail.com,9909406467,0,0
GUJARAT,Anand,H.K ENERGY,hkenergy001@gmail.com,9586401312,0,0
GUJARAT,Anand,H S ENTERPRISE,hiralpatel3031@gmail.com,9773257603,0,0
GUJARAT,Anand,H K SOLAR ENERGY,hkenergy16@gmail.com,9714516576,0,0
GUJARAT,Anand,H & M COMPANY,info@hmcompany.in,9157768561,0,0
GUJARAT,Anand,GWE INFRA PROJECTS PRIVATE LIMITED,dhaval.gwe@gmail.com,9726198989,0,0
GUJARAT,Anand,GURUKRUPA ENTERPRISE,gurukrupaenterprise.head9@gmail.com,8320627280,0,0
GUJARAT,Anand,GURU RENEWABLE,gururenewable@gmail.com,9687672620,0,0
GUJARAT,Anand,GUJARAT SOLAR ENERGY,gujaratsolarenergy010@gmail.com,9898472919,0,0
GUJARAT,Anand,GSL ENERGY,gslenergy09@gmail.com,8320945187,0,0
GUJARAT,Anand,GS POWERTECH,info.gspowertech@gmail.com,7567438385,0,0
GUJARAT,Anand,GROWW SOLAR ENERGY,growwsolarenergy8@gmail.com,7874707545,0,0
GUJARAT,Anand,GROWTECH ENERGY,growtechenergy91@gmail.com,9998435528,0,0
GUJARAT,Anand,GROWSUN RENEWABLE LLP,info.growsunrenewablellp@gmail.com,9925590193,0,0
GUJARAT,Anand,GROW ENERGY SOLAR SOLUTION,growenergysolarsolution@gmail.com,7778999695,0,0
GUJARAT,Anand,GROW EARTH RENEWABLE TECHNOLOGIES,divyesh@growearthsolar.com,9104495364,0,0
GUJARAT,Anand,GRIWA INTERNATIONAL LLP,prakashkoriya17@gmail.com,8200988481,0,0
GUJARAT,Anand,GRIDSOL ENERGY,GRIDSOLENERGY@GMAIL.COM,9724634747,0,0
GUJARAT,Anand,GREYANAS INDUSTRIES PRIVATE LIMITED,greyanassolar@gmail.com,9408715033,0,0
GUJARAT,Anand,GREENTECH ENERGY,bhuvapiyush89@gmail.com,7990053035,0,0
GUJARAT,Anand,GREENNETIC RENEWABLE PRIVATE LIMITED,sales.greenneticrenewable@gmail.com,8320563819,0,0
GUJARAT,Anand,GREENMAX ENERGY PVT. LTD.,sales1@greenmaxenergy.in,9601100759,0,0
GUJARAT,Anand,GREENLEAF SOLAR ENERGY,info.greenleaf1@gmail.com,9313945225,0,0
GUJARAT,Anand,GREENLAND,greenlandsolar.np@gmail.com,9825545043,0,0
GUJARAT,Anand,GREENLAND,greenlandsolar.projects@gmail.com,9825545043,0,0
GUJARAT,Anand,GREENEXCEL ENERGY SOLUTION PVT LTD,info@greenexcelenergy.com,9898949719,0,0
GUJARAT,Anand,GREENERGEE,greenergee@vikasaryagroup.com,9374635103,0,0
GUJARAT,Anand,GREENEABLE SOLAR SOLUTION,greeneablesolar@gmail.com,6357555660,0,0
GUJARAT,Anand,GREENCUBE ENERGIES PRIVATE LIMITED,nirankush@gcepl.in,9106836019,0,0
GUJARAT,Anand,GREENARCH SOLAR PRIVATE LIMITED,greenarchsolar@gmail.com,9879262766,0,0
GUJARAT,Anand,GREEN SUN ENERGY,teamgreensun@gmail.com,9274525232,0,0
GUJARAT,Anand,GREEN SOLAR ENERGY,info@greenssolar.in,9687222261,0,0
GUJARAT,Anand,GREEN POWER ENERGY,info.greenenergy07@gmail.com,8780002027,0,0
GUJARAT,Anand,GREEN LIGHT ENERGY,glenergy2024@gmail.com,9998754265,0,0
GUJARAT,Anand,GREEN IMPAQ SOLAR ENERGY,greenimpaqsolarenergypm@mail.com,9974414600,0,0
GUJARAT,Anand,GREEN HOUSE SOLAR POWER SOLUTIONS,info@greenhousesolar.in,7990068891,0,0
GUJARAT,Anand,GREEN ERA SYSTEM,greenerasystem@gmail.com,8320221647,0,0
GUJARAT,Anand,GREEN ENERGY-VALSAD,solar@greenenergy.ind.in,8866249369,0,0
GUJARAT,Anand,GREEN ENERGY SOLAR,ges.solar24@gmail.com,8866993164,0,0
GUJARAT,Anand,GREEN E SOLAR,greene.vb@hotmail.com,9925751589,0,0
GUJARAT,Anand,GREEN ARTH,info@greenarth.co.in,8780623141,0,0
GUJARAT,Anand,GREAT SOLUTION,greatsolution07@gmail.com,9924131317,0,0
GUJARAT,Anand,GRACE OF THE SUN ENERGY,gotssolar@gmail.com,8320258395,0,0
GUJARAT,Anand,GOVINDJI POWER,priyankvaghani86@gmail.com,9726643435,0,0
GUJARAT,Anand,GOPI TECHNOLOGIES,epc@gopitechnologies.com,8866077344,0,0
GUJARAT,Anand,GOPAL ENTERPRISE,gokulbharvad@gmail.com,9727756664,0,0
GUJARAT,Anand,GOLDSUN SOLAR,dhruvpadasumbiya@gmail.com,9409016021,0,0
GUJARAT,Anand,GOLDI SOLAR PRIVATE LIMITED,info@goldisolar.com,7211134134,0,0
GUJARAT,Anand,GLOWX SOLAR PROJECTS,accounts@glowxsolar.com,9909517000,0,0
GUJARAT,Anand,GLOBAL SOLAR SOLUTION,moxakboda111@gmail.com,8460820618,0,0
GUJARAT,Anand,GLOBAL SOLAR ENERGY,globalsolar99@gmail.com,8866190358,0,0
GUJARAT,Anand,GLOBAL ENTERPRISE,globalsolarent@gmail.com,9924900304,0,0
GUJARAT,Anand,GITANJALI DEVELOPERS,dhavalparmar.dp39@gmail.com,8200332871,0,0
GUJARAT,Anand,GIR ENTERPRISES,ankitbhaiankit88@gmail.com,8686869015,0,0
GUJARAT,Anand,GHANSHYAM SOLAR ENERGY,ghanshyam.solar.energy@gmail.com,9510734317,0,0
GUJARAT,Anand,GHANPRIYA ENERGY SOLUTION PRIVATE LIMITED,subsidy@ghanpriyaenergy.com,9958676060,0,0
GUJARAT,Anand,GHADIYA RENEWABLE ENERGY,KALPESHPATEL8914@GMAIL.COM,9714000952,0,0
GUJARAT,Anand,GESTIC SELICON ENERGY,shivammourya0987@gmail.com,9157621253,0,0
GUJARAT,Anand,GEETANJALI INDUSTRIES,jaskoenergy@gmail.com,8866200620,0,0
GUJARAT,Anand,GEER AGRO WORKS,geeragro@gmail.com,9898799789,0,0
GUJARAT,Anand,GAYATRI SOLAR ENERGY,info@gayatrisolarenergy.com,8866778940,0,0
GUJARAT,Anand,GAYATRI CONSTRUCTION,chetansinh270@gmail.com,7408636363,0,0
GUJARAT,Anand,GANESH GREEN BHARAT LIMITED,sales@ganeshgreen.com,9519518951,0,0
GUJARAT,Anand,GANESH CORPORATION,ganeshcorporation3003@gmail.com,9979856236,0,0
GUJARAT,Anand,GALO ENERGY PRIVATE LIMITED,info@galo.co.in,9773988289,0,0
GUJARAT,Anand,GALAXY ENTERPRISE,galaxyenterprise265@gmail.com,9998017765,0,0
GUJARAT,Anand,GAJGATI STEEL AND ENERGY PVT LTD.,sales@gajgati.com,7990480061,0,0
GUJARAT,Anand,G-POWER PLUS,gpowerplus.in@gmail.com,9898420613,0,0
GUJARAT,Anand,FRIENDLY FOOTPRINTS LLP,infosolar.ff@gmail.com,7874833399,0,0
GUJARAT,Anand,FOURSUN SOLAR,project@foursunsolar.co.in,7435023502,0,0
GUJARAT,Anand,FOURCELL ENERGY PRIVATE LIMITED,fourcellenergy@gmail.com,9377776564,0,0
GUJARAT,Anand,FLORIAN VENTURE PVT.LTD.,florianventurepvt.ltd@gmail.com,9081684444,0,0
GUJARAT,Anand,FATHUN RENEWABLE ENERGY (FORMERLY KNOWN AS KENVUE ENERGY),fathunrenewable@gmail.com,9898589612,0,0
GUJARAT,Anand,FASTRISE ENTERPRISE PRIVATE LIMITED,FASTRISEENTERPRISE@GMAIL.COM,7862079768,0,0
GUJARAT,Anand,FARMSON ENERGY,info.pv@farmsonsolar.com,9687692733,0,0
GUJARAT,Anand,F Z ENERGY,info@fzenergy.in,9227153030,0,0
GUJARAT,Anand,F SOLAR ROOFTOP,fsolarrooftop@gmail.com,8469525856,0,0
GUJARAT,Anand,EXPERT POWER SOLUTION,info.expertpowersolution@gmail.com,8780287091,0,0
GUJARAT,Anand,EXIDE INDUSTRIES LIMITED,pramit.mukherjee@exide.co.in,6291226448,0,0
GUJARAT,Anand,EWALK ENERGY,info.ewalkenergy@gmail.com,9054927675,0,0
GUJARAT,Anand,EWAA SOLAR TECHNOLOGY PRIVATE LIMITED,info@ewaasolartech.com,6356008400,0,0
GUJARAT,Anand,EVOTAR TECHNOLOGIES PRIVATE LIMITED,info@evotartech.com,6358999573,0,0
GUJARAT,Anand,EVOLUTION,evolutiongujarat@gmail.com,9773296801,0,0
GUJARAT,Anand,EVERSHINE ENERGY,contact@evershineenergy.com,8460167441,0,0
GUJARAT,Anand,EVERGREEN SOLAR,evergreensolar20@gmail.com,9408938979,0,0
GUJARAT,Anand,EVERGREEN RENEWABLE TECHNOLOGIES,ashishpanchal888@gmail.com,7359743295,0,0
GUJARAT,Anand,EVAANTA ENERGY,info@evaantaenergy.com,9712326261,0,0
GUJARAT,Anand,EURO PREMIUM SOLAR SYSTEM (INDIA) PRIVATE LIMITED,info@europremiumsolar.com,7622023253,0,0
GUJARAT,Anand,ETERNAL SOLAR ENERGY,hiren.p.rathod@gmail.com,9879203040,0,0
GUJARAT,Anand,ETECH ENERGY,admin@etechenergy.com,9328509877,0,0
GUJARAT,Anand,ERA ENVIRO SOLUTIONS,info.eraenviro@gmail.com,9227849825,0,0
GUJARAT,Anand,EQUINOX SOLAR PRIVATE LIMITED,info@equinoxsolar.in,7573044078,0,0
GUJARAT,Anand,ENJOY TECHNOLOGY,care.enjoytechnology@gmail.com,9727718887,0,0
GUJARAT,Anand,ENERZYTECH INDUSTRIES PRIVATE LIMITED,deep.bhojani@enerzytech.com,9727139999,0,0
GUJARAT,Anand,ENERGY O & M SERVICES PVT LTD,dhirajsummit@gmail.com,9512775551,0,0
GUJARAT,Anand,ENERGY EQUIPMENTS,energysolar58@gmail.com,9909923110,0,0
GUJARAT,Anand,ENERGETIC SOLAR,energeticsolar03@gmail.com,9537137427,0,0
GUJARAT,Anand,EMPYREAL SOLAR,liaison@empyreAlsolar.in,9099526261,0,0
GUJARAT,Anand,EMERALD ENTERPRISE,emerald.vadodara@outlook.com,9173591485,0,0
GUJARAT,Anand,EMDERS ENTERPRISE,info.emders@gmail.com,7016614013,0,0
GUJARAT,Anand,ELLENCE ENERGY LLP,dhaval@ellenceenergy.com,9054073345,0,0
GUJARAT,Anand,ELEREN,director@ele-ren.com,9979788449,0,0
GUJARAT,Anand,ELECTROMECH DEVICES MANUFACTURING COMPANY,edmc.rpr@gmail.com,7000189225,0,0
GUJARAT,Anand,EFFICIENT ENERTECH PVT LTD,info@efficientenergyindia.com,9925624989,0,0
GUJARAT,Anand,ECOWATT ENERGY,ecowattenergy18@gmail.com,9978638437,0,0
GUJARAT,Anand,ECOVIBE RENEWTECH ENERGY,ecoviberenewtechenergy@gmail.com,8401168101,0,0
GUJARAT,Anand,ECOLUX SOLAR,ecoluxsolar007@gmail.com,8980088806,0,0
GUJARAT,Anand,ECLIPTIC SOLAR,davevishalkumar@gmail.com,9825023276,0,0
GUJARAT,Anand,EARTHTECH INNOVATIONS PRIVATE LIMITED,earthtechinnovations@gmail.com,8490850276,0,0
GUJARAT,Anand,EARTH SOLAR ENERGY,EARTHSOLARE@GMAIL.COM,8200115874,0,0
GUJARAT,Anand,E-TECH SOLUTION & SOLAR,etechsolution.solar@gmail.com,9099563174,0,0
GUJARAT,Anand,E-POWER SOLAR ENERGY,epowerenergyinfo@gmail.com,9484784798,0,0
GUJARAT,Anand,DWARKESH SOLAR ENERGY,nileshchavda1881@gmail.com,8000799990,0,0
GUJARAT,Anand,DUDANI RENEWABLES LLP,dudanirenewables@gmail.com,9429744710,0,0
GUJARAT,Anand,DREAM MART,dreammart108@gmail.com,9099975489,0,0
GUJARAT,Anand,DRAYS ENERGY SOLUTIONS,draysenergy@gmail.com,7802893258,0,0
GUJARAT,Anand,DRASHTI LIGHT CARE,drashti3411@gmail.com,9825430097,0,0
GUJARAT,Anand,DK SOLAR TECHNOLOGY,dksolartechno@gmail.com,9824998007,0,0
GUJARAT,Anand,DIWAKAR SOLAR ENTERPRISE,info.diwakarsolar@gmail.com,9104746612,0,0
GUJARAT,Anand,DIVY SOLAR TECHNOLOGY,divysolartechnology@gmail.com,9978551782,0,0
GUJARAT,Anand,DIVU ENTERPRISE,divuenterprise2023@gmail.com,7383114133,0,0
GUJARAT,Anand,DIVINE SOLAR ENERGY,divinesolarenergy33@gmail.com,7069853208,0,0
GUJARAT,Anand,DIVINE ENERGY,divineenergy42@gmail.com,6354051676,0,0
GUJARAT,Anand,DINESHBHAI CHATURBHAI NANDANA,nandanadinesh62@gmail.com,6351782902,0,0
GUJARAT,Anand,DIGI SOLAR ENERGY,digisolarenergy@gmail.com,9687818686,0,0
GUJARAT,Anand,DHWANIL LIGHT ZONE,patelrikin3054@gmail.com,9409505790,0,0
GUJARAT,Anand,DHRUVIN ELECTRICALS,kirtipatel86665@gmail.com,9974814614,0,0
GUJARAT,Anand,DHRUVA ENTERPRISE,dhruvaenterprise123@gmail.com,9978124597,0,0
GUJARAT,Anand,DHRUV ENTERPRISE,dhruv.enterprise@aol.com,9825123335,0,0
GUJARAT,Anand,DHM SOLAR POWER PVT LTD,dhmsolarpower@gmail.com,8980508730,0,0
GUJARAT,Anand,DHARMANANDAN SOLAR ENERGY,mayurdhariyaparmar@gmail.com,9016367556,0,0
GUJARAT,Anand,DEVYAMI AUTOMATIC PUMPS AND CONTROLS PVT LTD,devyami@gmail.com,9825029877,0,0
GUJARAT,Anand,DEVDEEP ELECTRICALS,devdeepelectricals@gmail.com,9726879009,0,0
GUJARAT,Anand,DEVASYAM ENTERPRISE LLP,abpatel4318@gmail.com,9106684467,0,0
GUJARAT,Anand,DEV TECHNO,devtechno14@gmail.com,9898242190,0,0
GUJARAT,Anand,DEV ENTERPRISE,deventerprise424@gmail.com,9428121408,0,0
GUJARAT,Anand,DEV ELECTRICALS,develectricals2024@gmail.com,9974821967,0,0
GUJARAT,Anand,DESIGNLUX PRIVATE LIMITED,info@designlux.in,9825868523,0,0
GUJARAT,Anand,DESAI'S SOLAR ENERGY,desaisolarenergy@gmail.com,9429021070,0,0
GUJARAT,Anand,DEK AND MAVERICKS GREEN ENERGY LIMITED,lalji.goltar@dmgel.in,8780289470,0,0
GUJARAT,Anand,DAY LIGHT SOLAR ENRGY,daylightsolarahm@gmail.com,8401605515,0,0
GUJARAT,Anand,D.K. & CO.,dkandcompanyrajkot@gmail.com,9925008040,0,0
GUJARAT,Anand,D.J.SOLAR & GENERAL,djsolar111@gmail.com,8401183303,0,0
GUJARAT,Anand,D-LIGHT SOLAR ENERGY LLP,epc@dlightsolarenergy.in,9898511535,0,0
GUJARAT,Anand,D SUN SOLAR,dsunsolar429@gmail.com,9904131777,0,0
GUJARAT,Anand,D R ENTERPRISE,DRENTERPRISE3029@GMAIL.COM,7990689506,0,0
GUJARAT,Anand,CYMENS ENTERPRISE,jaymakwana2062@gmail.com,9157133330,0,0
GUJARAT,Anand,CYBRID INFRATECH PRIVATE LIMITED,DEEPAK@CYBRIDINFRA.COM,9925299942,0,0
GUJARAT,Anand,CYBRIA SOLUTIONS,jagdish@cybriasolutions.com,9925026091,0,0
GUJARAT,Anand,CTONE METAL INDUSTRIES,hasmukhjoshi82@gmail.com,9909517156,0,0
GUJARAT,Anand,CROMPTON GREAVES CONSUMER ELECTRICALS LIMITED,solar.rooftop@crompton.co.in,9599589665,0,0
GUJARAT,Anand,CREST ENERGY SOLUTIONS,crestenergysolutions@gmail.com,9327415839,0,0
GUJARAT,Anand,CREASUN ENERGY,creasunenergy25@gmail.com,9624120591,0,0
GUJARAT,Anand,COSMIC SOLAR EPC PVT LTD,cosmicsolarepc@gmail.com,7984721299,0,0
GUJARAT,Anand,COSMIC POWER TECH,cosmicpowertech@gmail.com,9313720672,0,0
GUJARAT,Anand,COSMIC ENTERPRISE,cosmicenergy13.info@gmail.com,9429213406,0,0
GUJARAT,Anand,CONVEX SOLAR,convexsolar92@gmail.com,9737710095,0,0
GUJARAT,Anand,CONCEPT SOLAR ENERGY,conceptsolarenergy21@gmail.com,9662414865,0,0
GUJARAT,Anand,COMPUTER SHOP,pradeep_deputy@yahoo.com,7043402514,0,0
GUJARAT,Anand,COMPASS ENERGIES,abhishek@compassenergies.in,9974458840,0,0
GUJARAT,Anand,COMET EVSOL,cometevsol@gmail.com,8780440726,0,0
GUJARAT,Anand,CMPLUS QUALITY SERVICES PRIVATE LIMITED,chandramauli_india@yahoo.com,9868881112,0,0
GUJARAT,Anand,CITIZEN SOLAR PVT. LTD.,tsjain@citizensolar.com,9825144499,0,0
GUJARAT,Anand,CHUDASAMA TEMUBHA BALVANTSINH,adityasolar1987@gmail.com,8200459492,0,0
GUJARAT,Anand,CHEMITEX EXPORTS PVT LTD,shrijichem@hotmail.com,9099940535,0,0
GUJARAT,Anand,CHEHAR ENERGY,cheharenergy@gmail.com,9998077796,0,0
GUJARAT,Anand,CHARLES SOLAR POWER ENERGY,charlessolarpowerenergy1990@gmail.com,7016170076,0,0
GUJARAT,Anand,CHAMUNDA ELECTRICAL,chamundaelectrical1@gmail.coml,9723603864,0,0
GUJARAT,Anand,CHALAKNESI ENERGY,CHALAKNESHIENERGY@GMAIL.COM,9408539887,0,0
GUJARAT,Anand,CEYONE SOLAR,ceyonesolar@gmail.com,7567091000,0,0
GUJARAT,Anand,CER ROOFTOP PVT LTD,susanta.hota@cer-inc.com,8586971731,0,0
GUJARAT,Anand,CELESTRA SOLAR PVT LTD,info@celestrasolar.com,9998805002,0,0
GUJARAT,Anand,CELESTIAL RENEWABLE ENERGY,celestialrenewableenergy@gmail.com,9099033033,0,0
GUJARAT,Anand,CAPTAIN POLYPLAST LIMITED,solar@captainpolyplast.in,9313925889,0,0
GUJARAT,Anand,CAPITAL WELDING,freexindia@gmail.com,9499602041,0,0
GUJARAT,Anand,BURAK ENERGY,burakenergy7@gmail.com,9173110729,0,0
GUJARAT,Anand,BSN ELECTRICS PRIVATE LIMITED,bsnelectrics162018@gmail.com,9925249658,0,0
GUJARAT,Anand,BSAFAL RENEWABLE ENERGIES PVT LTD,nita.maru@bsrepl.com,9723706665,0,0
GUJARAT,Anand,BRIHASPATHI TECHNOLOGIES PVT LTD,ramu@brihaspathi.com,9989999197,0,0
GUJARAT,Anand,BRIGHT SUN SOLAR SOLUTIONS,brightsun2029@gmai.com,9033398401,0,0
GUJARAT,Anand,BRAHMANI ELECTRICS,brahmanielectrics1987@gmail.com,9429758674,0,0
GUJARAT,Anand,BRAHMADIP ENTERPRISE,brahmadip.solar@yahoo.com,9427230047,0,0
GUJARAT,Anand,BOND SOLAR,bondsolar9@gmail.com,9998118505,0,0
GUJARAT,Anand,BLUTH SERVICES LLP,contact@bluthservices.com,8630697093,0,0
GUJARAT,Anand,BLEO ENERGY,bleoenergy@gmail.com,9924982211,0,0
GUJARAT,Anand,BK GROUP & ASSOCIATES,irfansama2704@gmail.com,9879933662,0,0
GUJARAT,Anand,BILIPATRA ENTERPRISE,prajapatijalpesh24@gmail.com,9427928892,0,0
GUJARAT,Anand,BHUMI POLYMERS PRIVATE LIMITED (FORMERLY KNOWN AS BHUMI POLYMERS PRIVATE LIMITES),solar@bhumipolymers.com,9099084938,0,0
GUJARAT,Anand,BHUMI GREEN POWER,bhumigreenpower@gmail.com,9824956161,0,0
GUJARAT,Anand,BHSQUARE SOLAR INSTALLATION SERVICES,harshwork2422@gmail.com,9909431526,0,0
GUJARAT,Anand,BHAVYA ENTERPRISE,bhavyaenterprise19@gmail.com,9824089718,0,0
GUJARAT,Anand,BHAVI URJA,bhaviurja@gmail.com,9377359007,0,0
GUJARAT,Anand,BHAVI SOLAR AND ELECTRICALS,chaudharid04@gmail.com,9099754254,0,0
GUJARAT,Anand,BHAVANI ELECTRICALS,beplpatan@gmail.com,9824014075,0,0
GUJARAT,Anand,BHAUTIK ENGINEERING CO.,vegadabhautik2410@gmail.com,9825690528,0,0
GUJARAT,Anand,BHASKAR RAY ENERGY,bhaskarray018@gmail.com,9426975552,0,0
GUJARAT,Anand,BHARAT ENERGY,bharatenergy8889@gmail.com,9714131394,0,0
GUJARAT,Anand,BHANU SOLAR ROOFTOP,info@bhanusolar.co.in,7600240535,0,0
GUJARAT,Anand,BHANJAN ENTERPRISE,bhanjansolar@gmail.com,9574003537,0,0
GUJARAT,Anand,BHAKTINANDAN POWER PVTLTD,bhaktinandanpower@gmail.com,9724031529,0,0
GUJARAT,Anand,BHAGWATI ELECTRICALS,bhagwatielectricals99091@gmail.com,7990883575,0,0
GUJARAT,Anand,BHAGVATI SOLAR POWER,info@bhagvatisolarpower.com,7770007502,0,0
GUJARAT,Anand,BHAGAT SOLAR ENERGY,bhujbhagatsolarenergy@gmail.com,9930432027,0,0
GUJARAT,Anand,BEYOND ENERGY,beyondenergy2025@gmail.com,8849608389,0,0
GUJARAT,Anand,BELIEF GREEN TECH PVT LTD,mandaviyakanji@gmail.com,6351555029,0,0
GUJARAT,Anand,BELIANCE ENERGY INDIA PVT.LTD.,belianceenergy@gmail.com,8511651364,0,0
GUJARAT,Anand,BEACON ELECTROTECH LLP,info@beaconelectrotech.com,8460314011,0,0
GUJARAT,Anand,BASP ENTERPRISE PVT LTD,baspenterprise@gmail.com,9099912130,0,0
GUJARAT,Anand,BANSIDHAR SOLAR ENERGY,banshidharsolarenergy@gmail.com,9726035143,0,0
GUJARAT,Anand,BANAS POWER,banaspower2020@gmail.com,9998418825,0,0
GUJARAT,Anand,BALA SOLAR,balasolar@yahoo.com,9879188034,0,0
GUJARAT,Anand,BAHUBALI CONSTRUCTION,pintudabhi626@gmail.com,8490005005,0,0
GUJARAT,Anand,BADAL INDUSTRIES,badalindustries@gmail.com,9824594844,0,0
GUJARAT,Anand,BACKBONE ELECTRICALS,backbone.electricals@gmail.com,6356044325,0,0
GUJARAT,Anand,B-SOLAR CONSULTANT AND ENGINEER PVT LTD,md@bsolar.in,8000888019,0,0
GUJARAT,Anand,AZOLE POWER,azolepower9998@gmail.com,9998743101,0,0
GUJARAT,Anand,AXIS ENERTECH,meet@axisenertech.com,9428028009,0,0
GUJARAT,Anand,AWAAS SEWA PRIVATE LIMITED,ADMIN@AWAAS.IN,9099189893,0,0
GUJARAT,Anand,AVINYA POWER SOLUTION,avinyapowersolution@gmail.com,9099317212,0,0
GUJARAT,Anand,AVI APPLIANCES PVT. LTD.,design01@avi-products.com,9913759764,0,0
GUJARAT,Anand,AVEE ENERGY,dhavalpatel1973@yahoo.in,9898233244,0,0
GUJARAT,Anand,AVATAR SOLAR PVT LTD,bharat@avatarsolar.com,9687055273,0,0
GUJARAT,Anand,AVANTA,info@avantasolar.com,9586355511,0,0
GUJARAT,Anand,AUTO FORGE ENGINEERS,autoforge2300@gmail.com,9925237321,0,0
GUJARAT,Anand,ATRI ENERGY,atrienergy@gmail.com,7622838008,0,0
GUJARAT,Anand,ATLAS MATRIX PVT LTD,atlassolar01@gmail.com,9016955068,0,0
GUJARAT,Anand,ATHARV ENERTECH,montu.dedakiya@gmail.com,9998943833,0,0
GUJARAT,Anand,ATARU RENEW POWER PVT. LTD,info@atarurenew.com,9825307068,0,0
GUJARAT,Anand,ASV ENERGY SOLUTIONS,vikas30.asv@gmail.com,7879064335,0,0
GUJARAT,Anand,ASTHA ENTERPRISE,asthaenterprise8010@gmail.com,9925668010,0,0
GUJARAT,Anand,ASHISH ELECTROMECH,ashishelectromech@gmail.com,9426048587,0,0
GUJARAT,Anand,ASHAPURA SOLAR POWER,ashapurasolarpower2025@gmail.com,7778095905,0,0
GUJARAT,Anand,ARYA ELECTRICALS,arya.electricals2013@gmail.com,9428266003,0,0
GUJARAT,Anand,ARRAYCOM INDIA LIMITED,solar@arraycom.co.in,9909941004,0,0
GUJARAT,Anand,ARKURJA INNOVATIONS PRIVATE LIMITED,arkurjarenewables@gmail.com,7383188631,0,0
GUJARAT,Anand,ARKTEC RENEWABLE ENERGY LLP,arktecrenewableenergy@gmail.com,8160038659,0,0
GUJARAT,Anand,ARKAY SOLAR ENERGY LLP,arkaysolar02@gmail.com,9737636600,0,0
GUJARAT,Anand,ARK SOLAR ENERGY SOLUTIONS,arksolarenergy3@gmail.com,7874463444,0,0
GUJARAT,Anand,ARJUN ENTERPRISE,arjunenter2013@gmail.com,8780886508,0,0
GUJARAT,Anand,ARJAN SOLAR,info@arjansolar.com,9638064824,0,0
GUJARAT,Anand,ARIHAA SOLAR PVT LTD,ashish.arihaasolar@gmail.com,9825877888,0,0
GUJARAT,Anand,ARETE ELECTROPOWER PVT LTD,projects@arelectropower.com,9099940283,0,0
GUJARAT,Anand,ARENA AUTOMATION,arenaautomationb@gmail.com,9904018887,0,0
GUJARAT,Anand,ARBUDA SOLAR,manan.chaudhari@hotmail.com,9638732097,0,0
GUJARAT,Anand,AQUILINE ENERGY SOLUTION,aquilineenergysolution@gmail.com,7016762587,0,0
GUJARAT,Anand,APOLLO SOLAR POWER,dhavalsavani@icloud.com,9099006748,0,0
GUJARAT,Anand,APOLLO GREEN ENEGRY,apollogreenenergy2024@gmail.com,9825249415,0,0
GUJARAT,Anand,APN SOLAR ENERGY PVT LTD,nationalportal@apnsolar.com,9702034043,0,0
GUJARAT,Anand,AONE RENEWABLE ENERGY,md.aonerenewableenergy@gmail.com,7435061657,0,0
GUJARAT,Anand,ANGEL SOLTECH,angelsoltech@gmail.com,8511029776,0,0
GUJARAT,Anand,ANGEL PUMPS PVT.LTD.,solar1@pumpsangel.com,9904809409,0,0
GUJARAT,Anand,ANANYA SOLAR ENTERPRISE,ananyasolarenterprise@gmail.com,9537638499,0,0
GUJARAT,Anand,ANANYA RENEWABLE ENERGY LLP,energy.ananyarenewable@gmail.com,9327003360,0,0
GUJARAT,Anand,ANANT SOLAR ENRGY,anantsolarenergy@gmail.com,9904198764,0,0
GUJARAT,Anand,ANANT SOLAR,anantsolar4242@gmail.com,8401714242,0,0
GUJARAT,Anand,ANANT ENERGY,anantenergy1910@gmai.com,9773476431,0,0
GUJARAT,Anand,ANAND AND ANAND ASSOCIATES,yogeshanandk@gmail.com,9426546256,0,0
GUJARAT,Anand,AMUL ENTERPRISE,amulenterprise92@gmail.com,9898618448,0,0
GUJARAT,Anand,AMRUTAM RENEWABLE ENERGY,info@amrenergy.in,9016352248,0,0
GUJARAT,Anand,AMRUT ENGINEERS,amrutengineersbhuj@gmail.com,9033492711,0,0
GUJARAT,Anand,AMPLE SOLAR PVT LTD,ravi@amplesolar.in,9979792403,0,0
GUJARAT,Anand,ALPHA ENTERPRISE,maulik.solar@gmail.com,9725957991,0,0
GUJARAT,Anand,ALFA SOLAR ENERGY PVT. LTD.,alfaenergypvtltd24@gmail.com,9825374299,0,0
GUJARAT,Anand,ALFA SOLAR ENERGY,alfasolarenergy2020@gmail.com,9825374250,0,0
GUJARAT,Anand,AKUNTHA PROJECTS PVT LTD,ravi@akuntha.com,9426402423,0,0
GUJARAT,Anand,AKSHAR SOLAR ENERGY,aksharsolarenergy@gmail.com,8200328133,0,0
GUJARAT,Anand,AKHANDDEEP SOLAR SOLUTION,akhanddeepsolar@gmail.com,9978643099,0,0
GUJARAT,Anand,AKHAND SHAKTI SOLAR,apparanjape@gmail.com,9427003484,0,0
GUJARAT,Anand,AK GREEN ENERGY,akgreenenergy49@gmail.com,9974846833,0,0
GUJARAT,Anand,AHAD ENERGY,info@ahadenergy.in,9737673768,0,0
GUJARAT,Anand,AGARIA ENTERPRISE,mahammadikbalagariya@gmail.com,8200605756,0,0
GUJARAT,Anand,AEW SMART SERVICES PVT. LTD.,netmetering@aewsmart.com,8851047092,0,0
GUJARAT,Anand,AEROVOLT ENERGY PRIVATE LIMITED,aerovoltenergy@gmail.com,9558002201,0,0
GUJARAT,Anand,AEILUS RENEWABLE ENERGY,aeilusrenewableenergy@gmail.com,8866581528,0,0
GUJARAT,Anand,ADVANCE SOLAR,advancesolar139@gmail.com,7698756075,0,0
GUJARAT,Anand,ADVANCE ENERGY SOLUTION,info.advanceenergysolution@gmail.com,8799359849,0,0
GUJARAT,Anand,ADARSH ANUKAMPA SERVICES,info@adarshindia.net,9825389314,0,0
GUJARAT,Anand,ACTIVE POWER INFRA,activepowerinfra@gmail.com,7228828738,0,0
GUJARAT,Anand,ACCURATE INFOTECH,accurateinfotech1@gmail.com,8866445623,0,0
GUJARAT,Anand,ACCLIMATE SYSTEMS PRIVATE LIMITED,acclimatesystem@gmail.com,7878538141,0,0
GUJARAT,Anand,ABHISHEK ENTERPRISES,abhishek.avarani@gmail.com,9727713162,0,0
GUJARAT,Anand,AATREY SOLUTIONS,aatreysolutions@gmail.com,7698120241,0,0
GUJARAT,Anand,AATREY ASSOCIATES PRIVATE LIMITED,aatreyassociates@gmail.com,9824089144,0,0
GUJARAT,Anand,AASHA SOLAR ENERGY,aashasolarenergy1@gmail.com,7016775306,0,0
GUJARAT,Anand,AARUSH ENTERPRISE,info@aarushsolar.com,9724302078,0,0
GUJARAT,Anand,AARSUN ENERGY SOLUTIONS,aarsunenergy@gmail.com,8200328869,0,0
GUJARAT,Anand,AAROHI SOLAR ENERGY,pram8384@gmail.com,8347341291,0,0
GUJARAT,Anand,AARKA SOLAR AND AUTOMATION,aarkasolarandautomation@gmail.com,8511330941,0,0
GUJARAT,Anand,AARAMBH RENEWABLE,aarambhrenewable@gamil.com,8487861888,0,0
GUJARAT,Anand,AANJANEYA SOLAR PRIVATE LIMITED,rishibaghel@aanjaneyasolar.com,9727229213,0,0
GUJARAT,Anand,AANGI SOLAR,aangisolar@gmail.com,8000848307,0,0
GUJARAT,Anand,AAMOKSH ELECTRICALS PRIVATE LIMITED,hardik.pandya4166@gmail.com,9998367462,0,0
GUJARAT,Anand,AAJIVAN SOLAR POWER,aajivansolarpower@gmail.com,9106798337,0,0
GUJARAT,Anand,AAJEY ENTERPRISE,aajeyenterprise@gmail.com,9274901971,0,0
GUJARAT,Anand,AADITYA SOLAR,adityasolarnarmada@gmail.com,9265740687,0,0
GUJARAT,Anand,AA SOLAR,enquiry.aasolar@gmail.com,7984392322,0,0
GUJARAT,Anand,A S RENEWABLE ENERGY PRIVATE LIMITED,info@asre.co.in,9067207226,0,0
GUJARAT,Anand,A J INFRATECH AND SOLAR,aryanpatelvisnagar@gmail.com,9429083193,0,0
GUJARAT,Anand,A D ENERGY SOLUTIONS,adenergysolutions64@gmail.com,9924503387,0,0
GUJARAT,Anand,7 STAR SOLAR ENERGY,7STAR51751@GMAIL.COM,9624899019,0,0
GUJARAT,Anand,5 RAYS ENERGY,5raysenergy@gmail.com,9979595404,0,0
GUJARAT,Anand,4THVED AGROTECH,4thvedagro@gmail.com,9377126082,0,0
GUJARAT,Anand,4SUN POWER,4sunpower.ahd@gmail.com,8000859548,0,0
GUJARAT,Anand,24R ENERGY,abhinav.24renergy@gmail.com,9898881359,0,0
