state,district,company_name,emails,contact_numbers,total_installed_capacity_kwp,no_of_installations
GUJARAT,Arvalli,EUROSOLAR ENERGY INDUSTRIES,modasaeurosolar@gmail.com,9558823245,1617,451
GUJARAT,Arvalli,RISING ENERGY SOLUTIONS,risingenergy@yahoo.com,7990391839,1024,281
GUJARAT,Arvalli,ZY ENTERPRISE,zyenterprise12@gmail.com,8460313094,1024,270
GUJARAT,Arvalli,SHIV TRADERS,shivtraders7233@gmail.com,9998820863,520,157
GUJARAT,Arvalli,SKY SUN ENTERPRISE,skysunenterprise@gmail.com,9408931070,508,144
GUJARAT,Arvalli,AAMOKSH ELECTRICALS PRIVATE LIMITED,hardik.pandya4166@gmail.com,9998367462,438,121
GUJARAT,Arvalli,SURYASE ENERGY,suryaseenergy@gmail.com,9662047390,356,106
GUJARAT,Arvalli,JAIMAX SUNBIM PVT LTD,jaimaxsunbim@gmail.com,8980024055,356,101
GUJARAT,Arvalli,GAYATRI TRADING,jigneshchopada78@yahoo.in,9687606194,360,97
GUJARAT,Arvalli,KHUSHI IRRIGATION AND SOLAR,khushi.irrigationandsolar@gmail.com,9638370303,311,94
GUJARAT,Arvalli,NEOCENT SOLAR SYSTEM LLP,m.neocent@gmail.com,9974710486,294,87
GUJARAT,Arvalli,SHAKTI ENTERPRISE,shaktienterprise0507@gmail.com,8866124840,315,85
GUJARAT,Arvalli,SHREEJI MARKETING - TALOD,rajuksales@gmail.com,9974612008,314,82
GUJARAT,Arvalli,AUSTRALIAN PREMIUM SOLAR INDIA PVT LTD,systems@australianpremiumsolar.co.in,7966006600,272,79
GUJARAT,Arvalli,RK SUN POWER LLP,rksunpowertrading@gmail.com,9913785000,273,77
GUJARAT,Arvalli,SOHAM SOLAR SOLUTION,sohamsolarsolution@yahoo.com,9601751327,252,72
GUJARAT,Arvalli,GURUKRUPA SOLAR AND AGRO INDUSTRIES,vishal@vishal-group.com,9328854525,215,58
GUJARAT,Arvalli,P.M.BAROT GREEN ENERGY,jaybarotkdbm@gmail.com,9327129667,187,52
GUJARAT,Arvalli,BISON ENGINEERS,bisonengineers19@gmail.com,7573984542,195,51
GUJARAT,Arvalli,KSQUARE ENERGY PVT LTD,projects@ksquareenergy.com,9725218150,159,46
GUJARAT,Arvalli,OMEGA ELECTRICALS,omele452@gmail.com,9979888452,150,42
GUJARAT,Arvalli,EFARM INTERNATIONAL PRIVATE LIMITED,info@efarmenergy.com,9723610012,146,41
GUJARAT,Arvalli,SOLAR ENERGY,solarpioneer19@gmail.com,9033868265,136,40
GUJARAT,Arvalli,SP POWERTECH,sppowertech44@gmail.com,9408129713,118,35
GUJARAT,Arvalli,AVADH ENERGY,AVADHENERGY@GMAIL.COM,9265262773,131,35
GUJARAT,Arvalli,GREEN POWER SOLUTION,darjihardik777@gmail.com,8141216635,119,34
GUJARAT,Arvalli,AUTO FORGE ENGINEERS,autoforge2300@gmail.com,9925237321,118,33
GUJARAT,Arvalli,MADYSON ELECTRICAL,madyson.electrical41@gmail.com,9998864567,105,32
GUJARAT,Arvalli,GREEN SOLAR ENERGY ENTERPRISES,greensolar.ahmedabad@gmail.com,9712909823,110,30
GUJARAT,Arvalli,ARRAY ENERGY SOLUTION,ceo.arrayenergysolution@gmail.com,9979898440,105,29
GUJARAT,Arvalli,SANELITE SOLAR PVT LTD,bhavesh.modi@sanelitesolar.com,9374021722,93,28
GUJARAT,Arvalli,MAHISAGAR SOLAR ENERGY,mahisagarsolarenergy23@gmail.com,8200154972,93,27
GUJARAT,Arvalli,APS ROOFTOP SOLAR PRIVATE LIMITED,info@apsrooftopsolar.co.in,7966009900,90,27
GUJARAT,Arvalli,SOLARIUM GREEN ENERGY LIMITED,np@solariumenergy.in,9687133338,89,26
GUJARAT,Arvalli,SUNRISE ENTERPRISE,sunriseenterprise6388@gmail.com,9904889087,85,25
GUJARAT,Arvalli,SOLAR ACE,project.solarace@gmail.com,9909037803,80,25
GUJARAT,Arvalli,MEKTECH SOLUTION,mektechsolution@gmail.com,7984595405,83,25
GUJARAT,Arvalli,DHWANIL LIGHT ZONE,patelrikin3054@gmail.com,9409505790,81,24
GUJARAT,Arvalli,JAY ADITYA SOLAR,darshit.dj619@gmail.com,8160931631,77,23
GUJARAT,Arvalli,ICON ENERGY,info@iconenergy.in,9909999162,85,21
GUJARAT,Arvalli,HITECH SOLAR,jayesh@hitechsolar.in,7600059073,73,21
GUJARAT,Arvalli,SUNDROP POWER,powersundrop@gmail.com,9429482526,76,20
GUJARAT,Arvalli,QORX ENERGY,qorxenergy1366@gmail.com,9904000629,67,20
GUJARAT,Arvalli,P AND N ENGINEERING AND MARKETING,pandnsolarenergy@gmail.com,7622023251,53,19
GUJARAT,Arvalli,SOLMECH ENERGY,solmechenergy@gmail.com,9998930960,63,18
GUJARAT,Arvalli,SOLARMAX ENERGY PRIVATE LIMITED,info@solarmaxenergy.in,9409222221,60,18
GUJARAT,Arvalli,GITANJALI DEVELOPERS,dhavalparmar.dp39@gmail.com,8200332871,72,18
GUJARAT,Arvalli,TROM INDUSTRIES LIMITED,marketing@tromsolar.in,9081017444,58,17
GUJARAT,Arvalli,SOLWAVE SOLAR,solwave4solar@gmail.com,9409344465,51,16
GUJARAT,Arvalli,SURYA SOLAR AND WATERS,rooftop@suryasolarwaters.com,9033266039,46,13
GUJARAT,Arvalli,PRASHANT ENTERPRISE,prashantenterprise.solar@gmail.com,9409337000,42,13
GUJARAT,Arvalli,CAPTAIN POLYPLAST LIMITED,solar@captainpolyplast.in,9313925889,44,13
GUJARAT,Arvalli,SOLAR SMART PVT LTD,solarsmart2021@gmail.com,7284000580,43,11
GUJARAT,Arvalli,NYSA POWER,ronakpatel7319@gmail.com,9081819955,43,11
GUJARAT,Arvalli,KOSOL ENERGIE PVT. LTD.,bharat@sunray.co.in,8799696356,37,11
GUJARAT,Arvalli,ASHISH ELECTROMECH,ashishelectromech@gmail.com,9426048587,37,11
GUJARAT,Arvalli,ASCENT ENERGY,ascentenergys@gmail.com,8799447675,37,11
GUJARAT,Arvalli,ARYA ELECTRICALS,arya.electricals2013@gmail.com,9428266003,36,11
GUJARAT,Arvalli,SHREEJI SOLAR ENERGY SYSTEMS,snpatel2605@gmail.com,9712914272,33,10
GUJARAT,Arvalli,RADHE ELECTRICAL,radheelectrical24@gmail.com,9601294783,33,10
GUJARAT,Arvalli,NOBLE INFOTECH,sankhala2002@gmail.com,9909986188,34,10
GUJARAT,Arvalli,BALAJI FABRICATORS,balajifabricatorsbhiloda@gmail.com,9726824808,34,10
GUJARAT,Arvalli,POWERSHINE ENERGY,powershineenergy1993@gmail.com,9723096888,30,9
GUJARAT,Arvalli,KHODIYAR ELECTRICAL,khodiyarelectrical9199@gmail.com,6355714181,34,9
GUJARAT,Arvalli,E2 SOLUTIONS,e2solutions.ahm@gmail.com,9409049645,26,9
GUJARAT,Arvalli,RAYS RENEWABLE ENERGY,raysrenewableenergy@gmail.com,7069175139,28,8
GUJARAT,Arvalli,MADHAV ENERGY SOLUTION,info.madhavenergy@gmail.com,9408354018,26,8
GUJARAT,Arvalli,KREYA ENTERPRISES,kreyaentp@gmail.com,6359233332,29,8
GUJARAT,Arvalli,R K ENTERPRICE,jayswal.ravi@ymail.com,9722252875,24,7
GUJARAT,Arvalli,ONIX RENEWABLE LIMITED,naman.viradiya@onixrenewable.in,9586043661,23,7
GUJARAT,Arvalli,CELESTRA SOLAR PVT LTD,info@celestrasolar.com,9998805002,23,7
GUJARAT,Arvalli,SHREE KRISHNA SALES AND SERVICES,info@skss.co.in,9998990694,20,6
GUJARAT,Arvalli,SHIVIK ENTERPRISE,shivikenterprise@gmail.com,9512839262,20,6
GUJARAT,Arvalli,GREEN ENERGY - RAJKOT,greenenergy123@gmail.com,9428010202,21,6
GUJARAT,Arvalli,AILIS ENERGY PRIVATE LIMITED,suryagujarat@ailisenergy.com,8401541048,19,6
GUJARAT,Arvalli,SOLAR EARTH RENEWABLES PRIVATE LIMITED,ser@solarearth.in,7990378370,17,5
GUJARAT,Arvalli,SOLAR EARTH,solarearth7@gmail.com,7990378370,19,5
GUJARAT,Arvalli,RAJ CORPORATION,raj.corporation07@gmail.com,7990452182,18,5
GUJARAT,Arvalli,PRIDE SOLAR ENERGY LLP,Pridesolarenergyllp@outlook.com,9664975264,19,5
GUJARAT,Arvalli,POWER TECH ENERGY SOLUTUIONS,epc@ptes.in,6357502081,17,5
GUJARAT,Arvalli,ENERSOL SOLUTIONS LLP,karan@enersol.co.in,7069555533,17,5
GUJARAT,Arvalli,ZEBRON SOLAR POWER SOLUTIONS,zebronsolar@gmail.com,9510370572,13,4
GUJARAT,Arvalli,SURYAM ENERGY,dhavalpatel7037@gmail.com,8320698043,12,4
GUJARAT,Arvalli,SHIVHARDHA SHD PROJECTS,shivhardha@gmail.com,9898692603,19,4
GUJARAT,Arvalli,OORJA ELECTRIC,oorjaforeveryone@gmail.com,9067598727,14,4
GUJARAT,Arvalli,MJR INDUSTRIES PRIVATE LIMITED,mjrindustriespvtltd@gmail.com,9426998993,12,4
GUJARAT,Arvalli,MITRA SOLAR ENERGY,mitrasolarenergy@gmail.com,9725777143,17,4
GUJARAT,Arvalli,AONE RENEWABLE ENERGY,md.aonerenewableenergy@gmail.com,7435061657,12,4
GUJARAT,Arvalli,ADINSON ENERGY LLP,adinsonenergy2022@gmail.com,9724272728,13,4
GUJARAT,Arvalli,URJASTROT PRIVATE LIMITED,urjastrotenterprise@gmail.com,7621010012,9,3
GUJARAT,Arvalli,U R ENERGY INDIA PVT LTD,india@urenergyglobal.com,9512040442,10,3
GUJARAT,Arvalli,SOLAR CLEAN ENERGY,socleanenergy@gmail.com,6354418196,13,3
GUJARAT,Arvalli,SOHAM TECHNO SOLUTIONS,stssolar.document@gmail.com,9274349757,11,3
GUJARAT,Arvalli,SHIV ENTERPRISE,shiventerprisesolor@gmail.com,7600438578,10,3
GUJARAT,Arvalli,RISHAV POWERTECH LLP,rishavpowertech@gmail.com,9898203470,11,3
GUJARAT,Arvalli,PRINIX POWER OPC PRIVATE LIMITED,prinixpower@gmail.com,7600755058,10,3
GUJARAT,Arvalli,MAHAVEER ENTRPRISE,me.solarmaster@gmail.com,7878647771,9,3
GUJARAT,Arvalli,JANSA SOLAR SOLUTIONS PVT LTD,jansa@kalptaru.co.in,9998000769,9,3
GUJARAT,Arvalli,INSTANT TECHNOLOGY,info@instantgroup.live,8200782232,9,3
GUJARAT,Arvalli,INFINITY RENEWABLE ENERGY,anand.infinityrenewableenergy@gmail.com,9913784000,10,3
GUJARAT,Arvalli,IMPERIUM POWERTECH,imperiumtender@gmail.com,9054457166,13,3
GUJARAT,Arvalli,HEAVEN GREEN ENERGY LTD. (FORMERLY KNOWN AS HEAVEN SOLAR ENERGY PVT LTD),heavensolarenergy@gmail.com,9979532167,11,3
GUJARAT,Arvalli,GUJARAT SUN ENERGY,info.gujaratsunenergy@gmail.com,9825608662,9,3
GUJARAT,Arvalli,EURO PREMIUM SOLAR SYSTEM (INDIA) PRIVATE LIMITED,info@europremiumsolar.com,7622023253,11,3
GUJARAT,Arvalli,A U ENTERPRISE,contact.auenterprise@gmail.com,8140570688,9,3
GUJARAT,Arvalli,VISHWAKARMA ELECTRICALS,info.vishwakarmaelectricals@gmail.com,9426730030,7,2
GUJARAT,Arvalli,VARUN ENGINEERING,varunpatel2027@gmail.com,9727854101,6,2
GUJARAT,Arvalli,SUNNOVATIVE SOLAR ENERGY SOLUTION PVT LTD,ravi@sunnovative.com,8153819531,7,2
GUJARAT,Arvalli,SUNISTIC SOLAR ENERGY LLP,info@sunisticsolarenergy.com,9909507507,8,2
GUJARAT,Arvalli,SOLAR ONLINE SKP,onlinesk044@gmail.com,8238539443,6,2
GUJARAT,Arvalli,SKYLINE SOLAR SYSTEM,skylinesolarsystem@gmail.com,9106430159,11,2
GUJARAT,Arvalli,SHREE GOR SOLAR,shreegorsolar@gmail.com,6361983041,8,2
GUJARAT,Arvalli,SCORP ENERGY PRIVATE LIMITED,mohit@scorpenergy.com,9925345121,8,2
GUJARAT,Arvalli,SATYAM SALES,kishanagroagencyamreli@gmail.com,9825360183,8,2
GUJARAT,Arvalli,M AND P POWER SOLUTIONS,mnppowersolutions2021@gmail.com,9537006733,6,2
GUJARAT,Arvalli,HELIOSNATURAL RENEWTECH PRIVATE LIMITED,marketing@heliosnatural.com,7600052305,6,2
GUJARAT,Arvalli,FARMSON ENERGY,info.pv@farmsonsolar.com,9687692733,6,2
GUJARAT,Arvalli,BHAKTINANDAN POWER PVTLTD,bhaktinandanpower@gmail.com,9724031529,6,2
GUJARAT,Arvalli,WATERSUN ELECTRICAL SOLUTIONS PVT LTD,watersunelectrical@gmail.com,7016589864,8,1
GUJARAT,Arvalli,VINARA SOLUTIONS,vinarasolutions@gmail.com,8320754771,3,1
GUJARAT,Arvalli,VALAM ENTERPRISE,valamenterprise007@gmail.com,9824881693,3,1
GUJARAT,Arvalli,TOUCHCORE CONSULTANCY,touchcore27@gmail.com,9909284285,3,1
GUJARAT,Arvalli,SWARG INDUSTRIES PVT LTD,info@swargworld.com,9824999527,3,1
GUJARAT,Arvalli,SUNSPOT,msn.sunspot@gmail.com,6356810701,3,1
GUJARAT,Arvalli,SUKOON POWER TECHNOLOGY,sukoonpowertech@gmail.com,9712946594,4,1
GUJARAT,Arvalli,SOLVEIG SOLAR PRIVATE LIMITED,solveigsolar@gmail.com,9724362544,3,1
GUJARAT,Arvalli,SOLINE SOLAR PRIVATE LIMITED,info@soline.in,9898535056,3,1
GUJARAT,Arvalli,SOLAR GREEN DEVELOPERS,solargreendevelopers@gmail.com,9924507751,3,1
GUJARAT,Arvalli,SNETRIC POWER,snetricpower@gmail.com,8487013107,3,1
GUJARAT,Arvalli,SKY BLUE SOLAR,skybluesolar56@gmail.com,9824965349,3,1
GUJARAT,Arvalli,SIYAVAR ENERGY,SIYAVARENERGY@GMAIL.COM,9773131455,3,1
GUJARAT,Arvalli,SIDDHI ELECTRICAL ENGINEER AND CONTRACTOR,siddhielectrical77@gmail.com,9662061492,3,1
GUJARAT,Arvalli,SHREE UMIYA CORPORATION,shreeumiyacorp@gmail.com,8866731185,3,1
GUJARAT,Arvalli,SHREE HARGANGESHWAR WATER CARE,shreehargangeshwarenergy@gmail.com,8128362108,3,1
GUJARAT,Arvalli,SHIZEN AND CO,jay81adit@gmail.com,7874767108,3,1
GUJARAT,Arvalli,SAUR SOLAR SOLUTION LLP,piyushpatel1974@gmail.com,9909417258,3,1
GUJARAT,Arvalli,R V SOLAR,rvsolarvijapur@gmail.com,9726801070,3,1
GUJARAT,Arvalli,PRODES CONSULTING ENGINEERS PRIVATE LIMITED,rajiv.ranjan.prakash786@gmail.com,8690444556,3,1
GUJARAT,Arvalli,PEAKSUN ENERGY PRIVATE LIMITED,info@peaksunenergy.co.in,7486089901,3,1
GUJARAT,Arvalli,MARUTI ENTERPRISE,maruti.enterprise0915@hotmail.com,8866239646,3,1
GUJARAT,Arvalli,LIPO TECHNOLOGY PRIVATE LIMITED,kalpesh@lipotechnology.in,9722266550,3,1
GUJARAT,Arvalli,JANTA RENEWABLE ENRGY,jantarenewableenergy@gmail.com,9898897373,3,1
GUJARAT,Arvalli,JAISHANAVI SOLAR,rishikeshthakkar@gmail.com,9974143899,3,1
GUJARAT,Arvalli,GROWSUN RENEWABLE LLP,info.growsunrenewablellp@gmail.com,9925590193,3,1
GUJARAT,Arvalli,GREEN EVER SYSTEMS PRIVATE LIMITED,greeneversystems@gmail.com,8866167111,4,1
GUJARAT,Arvalli,GIMS ENERGY PRIVATE LIMITED (FORMERLY KNOWN AS GUPTA INDUSTRIAL MAINTENANCE SERVICES PVT.LTD),yash@gimsindia.com,9879806111,3,1
GUJARAT,Arvalli,GARUDA POWER,garudapower26@gmail.com,9016555765,4,1
GUJARAT,Arvalli,ELITO ENERGY PRIVATE LIMITED,info@elitoenergy.com,7226024441,3,1
GUJARAT,Arvalli,DUDANI RENEWABLES LLP,dudanirenewables@gmail.com,9429744710,3,1
GUJARAT,Arvalli,DGR ENERGY PRIVATE LIMITED,dgrenergygroup@gmail.com,8128603082,3,1
GUJARAT,Arvalli,DEVASYAM ENTERPRISE LLP,abpatel4318@gmail.com,9106684467,3,1
GUJARAT,Arvalli,CORWIND RENERGY LLP,corwind.renergy@gmail.com,9428490118,4,1
GUJARAT,Arvalli,AHAD SOLARTECH,ahad.solartech@gmail.com,9724259440,3,1
GUJARAT,Arvalli,A J INFRATECH AND SOLAR,aryanpatelvisnagar@gmail.com,9429083193,3,1
GUJARAT,Arvalli,ZUNROOF TECH PVT LTD,gosolar@zunroof.com,9205893368,0,0
GUJARAT,Arvalli,ZODIAC ENERGY LIMITED,info@zodiacenergy.com,7861852582,0,0
GUJARAT,Arvalli,ZMR ENERGY INCORPORATION,zmrenergyincorporation@gmail.com,9924818113,0,0
GUJARAT,Arvalli,ZENITH SUNSPARK,zenithsunspark@gmail.com,8140946909,0,0
GUJARAT,Arvalli,ZEEPO ELECTRICAL SERVICES PRIVATE LIMITED,zeepoelectricalservices@gmail.com,9664823942,0,0
GUJARAT,Arvalli,ZAVICH INFRASTRUCTURE AND POWER PVT LTD,zavichinfra@gmail.com,9106129608,0,0
GUJARAT,Arvalli,ZALA HAKUBHA NARSISINH,solar.hakubha1508@gmail.com,9925103777,0,0
GUJARAT,Arvalli,YUVARAYS SOLAR,yuvarayssolar@gmail.com,9824624497,0,0
GUJARAT,Arvalli,YUVAAN ENERGY PRIVATE LIMITED,sales@yuvaanenergy.com,9825045890,0,0
GUJARAT,Arvalli,YUG SOLAR,yugsolar@gmail.com,6359410052,0,0
GUJARAT,Arvalli,YOGI BATTERY CENTRE,yogipowersystem@yahoo.co.in,9824088156,0,0
GUJARAT,Arvalli,YOG ENTERPRISE,yogenterprise.vallabhipur@gmail.com,7600790079,0,0
GUJARAT,Arvalli,YELLOWFELLOW ENERGIES LLP,viraj@yellowfellow.in,8200955676,0,0
GUJARAT,Arvalli,YELLOWCREST ENERGY LLP,yellowcrestenergy@gmail.com,9904675445,0,0
GUJARAT,Arvalli,YELLOW RAY SOLAR,yellowraysolar@gmail.com,9427443581,0,0
GUJARAT,Arvalli,YASHVI ENTERPRISE,yashvientsami@gmail.com,8849331593,0,0
GUJARAT,Arvalli,YASHONAND ELECTRO SERVICE PVT LTD,yashonand2022@gmail.com,9157197171,0,0
GUJARAT,Arvalli,YAGNIKKUMAR VALLABHBHAI SAVALIYA,yagniks1999@gmail.com,9409326590,0,0
GUJARAT,Arvalli,Y CAME SYSTEMS,ycamesystem009@gmail.com,8320408867,0,0
GUJARAT,Arvalli,WISEN ENERGY LLP,info@wisenenergyllp.com,9016979007,0,0
GUJARAT,Arvalli,WISE GOAL SERVICES PRIVATE LIMITED,hr.wisegoal@gmail.com,7567161902,0,0
GUJARAT,Arvalli,WHITESUN GREEN ENERGY PRIVATE LIMITED,rakesh.bhudia14@hotmail.com,8511740671,0,0
GUJARAT,Arvalli,WHITEDESERT POWER PROJECTS PVT. LTD.,wdplnkt@gmail.com,9427760723,0,0
GUJARAT,Arvalli,VSG ENTERPRISE,SURYAKANTGORASIYA3024@GMAIL.COM,9979632447,0,0
GUJARAT,Arvalli,VRUND ENERGY,vrundenergy@gmail.com,9574779572,0,0
GUJARAT,Arvalli,VRAJ ENTERPRISE,vrajsolarsolutions@gmail.com,8140000903,0,0
GUJARAT,Arvalli,VR ENERGY,vrenergy4@gmail.com,9924390293,0,0
GUJARAT,Arvalli,VOLTEX SOLUTION,info.voltexsolution@gmail.com,9104629229,0,0
GUJARAT,Arvalli,VOLTECH ELECTRICALS,voltechelectricals156@gmail.com,7567771900,0,0
GUJARAT,Arvalli,VOLT'S LEGACY ENERGY SOLUTION,contact@voltslegacy.com,9998765059,0,0
GUJARAT,Arvalli,VOLLT SOLAR ENERGY,volltsolar@gmail.com,8128550011,0,0
GUJARAT,Arvalli,VMD SOLAR ENERGY PRIVATE LIMITED,info@vmdsolarenergy.com,9974095302,0,0
GUJARAT,Arvalli,VIYA ELECTRIC PRIVATE LIMITED,info@viyaelectric.com,9033092026,0,0
GUJARAT,Arvalli,VIVAN ENERGY,vivanenergy09@gmail.com,9979890230,0,0
GUJARAT,Arvalli,VIVAAN INFRA,info@vivaaninfra.in,9909916448,0,0
GUJARAT,Arvalli,VITRAG TECHNO PRIVATE LIMITED,ad.vitragsolar@gmail.com,7778882668,0,0
GUJARAT,Arvalli,VISWAN ENERGY SOLUTIONS,viswanenergy@gmail.com,8866641649,0,0
GUJARAT,Arvalli,VISION SOLAR,visionenergy196@gmail.com,6351131196,0,0
GUJARAT,Arvalli,VISION INFOSYS,info@vision-infosys.in,9825061749,0,0
GUJARAT,Arvalli,VISHWASH ENTERPRISE,vishwashenterprise2422@gmail.com,6355098324,0,0
GUJARAT,Arvalli,VISHWA SOLAR EXPERT,vishwasolar68@gmail.com,9724968018,0,0
GUJARAT,Arvalli,VISHVAM POWER PRIVATE LIMITED,vishvampowerpl@gmail.com,9723191446,0,0
GUJARAT,Arvalli,VISAKA GREEN PRIVATE LIMITED,vsolar@visaka.in,8770905614,0,0
GUJARAT,Arvalli,VIRTA ENTERPRISE,INFO.VIRTAENTERPRISE@GMAIL.COM,7698432673,0,0
GUJARAT,Arvalli,VIRAJBHAI VISUBHAI KHACHAR,gchauhan17388@gmail.com,9898986662,0,0
GUJARAT,Arvalli,VIMAL ELECTRONICS,kcpatel@vimalelectronics.com,9099777176,0,0
GUJARAT,Arvalli,VIJAY SOLAR ENERGY,vijaysolarenergy940@gmail.com,6351211549,0,0
GUJARAT,Arvalli,VIJAY ELECTRIC COMPANY,vijayelectricco@rediffmail.com,8200337720,0,0
GUJARAT,Arvalli,VIDHYUT URJA,vidhyut.urja10@gmail.com,9664845692,0,0
GUJARAT,Arvalli,VIDHYUT SOLAR,vidhyutsolarenergy@gmail.com,8347838900,0,0
GUJARAT,Arvalli,VIDE ENERGY,ankita.videenergy@gmail.com,9712668268,0,0
GUJARAT,Arvalli,VIBRANT SOLAR SYSTEMS,sales.vibrantsolar@gmail.com,9408330692,0,0
GUJARAT,Arvalli,VIABLE SOLAR,viable.solar9990@gmail.com,9913344841,0,0
GUJARAT,Arvalli,VIA ELECTRIC,hello.viaelectric@gmail.com,9925203764,0,0
GUJARAT,Arvalli,VERTEX SOLAR SOLUTIONS PVT LTD,vertexnad@gmail.com,8758614088,0,0
GUJARAT,Arvalli,VENUS ENTERPRISE,venusenergy2228@gmail.com,7990678583,0,0
GUJARAT,Arvalli,VENTURE SOLAR SOLUTION,info@venturesolarsolution.com,9979632050,0,0
GUJARAT,Arvalli,VEERASOL TECHNOLOGY,info@veerasol.com,9558899931,0,0
GUJARAT,Arvalli,VEER SOLAR GREEN ENERGY,veersolar2024@gmail.com,8347173977,0,0
GUJARAT,Arvalli,VEE SECURE,veesecure.in@gmail.com,9825070982,0,0
GUJARAT,Arvalli,VEDA ENTERPRISE,info.vedaenterprise@gmail.com,8401103393,0,0
GUJARAT,Arvalli,VECTON ENERGY,vectonenergy@gmail.com,8000140159,0,0
GUJARAT,Arvalli,VCL ENERGY,vclenergy777@gmail.com,9825492605,0,0
GUJARAT,Arvalli,VASUSENA SOLAR ENERGY,vasusenasolarenergy07@gmail.com,9265356623,0,0
GUJARAT,Arvalli,VASHRAMBHAI LAKHABHAI GHED,satrang.com@gmail.com,9624152555,0,0
GUJARAT,Arvalli,VASANI SOLAR SOLUTION,vasani.solar.solution@gmail.com,9998404646,0,0
GUJARAT,Arvalli,VARRCHASVA ENERGY PRIVATE LIMITED,vaibhav@varrchasva.com,9100520101,0,0
GUJARAT,Arvalli,VARIZONE SOLAR PRIVATE LIMITED,varizonesolar@gmail.com,9426111113,0,0
GUJARAT,Arvalli,VARDHAN SALES,vardhansolar91@gmail.com,9512020935,0,0
GUJARAT,Arvalli,VAKRATUND INNOVATION PRIVATE LIMITED,operation@vakratundinnovation.com,6351039120,0,0
GUJARAT,Arvalli,VAIJNATH GLOBAL,vaijnathglobal@gmail.com,9106991946,0,0
GUJARAT,Arvalli,VAGHASIA HITESH B,vaghasia_hitesh@yahoo.com,9979773121,0,0
GUJARAT,Arvalli,VAATI POWER,vaatipower@gmail.com,9510010005,0,0
GUJARAT,Arvalli,VA PATEL INFRA PRIVATE LIMITED,mayurdhavajsinhgohil00@gmail.com,9428269204,0,0
GUJARAT,Arvalli,V-GUARD INDUSTRIES LIMITED,solar@vguard.in,9895550313,0,0
GUJARAT,Arvalli,V SOLAR,vsolar8521@gmail.com,7698297821,0,0
GUJARAT,Arvalli,V POWER SOLAR SERVICES,vpowersolarservices@gmail.com,9904254440,0,0
GUJARAT,Arvalli,UVR TECHSOL PRIVATE LIMITED,uvrtechsol@gmail.com,9227106799,0,0
GUJARAT,Arvalli,UTSAV TECHNO ENTERPRISE,utsavtechnoenterprise@gmail.com,7046612340,0,0
GUJARAT,Arvalli,URJA GLOBAL LIMITED,bhagwan.verma@urjaglobal.in,7290005823,0,0
GUJARAT,Arvalli,URJA ELECTRICALS,urja.electricals.dhg@gmail.com,8469551508,0,0
GUJARAT,Arvalli,URATOM SOLAR INDIA PVT LTD,pv@uratom.com,9925099249,0,0
GUJARAT,Arvalli,UPVOLTAGE SOLUTIONS LLP,upvoltagesolutions@gmail.com,7990618259,0,0
GUJARAT,Arvalli,UNIVERSE ENTERPRISE,muljinakum1103@gmail.com,7878789968,0,0
GUJARAT,Arvalli,UNITY ENERGY SOLUTION,unityenergysolution@gmail.com,9099094027,0,0
GUJARAT,Arvalli,UNIQUE SOLAR SERVICE,UNIQUESOLARSERVICERAJKOT@GMAIL.COM,7046082382,0,0
GUJARAT,Arvalli,UNIQUE ELECTRICAL,sales.epc2016@gmail.com,9099000148,0,0
GUJARAT,Arvalli,UNICORN ENTERPRISE,unicornsolarvyara@gmail.com,8200121328,0,0
GUJARAT,Arvalli,UNICORN ELECTRICALS AND PROJECTS,unicornelectricals20@gmail.com,9510968626,0,0
GUJARAT,Arvalli,UNICON ENERGY,info@uniconenergy.com,9974545444,0,0
GUJARAT,Arvalli,UMIYA ENTERPRISE - NARODA,umiyaenterprise1981@gmail.com,9725033295,0,0
GUJARAT,Arvalli,UMA POWER SOLUTIONS,umapowersolution@gmail.com,9638953281,0,0
GUJARAT,Arvalli,ULTRAVIOLET SOLAR PVT.LTD.,info@uvrays.co.in,7878699099,0,0
GUJARAT,Arvalli,ULTRASUN ENERGY,info@ultrasunenergy.com,9909911071,0,0
GUJARAT,Arvalli,ULTRA RAYS ENERGY SOLUTION,ultrarays2019@gmail.com,7984482472,0,0
GUJARAT,Arvalli,UKEL AUTOMATION LLP,ukelautomation@gmail.com,9998008889,0,0
GUJARAT,Arvalli,UJALA COMPANY,ujalasolarcompany@gmail.com,7874157474,0,0
GUJARAT,Arvalli,UDB ENERGY PVT. LTD.,udbenergypvtltd@gmail.com,7077014714,0,0
GUJARAT,Arvalli,TVARIT ENERGY LLP,meet@tvritenergy.in,8511600853,0,0
GUJARAT,Arvalli,TULAJA ENTERPRISE,tulajaenterprise@gmail.com,9904866630,0,0
GUJARAT,Arvalli,TRIZONE POWER,trizonepower05@gmail.com,9638052084,0,0
GUJARAT,Arvalli,TRINITY RENEWABLE ENERGY,info.trinityrenewableenergy@gmail.com,9227000392,0,0
GUJARAT,Arvalli,TRADE X,tradex.solarenergy22@gmail.com,9106834748,0,0
GUJARAT,Arvalli,TIRUPATI SOLAR,tirupatisolar@hotmail.com,7043343509,0,0
GUJARAT,Arvalli,THE WOLT TECHNIQUES,director@woltsolarproducts.com,9904238777,0,0
GUJARAT,Arvalli,THE SHIVSHAKTI ENTERPRISE,Shivshakti2688@gmail.com,9913418634,0,0
GUJARAT,Arvalli,THE MOON KNIGHT,themoonknight913@gmail.com,9081313777,0,0
GUJARAT,Arvalli,THE MECHTECH SOLUTIONS,themechtechsolutions@gmail.com,9714928728,0,0
GUJARAT,Arvalli,TERAIYA ENTERPRISE,teraiyaenterprise@gmail.com,8780802225,0,0
GUJARAT,Arvalli,TEJ ENERGY LLP,director@tejenergy.com,9426856508,0,0
GUJARAT,Arvalli,TECHSUNBIO GREEN ENERGY PRIVATE LIMITED,info@techsunbio.com,9925336536,0,0
GUJARAT,Arvalli,TECHNOVATIVE GREEN ENERGY SOLUTIONS,technovativesolar@gmail.com,6354031108,0,0
GUJARAT,Arvalli,TECHNOGOODS ENTERPRISES,TechnoGoods@outlook.com,9904709693,0,0
GUJARAT,Arvalli,TECHNOCRATS ENGINEERS,technocratsengineers007@gmail.com,9974214007,0,0
GUJARAT,Arvalli,TECHNOCELL INDUSTRIAL SERVICES,skg23aqua@yahoo.in,9979348446,0,0
GUJARAT,Arvalli,TECHNO POWER,technopower0001@gmail.com,8200360798,0,0
GUJARAT,Arvalli,TECHNO ELECTRONICS,sales@technopower.co.in,9825236894,0,0
GUJARAT,Arvalli,TATVAM INDUSTRIES,parth.tatvam@protonmail.com,7990101643,0,0
GUJARAT,Arvalli,TATSAT NRGS,tatsatnrgs@gmail.com,7984576567,0,0
GUJARAT,Arvalli,TARUN AND CO,taruncopwr@gmail.com,9879534866,0,0
GUJARAT,Arvalli,TARA SOLAR ENERGY,tara.solar.2111@gmail.com,9408966600,0,0
GUJARAT,Arvalli,TAPTI SOLAR,taptisolar@gmail.com,9157028811,0,0
GUJARAT,Arvalli,TAJ ELECTRICALS,tajelectricals.daman@gmail.com,9824790965,0,0
GUJARAT,Arvalli,TAIYO SOLAR SYTEM INTEGRATOR LLP,info@taiyosolar.co.in,9825324580,0,0
GUJARAT,Arvalli,SYSTEM RENEWABLE ENERGY,nbagwan8@gmail.com,9662361740,0,0
GUJARAT,Arvalli,SYSTEM LEVEL SOLUTIONS INDIA PVT LTD,sales@getsunsights.com,7486992856,0,0
GUJARAT,Arvalli,SYNNOVE POWER TECHNOLOGY,synnovepowertechnology@gmail.com,9033346701,0,0
GUJARAT,Arvalli,SYNCHRO ENERGY,synchroenergy389@gmail.com,9974737316,0,0
GUJARAT,Arvalli,SWEV INDIA PVT LIMITED,swevindia@gmail.com,7984328691,0,0
GUJARAT,Arvalli,SWASTIK SOLAR SYSTEM,swastiksolar07@gmail.com,9712412011,0,0
GUJARAT,Arvalli,SWAMI INTEGRATOR AND CONSULTANTS LLP,sanjib@swamisolar.com,8980800743,0,0
GUJARAT,Arvalli,SWAMI ENERGY,jigar.swamienergy@gmail.com,9725451293,0,0
GUJARAT,Arvalli,SUTARIAS SOLUTIONS PRIVATE LTD,sspl.hasmukh@gmail.com,9099510408,0,0
GUJARAT,Arvalli,SURYOSA SOLAR PRIVATE LIMITED,info@suryosa.com,9998018314,0,0
GUJARAT,Arvalli,SURYATRIC SOLAR PVT LTD,info.suryatrick@gmail.com,9979652010,0,0
GUJARAT,Arvalli,SURYASTRA GREEN INITIATIVES PRIVATE LIMITED,suryastraindia@gmail.com,8128007602,0,0
GUJARAT,Arvalli,SURYASIDDHI ENERGY SOLUTION PRIVATE LIMITED,suryasiddhienergysolutions@gmail.com,8460641891,0,0
GUJARAT,Arvalli,SURYANCE SOLAR,suryancesolar@gmail.com,9664504655,0,0
GUJARAT,Arvalli,SURYAMANI SOLAR,suryamanisolar@gmail.com,8140000257,0,0
GUJARAT,Arvalli,SURYAMAAN ENERGY,info.suryamaan@gmail.com,9722243637,0,0
GUJARAT,Arvalli,SURYAM INTERNATIONAL PRIVATE LIMITED,marketing@groupsurya.co.in,8093011632,0,0
GUJARAT,Arvalli,SURYAKAMAL INFRA PVT.LTD.,sales@suryakamalinfra.com,9727756866,0,0
GUJARAT,Arvalli,SURYADEV SOLAR,suryadevsolar4@gmail.com,9327175676,0,0
GUJARAT,Arvalli,SURYADEV SALES & SERVICE,suryadev2k20@gmail.com,7016946571,0,0
GUJARAT,Arvalli,SURYABHUMI SOLAR ENERGY,suryabhumisolarenergy@gmail.com,8866019146,0,0
GUJARAT,Arvalli,SURYA URJA SYSTEMS,suryaurjasystems@gmail.com,9824276142,0,0
GUJARAT,Arvalli,SURYA SHAKTI SOLAR,suryashaktisolar09@gmail.com,7567992734,0,0
GUJARAT,Arvalli,SURYA SHAKTI,suryashaktisolar.18@gmail.com,8488010488,0,0
GUJARAT,Arvalli,SURYA INTERNATIONAL,suryavishnu159@yahoo.com,9825802298,0,0
GUJARAT,Arvalli,SURYA ENTERPRISE,suryaenterprise8324@gmail.com,9687975891,0,0
GUJARAT,Arvalli,SUREWORTH SOLAR,Sureworthsolar@gmail.com,7698763040,0,0
GUJARAT,Arvalli,SURESHBHAI SADURBHAI BARBACHIYA,surechbarbachiya41@gmail.com,9879299136,0,0
GUJARAT,Arvalli,SURAYAY NAMAH ENERGY PRIVATE LIMITED,rahul@surayaynamahenergy.com,9554055565,0,0
GUJARAT,Arvalli,SURAJGEMA POWER,SURAJGEMAPOWER@GMAIL.COM,8460515124,0,0
GUJARAT,Arvalli,SUPER WATT POWER SOLUTIONS LLP,power.superwatt@gmail.com,9920320366,0,0
GUJARAT,Arvalli,SUNWAY SOLAR,sunwaysolar02@gmail.com,7698832340,0,0
GUJARAT,Arvalli,SUNWAVE ENERGY,sunwave.energy123@gmail.com,7046070468,0,0
GUJARAT,Arvalli,SUNVINE RENEWABLE,sunvinerenewable@gmail.com,8000050580,0,0
GUJARAT,Arvalli,SUNTRAC SOLAR,suntrac.jh@gmail.com,9979363442,0,0
GUJARAT,Arvalli,SUNSPOT ENERGY LLP,info.sunspotenergy@gmail.com,8866110577,0,0
GUJARAT,Arvalli,SUNSPARK SOLAR SOLUTIONS (FORMERLY KNOWN AS SUSSPARK SOLAR SOLUTIONS ),sunsparksolarsolutions23@gmail.com,9664693254,0,0
GUJARAT,Arvalli,SUNSOLAR SOLUTIONS (INDIA) PRIVATE LIMITED,jigar@sunsolarsolutions.co.in,9638189589,0,0
GUJARAT,Arvalli,SUNSNATCH SOLUTIONS LLP,monark.sunsnatch@gmail.com,7698536878,0,0
GUJARAT,Arvalli,SUNSKY SOLAR,trdesai@sunskysolar.co.in,9727518665,0,0
GUJARAT,Arvalli,SUNSHREE SOLAR,sunshreesolar@gmail.com,9157838777,0,0
GUJARAT,Arvalli,SUNSHINE SOLAR,sunshinesolarsurat@gmail.com,9537733133,0,0
GUJARAT,Arvalli,SUNSHAPE ENERGY,sunshapeenergy@gmail.com,9913783302,0,0
GUJARAT,Arvalli,SUNSETLIFE SOLAR PRIVATE LIMITED,sunsetlifesolar@gmail.com,9574427119,0,0
GUJARAT,Arvalli,SUNSAI SOLAR SYSTEMS,solar@sunsai.co.in,9925808788,0,0
GUJARAT,Arvalli,SUNSAFE INFRA SERVICES,INFO@SUNSAFE.IN,9033673308,0,0
GUJARAT,Arvalli,SUNSAFE INFRA PRIVATE LIMITED,sunsafe.np@gmail.com,7227050091,0,0
GUJARAT,Arvalli,SUNRUN GREEN ENERGY,sunrungreenenergy@gmail.com,6354883949,0,0
GUJARAT,Arvalli,SUNROOF ELECTRICAL ENERGY,sunroofenergy100@gmail.com,9687893989,0,0
GUJARAT,Arvalli,SUNRISE INDIA,satyanarayantiwari2022@gmail.com,7208291414,0,0
GUJARAT,Arvalli,SUNREST INFRA ENERGY,sunrestinfraenergy@gmail.com,9638063381,0,0
GUJARAT,Arvalli,SUNRAYS ENERGY,keyursheth.14@gmail.com,9978724010,0,0
GUJARAT,Arvalli,SUNRAISE INDUSTRIES,info@sunraiseindustries.com,9722106810,0,0
GUJARAT,Arvalli,SUNPRIDE ENERGY,chiragpatel2592@gmail.com,9726880980,0,0
GUJARAT,Arvalli,SUNPOWER ENERGY,sunpowerenergy.solar@gmail.com,7405095299,0,0
GUJARAT,Arvalli,SUNPLUG TECHNOLOGIES LLP,hnchavda87@gmail.com,9427020496,0,0
GUJARAT,Arvalli,SUNLIGHT SOLAR ENTERPRISE,bhaveshparmar4793@gmail.com,8320866769,0,0
GUJARAT,Arvalli,SUNLIGHT INFRA ENERGY PRIVATE LIMITED,tender@sunlights.in,9998374580,0,0
GUJARAT,Arvalli,SUNLIGHT GREEN ENERGY,sunlightgreenmeh@gmail.com,8460043385,0,0
GUJARAT,Arvalli,SUNLIGHT ENERGY SOLUTIONS,sunlightenergysolutions01@gmail.com,9824668001,0,0
GUJARAT,Arvalli,SUNLAND SOLAR ENERGY,sunlandsolarenergy@gmail.com,8141810505,0,0
GUJARAT,Arvalli,SUNIFY SOLAR LLP,sunifysolar@gmail.com,8141455505,0,0
GUJARAT,Arvalli,SUNHIT SOLAR SOLUTION LLP,sunil@sunhit.in,9712892197,0,0
GUJARAT,Arvalli,SUNGOLD ENTERPRISE,sungoldenterprise123@gmail.com,9737147433,0,0
GUJARAT,Arvalli,SUNFRAA RENEWABLES LLP,partner@sunfraa.com,6354296570,0,0
GUJARAT,Arvalli,SUNCENTER SOLAR ENERGY,suncentersolarenergy@gmail.com,8905055513,0,0
GUJARAT,Arvalli,SUNCARE ENERTECH PVT LTD,suncaresolar3@gmail.com,7405450545,0,0
GUJARAT,Arvalli,SUNBYTE ENERGY SOLUTIONS LLP,info.sunbyteenergy@gmail.com,7698971717,0,0
GUJARAT,Arvalli,SUNBUY RENEWABLES PVT LTD,darshan@sunbuy.in,9328281611,0,0
GUJARAT,Arvalli,SUNBURST GREEN ENERGY LLP,office@sunburstgreen.com,9879514559,0,0
GUJARAT,Arvalli,SUNBOOST PRIVATE LTD,info@sunboostenergy.com,9104227788,0,0
GUJARAT,Arvalli,SUNBLOOM ENERGY PRIVATE LIMITED,info@sunbloomenergy.com,9662874669,0,0
GUJARAT,Arvalli,SUNARC ELECTRICALS,sunarcelectricals@gmail.com,9687025729,0,0
GUJARAT,Arvalli,SUN VISION SOLAR,info@sunvisionsolar.in,9924112225,0,0
GUJARAT,Arvalli,SUN TECH ENERGY SOLUTION,suntech.rutvij@gmail.com,8320301975,0,0
GUJARAT,Arvalli,SUN SPARKLE ENERGY,sunsparkleenergy@gmail.com,9016093505,0,0
GUJARAT,Arvalli,SUN MICRA RENEWABLE ENERGY,info@sunmicra.co.in,7990662677,0,0
GUJARAT,Arvalli,SUN LIGHT SOLAR,sunlightsolar0106@gmail.com,9726215972,0,0
GUJARAT,Arvalli,SUN ENERGY,sunenergybharat@gmail.com,9427352326,0,0
GUJARAT,Arvalli,SUMERU SOLUTION,sumerusolution22@gmail.com,8866426625,0,0
GUJARAT,Arvalli,SUKARM,sukarmsolar@gmail.com,9925045163,0,0
GUJARAT,Arvalli,SUCCESS TECHNOCRAT,khatri292@gmail.com,9624001021,0,0
GUJARAT,Arvalli,STRONG SUN SOLAR ENERGY,strongsunsolarenergy@gmail.com,7622011292,0,0
GUJARAT,Arvalli,STEELHACKS INDUSTRIES,unisolsolar2000@yahoo.com,9825049997,0,0
GUJARAT,Arvalli,STARLUMEN ENERGY LLP,sales.starlumen@gmail.com,8758737125,0,0
GUJARAT,Arvalli,STAR ENERGY SYSTEMS,starenergyindia@gmail.com,9825014314,0,0
GUJARAT,Arvalli,STAR ELECTRICALS,starhalol389350@gmail.com,9909118137,0,0
GUJARAT,Arvalli,STANDARD ENGINEERS & CONTRACTORS,standardelectricals7177@gmail.com,8140080726,0,0
GUJARAT,Arvalli,SSB ICONIC LLP,s2belectricals@gmail.com,9016903767,0,0
GUJARAT,Arvalli,SRI BALAJI SUN ENERGY,info@sribalajienergy.com,7878375444,0,0
GUJARAT,Arvalli,SPY AUTOMATION,spyautomation61@gmail.com,7227000497,0,0
GUJARAT,Arvalli,SPIKE ENERGY,vspikeenergy@gmail.com,9662485355,0,0
GUJARAT,Arvalli,SPEED O ENERGY,INFO.SPEEDOENERGY@GMAIL.COM,7016826003,0,0
GUJARAT,Arvalli,SPARQ ENERTECH PVT LTD,info@sparqenertech.com,9558971268,0,0
GUJARAT,Arvalli,SPARCO MULTIPLAST PVT LTD,info@sparcoenergy.com,9409269062,0,0
GUJARAT,Arvalli,SP TECHNOLOGY,Sptechnology2023@gmail.com,9586267664,0,0
GUJARAT,Arvalli,SP EPC SOLUTIONS,psbuma@gmail.com,9537824788,0,0
GUJARAT,Arvalli,SP ENGINEERING,sp.engineering2k19@gmail.com,6353577489,0,0
GUJARAT,Arvalli,SOULSHINE RENEWABLE ENERGY,epc.soulshine@gmail.com,9913895893,0,0
GUJARAT,Arvalli,SOR ENTERPRISE,sorsolar@yahoo.com,9824428293,0,0
GUJARAT,Arvalli,SOORYABHUMI ENERGY,sooryabhumienergy2024@gmail.com,8155887304,0,0
GUJARAT,Arvalli,SONIK SOLAR POWER SOLUTION,Sonikpanchal27@gmail.com,8200291250,0,0
GUJARAT,Arvalli,SOMNATH ENERGY,somnath.solarenergy@gmail.com,7600250096,0,0
GUJARAT,Arvalli,SOM ENERGY SYSTEMS,info@somenergysystems.com,8401909576,0,0
GUJARAT,Arvalli,SOLYUG RENEWABLES,info@solyugrenewables.com,9099562009,0,0
GUJARAT,Arvalli,SOLSKIN ENERGY LLP,solskinenergy@gmail.com,8128988878,0,0
GUJARAT,Arvalli,SOLNCE ENERGY PRIVATE LIMITED,NATIONALPORTALSOLNCE@GMAIL.COM,7990480061,0,0
GUJARAT,Arvalli,SOLISTA ENERGY,solistaenergy8@gmail.com,9106194946,0,0
GUJARAT,Arvalli,SOLIS ENERGY SYSTEM,bhargavpaneliya@solisenergysystem.com,9601270077,0,0
GUJARAT,Arvalli,SOLEXY SOLAR POWER PVT. LTD.,ssepl1962@gmail.com,9810725280,0,0
GUJARAT,Arvalli,SOLEX GREEN ENERGY PRIVATE LIMITED,pravin.d@solex.in,9376820081,0,0
GUJARAT,Arvalli,SOLEX ENERGY LIMITED,solexcd@gmail.com,6354605180,0,0
GUJARAT,Arvalli,SOLEOS GREEN ENERGY PRIVATE LIMITED,pruthvi@soleos.in,9512448900,0,0
GUJARAT,Arvalli,SOLEAF ENERGY,infosolarsoleaf@gmail.com,7600008915,0,0
GUJARAT,Arvalli,SOLARWISE-NEXG PRIVATE LIMITED,solarwise69@gmail.com,9910803171,0,0
GUJARAT,Arvalli,SOLARWAVE ENERGY,solarwaveenergy2@gmail.com,7490083005,0,0
GUJARAT,Arvalli,SOLARTRONICS ENERGY,info.solartronics@gmail.com,9426424973,0,0
GUJARAT,Arvalli,SOLART,solart.sunfuel@gmail.com,8866506193,0,0
GUJARAT,Arvalli,SOLARSYS GREENTECH PRIVATE LIMITED,deepak@solarsysgreentech.in,8488976829,0,0
GUJARAT,Arvalli,SOLARNOVA ENERGY,solarnovaenergy@gmail.com,9913161358,0,0
GUJARAT,Arvalli,SOLARLOGIX PRIVATE LIMITED,contact@solarlogix.in,7979053489,0,0
GUJARAT,Arvalli,SOLARIZE RENEWABLES PVT. LTD.,info@solarizerenewables.com,9081999400,0,0
GUJARAT,Arvalli,SOLARISE TECHNOLOGIES,solarisetechnologies1@gmail.com,6351562596,0,0
GUJARAT,Arvalli,SOLARIS TECHNO,solaristechno@gmail.com,8767917570,0,0
GUJARAT,Arvalli,SOLARIS 360,info@solaris360.com,9998117531,0,0
GUJARAT,Arvalli,SOLARINA RENEWABLE PRIVATE LIMITED,solarinarenewable@gmail.com,9824351021,0,0
GUJARAT,Arvalli,SOLARBERG SOLUTIONS,sureshbavishiya@gmail.com,9879200821,0,0
GUJARAT,Arvalli,SOLARATIVE ENERGY SOLUTION,pavan.solarative@gmail.com,9327151411,0,0
GUJARAT,Arvalli,SOLARAM POWER INFRASTRUCTURE PRIVATE LIMITED,solarampower@gmail.com,9898041008,0,0
GUJARAT,Arvalli,SOLAR4U ENTERPRISE,solar4uenterprise1@gmail.com,9510708411,0,0
GUJARAT,Arvalli,SOLAR TECHNOLOGY,info@solartechnology.in,9998063204,0,0
GUJARAT,Arvalli,SOLAR SUNPOWER,solarsunpower2020@gmail.com,8238835771,0,0
GUJARAT,Arvalli,SOLAR EDITION,solaredition18@gmail.com,7990909838,0,0
GUJARAT,Arvalli,SOLAR CLEAN ENERGY LIMITED,socleanenergy@gmail.com,9712666866,0,0
GUJARAT,Arvalli,SOL MAX SOLUTION,mpboricha111@gmail.com,9429343757,0,0
GUJARAT,Arvalli,SOL ENERGY,solenergyn@gmail.com,7621852735,0,0
GUJARAT,Arvalli,SOHAM ENTERPRISE,sachinpatel3132@gmail.com,9924142513,0,0
GUJARAT,Arvalli,SODHA ELECTRIC SERVICE,sohail.sodha@gmail.com,8000093095,0,0
GUJARAT,Arvalli,SNS ENERGY PVT. LTD.,sujitsharma@snsenergy.co.in,7043136049,0,0
GUJARAT,Arvalli,SNAP SOLAR,snapsolar7@gmail.com,7572851098,0,0
GUJARAT,Arvalli,SN GROUP OF COMPANY,sngroupofcompany2022@gmail.com,9725324439,0,0
GUJARAT,Arvalli,SMIT SOLAR SOLUTIONS,smitsolarsolutions@gmail.com,9924793020,0,0
GUJARAT,Arvalli,SMIT ENGINEERING SOLUTION,smitengineering10@gmail.com,9033381684,0,0
GUJARAT,Arvalli,SMART SOLAR ENERGY,smartsolarenergy8542@gmail.com,7435907512,0,0
GUJARAT,Arvalli,SMART ROOF SOLAR SOLUTION PVT. LTD.,enquiry@gosmartroof.com,9971481718,0,0
GUJARAT,Arvalli,SMART ENERGY SOLUTIONS,smartenergysolutions99@gmail.com,8511495982,0,0
GUJARAT,Arvalli,SKYWIN SOLAR,skywinsolar@gmail.com,7984435493,0,0
GUJARAT,Arvalli,SKYVOLT POWER TECHNOLOGIES LLP,skyvoltpower25@gmail.com,9909798222,0,0
GUJARAT,Arvalli,SKYVIEW POWER,skyviewpower17@gmail.com,8140055305,0,0
GUJARAT,Arvalli,SKYLIGHT SOLAR,skylightsolar03@gmail.com,9510905126,0,0
GUJARAT,Arvalli,SKYLAR INDIA,darshansolarkheda@gmail.com,8530252952,0,0
GUJARAT,Arvalli,SKY WINGS SOLAR ENERGY,skywingssolar@gmail.com,9974839830,0,0
GUJARAT,Arvalli,SKY TECH ENERGY,info.skytechenergy@gmail.com,6355092898,0,0
GUJARAT,Arvalli,SKY RISE SOLAR,skyrisesolar@gmail.com,9328009285,0,0
GUJARAT,Arvalli,SKY RENEWABLE,piush123.pp@gmail.com,9638166779,0,0
GUJARAT,Arvalli,SKY POWER ENERGY,skypowerenergy03@gmail.com,8849719837,0,0
GUJARAT,Arvalli,SKY POWER,skypowersvp@gmail.com,9723070267,0,0
GUJARAT,Arvalli,SKY LARK SOLAR PRIVATE LIMITED,skylarksolar7@gmail.com,7016360083,0,0
GUJARAT,Arvalli,SKY ENTERPRISE,skyenterprise.re@gmail.com,9428164222,0,0
GUJARAT,Arvalli,SKY BLUE SOLAR PVT .LTD,Skybluesolarpvtltd@gmail.com,9104566242,0,0
GUJARAT,Arvalli,SITARAM CORPORATION,sitaramcorporation2025@gmail.com,8141427041,0,0
GUJARAT,Arvalli,SIMMS ENGINEERING PVT LTD,simms_eng@yahoo.co.in,9825142376,0,0
GUJARAT,Arvalli,SILVER CYPHER TECHNOLOGIES,silvercyphersolar@gmail.com,8460699699,0,0
GUJARAT,Arvalli,SILVER CONSUMER ELECTRICALS LIMITED (FORMERLY KNOWN AS SILVER CONSUMER ELECTRICALS PRIVATE LIMITED),kevin.patel@silverpumps.com,7486059400,0,0
GUJARAT,Arvalli,SIGNAL AUTOMATION,solarservices1188@gmail.com,9978215636,0,0
GUJARAT,Arvalli,SIGMA SUN ENERGY,info.sigmasunenergy@gmail.com,9726764498,0,0
GUJARAT,Arvalli,SIGMA ENGINEERING,sigma_engg@yahoo.co.in,9825205934,0,0
GUJARAT,Arvalli,SIDOM SYNERGY PRIVATE LIMITED,sidomsynergy@gmail.com,9408454029,0,0
GUJARAT,Arvalli,SIDDHIVINAYAK ENGINEERING COMPANY,shreeganeshaquva@gmail.com,9904954348,0,0
GUJARAT,Arvalli,SHYAM SOLAR ENERGY,vschohla@GMAIL.COM,8140796593,0,0
GUJARAT,Arvalli,SHYAM ENTERPRISE,shyamsolarenergy10@gmail.com,8000145645,0,0
GUJARAT,Arvalli,SHRI SAI ELECTRICAL,rooftop@shrisaielectrical.co.in,6353970979,0,0
GUJARAT,Arvalli,SHRI RAM SOLAR ENERGY LLP,admin@shriramsolarenergy.com,9712912421,0,0
GUJARAT,Arvalli,SHRI MARUTI ENTERPRISE,tdoshi76@gmail.com,9428358150,0,0
GUJARAT,Arvalli,SHRI KHODIYAR ENTERPRISE,shrikhodiyar1978@gmail.com,9727358029,0,0
GUJARAT,Arvalli,SHRI KHATRI BATTERY SERVICE,khatribattery@gmail.com,9426029459,0,0
GUJARAT,Arvalli,SHREYISHA ENGINEERING,shreyishaengineering@gmail.com,8460445802,0,0
GUJARAT,Arvalli,SHREEMAD ENGINEERS,shreemadbg@gmail.com,9913721961,0,0
GUJARAT,Arvalli,SHREEJI SOLAR SYSTEM,shreejisolars@gmail.com,9265296741,0,0
GUJARAT,Arvalli,SHREEJI SOLAR SOLUTION,npparikh@hotmail.com,9879537250,0,0
GUJARAT,Arvalli,SHREEJI SOLAR & SERVICES,NILVADERA141@GMAIL.COM,9106331904,0,0
GUJARAT,Arvalli,SHREEJI SOLAR,info.shreejisolar@gmail.com,9904351125,0,0
GUJARAT,Arvalli,SHREEJI SALES - KARAMSAD,shreejisales125@gmail.com,9586548051,0,0
GUJARAT,Arvalli,SHREEJI POWER SOLUTIONS,shreejiss@yahoo.com,9824338633,0,0
GUJARAT,Arvalli,SHREEJI GRIN SOLAR,shrijigreensolar@gmail.com,7203005770,0,0
GUJARAT,Arvalli,SHREEJI ENTERPRISES - WADI,Sandipgandhi113@gmail.com,9825077605,0,0
GUJARAT,Arvalli,SHREEJI ENTERPRISES - BHAYLI,shreejie1@gmail.com,9099710184,0,0
GUJARAT,Arvalli,SHREEJI ENTERPRISE-SURAT,epc.solar@shreejiconstruction.com,9825108890,0,0
GUJARAT,Arvalli,SHREEJI ENTERPRISE - MANJALPUR,shreejienergy844@gmail.com,7041803421,0,0
GUJARAT,Arvalli,SHREEJI ENERGY SOLUTION,shreejienergysolution@gmail.com,8460595980,0,0
GUJARAT,Arvalli,SHREEJI ELECTRICALS,shreejiele@gmail.com,9825089343,0,0
GUJARAT,Arvalli,SHREEJI ELECTRICAL - ISANPUR,shreejielec312@yahoo.com,9408197081,0,0
GUJARAT,Arvalli,SHREE VISHNU SALES AGENCY,shreevishnusalesagency@gmail.com,9825324608,0,0
GUJARAT,Arvalli,SHREE SURYA SOLAR SOLUTION,shreesurya2016@gmail.com,8000720006,0,0
GUJARAT,Arvalli,SHREE SOLAR VENTURE PVT LTD,shreesolarventure@gmail.com,9571211118,0,0
GUJARAT,Arvalli,SHREE SOLAR POWER,nileshsorthiya2@gmail.com,9727620417,0,0
GUJARAT,Arvalli,SHREE SOLAR,dinkarparekh1983@gmail.com,9104030777,0,0
GUJARAT,Arvalli,SHREE SAI SOLAR,Hiteshrane37@gmail.com,9879268362,0,0
GUJARAT,Arvalli,SHREE SAI ENTERPRISE,shreesaienterprise75@gmail.com,8128171111,0,0
GUJARAT,Arvalli,SHREE RAM SOLAR RAJKOT,vikeshchovatiya@gmail.com,9898921527,0,0
GUJARAT,Arvalli,SHREE RAM SOLAR,shreeramsolar12@gmail.com,9726671212,0,0
GUJARAT,Arvalli,SHREE RADHE ELECTRICALS,shreeradhesolar24@gmail.com,9974842981,0,0
GUJARAT,Arvalli,SHREE OFFICE SOLUTIONS PRIVATE LIMITED,rajranipa.sospl@gmail.com,9898084466,0,0
GUJARAT,Arvalli,SHREE MARUTI ELECTRIFICATION ENGINEERS,shreemarutieleCtrificationengi@gmail.com,7016480100,0,0
GUJARAT,Arvalli,SHREE KRISHNA ENERGY,shreekrishna.energy@gmail.com,9979559334,0,0
GUJARAT,Arvalli,SHREE KHODIYAR SOLAR PRIVATE LIMITED,sk.solar@yahoo.com,9825820612,0,0
GUJARAT,Arvalli,SHREE KHODIYAR SOLAR & ENTERPRISE,s60358186@gmail.com,9313405580,0,0
GUJARAT,Arvalli,SHREE HARI SOLAR,patelravit1@gmail.com,9819049759,0,0
GUJARAT,Arvalli,SHREE HARI SALES & SERVICES,shreeharisales16@gmail.com,7698916121,0,0
GUJARAT,Arvalli,SHREE GOKUL ENTERPRISE,shreegokulenterprise123@gmail.com,8160000871,0,0
GUJARAT,Arvalli,SHREE GAUTAM RENEWABLES AND CLEAN ENERGIES,shreegautam.energy@gmail.com,9408188809,0,0
GUJARAT,Arvalli,SHREE GANGESHWAR ENGINEERING PRIVATE LIMITED,shreegangeshwarengineering@gmail.com,9157974445,0,0
GUJARAT,Arvalli,SHREE GAJANAND SOLAR,gajanandsolar@gmail.com,8347972590,0,0
GUJARAT,Arvalli,SHREE GAJANAND ENERGIES,magicwithparth@gmail.com,6351126699,0,0
GUJARAT,Arvalli,SHREE ENERGY SOLUTIONS,shreeenergysolution8@gmail.com,9904335293,0,0
GUJARAT,Arvalli,SHREE CHAMUNDESHVARI TRADING,hareshdodiya75@gmail.com,9327523737,0,0
GUJARAT,Arvalli,SHREE BRAHMANI ELECTRICALS,shreebrahmanisolar@gmail.com,9909995675,0,0
GUJARAT,Arvalli,SHREE AMBIKA AGENCIES,niravambika@rediffmail.com,9426158047,0,0
GUJARAT,Arvalli,SHOOLIN WATT PRIVATE LIMITED,shoolinwattpvtltd@gmail.com,9909967894,0,0
GUJARAT,Arvalli,SHIVRON INDUSTRY,shivronind.contr@gmail.com,9925248752,0,0
GUJARAT,Arvalli,SHIVDHARA SALES,shivdharasales8060@gmail.com,7433004040,0,0
GUJARAT,Arvalli,SHIVAY SOLAR ENERGY PRIVATE LIMITED,sanjay1482@gmail.com,7490013700,0,0
GUJARAT,Arvalli,SHIVAS SOLAR,shivassolar4418@gmail.com,9537611795,0,0
GUJARAT,Arvalli,SHIVAM SOLAR AND SERVICES,Parmardivyraj.77@gmail.com,8320732424,0,0
GUJARAT,Arvalli,SHIVAM SOLAR,solar.shivam2020@gmail.com,7575007551,0,0
GUJARAT,Arvalli,SHIVAM PHOTOVOLTICS PVT LTD,tenders@spvpl.com,9426023829,0,0
GUJARAT,Arvalli,SHIVAM ENERGY TECH,shivamenergytech2023@gmail.com,9687001450,0,0
GUJARAT,Arvalli,SHIVAM ELECTRICAL,kaushaldave2@gmail.com,9687575600,0,0
GUJARAT,Arvalli,SHIVA SOLAR ENERGY,admin@shivasolarenergy.com,9624220197,0,0
GUJARAT,Arvalli,SHIV SALES AGENCY,ghadiyabhaisolar08@gmail.com,9428798679,0,0
GUJARAT,Arvalli,SHINE SOLAR,shinesolar.marketing@gmail.com,7622023355,0,0
GUJARAT,Arvalli,SHINE ENERGY SOLUTION,info@shineenergysolution.in,9687959342,0,0
GUJARAT,Arvalli,SHAYONAAM ENTERPRISE,shayonaam12@gmail.com,9638766943,0,0
GUJARAT,Arvalli,SHAURYAM ENTERPRISE,shauryamsolarenterprise@gmail.com,9173645491,0,0
GUJARAT,Arvalli,SHATRAS AGRI,shatrasagri@gmail.com,9714616040,0,0
GUJARAT,Arvalli,SHARVA SOLAR,sharvasolar@gmail.com,9909449650,0,0
GUJARAT,Arvalli,SHANTI CORPORATION,info.shanticorporation@gmail.com,8980524444,0,0
GUJARAT,Arvalli,SHAKTI SOLAR SERVICE,ktptl52@gmail.com,9737854634,0,0
GUJARAT,Arvalli,SHAKTI GREEN ENERGY SERVICES,shakti.green25@gmail.com,9898860648,0,0
GUJARAT,Arvalli,SHAKTI GREEN ENERGY,shaktigreenenergy96@gmail.com,7405252123,0,0
GUJARAT,Arvalli,SHAKTI ENTERPRISE,shaktienterprise082025@gmal.com,8511288555,0,0
GUJARAT,Arvalli,SHAILEE PROJECTS PRIVATE LIMITED,shaileeprojects99@gmail.com,7600755058,0,0
GUJARAT,Arvalli,SGK SOLAR,sgksolarrjt@gmail.com,9313885348,0,0
GUJARAT,Arvalli,SEVENTH SKY RENEWABLE LLP,seventhskyrenewable@gmail.com,7874524574,0,0
GUJARAT,Arvalli,SEVEN SOLAR ENERGY,divyang@sevensolarenergy.com,9825554277,0,0
GUJARAT,Arvalli,SERVOTECH POWER SYSTEMS LIMITED,pmsuryaghar@servotechindia.com,9266918120,0,0
GUJARAT,Arvalli,SCION POWER,scionpower@yahoo.com,7043511106,0,0
GUJARAT,Arvalli,SC SOLAR SOLUTION,info@scsolarsolution.in,8780378144,0,0
GUJARAT,Arvalli,SAVIOR SOLAR ENERGY,saviorsolarenergy@outlook.com,8980517729,0,0
GUJARAT,Arvalli,SAVEGRID ENERGY,savegridenergy@gmail.com,6355785758,0,0
GUJARAT,Arvalli,SAVARIYA CORPORATION,savariyacorporation@gmail.com,9274166507,0,0
GUJARAT,Arvalli,SAURASHTRA SOLAR SERVICES LLP,SaurashtraSolar.Gujrat@gmail.com,9925448033,0,0
GUJARAT,Arvalli,SATYAY SOLAR,satyaysolar@gmail.com,9157716540,0,0
GUJARAT,Arvalli,SATYASARA ENERGY PRIVATE LIMITED,satyasaraenergy@gmail.com,9909365808,0,0
GUJARAT,Arvalli,SATYAM SOLAR,satyamsolar823@gmail.com,9227941770,0,0
GUJARAT,Arvalli,SATYAM ELECTRICALS,satyamelectrical@yahoo.com,9824256257,0,0
GUJARAT,Arvalli,SATYAKRISHNA LIGHTING,SATYAKRISHNALIGHTING@GMAIL.COM,9428369990,0,0
GUJARAT,Arvalli,SATTVA ENERGIES,sattvaenergies@gmail.com,8401156604,0,0
GUJARAT,Arvalli,SAT GREENTECH PRIVATE LIMITED,satgreentech25@gmail.com,8758957741,0,0
GUJARAT,Arvalli,SASA ENERGY LLP,sasaenergyllp@gmail.com,9099207722,0,0
GUJARAT,Arvalli,SARVAYOGAM SOLAR PRIVATE LIMITED,sarvayogamsolar@gmail.com,6356633355,0,0
GUJARAT,Arvalli,SARJAN CONSTRUCTION PVT LTD,info.solardiv@sarjanconstruction.com,8000052226,0,0
GUJARAT,Arvalli,SARDAR SOLAR ENERGY PRIVATE LIMITED,sardarsolarenergypvtltd015@gmail.com,9664915598,0,0
GUJARAT,Arvalli,SANTKRUPA ELECTRICALS,santkrupaelectricals19@gmail.com,8849254993,0,0
GUJARAT,Arvalli,SANJEE ENTERPRISE,sanjee.enterprise@gmail.com,9157353735,0,0
GUJARAT,Arvalli,SANJAY SOLAR,sbheaters@gmail.com,7016893192,0,0
GUJARAT,Arvalli,SANGANI ENTERPRISE,sanganienterprise1610@gmail.com,8347958992,0,0
GUJARAT,Arvalli,SANGAM ELECTRONICS CO,info.sangamsolar@gmail.com,9825929552,0,0
GUJARAT,Arvalli,SAMRUDDH SOLAR,samruddhsolar1@gmail.com,7859827859,0,0
GUJARAT,Arvalli,SAMRUDDDHI ENTERPRISE,samruddhienterprise22@gmail.com,9033676399,0,0
GUJARAT,Arvalli,SAMPTEL ENERGY PRIVATE LIMITED,project@samptelenergy.com,9727755187,0,0
GUJARAT,Arvalli,SAMAR SOLAR,samarsolar183@gmail.com,7046164346,0,0
GUJARAT,Arvalli,SAMAR ENERGY SOLUTIONS,samarenergysolutions@gmail.com,9662727432,0,0
GUJARAT,Arvalli,SAICAB TECH PVT LTD,info@saicabtech.com,8511130328,0,0
GUJARAT,Arvalli,SAHJANAND ENTERPRISE,sahjanandeprise@gmail.com,9737671777,0,0
GUJARAT,Arvalli,SAHAYOG ENERGY,sahayogenergy@gmail.com,9429124424,0,0
GUJARAT,Arvalli,SAHAJ SOLAR PRIVATE LIMITED,bparmar@sahajsolar.com,7573006832,0,0
GUJARAT,Arvalli,SAFVI ELECTRICALS SOLUTIONS,safvielectricalssolutions2013@gmail.com,9374754648,0,0
GUJARAT,Arvalli,SAFFRON RENEWTECH,saffronrenewtech24@gmail.com,7600507557,0,0
GUJARAT,Arvalli,SAFECON INDUSTRIAL MAINTENANCE & ENGINEERING SERVICES,safeconservices2013@gmail.com,9925854491,0,0
GUJARAT,Arvalli,SADGURU SOLAR SYSTEMS,sadgurusolarsystems@gmail.com,9687621666,0,0
GUJARAT,Arvalli,SADGURU ELECTRICALS,sadguruelectricals23@gmail.com,9714715649,0,0
GUJARAT,Arvalli,SAAN ELECTRICAL,saanelectrical@gmail.com,9033735490,0,0
GUJARAT,Arvalli,S P MULTI ENGINEERING SERVICES,spmultiengineeringservices@gmail.com,9104556095,0,0
GUJARAT,Arvalli,S MEERA ELECTRICALS,s.meeraelectricals@gmail.com,9328249939,0,0
GUJARAT,Arvalli,S DIPAK AND CO,sdipaksolar@gmail.com,9898664858,0,0
GUJARAT,Arvalli,RVV SOLAR PRIVATE LIMITED,rvvsolarpvtltd@gmail.com,8160825026,0,0
GUJARAT,Arvalli,RVMOVALIYA CONSTRUCTION CO,rvmovaliya.solarenergy@gmail.com,9724543742,0,0
GUJARAT,Arvalli,RV INFOTECH,rvinfotech2020@gmail.com,8141560037,0,0
GUJARAT,Arvalli,RUPABHAI MAGANBHAI PATEL,RMP.GEMPORTAL@GMAIL.COM,9426004861,0,0
GUJARAT,Arvalli,RUDRASOL ENERGY PRIVATE LIMITED,rudrasolenergy@gmail.com,9408397604,0,0
GUJARAT,Arvalli,RUDRAKSH SOLAR POWER,rudrakshsolarpower@gmail.com,9016203365,0,0
GUJARAT,Arvalli,RUDRAKSH ELECTRICALS,rudrakshelectricals4@gmail.com,6353460657,0,0
GUJARAT,Arvalli,RUDRA SOLAR AND ELECTRICAL,rudrasolar2019@gmail.com,9510514672,0,0
GUJARAT,Arvalli,RUDRA ENTERPRISE,rudraenterprise1110@gmail.com,8758462848,0,0
GUJARAT,Arvalli,RUDRA ELECTRICALS,ravi.sabhani@rudraelectricals.co.in,9722643233,0,0
GUJARAT,Arvalli,RSV POWER ENGINEERING,rsv.power.engineering@gmail.com,9033590507,0,0
GUJARAT,Arvalli,ROYAL ENTERPRISE,royalenterprise.vadodara@gmail.com,6352205345,0,0
GUJARAT,Arvalli,ROLEX GREEN ENERGY,ghediyamilan@gmail.com,9429476592,0,0
GUJARAT,Arvalli,RK RENEWABLE ENERGY & ENGINEERING WORKS,rkrenewable.engineering2020@gmail.com,9824961523,0,0
GUJARAT,Arvalli,RITUDHAN SOLAR POWER,ritudhansolarpower@gmail.com,9879111390,0,0
GUJARAT,Arvalli,RISING SUN ENERGY,risingsunenergy2018@gmail.com,7405303305,0,0
GUJARAT,Arvalli,RISING GREEN ENERGY,rgesolar@gmail.com,9033119375,0,0
GUJARAT,Arvalli,RIMPLE CORPORATION LLP,rimpleco@gmail.com,6351076702,0,0
GUJARAT,Arvalli,RIGHT POWER INFRA PVT LTD,darshana@right-infra.com,9898661067,0,0
GUJARAT,Arvalli,RIDHAM ENTERPRISE,ridhamenterprise770@gmail.com,6351158633,0,0
GUJARAT,Arvalli,RIDDLE ENERGY PVT. LTD.,riddleenergy2101@gmail.com,9879556196,0,0
GUJARAT,Arvalli,RIA SOLAR,riasolar2021@gmail.com,8320210323,0,0
GUJARAT,Arvalli,RIA POWER,riapower24@gmail.com,8758463929,0,0
GUJARAT,Arvalli,RG SOLAR SOLUTIONS,info@rgsolarsolutions.com,7718719713,0,0
GUJARAT,Arvalli,REVA RENEWABLES,revarenewables@gmail.com,6358844490,0,0
GUJARAT,Arvalli,RESONAGE GREEN ENERGY PRIVATE LIMITED,rgepl2024gujarat@gmail.com,9879402000,0,0
GUJARAT,Arvalli,RENEWZA ENERGY,renewzaenergy@gmail.com,8511148225,0,0
GUJARAT,Arvalli,RENEWIX INNOVATIONS PVT LTD,hello@renewix.in,9998980947,0,0
GUJARAT,Arvalli,RENEWABLE SUN SOLAR,renewablesunsolar@gmail.com,7600201198,0,0
GUJARAT,Arvalli,RENEW ENERGIES,information.renew@gmail.com,7405507073,0,0
GUJARAT,Arvalli,RENEVIK SOLAR SOLUTIONS PRIVATE LIMITED,sejal.c@vikasaryagroup.com,9327572645,0,0
GUJARAT,Arvalli,RENEURJA ENERGY,reneurjaenergy@gmail.com,8460611110,0,0
GUJARAT,Arvalli,RENESYS POWER SYSTEMS PRIVATE LIMITED,project@renesys.in,7069751110,0,0
GUJARAT,Arvalli,RENAISSANCE CORPORATE SOLUTIONS PVT. LTD.,rcplsolar@gmail.com,9572032363,0,0
GUJARAT,Arvalli,RELIGHT ENERGY LLP,relightenergy.info@gmail.com,8000194738,0,0
GUJARAT,Arvalli,RELIABLE ELECTRIX,reliableelectrix@gmail.com,9925448033,0,0
GUJARAT,Arvalli,REKSON ELECTROTECH,REKSONELECTROTECH37@GMAIL.COM,9904994494,0,0
GUJARAT,Arvalli,REGAL ELECTRICALS,balochvikarali60@gmail.com,8141028100,0,0
GUJARAT,Arvalli,REFLECTION SOLAR & ENERGY PRIVATE LIMITED,piyushraval.1984@gmail.com,9725019493,0,0
GUJARAT,Arvalli,REFLECT SOLAR,reflect.solar.energy@gmail.com,9998419211,0,0
GUJARAT,Arvalli,REEWA SOLAR ENERGY,reewasolarenergy@gmail.com,9879353053,0,0
GUJARAT,Arvalli,REDSUN SOLAR INDUSTRIES,info@redsunin.com,9825632875,0,0
GUJARAT,Arvalli,REDREN ENERGY PVT LTD,rooftop@redren.in,9104591041,0,0
GUJARAT,Arvalli,RECARE ELECTRICAL LLP,projects.recare@gmail.com,7600184425,0,0
GUJARAT,Arvalli,REAL MULTIPLE SOLUTIONS,rmssolar.bhavnagar@rediffmail.com,9099722722,0,0
GUJARAT,Arvalli,RE360,gogreen@re360.in,8258976667,0,0
GUJARAT,Arvalli,RD ENERGY SOLUTIONS,rdenergysolutions@outlook.com,8866226473,0,0
GUJARAT,Arvalli,RAYOLT ENERGY LLP,info@rayolt.com,9998745706,0,0
GUJARAT,Arvalli,RAYCAL POWER INFRA PVT LTD,darshan@raycal.in,6358196472,0,0
GUJARAT,Arvalli,RAY ENERGY,info.rayenergy@gmail.com,8401481453,0,0
GUJARAT,Arvalli,RAVIJA ENTERPRISES,ravijaenterprises09@gmail.com,6356956938,0,0
GUJARAT,Arvalli,RANJAN INDUSTRIES,ranjan28496@gmail.com,9924818113,0,0
GUJARAT,Arvalli,RAMESH POWER POINTS,rameshpowerpoint@gmail.com,9825225585,0,0
GUJARAT,Arvalli,RAMDEV SOLAR SYSTEM,ramdevsolarsytem@gmail.com,8758911969,0,0
GUJARAT,Arvalli,RAMAA SOLAR,ramaasolar@gmail.com,8866697632,0,0
GUJARAT,Arvalli,RAJKOT E-BIKES AND SOLAR,rajkotebikesandsolar@gmail.com,8306020890,0,0
GUJARAT,Arvalli,RAJDEEP SOLAR ENERGY PVT. LTD.,dharmesh@rajdeepsolarnergy.com,9099089749,0,0
GUJARAT,Arvalli,RAJAVI ELECTRICAL SERVICES,rajvielectricalservices@gmail.com,9723613718,0,0
GUJARAT,Arvalli,RAJANJI ENTERPRISE,RAJANJI72.LV@GMAIL.COM,8849116749,0,0
GUJARAT,Arvalli,RAJANI MOTORS,rajanimotors21@gmail.com,7227807262,0,0
GUJARAT,Arvalli,RAJ ELECTRICALS,solar.rajelectricals@gmail.com,9998656539,0,0
GUJARAT,Arvalli,RAICHURA ENERGY,raichuraenergy@gmail.com,9879152830,0,0
GUJARAT,Arvalli,RAGHURAM SOLAR POWER GREEN ENERGY LLP,raghuramsolar9@gmail.com,7575019877,0,0
GUJARAT,Arvalli,RADIANT SOLAR SYSTEMS,bhargavec40@gmail.com,9408503198,0,0
GUJARAT,Arvalli,RADIANT SOLAR SOLUTIONS,paresh@radiantsolarsolution.com,9979632096,0,0
GUJARAT,Arvalli,RADIANT SOLAR ENERGY,info@radiantsolarenergy.co.in,9512337513,0,0
GUJARAT,Arvalli,RADIANT INDIA,RADIANTINDIA007@GMAIL.COM,9163559963,0,0
GUJARAT,Arvalli,RADIANT GREENS SOLAR,info@radiantgreens.in,8140316334,0,0
GUJARAT,Arvalli,RADIANT GREEN SOLUTIONS,davda.manthan@yahoo.in,9978911803,0,0
GUJARAT,Arvalli,RADHASWAMI CORPOPRATION,radhaswamicorporation1@gmail.com,9687607072,0,0
GUJARAT,Arvalli,RABBIT ELECTRICAL AND SOLAR PVT. LTD.,respvtltd24@gmai.com,9727646420,0,0
GUJARAT,Arvalli,RAASON ENERTECH LLP,info@raasonenertech.com,9624768483,0,0
GUJARAT,Arvalli,R. K. CONSTRUCTION,rkconstruction101@gmail.com,9106065865,0,0
GUJARAT,Arvalli,R N SALES CORPORATION,r.tech.2000@gmail.com,9574472134,0,0
GUJARAT,Arvalli,R K BHABHOR,rkbhabhor78@gmail.com,9909161378,0,0
GUJARAT,Arvalli,R C ELECTRICALS,info@rcelectricals.in,9824757160,0,0
GUJARAT,Arvalli,R B RENEWABLES LLP,info@brrenewables.com,9898985672,0,0
GUJARAT,Arvalli,PYRAMID PROJECTS,pyramidsolarindia@gmail.com,9726430137,0,0
GUJARAT,Arvalli,PV RENEWABLES,keyurdudhat871@gmail.com,9714872871,0,0
GUJARAT,Arvalli,PV RAYS ENERGY,pvraysenergy@gmail.com,9898097222,0,0
GUJARAT,Arvalli,PURNIMA SOLAR ENERGY,rpateldeesa@gmail.com,9824320856,0,0
GUJARAT,Arvalli,PURMA ENERGY PVT LTD,purmaenergy@gmail.com,7069628193,0,0
GUJARAT,Arvalli,PROTON POWER SERVICE,sprotonpower@gmail.com,9033765370,0,0
GUJARAT,Arvalli,PROSTARM INFO SYSTEMS LIMITED,mktg.ahm@prostarm.com,9316466272,0,0
GUJARAT,Arvalli,PROSPER ENTERPRISE,prosperenterprise07@gmail.com,9824420913,0,0
GUJARAT,Arvalli,PROMECH SOLAR ENERGY,promechsolarenergy@gmail.com,9662026679,0,0
GUJARAT,Arvalli,PRIYANKA ENTERPRISE,enterpriseriya8002@gmail.com,9913032779,0,0
GUJARAT,Arvalli,PRIVA ENTERPRISE,vickysheth1987@gmail.com,9825241949,0,0
GUJARAT,Arvalli,PRISM ECOENERGIA PRIVATE LIMITED,info@prismecoenergia.com,9704710101,0,0
GUJARAT,Arvalli,PRISHA CORPORATION,prishacorporation183@gmail.com,9825505023,0,0
GUJARAT,Arvalli,PRINCE ELECTRICAL,princeelectrical20@gmail.com,8866507173,0,0
GUJARAT,Arvalli,PRIME ENERGY,primeenergy321@gmail.com,9512022199,0,0
GUJARAT,Arvalli,PRAYOSHAM SOLAR ENERGY,jayrajp880@gmail.com,9574242883,0,0
GUJARAT,Arvalli,PRAYOSHA CORPORATION,prayoshacorporation.india@gmail.com,9825390162,0,0
GUJARAT,Arvalli,PRATYUSH RENEWABLE ENERGY PRIVATE LIMITED,pratyushrenewables@gmail.com,8780737839,0,0
GUJARAT,Arvalli,PRATIKSHA ENTERPRISE,pratikshaenterprise1006@gmail.com,8238516417,0,0
GUJARAT,Arvalli,PRANIL CORPORATION,riddhistart@yahoo.co.in,9825411575,0,0
GUJARAT,Arvalli,PRANIK POWER INFRA PRIVATE LIMITED,solar.pranik@gmail.com,9925237347,0,0
GUJARAT,Arvalli,PRAKASH PUMP INDUSTRIES,prakashpumpindustries@gmail.com,9687222263,0,0
GUJARAT,Arvalli,PRAHAR SOLAR SOLUTIONS,info.praharsolar@gmail.com,9016360702,0,0
GUJARAT,Arvalli,PRAGATI URZA PRIVATE LIMITED,pragatiurza@gmail.com,8347009697,0,0
GUJARAT,Arvalli,PRAGATI ENTERPRISE,pragatienterprise1985@gmail.com,9825254567,0,0
GUJARAT,Arvalli,PRACHI GREEN GREEN ENERGY PVT LTD,prachigreenenergy@gmail.com,9737830854,0,0
GUJARAT,Arvalli,POWERTRONICS TECHNOLOGY,powertronics1990@gmail.com,9974772070,0,0
GUJARAT,Arvalli,POWERTRAC INDUSTRIES LIMITED,info@powertracsolar.com,7573014610,0,0
GUJARAT,Arvalli,POWERTECH ENGINEERS SURAT,sanatbarot@gmail.com,9377625242,0,0
GUJARAT,Arvalli,POWERSOL,office@re.digital,9016681762,0,0
GUJARAT,Arvalli,POWERON ELECTRICAL,poweron.electricalservice@gmail.com,7990528002,0,0
GUJARAT,Arvalli,POWERMAC TECHNOLOGY,info@powermacgroup.com,9099939972,0,0
GUJARAT,Arvalli,POWER SYSTEM,powersystem2k11@gmail.com,9898068224,0,0
GUJARAT,Arvalli,POWER RISE,powerrise16@gmail.com,8460145311,0,0
GUJARAT,Arvalli,POWER PLUS ENERGY,powerplussolarenergy@gmail.com,9998183339,0,0
GUJARAT,Arvalli,POWER PLUS,powerplusbhabhar@gmail.com,8128435584,0,0
GUJARAT,Arvalli,POWER PACK SOLUTIONS,powerpacksolutions12195@gmail.com,9725787004,0,0
GUJARAT,Arvalli,POWER GENESYS ENERGY SOLUTIONS PRIVATE LIMITED,subbu@powergenesys.com,8618279431,0,0
GUJARAT,Arvalli,POOJA ELECTRICALS,PE9711@gmail.com,8758668166,0,0
GUJARAT,Arvalli,POOJA ELECTRICALS,poojaelectrical21@gmail.com,7434034056,0,0
GUJARAT,Arvalli,POINTER INSTRUMENTS SERVICES,pointer1729@gmail.com,9033543187,0,0
GUJARAT,Arvalli,PLUGIN ELECTRICAL,info@pluginelectrical.in,9512020316,0,0
GUJARAT,Arvalli,PIXON GREEN ENERGY PRIVATE LIMITED,tender@pixonenergy.in,7229035912,0,0
GUJARAT,Arvalli,PHOTOVOLTAIC SOLAR,info@photovoltaicsolar.in,8866488000,0,0
GUJARAT,Arvalli,PHOTONICS WATERTECH PRIVATE LIMITED,vasant@photonicslights.com,6353704460,0,0
GUJARAT,Arvalli,PHOENIX RENEWABLE ENERGY,PHOENIXRE6@GMAIL.COM,9586110114,0,0
GUJARAT,Arvalli,PHOENIX CREATIONS LIMITED,phoenixcreations2011@gmail.com,9978578599,0,0
GUJARAT,Arvalli,PETLAD SOJITRA TALUKA SAURAURJA UTPADAK SAHKARI MANDALI LIMITED,pssumandali@gmail.com,8140968999,0,0
GUJARAT,Arvalli,PERFECT RENEWTECH PRIVATE LIMITED,info@perfectrenewtech.com,9965200700,0,0
GUJARAT,Arvalli,PEGASUS POWER AND INFRA LLP,info@pegasusllp.com,8160259454,0,0
GUJARAT,Arvalli,PDF ENGINEERS PRIVATE LIMITED,project2.pepl@gmail.com,8803910391,0,0
GUJARAT,Arvalli,PAVAN ENERGY,pavanenergy1209@gmail.com,7016265112,0,0
GUJARAT,Arvalli,PATIDAR ENTERPRISE,patidarenterprise13@gmail.com,8980312782,0,0
GUJARAT,Arvalli,PATEL JOYATABHAI GALABHAI,pateljoytabhai1134@gmail.com,9724674544,0,0
GUJARAT,Arvalli,PATEL GREEN ENERGY SALES AND SERVICE,patelgreenenergyinfo@gmail.com,9427412983,0,0
GUJARAT,Arvalli,PATEL ELECTRONICS,hardikpatelelec@gmail.com,9377767508,0,0
GUJARAT,Arvalli,PATEL ELECTRICALS,info.patelelectricals@gmail.com,9998896555,0,0
GUJARAT,Arvalli,PASHAVA ENERGY PRIVATE LIMITED,pashavaenergy@yahoo.com,9909904332,0,0
GUJARAT,Arvalli,PARTHKUMAR VIKRAMBHAI KAMANIYA,kpv2322@gmail.com,9313098584,0,0
GUJARAT,Arvalli,PARTH SALES,parthsalessolar@gmail.com,9712426671,0,0
GUJARAT,Arvalli,PAROT RENEWABLES LIMITED,gn@parotrenewables.com,9274692942,0,0
GUJARAT,Arvalli,PARMAR ENTERPRISE,parmarenterprise2024@gmail.com,9574944345,0,0
GUJARAT,Arvalli,PARK SHELDRAKE,parksheldrake@gmail.com,7862991878,0,0
GUJARAT,Arvalli,PARISHRAM INFOENERGY,parishraminfoenergy@gmail.com,9909433132,0,0
GUJARAT,Arvalli,PARESH S. VAIDYA,parvaidya2012@gmail.com,9879529203,0,0
GUJARAT,Arvalli,PARECHA ENTERPRISES,sagarmparecha999@gmail.com,9537704244,0,0
GUJARAT,Arvalli,PARAS TECHNOCRAT PVT. LTD,info@parastechnocrat.in,7621983131,0,0
GUJARAT,Arvalli,PANCHAMRUT ENTERPRISE,panchamrut2019@gmail.com,7016103662,0,0
GUJARAT,Arvalli,PANAROOF ENERGY,panaroofenergy@outlook.com,9428449365,0,0
GUJARAT,Arvalli,PAHAL SOLAR EPC LLP,avinash@pahalsolar.com,9512323223,0,0
GUJARAT,Arvalli,P V ENERGY,pvenergy999@gmail.com,9924195999,0,0
GUJARAT,Arvalli,P C LINK ENTERPRISE,pclinkenterprise@gmail.com,8238053941,0,0
GUJARAT,Arvalli,OXEN ENERGIES,oxenenergies@gmail.com,8866699444,0,0
GUJARAT,Arvalli,ORTEX CORPORATION,ortexcorporation@gmail.com,9276103457,0,0
GUJARAT,Arvalli,ONEVOLT GREEN PVT LTD,onevoltgreens@gmail.com,9925292721,0,0
GUJARAT,Arvalli,ONETIME SOLAR SYSTEM,onetimesolarsystem@gmail.com,9925296957,0,0
GUJARAT,Arvalli,OMKARA INFOTECH,omkarinfotechlakhani@gmail.com,9428847854,0,0
GUJARAT,Arvalli,OMEGA POWER,omegapower2018@gmail.com,7990226349,0,0
GUJARAT,Arvalli,OM SOLAR,VIPULKUMARPATEL43@YAHOO.IN,9714384884,0,0
GUJARAT,Arvalli,OM SHANTI SOLAR GROUP,omshantisolar@gmail.com,8530122612,0,0
GUJARAT,Arvalli,OM SHANTI MACHINERIES EXIM,grandosolar@gmail.com,9824868078,0,0
GUJARAT,Arvalli,OM SALES ENTERPRISE,rahul.redrenbardoli@gmail.com,9428631515,0,0
GUJARAT,Arvalli,OM ELECTRICALS,jaydratsinhzala09@gmail.com,9265589234,0,0
GUJARAT,Arvalli,ODHAV ENTERPRISE,odhaventerpriseindia@gmail.com,9033231303,0,0
GUJARAT,Arvalli,OCTA ENTERPRISE,octaenterprise7@gmail.com,8469023543,0,0
GUJARAT,Arvalli,OCEANIC POWER ENGINEERS PRIVATE LIMITED,oceanicpower.in@gmail.com,7778065600,0,0
GUJARAT,Arvalli,NYALKARAN RENEWABLE ENERGY,nyalkaranrenewableenergy@gmail.com,9998473073,0,0
GUJARAT,Arvalli,NYALKARAN ENERGY LLP,kaushik@nyalkaranenergy.com,9825412783,0,0
GUJARAT,Arvalli,NVVP GREEN ENERGY PRIVATE LIMITED,nvvpgreenepl@gmail.com,9979941234,0,0
GUJARAT,Arvalli,NUJUM INDUSTRIES PRIVATE LIMITED,thenujum@gmail.com,9375188422,0,0
GUJARAT,Arvalli,NU SOLAR INFRACON PRIVATE LIMITED,nu.solar.infracon@gmail.com,9033181196,0,0
GUJARAT,Arvalli,NRS SOLAR SOLUTION,info.nrssolarsolution@gmail.com,8488953026,0,0
GUJARAT,Arvalli,NP RENEWABLE ENERGY,nprenewableenergy@gmail.com,7016917174,0,0
GUJARAT,Arvalli,NORTHGREEN ENERGY PVT LTD,solar@northgreenenergy.com,9099931707,0,0
GUJARAT,Arvalli,NJ ELECTRICALS,njelectricals.21@gmail.com,9886309619,0,0
GUJARAT,Arvalli,NIVAN ENERGY,nivanenergy@gmail.com,9998820905,0,0
GUJARAT,Arvalli,NISHRAY SOLAR,mkshahexport@gmail.com,9825409639,0,0
GUJARAT,Arvalli,NIRAJ TRADERS,nirajtraders@yahoo.com,9825030321,0,0
GUJARAT,Arvalli,NINE TECH AUTOMATION,ninetechautomation09@gmail.com,9313375388,0,0
GUJARAT,Arvalli,NILKANTH ENTERPRISE,nilkanthenterprise96@gmail.com,9157369603,0,0
GUJARAT,Arvalli,NILESH ENGINEERS,nileshengineers57@gmail.com,9033005732,0,0
GUJARAT,Arvalli,NIL ENGINEERING,nil.engineering@yahoo.com,9228387183,0,0
GUJARAT,Arvalli,NIHAL ENTERPRISE,rehanadonakiya786@gmail.com,8733978072,0,0
GUJARAT,Arvalli,NIDHI ELECTRICALS,thakkarumang82@gmail.com,9409322020,0,0
GUJARAT,Arvalli,NEXUS RENEWTECH,nexusrenewtech@gmail.com,8849277955,0,0
GUJARAT,Arvalli,NEWYORK ENGINEERING CO.,akashenergysolar@gmail.com,9824206059,0,0
GUJARAT,Arvalli,NEW RESEARCH TECHNOLOGY,nrtsolar@gmail.com,9427809253,0,0
GUJARAT,Arvalli,NES ENERGY SOLUTIONS,info.nesenergy@gmail.com,9825071551,0,0
GUJARAT,Arvalli,NEOTERIX SOLUTION PVT. LTD.,neoterixsolutions@gmail.com,9414010579,0,0
GUJARAT,Arvalli,NEETY EURO ASIA SOLAR ENERGY,falgun@nease.in,9909595442,0,0
GUJARAT,Arvalli,NEELKANTHESHWAR SOLAR ENERGY,neelkantheshwarsolarenergy@gmail.com,8460048549,0,0
GUJARAT,Arvalli,ND ENERGY INDIA PRIVATE LIMITED,ndenergyindia@gmail.com,8000001124,0,0
GUJARAT,Arvalli,NAYRA ELECTRONICS,info.nayraelectronics@gmail.com,9054244430,0,0
GUJARAT,Arvalli,NAVKAR POWER SOLUTIONS,contact@navkarpower.co.in,9879613334,0,0
GUJARAT,Arvalli,NAVKALP GROUPS,navkalprenewable@gmail.com,8460109090,0,0
GUJARAT,Arvalli,NAVI ENERGY,contact@navienergy.in,9979435742,0,0
GUJARAT,Arvalli,NATURE CARE ADVISORS,naturecare.gujarat@gmail.com,8469991098,0,0
GUJARAT,Arvalli,NAMAH SOLAR ENERGY,namahsolar@gmail.com,6351500821,0,0
GUJARAT,Arvalli,NAKSHATRA INFOSYS,nakshatrainfosys178@gmail.com,9909697193,0,0
GUJARAT,Arvalli,NAKSH POWER,bhumikarana1989@gmail.com,8141113593,0,0
GUJARAT,Arvalli,N J ENERGY,nj.energy9@gmail.com,7487022943,0,0
GUJARAT,Arvalli,MS SOLAR SPARK,mssolarspark7@gmail.com,9825590311,0,0
GUJARAT,Arvalli,MS SOLAR,shersiyamujahid@gmail.com,9725097291,0,0
GUJARAT,Arvalli,MOVA GREEN ENERGY,movagreenenergy1112@gmail.com,7778033298,0,0
GUJARAT,Arvalli,MOTHER ELECTRICALS,motherelectricals@yahoo.com,8128105018,0,0
GUJARAT,Arvalli,MNS GLOBAL ENGINEERING AND SERVICES,mnsglobalengineeringservices@gmail.com,9727207075,0,0
GUJARAT,Arvalli,MK ENTERPRISE,mkenterprise061@gmail.com,8780069239,0,0
GUJARAT,Arvalli,MK ELECTRICALS,digant.shah10@gmail.com,9825349554,0,0
GUJARAT,Arvalli,MK ELECTRICAL AND CO,mkelectrical.co@gmail.com,8866525483,0,0
GUJARAT,Arvalli,MITTALS GREEN ENERGY PRIVATE LIMITED,info@mittalsgreenenergy.com,8053004999,0,0
GUJARAT,Arvalli,MITRAYA ELECTRICAL,mitrayaelectrical@gmail.com,7016415834,0,0
GUJARAT,Arvalli,MITRAY ENGINEERING,mitray.engineering@gmail.com,7621895796,0,0
GUJARAT,Arvalli,MITCON CONSULTANCY AND ENGINEERING SERVICES LTD,tendercell@mitconindia.com,7447420680,0,0
GUJARAT,Arvalli,MICROVISE SOLUTIONS,info@microviseindia.com,7778092462,0,0
GUJARAT,Arvalli,MH POWER SYSTEM,info.mhpowersystem@gmail.com,9016581006,0,0
GUJARAT,Arvalli,MFINS SERVICES PVT. LTD.,vidya@m-fins.in,8356843342,0,0
GUJARAT,Arvalli,MESHWA ENTERPRISE,meshwaelectricals@gmail.com,9574409148,0,0
GUJARAT,Arvalli,MERIDIAN INTERNATIONAL,ghetiya.ashish@gmail.com,7990847552,0,0
GUJARAT,Arvalli,MEHUL ELECTRIC,fivestarsolar2025@gmail.com,7984547908,0,0
GUJARAT,Arvalli,MEGHAL POWER,meghalpower23@gmail.com,9712726390,0,0
GUJARAT,Arvalli,MEERASUN ENERGY,meerasunenergy@gmail.com,9016680239,0,0
GUJARAT,Arvalli,MEERA SUN ENERGIES,info@meerasunenergies.com,8200447359,0,0
GUJARAT,Arvalli,MEENA SOLAR,ripalsonpal@gmail.com,8408944904,0,0
GUJARAT,Arvalli,MECPOWER SOLUTIONS LIMITED,tender@mecpower.in,9328911577,0,0
GUJARAT,Arvalli,MEAN RAYS RENEWABLE POWER PRIVATE LIMITED,sales.meanrays@gmail.com,9898251352,0,0
GUJARAT,Arvalli,MD ENERGIES,mdenergies01@gmail.com,9099260004,0,0
GUJARAT,Arvalli,MBTION ENGINEERING,mbtionengineering@gmail.com,8320565108,0,0
GUJARAT,Arvalli,MAXSUN ENERGY PRIVATE LIMITED,maxsunsolarenergy@gmail.com,7990361324,0,0
GUJARAT,Arvalli,MAXIM ENERGY,maximenergy21@gmail.com,9265123804,0,0
GUJARAT,Arvalli,MAXIFLUENCE TECHNOVATE LLP,info@maxifluencetechnovate.com,9662298809,0,0
GUJARAT,Arvalli,MATRIX ENTERPRISE,matrixsolar41@gmail.com,8905314234,0,0
GUJARAT,Arvalli,MARUTI SUNSOLREN,marutisunsolren@gmail.com,8238145153,0,0
GUJARAT,Arvalli,MARUTI SOLAR SYSTEMS,dinesh.navar@gmail.com,9409080149,0,0
GUJARAT,Arvalli,MARUTI SOLAR PUMP SYSTEM,patelsandip0226@gmail.com,9426849250,0,0
GUJARAT,Arvalli,MARUTI ENTERPRISE,marutienterprise148@gmail.com,7698803938,0,0
GUJARAT,Arvalli,MARUTI ENERGY,marutienrgy@gmail.com,9033408939,0,0
GUJARAT,Arvalli,MAPSTECH SYSTEMS,mapstechsystems@gmail.com,9998854510,0,0
GUJARAT,Arvalli,MAPS TECHNO SOLUTIONS,mapstechnosolutions@gmail.com,9974386038,0,0
GUJARAT,Arvalli,MANYAH ENERGY PVTLTD,manyahenergy@gmail.com,9925065224,0,0
GUJARAT,Arvalli,MANGROLIYA NIKUNJ J.,nikunjmangroliya54@gmail.com,8866685082,0,0
GUJARAT,Arvalli,MANAN SOLAR,manansolar2022@gmail.com,9714352719,0,0
GUJARAT,Arvalli,MAKE INSIDE SOLUTIONS,info@makeinside.co.in,9898302030,0,0
GUJARAT,Arvalli,MAHEK SOLAR POWER,mahek.tech1@gmail.com,9925805953,0,0
GUJARAT,Arvalli,MAHALAXMI ELECTRICALS - AHEMDABAD,mahalaxmi.electricals_07@yahoo.com,8238914975,0,0
GUJARAT,Arvalli,MAHAKALI POWER,mahakalipower9252@gmail.com,9687209519,0,0
GUJARAT,Arvalli,MAHADEV SOLAR ENTERPRISE,mahadevsolar2526@gmail.com,8758610449,0,0
GUJARAT,Arvalli,MAHADEV SOLAR ENETERPRISE,mahadevsolarjamnagar@gmail.com,9978999939,0,0
GUJARAT,Arvalli,MAHADEV SALES AGENCY,mahadevsolarproject@gmail.com,7393939139,0,0
GUJARAT,Arvalli,MAGLARE TECHNOLOGIES PVT.LTD.,info@maglare.com,8460183838,0,0
GUJARAT,Arvalli,MADHVAN POLYPLAST PVT. LTD.,cmp.madhavanpolyplast@gmail.com,9104306162,0,0
GUJARAT,Arvalli,MADHULI CORPORATION,madhulicorporation@gmail.com,9904990630,0,0
GUJARAT,Arvalli,MADHAV SOLAR ENERGY LIMITED (FORMERLY KNOWN AS MADHAV ENTERPRISE - SURAT),info@madhavsolarenergy.com,8849299212,0,0
GUJARAT,Arvalli,MADHAV GREEN ENERGY,madhavgreene@gmail.com,9408102358,0,0
GUJARAT,Arvalli,MADHAV ENTERPRISE,madhavsolarshop@gmail.com,7990485674,0,0
GUJARAT,Arvalli,MADHAV ELECTRICAL,madhavelectrical23@gmail.com,9426755766,0,0
GUJARAT,Arvalli,MAA MOGAL ENTERPRISE,maamogale1999@gmail.com,8401237990,0,0
GUJARAT,Arvalli,M SUN ENERGY,msunenergy30@gmail.com,9104145599,0,0
GUJARAT,Arvalli,M R ENTERPRISE,mrenterprisesolar@gmail.com,9924370232,0,0
GUJARAT,Arvalli,M M PARMAR,sunlightenergy09@outlook.com,9227092099,0,0
GUJARAT,Arvalli,LUCRATIVE ENERGY PRIVATE LIMITED,lucrativein24@gmail.com,9408152427,0,0
GUJARAT,Arvalli,LUCIDUS ENERGY PRIVATE LIMITED,lucidusenergy21@gmail.com,9327990722,0,0
GUJARAT,Arvalli,LOGICTECH SOLAR AND AUTOMATION PVT LTD,logictechsolar@gmail.com,9429580846,0,0
GUJARAT,Arvalli,LOBEL SOLAR POWER SYSTEM,info@lobelpower.com,9327007854,0,0
GUJARAT,Arvalli,LIGHTWELL SOLAR,lightwellsolar@gmail.com,9054524293,0,0
GUJARAT,Arvalli,LIGHTRIC POWER SOLUTION,lightricpower@gmail.com,6355768984,0,0
GUJARAT,Arvalli,LIGHTFLOW INDIA SOLAR,lightflowindia@gmail.com,8000835616,0,0
GUJARAT,Arvalli,LIFE MAGIC MARVELL STORE PRIVATE LIMITED,lifemagicmarvel@gmail.com,9098698493,0,0
GUJARAT,Arvalli,LGM ENERGY AND INFRACON LLP,lgmenergyandinfraconllp@gmail.com,7574000906,0,0
GUJARAT,Arvalli,LED LIGHT HOUSE,ledlighthouse161921@gmail.com,9624132754,0,0
GUJARAT,Arvalli,LAXMI HI TECH,laxmihitech36@gmail.com,7046494649,0,0
GUJARAT,Arvalli,LA CARTE RETAILERS PVT LTD,lacarte09@gmail.com,9909920700,0,0
GUJARAT,Arvalli,L L ELECTRICALS,llelect89@yahoo.com,9879078908,0,0
GUJARAT,Arvalli,L G ELECTRICALS,lgelectricals29@gmail.com,9825949200,0,0
GUJARAT,Arvalli,KVP SOLAR AND SOLUTION,kvpsolarandsolution.22@gmail.com,9033343105,0,0
GUJARAT,Arvalli,KUTCH SOLAR AND EV,kutchsolarev@gmail.com,9725436751,0,0
GUJARAT,Arvalli,KUNTHU CONSULTANTS PVT LTD,neelesh@kunthusolar.com,7405992700,0,0
GUJARAT,Arvalli,KT SOLAR ENERGY,KTSOLARENERGY14418@GMAIL.COM,9033092122,0,0
GUJARAT,Arvalli,KSHETRAPAL GREEN ENERGY,kshetrapalgreenenergy@gmail.com,7874098869,0,0
GUJARAT,Arvalli,KRIVI ENERGY PRIVATE LIMITED,solar@krivienergy.com,9326275972,0,0
GUJARAT,Arvalli,KRIVA TECHNOLOGIES,krivasolartechnologies@gmail.com,7227074480,0,0
GUJARAT,Arvalli,KRITA GREEN ENERGY,admin@kritagreenenergy.in,9824998266,0,0
GUJARAT,Arvalli,KRISHNA ENTERPRISE,krishnaenterprise4568@gmail.com,9712658209,0,0
GUJARAT,Arvalli,KRISHIVA INNOVATIVES,info@krishivainnovatives.com,9409435861,0,0
GUJARAT,Arvalli,KRISHIV ENTERPRISE,jevinpansuriya4@gmail.com,7359294060,0,0
GUJARAT,Arvalli,KRISHA SOLAR & AGRO INDUSTRIES,krishasolarandagro21@gmail.com,9574856582,0,0
GUJARAT,Arvalli,KP GREEN ENGINEERING LIMITED,imam.syed@kpgroup.co,9104677596,0,0
GUJARAT,Arvalli,KP GREEN ENERGY,kpgreenenergy46@gmail.com,7048370774,0,0
GUJARAT,Arvalli,KOTSON PROJECTS PRIVATE LIMITED,kotsonprojects@gmail.com,9978909595,0,0
GUJARAT,Arvalli,KOTHIYA ELECTRIC CONTRACTOR,kothiyaelectric@gmail.com,9913212056,0,0
GUJARAT,Arvalli,KONARK,heykonark@gmail.com,7016013500,0,0
GUJARAT,Arvalli,KOMAL ELECTRIC,chetanramprasadi@gmail.com,9825047503,0,0
GUJARAT,Arvalli,KK SOLAR TECHNOLOGY,kksolartechnology@gmail.com,9586118331,0,0
GUJARAT,Arvalli,KK ENTERPRISE,LATHIYA410@GMAIL.COM,9925590208,0,0
GUJARAT,Arvalli,KITE SOLAR ENERGY,kitesolarenergy@gmail.com,6352523489,0,0
GUJARAT,Arvalli,KIRTAN MARKETING,kirtanmarketing@gmail.com,9714440026,0,0
GUJARAT,Arvalli,KIRTAN BATTERIES,kirtanbatteries26@gmail.com,7043337333,0,0
GUJARAT,Arvalli,KIRAN SOLAR TECH PT. LT,info@kiransolartech.com,9800932333,0,0
GUJARAT,Arvalli,KHUSHI SOLAR,khushisolar13.info@gmail.com,7600094866,0,0
GUJARAT,Arvalli,KHODIYAR ENTERPRISE,k_enter_m@rediffmail.com,9825162853,0,0
GUJARAT,Arvalli,KHODIYAR ELECTRICAL (VISNAGAR),khodiyar.electrical210@gmail.com,9979632702,0,0
GUJARAT,Arvalli,KHODAL CORPORATION,khodalcorporation10@gmail.com,9974129558,0,0
GUJARAT,Arvalli,KHANAK SYSTEM,khanaksystem@yahoo.com,9824751581,0,0
GUJARAT,Arvalli,KESHWALA ENGINEERING CO.,RKESHWALA26@GMAIL.COM,7575082097,0,0
GUJARAT,Arvalli,KASTBHANJAN SOLAR,kastbhanjansolar@gmail.com,9099863647,0,0
GUJARAT,Arvalli,KASHYAP INFRAPROJECTS PVT. LTD.,info@kashyap.in,9898031010,0,0
GUJARAT,Arvalli,KARTAVY AGROTECH,kartavysolar@gmail.com,9426465233,0,0
GUJARAT,Arvalli,KARMA POWER,karmapower001@gmail.com,8849370511,0,0
GUJARAT,Arvalli,KARM ENTERPRISE,KARMSOLAR24@GMAIL.COM,9586363071,0,0
GUJARAT,Arvalli,KANHA ENTERPRISE,kanhaenterprise4161@gmail.com,6355636703,0,0
GUJARAT,Arvalli,KAMAXI ELECTRICAL ENGINEERS,dharmesh@kamaxielectricals.com,9974744036,0,0
GUJARAT,Arvalli,KALPTARU RENEWABLE POWER PVT LTD,support@kalptaru.co,7600780720,0,0
GUJARAT,Arvalli,KAIZEN UNIVERSAL PRIVATE LIMITED,ketan@kaizen.in,9825119674,0,0
GUJARAT,Arvalli,KAIZEN NOW,kaizennowahd@gmail.com,9978985558,0,0
GUJARAT,Arvalli,KAGI RENEWABLE ENERGY,info.kagirenew@gmail.com,8401935902,0,0
GUJARAT,Arvalli,KAASHIVA POWER INNOVATIONS PVT LTD,nikunjprajapati@kaashiva.com,7227854857,0,0
GUJARAT,Arvalli,KAARVI GREEN ENERGY,kaarvienergy01@gmail.com,9824094291,0,0
GUJARAT,Arvalli,K T ELECTRICALS,ktthakkar567@gmail.com,8905168423,0,0
GUJARAT,Arvalli,K P ENTERPRISE,kpenterprise39@gmail.com,9974383839,0,0
GUJARAT,Arvalli,K K SOLAR SOLUTIONS,kksolarsolutions@gmail.com,9537279900,0,0
GUJARAT,Arvalli,K AND J ENTERPRISE,kjenterprise15515@gmail.com,8320957225,0,0
GUJARAT,Arvalli,JUPISOL POWER INDIA PRIVATE LIMITED,spatel@jupisolpower.com,9879284007,0,0
GUJARAT,Arvalli,JOYSTICK BIO HEALTH,jstvalsad@gmail.com,9714163052,0,0
GUJARAT,Arvalli,JJV CORPORATION,info@jjvcorporation.in,9016987377,0,0
GUJARAT,Arvalli,JJ PV SOLAR PRIVATE LIMITED,rajesh@jjpvsolar.com,9904809006,0,0
GUJARAT,Arvalli,JIYAAN SOLAR COMPANY,jiyaansolar.co@gmail.com,8160645436,0,0
GUJARAT,Arvalli,JIGS ELECTRICAL,jigselectrical@gmail.com,9979129392,0,0
GUJARAT,Arvalli,JIGAR SYSTEM TECHNOLOGY,jigar@jigarsystems.com,9511768710,0,0
GUJARAT,Arvalli,JD SOLAR,jdsolar5005@gmail.com,9157590905,0,0
GUJARAT,Arvalli,JD INFRA ENERGY PRIVATE LIMITED,jdinfraenergy0725@gmail.com,9714061118,0,0
GUJARAT,Arvalli,JAYVEER ELECTRICAL PRIVATE LIMITED,jayveerelectrical@gmail.com,9601679621,0,0
GUJARAT,Arvalli,JAYRAJ SOLAR LLP,tejas@jayrajsolar.com,9033963450,0,0
GUJARAT,Arvalli,JAYKAMAL ENERGY,JAYKAMAL.ENERGY@GMAIL.COM,9726862780,0,0
GUJARAT,Arvalli,JAYDEV ENERGY,jaydevenergy83@gmail.com,9824885237,0,0
GUJARAT,Arvalli,JAY SARDAR SOLAR PVT.LTD.,jaysardarsolar@gmail.com,8141500062,0,0
GUJARAT,Arvalli,JAY SARDAR SOLAR POWER PRIVATE LIMITED,dbchaudhary108@gmail.com,9737550593,0,0
GUJARAT,Arvalli,JAY KHODIYAR IMPEX,pareshramoliya310@gmail.com,9537164431,0,0
GUJARAT,Arvalli,JAY ELECTRICALS,jayelec2021@gmail.com,9427261002,0,0
GUJARAT,Arvalli,JAY DADA SOLAR,jaydadasolar@gmail.com,6353659868,0,0
GUJARAT,Arvalli,JAY AMBE GREEN ENERGY,jayambegreenenergy@gmail.com,9824328725,0,0
GUJARAT,Arvalli,JAY AMBE ELECTRICALS,jayambeelectricals091@gmail.com,6355252020,0,0
GUJARAT,Arvalli,JASMIN J BAMBHAROLIYA,jasmin.bambharolia14@gmail.com,8140916256,0,0
GUJARAT,Arvalli,JANGID SOLAR ENERGY PVT LTD,info@jsepl.in,6358931609,0,0
GUJARAT,Arvalli,JANETA SOLAR,info.janetasolar90@gmail.com,8734829145,0,0
GUJARAT,Arvalli,JALESHWAR GREEN ENERGY,info.jaleshwargreen@gmail.com,8140023662,0,0
GUJARAT,Arvalli,JALARK SOLAR SOLUTIONS OPC PVT LTD,infojalark@gmail.com,9426661857,0,0
GUJARAT,Arvalli,JAI SOMNATH ENTERPRISE,msjaisomnathenterprise@gmail.com,9979990909,0,0
GUJARAT,Arvalli,JAI INDUSTRIES,jaielectronic@yahoo.com,9828104233,0,0
GUJARAT,Arvalli,JAGRUTI TRADERS,jagrutitraders.solar@gmail.com,8980498030,0,0
GUJARAT,Arvalli,JAGDAMBA TRADERS,jagdambatraders.padra@gmail.com,7284841054,0,0
GUJARAT,Arvalli,JAGDAMBA ENTERPRISE,adarshrajput542@gmail.com,9316321978,0,0
GUJARAT,Arvalli,JAFFINS ENTERPRISE,solarbhavnagar@gmail.com,9375465252,0,0
GUJARAT,Arvalli,JAAC TECHNO SERVICES PVT LTD,Jwalant.raval@jaacservice.com,9824000545,0,0
GUJARAT,Arvalli,J S COMPANY,jscompany9@gmail.com,7990307424,0,0
GUJARAT,Arvalli,J K MACHINE TOOLS (GUJARAT) PVT. LTD.,jk.solarium@gmail.com,9328290518,0,0
GUJARAT,Arvalli,J D ELECTRICAL AND TRADING,jdelectrical26@gmail.com,8320397049,0,0
GUJARAT,Arvalli,J B POWER SOLAR,jbpowersolar@gmail.com,9173390835,0,0
GUJARAT,Arvalli,IZZY ENERGY SOLUTION,izzyenergysolution@gmail.com,9909236062,0,0
GUJARAT,Arvalli,ISHITA ENGINEERING,ishitaengineering13@gmail.com,8866649177,0,0
GUJARAT,Arvalli,ISHA SALES,ishasolar027@gmail.com,9824739373,0,0
GUJARAT,Arvalli,INSTANT ELECTRIC SERVICES,instantelectricservices@gmail.com,9909415407,0,0
GUJARAT,Arvalli,INRAYS TECHNOLOGY,inraystechnology@gmail.com,9898878734,0,0
GUJARAT,Arvalli,INQILAB ENGINEERING PRIVATE LIMITED,inqilabengineering@gmail.com,9099598998,0,0
GUJARAT,Arvalli,INOX SOLAR ENERGY,inoxsolarenergy@gmail.com,9904604047,0,0
GUJARAT,Arvalli,INFRAX RENEWABLE LIMITED,pmsg@infraxrenewable.com,9033260985,0,0
GUJARAT,Arvalli,INFRAX INTERNATIONAL,info@infraxsolar.com,7778002780,0,0
GUJARAT,Arvalli,INFLUX SOLAR SOLUTIONS,influxsolarsolution@gmail.com,6352563582,0,0
GUJARAT,Arvalli,INFINITY SOLAR - SURAT,infinity.solar01@gmail.com,8866860686,0,0
GUJARAT,Arvalli,INFINITY SOLAR - RAJKOT,infinitysolar2022@gmail.com,7201070799,0,0
GUJARAT,Arvalli,INFINITY POWER,infinitypower1026@gmail.com,8758875751,0,0
GUJARAT,Arvalli,INFINITE URJA LLP,info@infiniteurja.in,8000049380,0,0
GUJARAT,Arvalli,INFINITE ENERGY ANS TECHNOLOGY,planning@infiniteenergy.co.in,9099971778,0,0
GUJARAT,Arvalli,IMPULSE SYSTEM,info@impulsesystem.in,9426471057,0,0
GUJARAT,Arvalli,IMMIX SOLUTION,immixsolution@gmail.com,9265493249,0,0
GUJARAT,Arvalli,IMAGINE POWERTREE PRIVATE LIMITED,imagine.powertree@gmail.com,9586121111,0,0
GUJARAT,Arvalli,IDEAL RENEWABLE LLP,idealrenewable@gmail.com,9979083323,0,0
GUJARAT,Arvalli,IDEAL ELECTRICAL,idealelectric7@gmail.com,9638324167,0,0
GUJARAT,Arvalli,ICONIC SOLAR ENERGY,iconicsolarenergy26@gmail.com,7698504095,0,0
GUJARAT,Arvalli,I-TECH STORE,info.itechsolar@gmail.com,9879603933,0,0
GUJARAT,Arvalli,I SQUARE SOLAR,work.srbudheliya@gmail.com,9722272775,0,0
GUJARAT,Arvalli,I K SOLAR ENERGY,iksolarenergy2302@gmail.com,6353941652,0,0
GUJARAT,Arvalli,HYSUN SOLAR PRIVATE LIMITED,prajapatiomaram62@gmail.com,7573999961,0,0
GUJARAT,Arvalli,HORIZON POWER SOLUTIONS,horizonpowersolutions2024@gmail.com,9909009525,0,0
GUJARAT,Arvalli,HIYASHA SOLAR SYSTEMS LLP,hiyashasolarsystems@gmail.com,9727097250,0,0
GUJARAT,Arvalli,HIYA ELECTRO ENGINEERS,hiyaelectroengineers@gmail.com,8128672333,0,0
GUJARAT,Arvalli,HIRANYA,chintan6310@gmail.com,9909009425,0,0
GUJARAT,Arvalli,HIPANAX ENERGY,hipanaxenergy@outlook.com,9727063026,0,0
GUJARAT,Arvalli,HINDUSTAN SOLAR AND POWER PACK,hindustansolar86@gmail.com,7016087359,0,0
GUJARAT,Arvalli,HIMSON ENERGY,himson.energy@gmail.com,9825242728,0,0
GUJARAT,Arvalli,HILTON RENEWABLES,hiltonrenewables.amr@gmail.com,8181080800,0,0
GUJARAT,Arvalli,HILL LIGHTING,rndungrani@gmail.com,9328385858,0,0
GUJARAT,Arvalli,HI TECH SOLAR SOLUTION,hitechsolarsolu@gmail.com,8140535380,0,0
GUJARAT,Arvalli,HI TECH ENERGY,hitechenergy17@gmail.com,9924388540,0,0
GUJARAT,Arvalli,HET CONSULTANCY,hetconsultancy01@gmail.com,9586618784,0,0
GUJARAT,Arvalli,HEMALI ELECTRICALS,hemali_elect@rocketmail.com,9979874161,0,0
GUJARAT,Arvalli,HELIOPATH SOLAR TECHNOLOGIES,enquiry.heliopath@gmail.com,8238664332,0,0
GUJARAT,Arvalli,HEER SOLAR ENERGY,heersolarenergy@gmail.com,9427063399,0,0
GUJARAT,Arvalli,HAVTON INDIA,ravivarmora0803@gmail.com,9265496953,0,0
GUJARAT,Arvalli,HATKESH ENGINEERING,hatkeshengineering@gmail.com,9898105579,0,0
GUJARAT,Arvalli,HARSIDDHI ENGINEERING WORKS,harsiddiengineering@yahoo.com,9428342940,0,0
GUJARAT,Arvalli,HARSH ENTERPRISE,harshenterprise.ele@gmail.com,9586703597,0,0
GUJARAT,Arvalli,HARSH COMMUNICATION,harshcomm.solar@gmail.com,9137373727,0,0
GUJARAT,Arvalli,HARISH ENGINEERING WORKS,harish.engg91@gmail.com,9428618859,0,0
GUJARAT,Arvalli,HARIPRIY INDUSTRIES,haripriyindustries@gmail.com,9725022146,0,0
GUJARAT,Arvalli,HARIOM ENGINEERING,hariomsolarbotad@gmail.com,8140771766,0,0
GUJARAT,Arvalli,HARIOM ELECTRICS,manoj.patiwala.in@gmail.com,8140438508,0,0
GUJARAT,Arvalli,HARI INFRA PROJECTS,info@hariindia.in,9998037067,0,0
GUJARAT,Arvalli,HARI ELECTRICAL & SOLAR,harielectrical18@gmail.com,7990453967,0,0
GUJARAT,Arvalli,HAPPY ENTERPRISE,divyeshchavda007@gmail.com,9510887781,0,0
GUJARAT,Arvalli,HANU ENTERPRISE,hanuenterprise2023@gmail.com,9067322910,0,0
GUJARAT,Arvalli,HADAF GREEN ENERGY PRIVATE LIMITED,hadafgreenenergy@gmail.com,8320986239,0,0
GUJARAT,Arvalli,H.K ENERGY,hkenergy001@gmail.com,9586401312,0,0
GUJARAT,Arvalli,H S ENTERPRISE,hiralpatel3031@gmail.com,9773257603,0,0
GUJARAT,Arvalli,H K SOLAR ENERGY,hkenergy16@gmail.com,9714516576,0,0
GUJARAT,Arvalli,H AND S ENGINEERING,HSENGINEERING9698@GMAIL.COM,8980818699,0,0
GUJARAT,Arvalli,GWE INFRA PROJECTS PRIVATE LIMITED,dhaval.gwe@gmail.com,9726198989,0,0
GUJARAT,Arvalli,GURUKRUPA ENTERPRISE,gurukrupaenterprise.head9@gmail.com,8320627280,0,0
GUJARAT,Arvalli,GURU RENEWABLE,gururenewable@gmail.com,9687672620,0,0
GUJARAT,Arvalli,GUJARAT SOLAR ENERGY,gujaratsolarenergy010@gmail.com,9898472919,0,0
GUJARAT,Arvalli,GSL ENERGY,gslenergy09@gmail.com,8320945187,0,0
GUJARAT,Arvalli,GS POWERTECH,info.gspowertech@gmail.com,7567438385,0,0
GUJARAT,Arvalli,GROWW SOLAR ENERGY,growwsolarenergy8@gmail.com,7874707545,0,0
GUJARAT,Arvalli,GROWTECH ENERGY,growtechenergy91@gmail.com,9998435528,0,0
GUJARAT,Arvalli,GROW ENERGY SOLAR SOLUTION,growenergysolarsolution@gmail.com,7778999695,0,0
GUJARAT,Arvalli,GROW EARTH RENEWABLE TECHNOLOGIES,divyesh@growearthsolar.com,9104495364,0,0
GUJARAT,Arvalli,GRIWA INTERNATIONAL LLP,prakashkoriya17@gmail.com,8200988481,0,0
GUJARAT,Arvalli,GREYANAS INDUSTRIES PRIVATE LIMITED,greyanassolar@gmail.com,9408715033,0,0
GUJARAT,Arvalli,GREENTECH ENERGY,bhuvapiyush89@gmail.com,7990053035,0,0
GUJARAT,Arvalli,GREENNETIC RENEWABLE PRIVATE LIMITED,sales.greenneticrenewable@gmail.com,8320563819,0,0
GUJARAT,Arvalli,GREENLEAF SOLAR ENERGY,info.greenleaf1@gmail.com,9313945225,0,0
GUJARAT,Arvalli,GREENLAND,greenlandsolar.np@gmail.com,9825545043,0,0
GUJARAT,Arvalli,GREENLAND,greenlandsolar.projects@gmail.com,9825545043,0,0
GUJARAT,Arvalli,GREENEXCEL ENERGY SOLUTION PVT LTD,info@greenexcelenergy.com,9898949719,0,0
GUJARAT,Arvalli,GREENERGY SOLAR SOLUTIONS,greenergysolarsolutions26@gmail.com,9409215712,0,0
GUJARAT,Arvalli,GREENERGEE,greenergee@vikasaryagroup.com,9374635103,0,0
GUJARAT,Arvalli,GREENERA ENERTECH PVT LTD,greenera.solarenergy@gmail.com,9427726620,0,0
GUJARAT,Arvalli,GREENCUBE ENERGIES PRIVATE LIMITED,nirankush@gcepl.in,9106836019,0,0
GUJARAT,Arvalli,GREENBRILLIANCE RENEWABLE ENERGY LLP,jay.patel@gbreenergy.com,9879611302,0,0
GUJARAT,Arvalli,GREENARCH SOLAR PRIVATE LIMITED,greenarchsolar@gmail.com,9879262766,0,0
GUJARAT,Arvalli,GREEN WATT SOLAR ENERGY,greenwattsolarenergy2022@gmail.com,9898383910,0,0
GUJARAT,Arvalli,GREEN SUN ENERGY,teamgreensun@gmail.com,9274525232,0,0
GUJARAT,Arvalli,GREEN SOLAR ENERGY,info@greenssolar.in,9687222261,0,0
GUJARAT,Arvalli,GREEN POWER ENERGY,info.greenenergy07@gmail.com,8780002027,0,0
GUJARAT,Arvalli,GREEN LIGHT ENERGY,glenergy2024@gmail.com,9998754265,0,0
GUJARAT,Arvalli,GREEN IMPAQ SOLAR ENERGY,greenimpaqsolarenergypm@mail.com,9974414600,0,0
GUJARAT,Arvalli,GREEN ENERGY-VALSAD,solar@greenenergy.ind.in,8866249369,0,0
GUJARAT,Arvalli,GREEN ENERGY SOLAR,ges.solar24@gmail.com,8866993164,0,0
GUJARAT,Arvalli,GREEN E SOLAR,greene.vb@hotmail.com,9925751589,0,0
GUJARAT,Arvalli,GREAT SOLUTION,greatsolution07@gmail.com,9924131317,0,0
GUJARAT,Arvalli,GRACE RENEWABLE ENERGY PVT LTD,project1@gracerenew.com,7573027788,0,0
GUJARAT,Arvalli,GRACE OF THE SUN ENERGY,gotssolar@gmail.com,8320258395,0,0
GUJARAT,Arvalli,GOVINDJI POWER,priyankvaghani86@gmail.com,9726643435,0,0
GUJARAT,Arvalli,GOPI TECHNOLOGIES,epc@gopitechnologies.com,8866077344,0,0
GUJARAT,Arvalli,GOPAL ENTERPRISE,gokulbharvad@gmail.com,9727756664,0,0
GUJARAT,Arvalli,GOLDSUN SOLAR,dhruvpadasumbiya@gmail.com,9409016021,0,0
GUJARAT,Arvalli,GOLDI SOLAR PRIVATE LIMITED,info@goldisolar.com,7211134134,0,0
GUJARAT,Arvalli,GLOBAL SOLAR SOLUTION,moxakboda111@gmail.com,8460820618,0,0
GUJARAT,Arvalli,GLOBAL SOLAR ENERGY,globalsolar99@gmail.com,8866190358,0,0
GUJARAT,Arvalli,GLOBAL ENTERPRISE,globalsolarent@gmail.com,9924900304,0,0
GUJARAT,Arvalli,GIR ENTERPRISES,ankitbhaiankit88@gmail.com,8686869015,0,0
GUJARAT,Arvalli,GHANSHYAM SOLAR ENERGY,ghanshyam.solar.energy@gmail.com,9510734317,0,0
GUJARAT,Arvalli,GHANPRIYA ENERGY SOLUTION PRIVATE LIMITED,subsidy@ghanpriyaenergy.com,9958676060,0,0
GUJARAT,Arvalli,GHADIYA RENEWABLE ENERGY,KALPESHPATEL8914@GMAIL.COM,9714000952,0,0
GUJARAT,Arvalli,GESTIC SELICON ENERGY,shivammourya0987@gmail.com,9157621253,0,0
GUJARAT,Arvalli,GENESIS ELECTRICAL,genesiselectricalindia@gmail.com,8200480623,0,0
GUJARAT,Arvalli,GEER AGRO WORKS,geeragro@gmail.com,9898799789,0,0
GUJARAT,Arvalli,GAYATRI SOLAR ENERGY,info@gayatrisolarenergy.com,8866778940,0,0
GUJARAT,Arvalli,GAYATRI CONSTRUCTION,chetansinh270@gmail.com,7408636363,0,0
GUJARAT,Arvalli,GANESH GREEN BHARAT LIMITED,sales@ganeshgreen.com,9519518951,0,0
GUJARAT,Arvalli,GANESH CORPORATION,ganeshcorporation3003@gmail.com,9979856236,0,0
GUJARAT,Arvalli,GALO ENERGY PRIVATE LIMITED,info@galo.co.in,9773988289,0,0
GUJARAT,Arvalli,GALAXY ENTERPRISE,galaxyenterprise265@gmail.com,9998017765,0,0
GUJARAT,Arvalli,GALAXY ENERGY SOLUTION,galaxyenergysolution@protonmail.com,9428158678,0,0
GUJARAT,Arvalli,GAJGATI STEEL AND ENERGY PVT LTD.,sales@gajgati.com,7990480061,0,0
GUJARAT,Arvalli,G-POWER PLUS,gpowerplus.in@gmail.com,9898420613,0,0
GUJARAT,Arvalli,FRIENDLY FOOTPRINTS LLP,infosolar.ff@gmail.com,7874833399,0,0
GUJARAT,Arvalli,FRELIT ENERGY PRIVATE LIMITED,frelitenergy@gmail.com,9512700130,0,0
GUJARAT,Arvalli,FOURSUN SOLAR,project@foursunsolar.co.in,7435023502,0,0
GUJARAT,Arvalli,FOURCELL ENERGY PRIVATE LIMITED,fourcellenergy@gmail.com,9377776564,0,0
GUJARAT,Arvalli,FORTUNE TECHNOLOGIST,fortunetechnologist@gmail.com,9427597246,0,0
GUJARAT,Arvalli,FOREXT GREEN ENERGY PRIVATE LIMITED,Forextgreen@gmail.com,9227145384,0,0
GUJARAT,Arvalli,FLORIAN VENTURE PVT.LTD.,florianventurepvt.ltd@gmail.com,9081684444,0,0
GUJARAT,Arvalli,FLAME SOLREN PRIVATE LIMITED,operations@flamesolren.com,8849478907,0,0
GUJARAT,Arvalli,FERUS ENERGIES CO,info@ferusenergies.com,9913341342,0,0
GUJARAT,Arvalli,FATHUN RENEWABLE ENERGY (FORMERLY KNOWN AS KENVUE ENERGY),fathunrenewable@gmail.com,9898589612,0,0
GUJARAT,Arvalli,FASTRISE ENTERPRISE PRIVATE LIMITED,FASTRISEENTERPRISE@GMAIL.COM,7862079768,0,0
GUJARAT,Arvalli,F Z ENERGY,info@fzenergy.in,9227153030,0,0
GUJARAT,Arvalli,F SOLAR ROOFTOP,fsolarrooftop@gmail.com,8469525856,0,0
GUJARAT,Arvalli,EXPERT POWER SOLUTION,info.expertpowersolution@gmail.com,8780287091,0,0
GUJARAT,Arvalli,EXIDE INDUSTRIES LIMITED,pramit.mukherjee@exide.co.in,6291226448,0,0
GUJARAT,Arvalli,EWC SOLAR PRIVITED LIMITED (FORMERLY KNOWN AS ENERGY POWER SYSTEMS),ewcsolarpvtltd@gmail.com,8141150688,0,0
GUJARAT,Arvalli,EWALK ENERGY,info.ewalkenergy@gmail.com,9054927675,0,0
GUJARAT,Arvalli,EWAA SOLAR TECHNOLOGY PRIVATE LIMITED,info@ewaasolartech.com,6356008400,0,0
GUJARAT,Arvalli,EVOTAR TECHNOLOGIES PRIVATE LIMITED,info@evotartech.com,6358999573,0,0
GUJARAT,Arvalli,EVITUS ENERGY SOLUTIONS,evitusenergysolutions@gmail.com,8156006133,0,0
GUJARAT,Arvalli,EVERSHINE ENERGY,contact@evershineenergy.com,8460167441,0,0
GUJARAT,Arvalli,EVERGREEN RENEWABLE TECHNOLOGIES,ashishpanchal888@gmail.com,7359743295,0,0
GUJARAT,Arvalli,EVAANTA ENERGY,info@evaantaenergy.com,9712326261,0,0
GUJARAT,Arvalli,EUROLITE SOLAR,harshil.patel@euroliteindia.com,7490007847,0,0
GUJARAT,Arvalli,ETERNAL SOLAR ENERGY,hiren.p.rathod@gmail.com,9879203040,0,0
GUJARAT,Arvalli,ETECH ENERGY,admin@etechenergy.com,9328509877,0,0
GUJARAT,Arvalli,ERA ENVIRO SOLUTIONS,info.eraenviro@gmail.com,9227849825,0,0
GUJARAT,Arvalli,EQUINOX SOLAR PRIVATE LIMITED,info@equinoxsolar.in,7573044078,0,0
GUJARAT,Arvalli,ENWATECH SOLUTION PVT.LTD,enwatechsolutionpvtltd@gmail.com,9427269089,0,0
GUJARAT,Arvalli,ENJOY TECHNOLOGY,care.enjoytechnology@gmail.com,9727718887,0,0
GUJARAT,Arvalli,ENERZYTECH INDUSTRIES PRIVATE LIMITED,deep.bhojani@enerzytech.com,9727139999,0,0
GUJARAT,Arvalli,ENERGY O & M SERVICES PVT LTD,dhirajsummit@gmail.com,9512775551,0,0
GUJARAT,Arvalli,ENERGETIC SOLAR,energeticsolar03@gmail.com,9537137427,0,0
GUJARAT,Arvalli,EMPYREAL SOLAR,liaison@empyreAlsolar.in,9099526261,0,0
GUJARAT,Arvalli,EMISSIONS FREE WORLD PVT LTD,emissionsfreeworld@gmail.com,8320097477,0,0
GUJARAT,Arvalli,EMERALD ENTERPRISE,emerald.vadodara@outlook.com,9173591485,0,0
GUJARAT,Arvalli,EMDERS ENTERPRISE,info.emders@gmail.com,7016614013,0,0
GUJARAT,Arvalli,ELLENCE ENERGY LLP,dhaval@ellenceenergy.com,9054073345,0,0
GUJARAT,Arvalli,ELECTROMECH DEVICES MANUFACTURING COMPANY,edmc.rpr@gmail.com,7000189225,0,0
GUJARAT,Arvalli,EFFORTS SOLAR PRIVATE LIMITED (FORMERLY KNOWN AS EFFORTS ENTERPRISES),admin@effortsgroup.in,9067817117,0,0
GUJARAT,Arvalli,EFFICIENT ENERTECH PVT LTD,info@efficientenergyindia.com,9925624989,0,0
GUJARAT,Arvalli,ECOWATT ENERGY,ecowattenergy18@gmail.com,9978638437,0,0
GUJARAT,Arvalli,ECOVIBE RENEWTECH ENERGY,ecoviberenewtechenergy@gmail.com,8401168101,0,0
GUJARAT,Arvalli,ECOLUX SOLAR,ecoluxsolar007@gmail.com,8980088806,0,0
GUJARAT,Arvalli,ECLIPTIC SOLAR,davevishalkumar@gmail.com,9825023276,0,0
GUJARAT,Arvalli,EARTHWAVE TECHNOLOGY PRIVATE LIMITED,EARTHWAVETECHNOLOGY@GMAIL.COM,9426373334,0,0
GUJARAT,Arvalli,EARTHTECH INNOVATIONS PRIVATE LIMITED,earthtechinnovations@gmail.com,8490850276,0,0
GUJARAT,Arvalli,EARTH SOLARISM,earthsolarism@gmail.com,9724990231,0,0
GUJARAT,Arvalli,EARTH SOLAR ENERGY,EARTHSOLARE@GMAIL.COM,8200115874,0,0
GUJARAT,Arvalli,EARTH SOLAR,earthsollar@gmail.com,9879911777,0,0
GUJARAT,Arvalli,E-TECH SOLUTION & SOLAR,etechsolution.solar@gmail.com,9099563174,0,0
GUJARAT,Arvalli,E-POWER SOLAR ENERGY,epowerenergyinfo@gmail.com,9484784798,0,0
GUJARAT,Arvalli,DWARKESH SOLAR ENERGY,nileshchavda1881@gmail.com,8000799990,0,0
GUJARAT,Arvalli,DREAM MART,dreammart108@gmail.com,9099975489,0,0
GUJARAT,Arvalli,DRAYS ENERGY SOLUTIONS,draysenergy@gmail.com,7802893258,0,0
GUJARAT,Arvalli,DRASHTI LIGHT CARE,drashti3411@gmail.com,9825430097,0,0
GUJARAT,Arvalli,DIWAKAR SOLAR ENTERPRISE,info.diwakarsolar@gmail.com,9104746612,0,0
GUJARAT,Arvalli,DIVY SOLAR TECHNOLOGY,divysolartechnology@gmail.com,9978551782,0,0
GUJARAT,Arvalli,DIVU ENTERPRISE,divuenterprise2023@gmail.com,7383114133,0,0
GUJARAT,Arvalli,DIVINE SOLAR ENERGY,divinesolarenergy33@gmail.com,7069853208,0,0
GUJARAT,Arvalli,DIVINE ENERGY,divineenergy42@gmail.com,6354051676,0,0
GUJARAT,Arvalli,DINESHBHAI CHATURBHAI NANDANA,nandanadinesh62@gmail.com,6351782902,0,0
GUJARAT,Arvalli,DIMAN SOLAR PVT LTD (FORMERLY KNOWN AS DIMAN OVERSEAS PVT LTD),info@dimansolar.com,9909928959,0,0
GUJARAT,Arvalli,DIGI SOLAR ENERGY,digisolarenergy@gmail.com,9687818686,0,0
GUJARAT,Arvalli,DHVANI ENERGY,dhvanisolar@gmail.com,9537928064,0,0
GUJARAT,Arvalli,DHRUVIN ELECTRICALS,kirtipatel86665@gmail.com,9974814614,0,0
GUJARAT,Arvalli,DHRUVA ENTERPRISE,dhruvaenterprise123@gmail.com,9978124597,0,0
GUJARAT,Arvalli,DHRUV ENTERPRISE,dhruv.enterprise@aol.com,9825123335,0,0
GUJARAT,Arvalli,DHM SOLAR POWER PVT LTD,dhmsolarpower@gmail.com,8980508730,0,0
GUJARAT,Arvalli,DHAVAL ELECTRIC SOLUTION,dhavalelectricsolution@gmail.com,8490990138,0,0
GUJARAT,Arvalli,DHARMANANDAN SOLAR ENERGY,mayurdhariyaparmar@gmail.com,9016367556,0,0
GUJARAT,Arvalli,DEVDEEP ELECTRICALS,devdeepelectricals@gmail.com,9726879009,0,0
GUJARAT,Arvalli,DEV TECHNO,devtechno14@gmail.com,9898242190,0,0
GUJARAT,Arvalli,DEV ENTERPRISE,deventerprise424@gmail.com,9428121408,0,0
GUJARAT,Arvalli,DEV ELECTRICALS,develectricals2024@gmail.com,9974821967,0,0
GUJARAT,Arvalli,DESIGNLUX PRIVATE LIMITED,info@designlux.in,9825868523,0,0
GUJARAT,Arvalli,DESAI'S SOLAR ENERGY,desaisolarenergy@gmail.com,9429021070,0,0
GUJARAT,Arvalli,DELUXE ENTERPRISE,infodeluxeenterprise@gmail.com,9429040663,0,0
GUJARAT,Arvalli,DELTA SOLAR ENERGY,deltasolarenergy1@gmail.com,9427539663,0,0
GUJARAT,Arvalli,DELICATE SOLAR PRIVATE LIMITED,gabanijemish3@gmail.com,8238340836,0,0
GUJARAT,Arvalli,DEK AND MAVERICKS GREEN ENERGY LIMITED,lalji.goltar@dmgel.in,8780289470,0,0
GUJARAT,Arvalli,DAY LIGHT SOLAR ENRGY,daylightsolarahm@gmail.com,8401605515,0,0
GUJARAT,Arvalli,D.K. & CO.,dkandcompanyrajkot@gmail.com,9925008040,0,0
GUJARAT,Arvalli,D.J.SOLAR & GENERAL,djsolar111@gmail.com,8401183303,0,0
GUJARAT,Arvalli,D-LIGHT SOLAR ENERGY LLP,epc@dlightsolarenergy.in,9898511535,0,0
GUJARAT,Arvalli,D SUN SOLAR,dsunsolar429@gmail.com,9904131777,0,0
GUJARAT,Arvalli,D S POWER SOLUTION,vipulas094@gmail.com,9106304356,0,0
GUJARAT,Arvalli,D R ENTERPRISE,DRENTERPRISE3029@GMAIL.COM,7990689506,0,0
GUJARAT,Arvalli,CYMENS ENTERPRISE,jaymakwana2062@gmail.com,9157133330,0,0
GUJARAT,Arvalli,CYBRID INFRATECH PRIVATE LIMITED,DEEPAK@CYBRIDINFRA.COM,9925299942,0,0
GUJARAT,Arvalli,CYBRIA SOLUTIONS,jagdish@cybriasolutions.com,9925026091,0,0
GUJARAT,Arvalli,CTONE METAL INDUSTRIES,hasmukhjoshi82@gmail.com,9909517156,0,0
GUJARAT,Arvalli,CROMPTON GREAVES CONSUMER ELECTRICALS LIMITED,solar.rooftop@crompton.co.in,9599589665,0,0
GUJARAT,Arvalli,CREST ENERGY SOLUTIONS,crestenergysolutions@gmail.com,9327415839,0,0
GUJARAT,Arvalli,CREASUN ENERGY,creasunenergy25@gmail.com,9624120591,0,0
GUJARAT,Arvalli,COSMIC SOLAR EPC PVT LTD,cosmicsolarepc@gmail.com,7984721299,0,0
GUJARAT,Arvalli,COSMIC POWER TECH,cosmicpowertech@gmail.com,9313720672,0,0
GUJARAT,Arvalli,COSMIC ENTERPRISE,cosmicenergy13.info@gmail.com,9429213406,0,0
GUJARAT,Arvalli,CONVEX SOLAR,convexsolar92@gmail.com,9737710095,0,0
GUJARAT,Arvalli,CONNECT POWER PRIVATE LIMITED,hannan@connect-power.in,9898195122,0,0
GUJARAT,Arvalli,CONCEPT SOLAR ENERGY,conceptsolarenergy21@gmail.com,9662414865,0,0
GUJARAT,Arvalli,COMPUTER SHOP,pradeep_deputy@yahoo.com,7043402514,0,0
GUJARAT,Arvalli,COMPASS ENERGIES,abhishek@compassenergies.in,9974458840,0,0
GUJARAT,Arvalli,COMET EVSOL,cometevsol@gmail.com,8780440726,0,0
GUJARAT,Arvalli,CMPLUS QUALITY SERVICES PRIVATE LIMITED,chandramauli_india@yahoo.com,9868881112,0,0
GUJARAT,Arvalli,CITIZEN SOLAR PVT. LTD.,tsjain@citizensolar.com,9825144499,0,0
GUJARAT,Arvalli,CHUDASAMA TEMUBHA BALVANTSINH,adityasolar1987@gmail.com,8200459492,0,0
GUJARAT,Arvalli,CHEMITEX EXPORTS PVT LTD,shrijichem@hotmail.com,9099940535,0,0
GUJARAT,Arvalli,CHEHAR ENERGY,cheharenergy@gmail.com,9998077796,0,0
GUJARAT,Arvalli,CHARLES SOLAR POWER ENERGY,charlessolarpowerenergy1990@gmail.com,7016170076,0,0
GUJARAT,Arvalli,CHAMUNDA ELECTRICAL,chamundaelectrical1@gmail.coml,9723603864,0,0
GUJARAT,Arvalli,CHALAKNESI ENERGY,CHALAKNESHIENERGY@GMAIL.COM,9408539887,0,0
GUJARAT,Arvalli,CEYONE SOLAR,ceyonesolar@gmail.com,7567091000,0,0
GUJARAT,Arvalli,CER ROOFTOP PVT LTD,susanta.hota@cer-inc.com,8586971731,0,0
GUJARAT,Arvalli,CELESTIAL RENEWABLE ENERGY,celestialrenewableenergy@gmail.com,9099033033,0,0
GUJARAT,Arvalli,CAPITAL WELDING,freexindia@gmail.com,9499602041,0,0
GUJARAT,Arvalli,BURAK ENERGY,burakenergy7@gmail.com,9173110729,0,0
GUJARAT,Arvalli,BSN ELECTRICS PRIVATE LIMITED,bsnelectrics162018@gmail.com,9925249658,0,0
GUJARAT,Arvalli,BSAFAL RENEWABLE ENERGIES PVT LTD,nita.maru@bsrepl.com,9723706665,0,0
GUJARAT,Arvalli,BRITI ENERGY,britienergy2021@gmail.com,8460227728,0,0
GUJARAT,Arvalli,BRIHASPATHI TECHNOLOGIES PVT LTD,ramu@brihaspathi.com,9989999197,0,0
GUJARAT,Arvalli,BRIGHT SUN SOLAR SOLUTIONS,brightsun2029@gmai.com,9033398401,0,0
GUJARAT,Arvalli,BRAHMADIP ENTERPRISE,brahmadip.solar@yahoo.com,9427230047,0,0
GUJARAT,Arvalli,BOND SOLAR,bondsolar9@gmail.com,9998118505,0,0
GUJARAT,Arvalli,BLUTH SERVICES LLP,contact@bluthservices.com,8630697093,0,0
GUJARAT,Arvalli,BLEO ENERGY,bleoenergy@gmail.com,9924982211,0,0
GUJARAT,Arvalli,BK GROUP & ASSOCIATES,irfansama2704@gmail.com,9879933662,0,0
GUJARAT,Arvalli,BILIPATRA ENTERPRISE,prajapatijalpesh24@gmail.com,9427928892,0,0
GUJARAT,Arvalli,BHUMI POLYMERS PRIVATE LIMITED (FORMERLY KNOWN AS BHUMI POLYMERS PRIVATE LIMITES),solar@bhumipolymers.com,9099084938,0,0
GUJARAT,Arvalli,BHUMI GREEN POWER,bhumigreenpower@gmail.com,9824956161,0,0
GUJARAT,Arvalli,BHSQUARE SOLAR INSTALLATION SERVICES,harshwork2422@gmail.com,9909431526,0,0
GUJARAT,Arvalli,BHAVI URJA,bhaviurja@gmail.com,9377359007,0,0
GUJARAT,Arvalli,BHAVI SOLAR AND ELECTRICALS,chaudharid04@gmail.com,9099754254,0,0
GUJARAT,Arvalli,BHAVANI ELECTRICALS,beplpatan@gmail.com,9824014075,0,0
GUJARAT,Arvalli,BHAUTIK ENGINEERING CO.,vegadabhautik2410@gmail.com,9825690528,0,0
GUJARAT,Arvalli,BHASKAR SOLAR ENTERPRISE,info.bhaskarsolar@gmail.com,8980451231,0,0
GUJARAT,Arvalli,BHASKAR RAY ENERGY,bhaskarray018@gmail.com,9426975552,0,0
GUJARAT,Arvalli,BHARTI SOLAR,bhartisolar1@gmail.com,8160804583,0,0
GUJARAT,Arvalli,BHANU PV SOLAR PVT LTD,bhanupvsolarpvtltd@gmail.com,9510398989,0,0
GUJARAT,Arvalli,BHANU ENTERPRISES,akkothari1964@gmail.com,9263635946,0,0
GUJARAT,Arvalli,BHAGWATI ELECTRICALS,bhagwatielectricals99091@gmail.com,7990883575,0,0
GUJARAT,Arvalli,BHAGVATI SOLAR POWER,info@bhagvatisolarpower.com,7770007502,0,0
GUJARAT,Arvalli,BHAGAT SOLAR ENERGY,bhujbhagatsolarenergy@gmail.com,9930432027,0,0
GUJARAT,Arvalli,BEYOND ENERGY,beyondenergy2025@gmail.com,8849608389,0,0
GUJARAT,Arvalli,BESIGNATURE SOLAR ENERGY PVT.LTD,signaturesolar975@gmail.com,7265996001,0,0
GUJARAT,Arvalli,BELIEVER RENEWAL ENERGY,bre.solar20@gmail.com,7434972242,0,0
GUJARAT,Arvalli,BELIEVE TECH ENERGY SERVICES,infobtes@gmail.com,9499631316,0,0
GUJARAT,Arvalli,BELIEF GREEN TECH PVT LTD,mandaviyakanji@gmail.com,6351555029,0,0
GUJARAT,Arvalli,BELIANCE ENERGY INDIA PVT.LTD.,belianceenergy@gmail.com,8511651364,0,0
GUJARAT,Arvalli,BEACON ELECTROTECH LLP,info@beaconelectrotech.com,8460314011,0,0
GUJARAT,Arvalli,BAPA SITARAM SOLAR POWER PVT LTD,bapasitaramsolarpower@gmail.com,8511362222,0,0
GUJARAT,Arvalli,BAPA SITARAM RENEWABLE ENERGY,BSREVADODARA@GMAIL.COM,9925557878,0,0
GUJARAT,Arvalli,BANSIDHAR SOLAR ENERGY,banshidharsolarenergy@gmail.com,9726035143,0,0
GUJARAT,Arvalli,BANAS POWER,banaspower2020@gmail.com,9998418825,0,0
GUJARAT,Arvalli,BALA SOLAR,balasolar@yahoo.com,9879188034,0,0
GUJARAT,Arvalli,BAHUBALI CONSTRUCTION,pintudabhi626@gmail.com,8490005005,0,0
GUJARAT,Arvalli,BACKBONE ELECTRICALS,backbone.electricals@gmail.com,6356044325,0,0
GUJARAT,Arvalli,B-SOLAR CONSULTANT AND ENGINEER PVT LTD,md@bsolar.in,8000888019,0,0
GUJARAT,Arvalli,AZOLE POWER,azolepower9998@gmail.com,9998743101,0,0
GUJARAT,Arvalli,AYKKA TECHNOVISION PRIVATE LIMITED,aykka@outlook.in,9586508907,0,0
GUJARAT,Arvalli,AYAN SOLAR ENERGY,ayansolar25@gmail.com,7623886775,0,0
GUJARAT,Arvalli,AXIS ENERTECH,meet@axisenertech.com,9428028009,0,0
GUJARAT,Arvalli,AWAAS SEWA PRIVATE LIMITED,ADMIN@AWAAS.IN,9099189893,0,0
GUJARAT,Arvalli,AVIRAT ENERGY PVT LTD,aviratenergy@gmail.com,9697443344,0,0
GUJARAT,Arvalli,AVINYA POWER SOLUTION,avinyapowersolution@gmail.com,9099317212,0,0
GUJARAT,Arvalli,AVI APPLIANCES PVT. LTD.,design01@avi-products.com,9913759764,0,0
GUJARAT,Arvalli,AVEE ENERGY,dhavalpatel1973@yahoo.in,9898233244,0,0
GUJARAT,Arvalli,AVATAR SOLAR PVT LTD,bharat@avatarsolar.com,9687055273,0,0
GUJARAT,Arvalli,AVANTA,info@avantasolar.com,9586355511,0,0
GUJARAT,Arvalli,ATRI ENERGY,atrienergy@gmail.com,7622838008,0,0
GUJARAT,Arvalli,ATLAS MATRIX PVT LTD,atlassolar01@gmail.com,9016955068,0,0
GUJARAT,Arvalli,ATHARV ENERTECH,montu.dedakiya@gmail.com,9998943833,0,0
GUJARAT,Arvalli,ASV ENERGY SOLUTIONS,vikas30.asv@gmail.com,7879064335,0,0
GUJARAT,Arvalli,ASTHA ENTERPRISE,asthaenterprise8010@gmail.com,9925668010,0,0
GUJARAT,Arvalli,ASHAPURA SOLAR POWER,ashapurasolarpower2025@gmail.com,7778095905,0,0
GUJARAT,Arvalli,ARRAYCOM INDIA LIMITED,solar@arraycom.co.in,9909941004,0,0
GUJARAT,Arvalli,ARKURJA INNOVATIONS PRIVATE LIMITED,arkurjarenewables@gmail.com,7383188631,0,0
GUJARAT,Arvalli,ARKTEC RENEWABLE ENERGY LLP,arktecrenewableenergy@gmail.com,8160038659,0,0
GUJARAT,Arvalli,ARKAY SOLAR ENERGY LLP,arkaysolar02@gmail.com,9737636600,0,0
GUJARAT,Arvalli,ARKAY ICONIC PRIVATE LIMITED,arkaysolar@gmail.com,8401236600,0,0
GUJARAT,Arvalli,ARK SOLAR ENERGY SOLUTIONS,arksolarenergy3@gmail.com,7874463444,0,0
GUJARAT,Arvalli,ARJUN ENTERPRISE,arjunenter2013@gmail.com,8780886508,0,0
GUJARAT,Arvalli,ARJAN SOLAR,info@arjansolar.com,9638064824,0,0
GUJARAT,Arvalli,ARIHAA SOLAR PVT LTD,ashish.arihaasolar@gmail.com,9825877888,0,0
GUJARAT,Arvalli,ARETE ELECTROPOWER PVT LTD,projects@arelectropower.com,9099940283,0,0
GUJARAT,Arvalli,ARENA AUTOMATION,arenaautomationb@gmail.com,9904018887,0,0
GUJARAT,Arvalli,ARCHER RENEWABLE PRIVATE LIMITED,info@archersolar.in,8000041003,0,0
GUJARAT,Arvalli,ARBUDA SOLAR,manan.chaudhari@hotmail.com,9638732097,0,0
GUJARAT,Arvalli,AQUILINE ENERGY SOLUTION,aquilineenergysolution@gmail.com,7016762587,0,0
GUJARAT,Arvalli,APOLLO SOLAR POWER,dhavalsavani@icloud.com,9099006748,0,0
GUJARAT,Arvalli,APOLLO GREEN ENEGRY,apollogreenenergy2024@gmail.com,9825249415,0,0
GUJARAT,Arvalli,APN SOLAR ENERGY PVT LTD,nationalportal@apnsolar.com,9702034043,0,0
GUJARAT,Arvalli,ANUPAM SMART ENERGY SOLAR,anupamsmartenergy@gmail.com,9601719818,0,0
GUJARAT,Arvalli,ANK SOLAR ENERGY,anksolarenergy@gmail.com,9724816510,0,0
GUJARAT,Arvalli,ANGEL SOLTECH,angelsoltech@gmail.com,8511029776,0,0
GUJARAT,Arvalli,ANGEL PUMPS PVT.LTD.,solar1@pumpsangel.com,9904809409,0,0
GUJARAT,Arvalli,ANANYA SOLAR ENTERPRISE,ananyasolarenterprise@gmail.com,9537638499,0,0
GUJARAT,Arvalli,ANANYA RENEWABLE ENERGY LLP,energy.ananyarenewable@gmail.com,9327003360,0,0
GUJARAT,Arvalli,ANANT SOLAR ENRGY,anantsolarenergy@gmail.com,9904198764,0,0
GUJARAT,Arvalli,ANANT SOLAR,anantsolar4242@gmail.com,8401714242,0,0
GUJARAT,Arvalli,ANANT ENERGY,anantenergy1910@gmai.com,9773476431,0,0
GUJARAT,Arvalli,ANAND AND ANAND ASSOCIATES,yogeshanandk@gmail.com,9426546256,0,0
GUJARAT,Arvalli,AMUL ENTERPRISE,amulenterprise92@gmail.com,9898618448,0,0
GUJARAT,Arvalli,AMRUTAM RENEWABLE ENERGY,info@amrenergy.in,9016352248,0,0
GUJARAT,Arvalli,AMRUT ENGINEERS,amrutengineersbhuj@gmail.com,9033492711,0,0
GUJARAT,Arvalli,AMPLE SOLAR PVT LTD,ravi@amplesolar.in,9979792403,0,0
GUJARAT,Arvalli,AMPERE GREEN ENERGY,amperegreenenergy@gmail.com,9033116472,0,0
GUJARAT,Arvalli,AMAR JYOT SPRAY PUMP,ajagriandsolar@gmail.com,9722227299,0,0
GUJARAT,Arvalli,ALPHA ENTERPRISE,maulik.solar@gmail.com,9725957991,0,0
GUJARAT,Arvalli,ALFA SOLAR ENERGY PVT. LTD.,alfaenergypvtltd24@gmail.com,9825374299,0,0
GUJARAT,Arvalli,ALFA SOLAR ENERGY,alfasolarenergy2020@gmail.com,9825374250,0,0
GUJARAT,Arvalli,ALAYNA GREEN ENERGY,taharkhantna@gmail.com,6353439659,0,0
GUJARAT,Arvalli,AKUNTHA PROJECTS PVT LTD,ravi@akuntha.com,9426402423,0,0
GUJARAT,Arvalli,AKSHAR SOLAR ENERGY,aksharsolarenergy@gmail.com,8200328133,0,0
GUJARAT,Arvalli,AKHANDDEEP SOLAR SOLUTION,akhanddeepsolar@gmail.com,9978643099,0,0
GUJARAT,Arvalli,AKHAND SHAKTI SOLAR,apparanjape@gmail.com,9427003484,0,0
GUJARAT,Arvalli,AK GREEN ENERGY,akgreenenergy49@gmail.com,9974846833,0,0
GUJARAT,Arvalli,AIRSUN SOLAR ENERGY LLP,jatin@airsunsolarenergy.in,8799571627,0,0
GUJARAT,Arvalli,AHAD ENERGY,info@ahadenergy.in,9737673768,0,0
GUJARAT,Arvalli,AGARIA ENTERPRISE,mahammadikbalagariya@gmail.com,8200605756,0,0
GUJARAT,Arvalli,AEW SMART SERVICES PVT. LTD.,netmetering@aewsmart.com,8851047092,0,0
GUJARAT,Arvalli,AEROVOLT ENERGY PRIVATE LIMITED,aerovoltenergy@gmail.com,9558002201,0,0
GUJARAT,Arvalli,ADVANCED ELETRICAL SOLUTIONS,info.aessolar@gmail.com,7574880300,0,0
GUJARAT,Arvalli,ADVANCE SOLAR,advancesolar139@gmail.com,7698756075,0,0
GUJARAT,Arvalli,ADVANCE ENERGY SOLUTION,info.advanceenergysolution@gmail.com,8799359849,0,0
GUJARAT,Arvalli,ADITYAURJA,info.adityaurjasolar@gmail.com,7359935517,0,0
GUJARAT,Arvalli,ACTIVE POWER INFRA,activepowerinfra@gmail.com,7228828738,0,0
GUJARAT,Arvalli,ACHYUT ENERGY,achyutenergy@gmail.com,9275382879,0,0
GUJARAT,Arvalli,ACCURATE INFOTECH,accurateinfotech1@gmail.com,8866445623,0,0
GUJARAT,Arvalli,ACCLIMATE SYSTEMS PRIVATE LIMITED,acclimatesystem@gmail.com,7878538141,0,0
GUJARAT,Arvalli,AC DC PROJECTS,acdcprojects1@gmail.com,8200193182,0,0
GUJARAT,Arvalli,ABS SOLAR ENERGY,abssolar16@gmail.com,7574010721,0,0
GUJARAT,Arvalli,AATREY SOLUTIONS,aatreysolutions@gmail.com,7698120241,0,0
GUJARAT,Arvalli,AATREY ASSOCIATES PRIVATE LIMITED,aatreyassociates@gmail.com,9824089144,0,0
GUJARAT,Arvalli,AASHA SOLAR ENERGY,aashasolarenergy1@gmail.com,7016775306,0,0
GUJARAT,Arvalli,AARUSH ENTERPRISE,info@aarushsolar.com,9724302078,0,0
GUJARAT,Arvalli,AARSUN ENERGY SOLUTIONS,aarsunenergy@gmail.com,8200328869,0,0
GUJARAT,Arvalli,AAROHI SOLAR ENERGY,pram8384@gmail.com,8347341291,0,0
GUJARAT,Arvalli,AARISH POWER,harshpatel5268@gmail.com,7600621060,0,0
GUJARAT,Arvalli,AARAMBH RENEWABLE,aarambhrenewable@gamil.com,8487861888,0,0
GUJARAT,Arvalli,AANJNEY ENTERPRISE,aanjneysolar@gmail.com,6353161531,0,0
GUJARAT,Arvalli,AANGI SOLAR,aangisolar@gmail.com,8000848307,0,0
GUJARAT,Arvalli,AAJIVAN SOLAR POWER,aajivansolarpower@gmail.com,9106798337,0,0
GUJARAT,Arvalli,AADITYA SOLAR,adityasolarnarmada@gmail.com,9265740687,0,0
GUJARAT,Arvalli,AA SOLAR,enquiry.aasolar@gmail.com,7984392322,0,0
GUJARAT,Arvalli,A S SOLAR ENTERPRISE,assolarenterprise@gmail.com,9510572504,0,0
GUJARAT,Arvalli,A S RENEWABLE ENERGY PRIVATE LIMITED,info@asre.co.in,9067207226,0,0
GUJARAT,Arvalli,A D ENERGY SOLUTIONS,adenergysolutions64@gmail.com,9924503387,0,0
GUJARAT,Arvalli,7 STAR SOLAR ENERGY,7STAR51751@GMAIL.COM,9624899019,0,0
GUJARAT,Arvalli,5 RAYS ENERGY,5raysenergy@gmail.com,9979595404,0,0
GUJARAT,Arvalli,4THVED AGROTECH,4thvedagro@gmail.com,9377126082,0,0
GUJARAT,Arvalli,4SUN POWER,4sunpower.ahd@gmail.com,8000859548,0,0
GUJARAT,Arvalli,24R ENERGY,abhinav.24renergy@gmail.com,9898881359,0,0
