state,district,company_name,emails,contact_numbers,total_installed_capacity_kwp,no_of_installations
GUJARAT,Banas Kantha,EFARM INTERNATIONAL PRIVATE LIMITED,info@efarmenergy.com,9723610012,9917,2962
GUJARAT,Banas Kantha,WATERSUN ELECTRICAL SOLUTIONS PVT LTD,watersunelectrical@gmail.com,7016589864,3272,999
GUJARAT,Banas Kantha,SUNTECH ENERGY,sales@suntechenergy.co.in,7383932396,2173,637
GUJARAT,Banas Kantha,SUNPAY RENEWABLE ENERGY LLP,urvesh@sunpays.in,7383171515,2048,604
GUJARAT,Banas Kantha,SHIV ENERGY,shivenergy23@gmail.com,9409142500,1662,519
GUJARAT,Banas Kantha,AHAD ENERGY,info@ahadenergy.in,9737673768,1619,476
GUJARAT,Banas Kantha,ENJOY TECHNOLOGY,care.enjoytechnology@gmail.com,9727718887,1645,475
GUJARAT,Banas Kantha,MADHAV ENTERPRISE,madhavsolarshop@gmail.com,7990485674,1071,315
GUJARAT,Banas Kantha,POWER PLUS,powerplusbhabhar@gmail.com,8128435584,798,292
GUJARAT,Banas Kantha,VIJAY SOLAR ENERGY,vijaysolarenergy940@gmail.com,6351211549,975,285
GUJARAT,Banas Kantha,MAHAVEER ENTRPRISE,me.solarmaster@gmail.com,7878647771,893,275
GUJARAT,Banas Kantha,NIDHI ELECTRICALS,thakkarumang82@gmail.com,9409322020,999,269
GUJARAT,Banas Kantha,BHAVI SOLAR AND ELECTRICALS,chaudharid04@gmail.com,9099754254,915,268
GUJARAT,Banas Kantha,BANAS POWER,banaspower2020@gmail.com,9998418825,737,241
GUJARAT,Banas Kantha,INFRAX INTERNATIONAL,info@infraxsolar.com,7778002780,735,221
GUJARAT,Banas Kantha,RUPABHAI MAGANBHAI PATEL,RMP.GEMPORTAL@GMAIL.COM,9426004861,666,208
GUJARAT,Banas Kantha,AZOLE POWER,azolepower9998@gmail.com,9998743101,699,207
GUJARAT,Banas Kantha,PRAVEG SOLAR,office.praveg@gmail.com,9081714161,670,188
GUJARAT,Banas Kantha,SKY POWER,skypowersvp@gmail.com,9723070267,648,187
GUJARAT,Banas Kantha,DIVINE ENERGY,divineenergy42@gmail.com,6354051676,642,186
GUJARAT,Banas Kantha,H K SOLAR ENERGY,hkenergy16@gmail.com,9714516576,572,173
GUJARAT,Banas Kantha,CONCEPT SOLAR ENERGY,conceptsolarenergy21@gmail.com,9662414865,566,172
GUJARAT,Banas Kantha,RK SUN POWER LLP,rksunpowertrading@gmail.com,9913785000,561,167
GUJARAT,Banas Kantha,SRI BALAJI SUN ENERGY,info@sribalajienergy.com,7878375444,541,160
GUJARAT,Banas Kantha,AMPLE SOLAR PVT LTD,ravi@amplesolar.in,9979792403,530,156
GUJARAT,Banas Kantha,AYAN SOLAR ENERGY,ayansolar25@gmail.com,7623886775,500,146
GUJARAT,Banas Kantha,AHAD SOLARTECH,ahad.solartech@gmail.com,9724259440,503,144
GUJARAT,Banas Kantha,KSQUARE ENERGY PVT LTD,projects@ksquareenergy.com,9725218150,476,142
GUJARAT,Banas Kantha,CHALAKNESI ENERGY,CHALAKNESHIENERGY@GMAIL.COM,9408539887,470,139
GUJARAT,Banas Kantha,PATEL JOYATABHAI GALABHAI,pateljoytabhai1134@gmail.com,9724674544,431,137
GUJARAT,Banas Kantha,EVERGREEN RENEWABLE TECHNOLOGIES,ashishpanchal888@gmail.com,7359743295,442,134
GUJARAT,Banas Kantha,AUSTRALIAN PREMIUM SOLAR INDIA PVT LTD,systems@australianpremiumsolar.co.in,7966006600,425,130
GUJARAT,Banas Kantha,SOHAM TECHNO SOLUTIONS,stssolar.document@gmail.com,9274349757,460,125
GUJARAT,Banas Kantha,SOLAR SMART PVT LTD,solarsmart2021@gmail.com,7284000580,366,114
GUJARAT,Banas Kantha,ARK SOLAR ENERGY SOLUTIONS,arksolarenergy3@gmail.com,7874463444,368,110
GUJARAT,Banas Kantha,JALESHWAR GREEN ENERGY,info.jaleshwargreen@gmail.com,8140023662,374,109
GUJARAT,Banas Kantha,REDREN ENERGY PVT LTD,rooftop@redren.in,9104591041,321,105
GUJARAT,Banas Kantha,SOLAR4U ENTERPRISE,solar4uenterprise1@gmail.com,9510708411,323,103
GUJARAT,Banas Kantha,ZEBRON SOLAR POWER SOLUTIONS,zebronsolar@gmail.com,9510370572,343,102
GUJARAT,Banas Kantha,URATOM SOLAR INDIA PVT LTD,pv@uratom.com,9925099249,302,102
GUJARAT,Banas Kantha,SHREE HARGANGESHWAR WATER CARE,shreehargangeshwarenergy@gmail.com,8128362108,333,101
GUJARAT,Banas Kantha,GANESH CORPORATION,ganeshcorporation3003@gmail.com,9979856236,321,98
GUJARAT,Banas Kantha,TROM INDUSTRIES LIMITED,marketing@tromsolar.in,9081017444,274,93
GUJARAT,Banas Kantha,J S COMPANY,jscompany9@gmail.com,7990307424,330,93
GUJARAT,Banas Kantha,SANELITE SOLAR PVT LTD,bhavesh.modi@sanelitesolar.com,9374021722,303,91
GUJARAT,Banas Kantha,PARTHKUMAR VIKRAMBHAI KAMANIYA,kpv2322@gmail.com,9313098584,302,91
GUJARAT,Banas Kantha,JANSA SOLAR SOLUTIONS PVT LTD,jansa@kalptaru.co.in,9998000769,287,90
GUJARAT,Banas Kantha,PURNIMA SOLAR ENERGY,rpateldeesa@gmail.com,9824320856,266,82
GUJARAT,Banas Kantha,QORX ENERGY,qorxenergy1366@gmail.com,9904000629,270,80
GUJARAT,Banas Kantha,INVENTRIK ENTERPRISE,info@inventrik.co.in,8238083000,264,78
GUJARAT,Banas Kantha,JAY DADA SOLAR,jaydadasolar@gmail.com,6353659868,277,77
GUJARAT,Banas Kantha,IDEAL ELECTRICAL,idealelectric7@gmail.com,9638324167,290,76
GUJARAT,Banas Kantha,GREEN ENERGY - RAJKOT,greenenergy123@gmail.com,9428010202,248,76
GUJARAT,Banas Kantha,AVDHOOT ELECTRICAL INFRA,avdhootelectrical.infra@gmail.com,9586547798,257,75
GUJARAT,Banas Kantha,J B POWER SOLAR,jbpowersolar@gmail.com,9173390835,236,74
GUJARAT,Banas Kantha,RV INFOTECH,rvinfotech2020@gmail.com,8141560037,220,72
GUJARAT,Banas Kantha,SOLARIUM GREEN ENERGY LIMITED,np@solariumenergy.in,9687133338,244,71
GUJARAT,Banas Kantha,MBTION ENGINEERING,mbtionengineering@gmail.com,8320565108,229,70
GUJARAT,Banas Kantha,SOLVEIG SOLAR PRIVATE LIMITED,solveigsolar@gmail.com,9724362544,219,68
GUJARAT,Banas Kantha,ARRAYCOM INDIA LIMITED,solar@arraycom.co.in,9909941004,212,68
GUJARAT,Banas Kantha,SUNBOOST PRIVATE LTD,info@sunboostenergy.com,9104227788,231,67
GUJARAT,Banas Kantha,HEM SOLAR ENERGY & IRRIGATION,hemirrigtion@gmail.com,7698309718,219,66
GUJARAT,Banas Kantha,SAVARIYA CORPORATION,savariyacorporation@gmail.com,9274166507,232,65
GUJARAT,Banas Kantha,ODHAV ENTERPRISE,odhaventerpriseindia@gmail.com,9033231303,190,65
GUJARAT,Banas Kantha,VIDE ENERGY,ankita.videenergy@gmail.com,9712668268,220,64
GUJARAT,Banas Kantha,TARA SOLAR ENERGY,tara.solar.2111@gmail.com,9408966600,221,64
GUJARAT,Banas Kantha,HITECH SOLAR,jayesh@hitechsolar.in,7600059073,194,63
GUJARAT,Banas Kantha,CAPTAIN POLYPLAST LIMITED,solar@captainpolyplast.in,9313925889,200,61
GUJARAT,Banas Kantha,ADINSON ENERGY LLP,adinsonenergy2022@gmail.com,9724272728,204,60
GUJARAT,Banas Kantha,MAPS TECHNO SOLUTIONS,mapstechnosolutions@gmail.com,9974386038,193,58
GUJARAT,Banas Kantha,SAVEGRID ENERGY,savegridenergy@gmail.com,6355785758,207,57
GUJARAT,Banas Kantha,AMRUTAM RENEWABLE ENERGY,info@amrenergy.in,9016352248,201,57
GUJARAT,Banas Kantha,NAYRA ELECTRONICS,info.nayraelectronics@gmail.com,9054244430,179,55
GUJARAT,Banas Kantha,SHREE UMIYA CORPORATION,shreeumiyacorp@gmail.com,8866731185,177,54
GUJARAT,Banas Kantha,VOLLT SOLAR ENERGY,volltsolar@gmail.com,8128550011,179,51
GUJARAT,Banas Kantha,SOLAR ACE,project.solarace@gmail.com,9909037803,174,49
GUJARAT,Banas Kantha,GROWW SOLAR ENERGY,growwsolarenergy8@gmail.com,7874707545,149,48
GUJARAT,Banas Kantha,AAROHI SOLAR ENERGY,pram8384@gmail.com,8347341291,162,48
GUJARAT,Banas Kantha,PEAKSUN ENERGY PRIVATE LIMITED,info@peaksunenergy.co.in,7486089901,148,45
GUJARAT,Banas Kantha,INFRAX RENEWABLE LIMITED,pmsg@infraxrenewable.com,9033260985,133,43
GUJARAT,Banas Kantha,APS ROOFTOP SOLAR PRIVATE LIMITED,info@apsrooftopsolar.co.in,7966009900,135,41
GUJARAT,Banas Kantha,SHREE SOLAR,dinkarparekh1983@gmail.com,9104030777,137,40
GUJARAT,Banas Kantha,SOLINE SOLAR PRIVATE LIMITED,info@soline.in,9898535056,133,39
GUJARAT,Banas Kantha,AATREY SOLUTIONS,aatreysolutions@gmail.com,7698120241,125,37
GUJARAT,Banas Kantha,SHIVAY SOLAR ENERGY PRIVATE LIMITED,sanjay1482@gmail.com,7490013700,124,36
GUJARAT,Banas Kantha,MARUTI ENTERPRISE,maruti.enterprise0915@hotmail.com,8866239646,124,36
GUJARAT,Banas Kantha,UTSAV TECHNO ENTERPRISE,utsavtechnoenterprise@gmail.com,7046612340,106,34
GUJARAT,Banas Kantha,H AND S ENGINEERING,HSENGINEERING9698@GMAIL.COM,8980818699,122,34
GUJARAT,Banas Kantha,SOLARISE TECHNOLOGIES,solarisetechnologies1@gmail.com,6351562596,114,33
GUJARAT,Banas Kantha,BURAK ENERGY,burakenergy7@gmail.com,9173110729,111,30
GUJARAT,Banas Kantha,SUNSPOT,msn.sunspot@gmail.com,6356810701,99,29
GUJARAT,Banas Kantha,DAY LIGHT SOLAR ENRGY,daylightsolarahm@gmail.com,8401605515,93,29
GUJARAT,Banas Kantha,VIRTA ENTERPRISE,INFO.VIRTAENTERPRISE@GMAIL.COM,7698432673,88,28
GUJARAT,Banas Kantha,SHIV ENTERPRISE,shiventerprisesolor@gmail.com,7600438578,82,27
GUJARAT,Banas Kantha,JAY SARDAR SOLAR POWER PRIVATE LIMITED,dbchaudhary108@gmail.com,9737550593,89,26
GUJARAT,Banas Kantha,FERUS ENERGIES CO,info@ferusenergies.com,9913341342,90,26
GUJARAT,Banas Kantha,RADHE ELECTRICAL,radheelectrical24@gmail.com,9601294783,81,25
GUJARAT,Banas Kantha,JAIMAX SUNBIM PVT LTD,jaimaxsunbim@gmail.com,8980024055,83,25
GUJARAT,Banas Kantha,SUNLIGHT GREEN ENERGY,sunlightgreenmeh@gmail.com,8460043385,80,23
GUJARAT,Banas Kantha,SHAONAK SOLAR,shaonaksolar@gmail.com,9974279862,78,23
GUJARAT,Banas Kantha,HELIOSNATURAL RENEWTECH PRIVATE LIMITED,marketing@heliosnatural.com,7600052305,79,23
GUJARAT,Banas Kantha,ERA ENVIRO SOLUTIONS,info.eraenviro@gmail.com,9227849825,75,23
GUJARAT,Banas Kantha,SURYA URJA SYSTEMS,suryaurjasystems@gmail.com,9824276142,72,22
GUJARAT,Banas Kantha,SUNRAISE INDUSTRIES,info@sunraiseindustries.com,9722106810,64,21
GUJARAT,Banas Kantha,SOLAR GREEN DEVELOPERS,solargreendevelopers@gmail.com,9924507751,69,21
GUJARAT,Banas Kantha,SNETRIC POWER,snetricpower@gmail.com,8487013107,64,21
GUJARAT,Banas Kantha,GURUKRUPA SOLAR AND AGRO INDUSTRIES,vishal@vishal-group.com,9328854525,63,20
GUJARAT,Banas Kantha,VISHVAM POWER PRIVATE LIMITED,vishvampowerpl@gmail.com,9723191446,69,19
GUJARAT,Banas Kantha,HIYA ELECTRO ENGINEERS,hiyaelectroengineers@gmail.com,8128672333,70,19
GUJARAT,Banas Kantha,GREEN POWER SOLUTION,darjihardik777@gmail.com,8141216635,58,19
GUJARAT,Banas Kantha,SHREE KHODIYAR REFRIGERATION SALES AND SERVICE,shreekhodiyarref85@gmail.com,9825289293,59,18
GUJARAT,Banas Kantha,KANHA ENTERPRISE,kanhaenterprise4161@gmail.com,6355636703,59,18
GUJARAT,Banas Kantha,GREENLEAF SOLAR ENERGY,info.greenleaf1@gmail.com,9313945225,63,18
GUJARAT,Banas Kantha,ENERZYTECH INDUSTRIES PRIVATE LIMITED,deep.bhojani@enerzytech.com,9727139999,55,18
GUJARAT,Banas Kantha,U R ENERGY INDIA PVT LTD,india@urenergyglobal.com,9512040442,55,17
GUJARAT,Banas Kantha,RAYS RENEWABLE ENERGY,raysrenewableenergy@gmail.com,7069175139,52,16
GUJARAT,Banas Kantha,JAY SARDAR SOLAR PVT.LTD.,jaysardarsolar@gmail.com,8141500062,56,16
GUJARAT,Banas Kantha,EFFORTS SOLAR PRIVATE LIMITED (FORMERLY KNOWN AS EFFORTS ENTERPRISES),admin@effortsgroup.in,9067817117,53,16
GUJARAT,Banas Kantha,AMAR JYOT SPRAY PUMP,ajagriandsolar@gmail.com,9722227299,64,16
GUJARAT,Banas Kantha,SUNSHREE SOLAR,sunshreesolar@gmail.com,9157838777,51,15
GUJARAT,Banas Kantha,P AND N ENGINEERING AND MARKETING,pandnsolarenergy@gmail.com,7622023251,58,15
GUJARAT,Banas Kantha,CELESTIAL RENEWABLE ENERGY,celestialrenewableenergy@gmail.com,9099033033,48,15
GUJARAT,Banas Kantha,KOTSON PROJECTS PRIVATE LIMITED,kotsonprojects@gmail.com,9978909595,47,14
GUJARAT,Banas Kantha,SKY WINGS SOLAR ENERGY,skywingssolar@gmail.com,9974839830,46,13
GUJARAT,Banas Kantha,GHANPRIYA ENERGY SOLUTION PRIVATE LIMITED,subsidy@ghanpriyaenergy.com,9958676060,40,13
GUJARAT,Banas Kantha,4D ENERGY,4d.energy01@gmail.com,9574772407,42,13
GUJARAT,Banas Kantha,RADHASWAMI CORPOPRATION,radhaswamicorporation1@gmail.com,9687607072,38,12
GUJARAT,Banas Kantha,SOLEOS GREEN ENERGY PRIVATE LIMITED,pruthvi@soleos.in,9512448900,39,11
GUJARAT,Banas Kantha,MADHAV ENERGY SOLUTION,info.madhavenergy@gmail.com,9408354018,37,11
GUJARAT,Banas Kantha,ASV ENERGY SOLUTIONS,vikas30.asv@gmail.com,7879064335,35,11
GUJARAT,Banas Kantha,MANYAH ENERGY PVTLTD,manyahenergy@gmail.com,9925065224,29,10
GUJARAT,Banas Kantha,ARYA ELECTRICALS,arya.electricals2013@gmail.com,9428266003,34,10
GUJARAT,Banas Kantha,SHRI SAI ELECTRICAL,rooftop@shrisaielectrical.co.in,6353970979,32,9
GUJARAT,Banas Kantha,PRIME ENERGY,primeenergy321@gmail.com,9512022199,29,9
GUJARAT,Banas Kantha,AANGI SOLAR,aangisolar@gmail.com,8000848307,30,9
GUJARAT,Banas Kantha,VARUN ENGINEERING,varunpatel2027@gmail.com,9727854101,29,8
GUJARAT,Banas Kantha,TULAJA ENTERPRISE,tulajaenterprise@gmail.com,9904866630,25,8
GUJARAT,Banas Kantha,SOLAR EARTH,solarearth7@gmail.com,7990378370,26,8
GUJARAT,Banas Kantha,SHREEJI MARKETING - TALOD,rajuksales@gmail.com,9974612008,27,8
GUJARAT,Banas Kantha,R V ENERGY,rvenergy5@gmail.com,9427507035,26,8
GUJARAT,Banas Kantha,OMKARA INFOTECH,omkarinfotechlakhani@gmail.com,9428847854,25,8
GUJARAT,Banas Kantha,MADYSON ELECTRICAL,madyson.electrical41@gmail.com,9998864567,24,8
GUJARAT,Banas Kantha,INFINITY SOLAR - RAJKOT,infinitysolar2022@gmail.com,7201070799,28,8
GUJARAT,Banas Kantha,AARU SOLAR PRIVATE LIMITED,sharad.aarusolar@gmail.com,9427954432,26,8
GUJARAT,Banas Kantha,SUNCENTER SOLAR ENERGY,suncentersolarenergy@gmail.com,8905055513,23,7
GUJARAT,Banas Kantha,SOLARATIVE ENERGY SOLUTION,pavan.solarative@gmail.com,9327151411,22,7
GUJARAT,Banas Kantha,SOLAR EARTH RENEWABLES PRIVATE LIMITED,ser@solarearth.in,7990378370,22,7
GUJARAT,Banas Kantha,ICON ENERGY,info@iconenergy.in,9909999162,23,7
GUJARAT,Banas Kantha,ANK SOLAR ENERGY,anksolarenergy@gmail.com,9724816510,24,7
GUJARAT,Banas Kantha,SHREEJI SOLAR ENERGY SYSTEMS,snpatel2605@gmail.com,9712914272,17,6
GUJARAT,Banas Kantha,PROSTARM INFO SYSTEMS LIMITED,mktg.ahm@prostarm.com,9316466272,18,6
GUJARAT,Banas Kantha,ELLENCE ENERGY LLP,dhaval@ellenceenergy.com,9054073345,23,6
GUJARAT,Banas Kantha,VA PATEL INFRA PRIVATE LIMITED,mayurdhavajsinhgohil00@gmail.com,9428269204,16,5
GUJARAT,Banas Kantha,SOLARNOVA ENERGY,solarnovaenergy@gmail.com,9913161358,16,5
GUJARAT,Banas Kantha,SHREE KRISHNA SALES AND SERVICES,info@skss.co.in,9998990694,16,5
GUJARAT,Banas Kantha,SHINE ENERGY SOLUTION,info@shineenergysolution.in,9687959342,17,5
GUJARAT,Banas Kantha,SAVALIYA BROTHERS,SB.SAVALIYABROTHERS@GMAIL.COM,9687651107,16,5
GUJARAT,Banas Kantha,PERFECT RENEWTECH PRIVATE LIMITED,info@perfectrenewtech.com,9965200700,19,5
GUJARAT,Banas Kantha,NEOCENT SOLAR SYSTEM LLP,m.neocent@gmail.com,9974710486,18,5
GUJARAT,Banas Kantha,MAHADEV SALES AGENCY,mahadevsolarproject@gmail.com,7393939139,16,5
GUJARAT,Banas Kantha,GARUDA POWER,garudapower26@gmail.com,9016555765,16,5
GUJARAT,Banas Kantha,EURO SOLAR SYSTEM,eurosolarsystem@gmail.com,6351892467,17,5
GUJARAT,Banas Kantha,V POWER SOLAR SERVICES,vpowersolarservices@gmail.com,9904254440,13,4
GUJARAT,Banas Kantha,SWAMI ENERGY,jigar.swamienergy@gmail.com,9725451293,13,4
GUJARAT,Banas Kantha,SHAURYAM ENTERPRISE,shauryamsolarenterprise@gmail.com,9173645491,12,4
GUJARAT,Banas Kantha,R K ENTERPRICE,jayswal.ravi@ymail.com,9722252875,13,4
GUJARAT,Banas Kantha,POWERSHINE ENERGY,powershineenergy1993@gmail.com,9723096888,12,4
GUJARAT,Banas Kantha,PAVAN ENERGY,pavanenergy1209@gmail.com,7016265112,12,4
GUJARAT,Banas Kantha,HIRANYA,chintan6310@gmail.com,9909009425,14,4
GUJARAT,Banas Kantha,GROWSUN RENEWABLE LLP,info.growsunrenewablellp@gmail.com,9925590193,13,4
GUJARAT,Banas Kantha,GRACE RENEWABLE ENERGY PVT LTD,project1@gracerenew.com,7573027788,11,4
GUJARAT,Banas Kantha,GANESH GREEN BHARAT LIMITED,sales@ganeshgreen.com,9519518951,11,4
GUJARAT,Banas Kantha,FARMSON ENERGY,info.pv@farmsonsolar.com,9687692733,12,4
GUJARAT,Banas Kantha,BAPA SITARAM SOLAR POWER PVT LTD,bapasitaramsolarpower@gmail.com,8511362222,15,4
GUJARAT,Banas Kantha,AILIS ENERGY PRIVATE LIMITED,suryagujarat@ailisenergy.com,8401541048,19,4
GUJARAT,Banas Kantha,VEE SECURE,veesecure.in@gmail.com,9825070982,8,3
GUJARAT,Banas Kantha,URJASTROT PRIVATE LIMITED,urjastrotenterprise@gmail.com,7621010012,10,3
GUJARAT,Banas Kantha,UMA POWER SOLUTIONS,umapowersolution@gmail.com,9638953281,9,3
GUJARAT,Banas Kantha,SHRI KHATRI BATTERY SERVICE,khatribattery@gmail.com,9426029459,15,3
GUJARAT,Banas Kantha,MAPSTECH SYSTEMS,mapstechsystems@gmail.com,9998854510,11,3
GUJARAT,Banas Kantha,MAHISAGAR SOLAR ENERGY,mahisagarsolarenergy23@gmail.com,8200154972,10,3
GUJARAT,Banas Kantha,KAGI RENEWABLE ENERGY,info.kagirenew@gmail.com,8401935902,9,3
GUJARAT,Banas Kantha,JANTA RENEWABLE ENRGY,jantarenewableenergy@gmail.com,9898897373,10,3
GUJARAT,Banas Kantha,INFINITY POWER,infinitypower1026@gmail.com,8758875751,8,3
GUJARAT,Banas Kantha,GRIDSOL ENERGY,GRIDSOLENERGY@GMAIL.COM,9724634747,10,3
GUJARAT,Banas Kantha,FUSION TECHNOLOGIES,fusiontech025@gmail.com,8200697067,9,3
GUJARAT,Banas Kantha,FRELIT ENERGY PRIVATE LIMITED,frelitenergy@gmail.com,9512700130,11,3
GUJARAT,Banas Kantha,E-POWER SOLAR ENERGY,epowerenergyinfo@gmail.com,9484784798,9,3
GUJARAT,Banas Kantha,DGR ENERGY PRIVATE LIMITED,dgrenergygroup@gmail.com,8128603082,12,3
GUJARAT,Banas Kantha,AAJEY ENTERPRISE,aajeyenterprise@gmail.com,9274901971,9,3
GUJARAT,Banas Kantha,VARIZONE SOLAR PRIVATE LIMITED,varizonesolar@gmail.com,9426111113,7,2
GUJARAT,Banas Kantha,SUKOON POWER TECHNOLOGY,sukoonpowertech@gmail.com,9712946594,8,2
GUJARAT,Banas Kantha,SOLARWAVE ENERGY,solarwaveenergy2@gmail.com,7490083005,6,2
GUJARAT,Banas Kantha,SHREE RAM SOLAR RAJKOT,vikeshchovatiya@gmail.com,9898921527,6,2
GUJARAT,Banas Kantha,SHIVHARDHA SHD PROJECTS,shivhardha@gmail.com,9898692603,6,2
GUJARAT,Banas Kantha,SHAKTI ENTERPRISE,shaktienterprise0507@gmail.com,8866124840,7,2
GUJARAT,Banas Kantha,RADIANT SOLAR SOLUTIONS,paresh@radiantsolarsolution.com,9979632096,5,2
GUJARAT,Banas Kantha,RADIANT GREEN SOLUTIONS,davda.manthan@yahoo.in,9978911803,7,2
GUJARAT,Banas Kantha,RABBIT ELECTRICAL AND SOLAR PVT. LTD.,respvtltd24@gmai.com,9727646420,8,2
GUJARAT,Banas Kantha,PDF ENGINEERS PRIVATE LIMITED,project2.pepl@gmail.com,8803910391,7,2
GUJARAT,Banas Kantha,P.M.BAROT GREEN ENERGY,jaybarotkdbm@gmail.com,9327129667,6,2
GUJARAT,Banas Kantha,ONEVOLT GREEN PVT LTD,onevoltgreens@gmail.com,9925292721,6,2
GUJARAT,Banas Kantha,NEETY EURO ASIA SOLAR ENERGY,falgun@nease.in,9909595442,12,2
GUJARAT,Banas Kantha,MARUTI SUNSOLREN,marutisunsolren@gmail.com,8238145153,6,2
GUJARAT,Banas Kantha,JAYVEER ELECTRICAL PRIVATE LIMITED,jayveerelectrical@gmail.com,9601679621,6,2
GUJARAT,Banas Kantha,ISHITA ENGINEERING,ishitaengineering13@gmail.com,8866649177,6,2
GUJARAT,Banas Kantha,GREEN SUN ENERGY,teamgreensun@gmail.com,9274525232,6,2
GUJARAT,Banas Kantha,BHAVANI ELECTRICALS,beplpatan@gmail.com,9824014075,6,2
GUJARAT,Banas Kantha,ARBUDA SOLAR,manan.chaudhari@hotmail.com,9638732097,6,2
GUJARAT,Banas Kantha,AARISH POWER,harshpatel5268@gmail.com,7600621060,6,2
GUJARAT,Banas Kantha,A J INFRATECH AND SOLAR,aryanpatelvisnagar@gmail.com,9429083193,6,2
GUJARAT,Banas Kantha,VISHWAS SOLAR ENERGY,vishwassolar25@gmail.com,9426486257,3,1
GUJARAT,Banas Kantha,V SOLAR,vsolar8521@gmail.com,7698297821,3,1
GUJARAT,Banas Kantha,UMAA ENTERPRISE,sales.umaa@gmail.com,9898701758,3,1
GUJARAT,Banas Kantha,TRIZONE POWER,trizonepower05@gmail.com,9638052084,3,1
GUJARAT,Banas Kantha,SUNPLUG TECHNOLOGIES LLP,hnchavda87@gmail.com,9427020496,2,1
GUJARAT,Banas Kantha,SUNISTIC SOLAR ENERGY LLP,info@sunisticsolarenergy.com,9909507507,3,1
GUJARAT,Banas Kantha,STAR ENERGY SYSTEMS,starenergyindia@gmail.com,9825014314,3,1
GUJARAT,Banas Kantha,SOLMECH ENERGY,solmechenergy@gmail.com,9998930960,2,1
GUJARAT,Banas Kantha,SOLIS ENERGY SYSTEM,bhargavpaneliya@solisenergysystem.com,9601270077,4,1
GUJARAT,Banas Kantha,SOLARAM POWER INFRASTRUCTURE PRIVATE LIMITED,solarampower@gmail.com,9898041008,4,1
GUJARAT,Banas Kantha,SMIT ENGINEERING SOLUTION,smitengineering10@gmail.com,9033381684,3,1
GUJARAT,Banas Kantha,SHREE SOLAR POWER,nileshsorthiya2@gmail.com,9727620417,3,1
GUJARAT,Banas Kantha,SAVIOR SOLAR ENERGY,saviorsolarenergy@outlook.com,8980517729,3,1
GUJARAT,Banas Kantha,SATYASARA ENERGY PRIVATE LIMITED,satyasaraenergy@gmail.com,9909365808,4,1
GUJARAT,Banas Kantha,PRIDE SOLAR ENERGY LLP,Pridesolarenergyllp@outlook.com,9664975264,3,1
GUJARAT,Banas Kantha,PRASHANT ENTERPRISE,prashantenterprise.solar@gmail.com,9409337000,4,1
GUJARAT,Banas Kantha,PHOTOVOLTAIC SOLAR,info@photovoltaicsolar.in,8866488000,3,1
GUJARAT,Banas Kantha,PANCHAMRUT ENTERPRISE,panchamrut2019@gmail.com,7016103662,3,1
GUJARAT,Banas Kantha,P C LINK ENTERPRISE,pclinkenterprise@gmail.com,8238053941,3,1
GUJARAT,Banas Kantha,NVVP GREEN ENERGY PRIVATE LIMITED,nvvpgreenepl@gmail.com,9979941234,3,1
GUJARAT,Banas Kantha,NRS SOLAR SOLUTION,info.nrssolarsolution@gmail.com,8488953026,3,1
GUJARAT,Banas Kantha,NIRAJ TRADERS,nirajtraders@yahoo.com,9825030321,5,1
GUJARAT,Banas Kantha,MJR INDUSTRIES PRIVATE LIMITED,mjrindustriespvtltd@gmail.com,9426998993,3,1
GUJARAT,Banas Kantha,KREYA ENTERPRISES,kreyaentp@gmail.com,6359233332,3,1
GUJARAT,Banas Kantha,KOSOL ENERGIE PVT. LTD.,bharat@sunray.co.in,8799696356,3,1
GUJARAT,Banas Kantha,JAISHANAVI SOLAR,rishikeshthakkar@gmail.com,9974143899,3,1
GUJARAT,Banas Kantha,INRAYS TECHNOLOGY,inraystechnology@gmail.com,9898878734,3,1
GUJARAT,Banas Kantha,I SQUARE SOLAR,work.srbudheliya@gmail.com,9722272775,3,1
GUJARAT,Banas Kantha,HERMES TECHNOLOGIES PRIVATE LIMITED,info@hermesdrives.com,9825066778,3,1
GUJARAT,Banas Kantha,HARI INFRA PROJECTS,info@hariindia.in,9998037067,3,1
GUJARAT,Banas Kantha,H.K ENERGY,hkenergy001@gmail.com,9586401312,3,1
GUJARAT,Banas Kantha,GREEN EVER SYSTEMS PRIVATE LIMITED,greeneversystems@gmail.com,8866167111,3,1
GUJARAT,Banas Kantha,GLOBAL SOLAR ENERGY,globalsolar99@gmail.com,8866190358,3,1
GUJARAT,Banas Kantha,FOREXT GREEN ENERGY PRIVATE LIMITED,Forextgreen@gmail.com,9227145384,3,1
GUJARAT,Banas Kantha,EURO PREMIUM SOLAR SYSTEM (INDIA) PRIVATE LIMITED,info@europremiumsolar.com,7622023253,4,1
GUJARAT,Banas Kantha,ELCON POWER,elconpower@outlook.com,8200061494,4,1
GUJARAT,Banas Kantha,DHWANIL LIGHT ZONE,patelrikin3054@gmail.com,9409505790,3,1
GUJARAT,Banas Kantha,CORWIND RENERGY LLP,corwind.renergy@gmail.com,9428490118,2,1
GUJARAT,Banas Kantha,CHEHAR ENERGY,cheharenergy@gmail.com,9998077796,3,1
GUJARAT,Banas Kantha,BHAKTINANDAN POWER PVTLTD,bhaktinandanpower@gmail.com,9724031529,3,1
GUJARAT,Banas Kantha,ASHISH ELECTROMECH,ashishelectromech@gmail.com,9426048587,3,1
GUJARAT,Banas Kantha,AMPERE GREEN ENERGY,amperegreenenergy@gmail.com,9033116472,3,1
GUJARAT,Banas Kantha,AADITYA SOLAR,adityasolarnarmada@gmail.com,9265740687,2,1
GUJARAT,Banas Kantha,ZY ENTERPRISE,zyenterprise12@gmail.com,8460313094,0,0
GUJARAT,Banas Kantha,ZUNROOF TECH PVT LTD,gosolar@zunroof.com,9205893368,0,0
GUJARAT,Banas Kantha,ZODIAC ENERGY LIMITED,info@zodiacenergy.com,7861852582,0,0
GUJARAT,Banas Kantha,ZMR ENERGY INCORPORATION,zmrenergyincorporation@gmail.com,9924818113,0,0
GUJARAT,Banas Kantha,ZENITH SUNSPARK,zenithsunspark@gmail.com,8140946909,0,0
GUJARAT,Banas Kantha,ZEEPO ELECTRICAL SERVICES PRIVATE LIMITED,zeepoelectricalservices@gmail.com,9664823942,0,0
GUJARAT,Banas Kantha,ZAVICH INFRASTRUCTURE AND POWER PVT LTD,zavichinfra@gmail.com,9106129608,0,0
GUJARAT,Banas Kantha,ZALA HAKUBHA NARSISINH,solar.hakubha1508@gmail.com,9925103777,0,0
GUJARAT,Banas Kantha,YUVARAYS SOLAR,yuvarayssolar@gmail.com,9824624497,0,0
GUJARAT,Banas Kantha,YUVAAN ENERGY PRIVATE LIMITED,sales@yuvaanenergy.com,9825045890,0,0
GUJARAT,Banas Kantha,YUG SOLAR,yugsolar@gmail.com,6359410052,0,0
GUJARAT,Banas Kantha,YOGI BATTERY CENTRE,yogipowersystem@yahoo.co.in,9824088156,0,0
GUJARAT,Banas Kantha,YOG ENTERPRISE,yogenterprise.vallabhipur@gmail.com,7600790079,0,0
GUJARAT,Banas Kantha,YELLOWFELLOW ENERGIES LLP,viraj@yellowfellow.in,8200955676,0,0
GUJARAT,Banas Kantha,YELLOWCREST ENERGY LLP,yellowcrestenergy@gmail.com,9904675445,0,0
GUJARAT,Banas Kantha,YELLOW RAY SOLAR,yellowraysolar@gmail.com,9427443581,0,0
GUJARAT,Banas Kantha,YASHVI ENTERPRISE,yashvientsami@gmail.com,8849331593,0,0
GUJARAT,Banas Kantha,YASHONAND ELECTRO SERVICE PVT LTD,yashonand2022@gmail.com,9157197171,0,0
GUJARAT,Banas Kantha,YAGNIKKUMAR VALLABHBHAI SAVALIYA,yagniks1999@gmail.com,9409326590,0,0
GUJARAT,Banas Kantha,Y CAME SYSTEMS,ycamesystem009@gmail.com,8320408867,0,0
GUJARAT,Banas Kantha,WISEN ENERGY LLP,info@wisenenergyllp.com,9016979007,0,0
GUJARAT,Banas Kantha,WISE GOAL SERVICES PRIVATE LIMITED,hr.wisegoal@gmail.com,7567161902,0,0
GUJARAT,Banas Kantha,WHITESUN GREEN ENERGY PRIVATE LIMITED,rakesh.bhudia14@hotmail.com,8511740671,0,0
GUJARAT,Banas Kantha,WHITEDESERT POWER PROJECTS PVT. LTD.,wdplnkt@gmail.com,9427760723,0,0
GUJARAT,Banas Kantha,VSG ENTERPRISE,SURYAKANTGORASIYA3024@GMAIL.COM,9979632447,0,0
GUJARAT,Banas Kantha,VRUND ENERGY,vrundenergy@gmail.com,9574779572,0,0
GUJARAT,Banas Kantha,VRAJ ENTERPRISE,vrajsolarsolutions@gmail.com,8140000903,0,0
GUJARAT,Banas Kantha,VR ENERGY,vrenergy4@gmail.com,9924390293,0,0
GUJARAT,Banas Kantha,VOLTEX SOLUTION,info.voltexsolution@gmail.com,9104629229,0,0
GUJARAT,Banas Kantha,VOLTECH ELECTRICALS,voltechelectricals156@gmail.com,7567771900,0,0
GUJARAT,Banas Kantha,VOLT'S LEGACY ENERGY SOLUTION,contact@voltslegacy.com,9998765059,0,0
GUJARAT,Banas Kantha,VMD SOLAR ENERGY PRIVATE LIMITED,info@vmdsolarenergy.com,9974095302,0,0
GUJARAT,Banas Kantha,VIYA ELECTRIC PRIVATE LIMITED,info@viyaelectric.com,9033092026,0,0
GUJARAT,Banas Kantha,VIVAN ENERGY,vivanenergy09@gmail.com,9979890230,0,0
GUJARAT,Banas Kantha,VIVAAN INFRA,info@vivaaninfra.in,9909916448,0,0
GUJARAT,Banas Kantha,VITRAG TECHNO PRIVATE LIMITED,ad.vitragsolar@gmail.com,7778882668,0,0
GUJARAT,Banas Kantha,VISWAN ENERGY SOLUTIONS,viswanenergy@gmail.com,8866641649,0,0
GUJARAT,Banas Kantha,VISION SOLAR,visionenergy196@gmail.com,6351131196,0,0
GUJARAT,Banas Kantha,VISION INFOSYS,info@vision-infosys.in,9825061749,0,0
GUJARAT,Banas Kantha,VISHWASH ENTERPRISE,vishwashenterprise2422@gmail.com,6355098324,0,0
GUJARAT,Banas Kantha,VISHWAKARMA ELECTRICALS,info.vishwakarmaelectricals@gmail.com,9426730030,0,0
GUJARAT,Banas Kantha,VISHWA SOLAR EXPERT,vishwasolar68@gmail.com,9724968018,0,0
GUJARAT,Banas Kantha,VISAKA GREEN PRIVATE LIMITED,vsolar@visaka.in,8770905614,0,0
GUJARAT,Banas Kantha,VIRAJBHAI VISUBHAI KHACHAR,gchauhan17388@gmail.com,9898986662,0,0
GUJARAT,Banas Kantha,VINARA SOLUTIONS,vinarasolutions@gmail.com,8320754771,0,0
GUJARAT,Banas Kantha,VIMAL ELECTRONICS,kcpatel@vimalelectronics.com,9099777176,0,0
GUJARAT,Banas Kantha,VIJAY ELECTRIC COMPANY,vijayelectricco@rediffmail.com,8200337720,0,0
GUJARAT,Banas Kantha,VIDHYUT URJA,vidhyut.urja10@gmail.com,9664845692,0,0
GUJARAT,Banas Kantha,VIDHYUT SOLAR,vidhyutsolarenergy@gmail.com,8347838900,0,0
GUJARAT,Banas Kantha,VIBRANT SOLAR SYSTEMS,sales.vibrantsolar@gmail.com,9408330692,0,0
GUJARAT,Banas Kantha,VIABLE SOLAR,viable.solar9990@gmail.com,9913344841,0,0
GUJARAT,Banas Kantha,VIA ELECTRIC,hello.viaelectric@gmail.com,9925203764,0,0
GUJARAT,Banas Kantha,VERTEX SOLAR SOLUTIONS PVT LTD,vertexnad@gmail.com,8758614088,0,0
GUJARAT,Banas Kantha,VENUS ENTERPRISE,venusenergy2228@gmail.com,7990678583,0,0
GUJARAT,Banas Kantha,VENTURE SOLAR SOLUTION,info@venturesolarsolution.com,9979632050,0,0
GUJARAT,Banas Kantha,VEERASOL TECHNOLOGY,info@veerasol.com,9558899931,0,0
GUJARAT,Banas Kantha,VEER SOLAR GREEN ENERGY,veersolar2024@gmail.com,8347173977,0,0
GUJARAT,Banas Kantha,VEDA ENTERPRISE,info.vedaenterprise@gmail.com,8401103393,0,0
GUJARAT,Banas Kantha,VECTON ENERGY,vectonenergy@gmail.com,8000140159,0,0
GUJARAT,Banas Kantha,VCL ENERGY,vclenergy777@gmail.com,9825492605,0,0
GUJARAT,Banas Kantha,VASUSENA SOLAR ENERGY,vasusenasolarenergy07@gmail.com,9265356623,0,0
GUJARAT,Banas Kantha,VASHRAMBHAI LAKHABHAI GHED,satrang.com@gmail.com,9624152555,0,0
GUJARAT,Banas Kantha,VASANI SOLAR SOLUTION,vasani.solar.solution@gmail.com,9998404646,0,0
GUJARAT,Banas Kantha,VARRCHASVA ENERGY PRIVATE LIMITED,vaibhav@varrchasva.com,9100520101,0,0
GUJARAT,Banas Kantha,VARDHAN SALES,vardhansolar91@gmail.com,9512020935,0,0
GUJARAT,Banas Kantha,VALAM ENTERPRISE,valamenterprise007@gmail.com,9824881693,0,0
GUJARAT,Banas Kantha,VAKRATUND INNOVATION PRIVATE LIMITED,operation@vakratundinnovation.com,6351039120,0,0
GUJARAT,Banas Kantha,VAIJNATH GLOBAL,vaijnathglobal@gmail.com,9106991946,0,0
GUJARAT,Banas Kantha,VAGHASIA HITESH B,vaghasia_hitesh@yahoo.com,9979773121,0,0
GUJARAT,Banas Kantha,VAATI POWER,vaatipower@gmail.com,9510010005,0,0
GUJARAT,Banas Kantha,V-GUARD INDUSTRIES LIMITED,solar@vguard.in,9895550313,0,0
GUJARAT,Banas Kantha,UVR TECHSOL PRIVATE LIMITED,uvrtechsol@gmail.com,9227106799,0,0
GUJARAT,Banas Kantha,URJA GLOBAL LIMITED,bhagwan.verma@urjaglobal.in,7290005823,0,0
GUJARAT,Banas Kantha,URJA ELECTRICALS,urja.electricals.dhg@gmail.com,8469551508,0,0
GUJARAT,Banas Kantha,UPVOLTAGE SOLUTIONS LLP,upvoltagesolutions@gmail.com,7990618259,0,0
GUJARAT,Banas Kantha,UNIVERSE ENTERPRISE,muljinakum1103@gmail.com,7878789968,0,0
GUJARAT,Banas Kantha,UNITY ENERGY SOLUTION,unityenergysolution@gmail.com,9099094027,0,0
GUJARAT,Banas Kantha,UNIQUE SOLAR SERVICE,UNIQUESOLARSERVICERAJKOT@GMAIL.COM,7046082382,0,0
GUJARAT,Banas Kantha,UNIQUE ELECTRICAL,sales.epc2016@gmail.com,9099000148,0,0
GUJARAT,Banas Kantha,UNICORN ENTERPRISE,unicornsolarvyara@gmail.com,8200121328,0,0
GUJARAT,Banas Kantha,UNICORN ELECTRICALS AND PROJECTS,unicornelectricals20@gmail.com,9510968626,0,0
GUJARAT,Banas Kantha,UNICON ENERGY,info@uniconenergy.com,9974545444,0,0
GUJARAT,Banas Kantha,UMIYA TRADING COMPANY,umiyatradingcompany1287@gmail.com,9998850299,0,0
GUJARAT,Banas Kantha,UMIYA ENTERPRISE - NARODA,umiyaenterprise1981@gmail.com,9725033295,0,0
GUJARAT,Banas Kantha,ULTRAVIOLET SOLAR PVT.LTD.,info@uvrays.co.in,7878699099,0,0
GUJARAT,Banas Kantha,ULTRASUN ENERGY,info@ultrasunenergy.com,9909911071,0,0
GUJARAT,Banas Kantha,ULTRA RAYS ENERGY SOLUTION,ultrarays2019@gmail.com,7984482472,0,0
GUJARAT,Banas Kantha,UKEL AUTOMATION LLP,ukelautomation@gmail.com,9998008889,0,0
GUJARAT,Banas Kantha,UJALA COMPANY,ujalasolarcompany@gmail.com,7874157474,0,0
GUJARAT,Banas Kantha,UDB ENERGY PVT. LTD.,udbenergypvtltd@gmail.com,7077014714,0,0
GUJARAT,Banas Kantha,TVARIT ENERGY LLP,meet@tvritenergy.in,8511600853,0,0
GUJARAT,Banas Kantha,TRINITY RENEWABLE ENERGY,info.trinityrenewableenergy@gmail.com,9227000392,0,0
GUJARAT,Banas Kantha,TRIDENT POWER,trident.power24@gmail.com,7698264402,0,0
GUJARAT,Banas Kantha,TRADE X,tradex.solarenergy22@gmail.com,9106834748,0,0
GUJARAT,Banas Kantha,TOUCHCORE CONSULTANCY,touchcore27@gmail.com,9909284285,0,0
GUJARAT,Banas Kantha,TIRUPATI SOLAR,tirupatisolar@hotmail.com,7043343509,0,0
GUJARAT,Banas Kantha,THE WOLT TECHNIQUES,director@woltsolarproducts.com,9904238777,0,0
GUJARAT,Banas Kantha,THE SHIVSHAKTI ENTERPRISE,Shivshakti2688@gmail.com,9913418634,0,0
GUJARAT,Banas Kantha,THE MOON KNIGHT,themoonknight913@gmail.com,9081313777,0,0
GUJARAT,Banas Kantha,THE MECHTECH SOLUTIONS,themechtechsolutions@gmail.com,9714928728,0,0
GUJARAT,Banas Kantha,TERAIYA ENTERPRISE,teraiyaenterprise@gmail.com,8780802225,0,0
GUJARAT,Banas Kantha,TEJ ENERGY LLP,director@tejenergy.com,9426856508,0,0
GUJARAT,Banas Kantha,TECHSUNBIO GREEN ENERGY PRIVATE LIMITED,info@techsunbio.com,9925336536,0,0
GUJARAT,Banas Kantha,TECHNOVATIVE GREEN ENERGY SOLUTIONS,technovativesolar@gmail.com,6354031108,0,0
GUJARAT,Banas Kantha,TECHNOGOODS ENTERPRISES,TechnoGoods@outlook.com,9904709693,0,0
GUJARAT,Banas Kantha,TECHNOCRATS ENGINEERS,technocratsengineers007@gmail.com,9974214007,0,0
GUJARAT,Banas Kantha,TECHNOCELL INDUSTRIAL SERVICES,skg23aqua@yahoo.in,9979348446,0,0
GUJARAT,Banas Kantha,TECHNO POWER,technopower0001@gmail.com,8200360798,0,0
GUJARAT,Banas Kantha,TECHNO ELECTRONICS,sales@technopower.co.in,9825236894,0,0
GUJARAT,Banas Kantha,TATVAM INDUSTRIES,parth.tatvam@protonmail.com,7990101643,0,0
GUJARAT,Banas Kantha,TATSAT NRGS,tatsatnrgs@gmail.com,7984576567,0,0
GUJARAT,Banas Kantha,TARUN AND CO,taruncopwr@gmail.com,9879534866,0,0
GUJARAT,Banas Kantha,TAPTI SOLAR,taptisolar@gmail.com,9157028811,0,0
GUJARAT,Banas Kantha,TAJ ELECTRICALS,tajelectricals.daman@gmail.com,9824790965,0,0
GUJARAT,Banas Kantha,TAIYO SOLAR SYTEM INTEGRATOR LLP,info@taiyosolar.co.in,9825324580,0,0
GUJARAT,Banas Kantha,SYSTEM RENEWABLE ENERGY,nbagwan8@gmail.com,9662361740,0,0
GUJARAT,Banas Kantha,SYSTEM LEVEL SOLUTIONS INDIA PVT LTD,sales@getsunsights.com,7486992856,0,0
GUJARAT,Banas Kantha,SYNNOVE POWER TECHNOLOGY,synnovepowertechnology@gmail.com,9033346701,0,0
GUJARAT,Banas Kantha,SYNCHRO ENERGY,synchroenergy389@gmail.com,9974737316,0,0
GUJARAT,Banas Kantha,SYNC GLOBAL SOLUTIONS,syncenergyindia@gmail.com,8854084325,0,0
GUJARAT,Banas Kantha,SWEV INDIA PVT LIMITED,swevindia@gmail.com,7984328691,0,0
GUJARAT,Banas Kantha,SWASTIK SOLAR SYSTEM,swastiksolar07@gmail.com,9712412011,0,0
GUJARAT,Banas Kantha,SWARG INDUSTRIES PVT LTD,info@swargworld.com,9824999527,0,0
GUJARAT,Banas Kantha,SWAMI INTEGRATOR AND CONSULTANTS LLP,sanjib@swamisolar.com,8980800743,0,0
GUJARAT,Banas Kantha,SUTARIAS SOLUTIONS PRIVATE LTD,sspl.hasmukh@gmail.com,9099510408,0,0
GUJARAT,Banas Kantha,SURYOSA SOLAR PRIVATE LIMITED,info@suryosa.com,9998018314,0,0
GUJARAT,Banas Kantha,SURYATRIC SOLAR PVT LTD,info.suryatrick@gmail.com,9979652010,0,0
GUJARAT,Banas Kantha,SURYASTRA GREEN INITIATIVES PRIVATE LIMITED,suryastraindia@gmail.com,8128007602,0,0
GUJARAT,Banas Kantha,SURYASIDDHI ENERGY SOLUTION PRIVATE LIMITED,suryasiddhienergysolutions@gmail.com,8460641891,0,0
GUJARAT,Banas Kantha,SURYASE ENERGY,suryaseenergy@gmail.com,9662047390,0,0
GUJARAT,Banas Kantha,SURYANCE SOLAR,suryancesolar@gmail.com,9664504655,0,0
GUJARAT,Banas Kantha,SURYAMANI SOLAR,suryamanisolar@gmail.com,8140000257,0,0
GUJARAT,Banas Kantha,SURYAMAAN ENERGY,info.suryamaan@gmail.com,9722243637,0,0
GUJARAT,Banas Kantha,SURYAM INTERNATIONAL PRIVATE LIMITED,marketing@groupsurya.co.in,8093011632,0,0
GUJARAT,Banas Kantha,SURYAM ENERGY,dhavalpatel7037@gmail.com,8320698043,0,0
GUJARAT,Banas Kantha,SURYAKAMAL INFRA PVT.LTD.,sales@suryakamalinfra.com,9727756866,0,0
GUJARAT,Banas Kantha,SURYADEV SOLAR,suryadevsolar4@gmail.com,9327175676,0,0
GUJARAT,Banas Kantha,SURYADEV SALES & SERVICE,suryadev2k20@gmail.com,7016946571,0,0
GUJARAT,Banas Kantha,SURYABHUMI SOLAR ENERGY,suryabhumisolarenergy@gmail.com,8866019146,0,0
GUJARAT,Banas Kantha,SURYA SOLAR AND WATERS,rooftop@suryasolarwaters.com,9033266039,0,0
GUJARAT,Banas Kantha,SURYA SHAKTI SOLAR,suryashaktisolar09@gmail.com,7567992734,0,0
GUJARAT,Banas Kantha,SURYA SHAKTI,suryashaktisolar.18@gmail.com,8488010488,0,0
GUJARAT,Banas Kantha,SURYA INTERNATIONAL,suryavishnu159@yahoo.com,9825802298,0,0
GUJARAT,Banas Kantha,SURYA ENTERPRISE,suryaenterprise8324@gmail.com,9687975891,0,0
GUJARAT,Banas Kantha,SUREWORTH SOLAR,Sureworthsolar@gmail.com,7698763040,0,0
GUJARAT,Banas Kantha,SURESHBHAI SADURBHAI BARBACHIYA,surechbarbachiya41@gmail.com,9879299136,0,0
GUJARAT,Banas Kantha,SURAYAY NAMAH ENERGY PRIVATE LIMITED,rahul@surayaynamahenergy.com,9554055565,0,0
GUJARAT,Banas Kantha,SURAJGEMA POWER,SURAJGEMAPOWER@GMAIL.COM,8460515124,0,0
GUJARAT,Banas Kantha,SUPER WATT POWER SOLUTIONS LLP,power.superwatt@gmail.com,9920320366,0,0
GUJARAT,Banas Kantha,SUNWAY SOLAR,sunwaysolar02@gmail.com,7698832340,0,0
GUJARAT,Banas Kantha,SUNWAVE ENERGY,sunwave.energy123@gmail.com,7046070468,0,0
GUJARAT,Banas Kantha,SUNVINE RENEWABLE,sunvinerenewable@gmail.com,8000050580,0,0
GUJARAT,Banas Kantha,SUNTRAC SOLAR,suntrac.jh@gmail.com,9979363442,0,0
GUJARAT,Banas Kantha,SUNSPOT ENERGY LLP,info.sunspotenergy@gmail.com,8866110577,0,0
GUJARAT,Banas Kantha,SUNSPARK SOLAR SOLUTIONS (FORMERLY KNOWN AS SUSSPARK SOLAR SOLUTIONS ),sunsparksolarsolutions23@gmail.com,9664693254,0,0
GUJARAT,Banas Kantha,SUNSOLAR SOLUTIONS (INDIA) PRIVATE LIMITED,jigar@sunsolarsolutions.co.in,9638189589,0,0
GUJARAT,Banas Kantha,SUNSNATCH SOLUTIONS LLP,monark.sunsnatch@gmail.com,7698536878,0,0
GUJARAT,Banas Kantha,SUNSKY SOLAR,trdesai@sunskysolar.co.in,9727518665,0,0
GUJARAT,Banas Kantha,SUNSHINE SOLUTIONS,modimehul26@gmail.com,9016959291,0,0
GUJARAT,Banas Kantha,SUNSHINE SOLAR,sunshinesolarsurat@gmail.com,9537733133,0,0
GUJARAT,Banas Kantha,SUNSHAPE ENERGY,sunshapeenergy@gmail.com,9913783302,0,0
GUJARAT,Banas Kantha,SUNSETLIFE SOLAR PRIVATE LIMITED,sunsetlifesolar@gmail.com,9574427119,0,0
GUJARAT,Banas Kantha,SUNSAI SOLAR SYSTEMS,solar@sunsai.co.in,9925808788,0,0
GUJARAT,Banas Kantha,SUNSAFE INFRA SERVICES,INFO@SUNSAFE.IN,9033673308,0,0
GUJARAT,Banas Kantha,SUNSAFE INFRA PRIVATE LIMITED,sunsafe.np@gmail.com,7227050091,0,0
GUJARAT,Banas Kantha,SUNRUN GREEN ENERGY,sunrungreenenergy@gmail.com,6354883949,0,0
GUJARAT,Banas Kantha,SUNROOF ELECTRICAL ENERGY,sunroofenergy100@gmail.com,9687893989,0,0
GUJARAT,Banas Kantha,SUNRISE INDIA,satyanarayantiwari2022@gmail.com,7208291414,0,0
GUJARAT,Banas Kantha,SUNRISE ENTERPRISE,sunriseenterprise6388@gmail.com,9904889087,0,0
GUJARAT,Banas Kantha,SUNREST INFRA ENERGY,sunrestinfraenergy@gmail.com,9638063381,0,0
GUJARAT,Banas Kantha,SUNRAYS ENERGY,keyursheth.14@gmail.com,9978724010,0,0
GUJARAT,Banas Kantha,SUNPRIDE ENERGY,chiragpatel2592@gmail.com,9726880980,0,0
GUJARAT,Banas Kantha,SUNPOWER ENERGY,sunpowerenergy.solar@gmail.com,7405095299,0,0
GUJARAT,Banas Kantha,SUNNOVATIVE SOLAR ENERGY SOLUTION PVT LTD,ravi@sunnovative.com,8153819531,0,0
GUJARAT,Banas Kantha,SUNLIGHT SOLAR ENTERPRISE,bhaveshparmar4793@gmail.com,8320866769,0,0
GUJARAT,Banas Kantha,SUNLIGHT INFRA ENERGY PRIVATE LIMITED,tender@sunlights.in,9998374580,0,0
GUJARAT,Banas Kantha,SUNLIGHT ENERGY SOLUTIONS,sunlightenergysolutions01@gmail.com,9824668001,0,0
GUJARAT,Banas Kantha,SUNLAND SOLAR ENERGY,sunlandsolarenergy@gmail.com,8141810505,0,0
GUJARAT,Banas Kantha,SUNIFY SOLAR LLP,sunifysolar@gmail.com,8141455505,0,0
GUJARAT,Banas Kantha,SUNGOLD ENTERPRISE,sungoldenterprise123@gmail.com,9737147433,0,0
GUJARAT,Banas Kantha,SUNFRAA RENEWABLES LLP,partner@sunfraa.com,6354296570,0,0
GUJARAT,Banas Kantha,SUNCARE ENERTECH PVT LTD,suncaresolar3@gmail.com,7405450545,0,0
GUJARAT,Banas Kantha,SUNBYTE ENERGY SOLUTIONS LLP,info.sunbyteenergy@gmail.com,7698971717,0,0
GUJARAT,Banas Kantha,SUNBUY RENEWABLES PVT LTD,darshan@sunbuy.in,9328281611,0,0
GUJARAT,Banas Kantha,SUNBURST GREEN ENERGY LLP,office@sunburstgreen.com,9879514559,0,0
GUJARAT,Banas Kantha,SUNBLOOM ENERGY PRIVATE LIMITED,info@sunbloomenergy.com,9662874669,0,0
GUJARAT,Banas Kantha,SUNARC ELECTRICALS,sunarcelectricals@gmail.com,9687025729,0,0
GUJARAT,Banas Kantha,SUN VISION SOLAR,info@sunvisionsolar.in,9924112225,0,0
GUJARAT,Banas Kantha,SUN TECH ENERGY SOLUTION,suntech.rutvij@gmail.com,8320301975,0,0
GUJARAT,Banas Kantha,SUN SPARKLE ENERGY,sunsparkleenergy@gmail.com,9016093505,0,0
GUJARAT,Banas Kantha,SUN SAVER SOLAR,support@sunsaversolar.in,9909908879,0,0
GUJARAT,Banas Kantha,SUN MICRA RENEWABLE ENERGY,info@sunmicra.co.in,7990662677,0,0
GUJARAT,Banas Kantha,SUN LIGHT SOLAR,sunlightsolar0106@gmail.com,9726215972,0,0
GUJARAT,Banas Kantha,SUN ENERGY,sunenergybharat@gmail.com,9427352326,0,0
GUJARAT,Banas Kantha,SUMERU SOLUTION,sumerusolution22@gmail.com,8866426625,0,0
GUJARAT,Banas Kantha,SUKARM,sukarmsolar@gmail.com,9925045163,0,0
GUJARAT,Banas Kantha,SUCCESS TECHNOCRAT,khatri292@gmail.com,9624001021,0,0
GUJARAT,Banas Kantha,STRONG SUN SOLAR ENERGY,strongsunsolarenergy@gmail.com,7622011292,0,0
GUJARAT,Banas Kantha,STEELHACKS INDUSTRIES,unisolsolar2000@yahoo.com,9825049997,0,0
GUJARAT,Banas Kantha,STARLUMEN ENERGY LLP,sales.starlumen@gmail.com,8758737125,0,0
GUJARAT,Banas Kantha,STAR ELECTRICALS,starhalol389350@gmail.com,9909118137,0,0
GUJARAT,Banas Kantha,STANDARD ENGINEERS & CONTRACTORS,standardelectricals7177@gmail.com,8140080726,0,0
GUJARAT,Banas Kantha,SSB ICONIC LLP,s2belectricals@gmail.com,9016903767,0,0
GUJARAT,Banas Kantha,SPY AUTOMATION,spyautomation61@gmail.com,7227000497,0,0
GUJARAT,Banas Kantha,SPIKE ENERGY,vspikeenergy@gmail.com,9662485355,0,0
GUJARAT,Banas Kantha,SPEED O ENERGY,INFO.SPEEDOENERGY@GMAIL.COM,7016826003,0,0
GUJARAT,Banas Kantha,SPARQ ENERTECH PVT LTD,info@sparqenertech.com,9558971268,0,0
GUJARAT,Banas Kantha,SPARCO MULTIPLAST PVT LTD,info@sparcoenergy.com,9409269062,0,0
GUJARAT,Banas Kantha,SP TECHNOLOGY,Sptechnology2023@gmail.com,9586267664,0,0
GUJARAT,Banas Kantha,SP POWERTECH,sppowertech44@gmail.com,9408129713,0,0
GUJARAT,Banas Kantha,SP EPC SOLUTIONS,psbuma@gmail.com,9537824788,0,0
GUJARAT,Banas Kantha,SP ENGINEERING,sp.engineering2k19@gmail.com,6353577489,0,0
GUJARAT,Banas Kantha,SOULSHINE RENEWABLE ENERGY,epc.soulshine@gmail.com,9913895893,0,0
GUJARAT,Banas Kantha,SOR ENTERPRISE,sorsolar@yahoo.com,9824428293,0,0
GUJARAT,Banas Kantha,SOORYABHUMI ENERGY,sooryabhumienergy2024@gmail.com,8155887304,0,0
GUJARAT,Banas Kantha,SONIK SOLAR POWER SOLUTION,Sonikpanchal27@gmail.com,8200291250,0,0
GUJARAT,Banas Kantha,SOMNATH ENERGY,somnath.solarenergy@gmail.com,7600250096,0,0
GUJARAT,Banas Kantha,SOM ENERGY SYSTEMS,info@somenergysystems.com,8401909576,0,0
GUJARAT,Banas Kantha,SOLYUG RENEWABLES,info@solyugrenewables.com,9099562009,0,0
GUJARAT,Banas Kantha,SOLWAVE SOLAR,solwave4solar@gmail.com,9409344465,0,0
GUJARAT,Banas Kantha,SOLWAVE ENGINEERING AND TRADING,solwave.energy24@gmail.com,9054220440,0,0
GUJARAT,Banas Kantha,SOLSKIN ENERGY LLP,solskinenergy@gmail.com,8128988878,0,0
GUJARAT,Banas Kantha,SOLNCE ENERGY PRIVATE LIMITED,NATIONALPORTALSOLNCE@GMAIL.COM,7990480061,0,0
GUJARAT,Banas Kantha,SOLISTA ENERGY,solistaenergy8@gmail.com,9106194946,0,0
GUJARAT,Banas Kantha,SOLEXY SOLAR POWER PVT. LTD.,ssepl1962@gmail.com,9810725280,0,0
GUJARAT,Banas Kantha,SOLEX GREEN ENERGY PRIVATE LIMITED,pravin.d@solex.in,9376820081,0,0
GUJARAT,Banas Kantha,SOLEX ENERGY LIMITED,solexcd@gmail.com,6354605180,0,0
GUJARAT,Banas Kantha,SOLEAF ENERGY,infosolarsoleaf@gmail.com,7600008915,0,0
GUJARAT,Banas Kantha,SOLARWISE-NEXG PRIVATE LIMITED,solarwise69@gmail.com,9910803171,0,0
GUJARAT,Banas Kantha,SOLARTRONICS ENERGY,info.solartronics@gmail.com,9426424973,0,0
GUJARAT,Banas Kantha,SOLART,solart.sunfuel@gmail.com,8866506193,0,0
GUJARAT,Banas Kantha,SOLARSYS GREENTECH PRIVATE LIMITED,deepak@solarsysgreentech.in,8488976829,0,0
GUJARAT,Banas Kantha,SOLARMAX ENERGY PRIVATE LIMITED,info@solarmaxenergy.in,9409222221,0,0
GUJARAT,Banas Kantha,SOLARLOGIX PRIVATE LIMITED,contact@solarlogix.in,7979053489,0,0
GUJARAT,Banas Kantha,SOLARIZE RENEWABLES PVT. LTD.,info@solarizerenewables.com,9081999400,0,0
GUJARAT,Banas Kantha,SOLARIS TECHNO,solaristechno@gmail.com,8767917570,0,0
GUJARAT,Banas Kantha,SOLARIS 360,info@solaris360.com,9998117531,0,0
GUJARAT,Banas Kantha,SOLARINA RENEWABLE PRIVATE LIMITED,solarinarenewable@gmail.com,9824351021,0,0
GUJARAT,Banas Kantha,SOLARBERG SOLUTIONS,sureshbavishiya@gmail.com,9879200821,0,0
GUJARAT,Banas Kantha,SOLAR TECHNOLOGY,info@solartechnology.in,9998063204,0,0
GUJARAT,Banas Kantha,SOLAR SUNPOWER,solarsunpower2020@gmail.com,8238835771,0,0
GUJARAT,Banas Kantha,SOLAR ONLINE SKP,onlinesk044@gmail.com,8238539443,0,0
GUJARAT,Banas Kantha,SOLAR ENERGY,solarpioneer19@gmail.com,9033868265,0,0
GUJARAT,Banas Kantha,SOLAR EDITION,solaredition18@gmail.com,7990909838,0,0
GUJARAT,Banas Kantha,SOLAR CLEAN ENERGY LIMITED,socleanenergy@gmail.com,9712666866,0,0
GUJARAT,Banas Kantha,SOLAR CLEAN ENERGY,socleanenergy@gmail.com,6354418196,0,0
GUJARAT,Banas Kantha,SOL MAX SOLUTION,mpboricha111@gmail.com,9429343757,0,0
GUJARAT,Banas Kantha,SOL ENERGY,solenergyn@gmail.com,7621852735,0,0
GUJARAT,Banas Kantha,SOHAM SOLAR SOLUTION,sohamsolarsolution@yahoo.com,9601751327,0,0
GUJARAT,Banas Kantha,SOHAM ENTERPRISE,sachinpatel3132@gmail.com,9924142513,0,0
GUJARAT,Banas Kantha,SODHA ELECTRIC SERVICE,sohail.sodha@gmail.com,8000093095,0,0
GUJARAT,Banas Kantha,SNS ENERGY PVT. LTD.,sujitsharma@snsenergy.co.in,7043136049,0,0
GUJARAT,Banas Kantha,SNAP SOLAR,snapsolar7@gmail.com,7572851098,0,0
GUJARAT,Banas Kantha,SN GROUP OF COMPANY,sngroupofcompany2022@gmail.com,9725324439,0,0
GUJARAT,Banas Kantha,SMIT SOLAR SOLUTIONS,smitsolarsolutions@gmail.com,9924793020,0,0
GUJARAT,Banas Kantha,SMART SOLAR ENERGY,smartsolarenergy8542@gmail.com,7435907512,0,0
GUJARAT,Banas Kantha,SMART ROOF SOLAR SOLUTION PVT. LTD.,enquiry@gosmartroof.com,9971481718,0,0
GUJARAT,Banas Kantha,SMART ENERGY SOLUTIONS,smartenergysolutions99@gmail.com,8511495982,0,0
GUJARAT,Banas Kantha,SKYWIN SOLAR,skywinsolar@gmail.com,7984435493,0,0
GUJARAT,Banas Kantha,SKYVOLT POWER TECHNOLOGIES LLP,skyvoltpower25@gmail.com,9909798222,0,0
GUJARAT,Banas Kantha,SKYVIEW POWER,skyviewpower17@gmail.com,8140055305,0,0
GUJARAT,Banas Kantha,SKYLINE SOLAR SYSTEM,skylinesolarsystem@gmail.com,9106430159,0,0
GUJARAT,Banas Kantha,SKYLIGHT SOLAR,skylightsolar03@gmail.com,9510905126,0,0
GUJARAT,Banas Kantha,SKYLAR INDIA,darshansolarkheda@gmail.com,8530252952,0,0
GUJARAT,Banas Kantha,SKY TECH ENERGY,info.skytechenergy@gmail.com,6355092898,0,0
GUJARAT,Banas Kantha,SKY SUN ENTERPRISE,skysunenterprise@gmail.com,9408931070,0,0
GUJARAT,Banas Kantha,SKY RISE SOLAR,skyrisesolar@gmail.com,9328009285,0,0
GUJARAT,Banas Kantha,SKY RENEWABLE,piush123.pp@gmail.com,9638166779,0,0
GUJARAT,Banas Kantha,SKY POWER ENERGY,skypowerenergy03@gmail.com,8849719837,0,0
GUJARAT,Banas Kantha,SKY LARK SOLAR PRIVATE LIMITED,skylarksolar7@gmail.com,7016360083,0,0
GUJARAT,Banas Kantha,SKY ENTERPRISE,skyenterprise.re@gmail.com,9428164222,0,0
GUJARAT,Banas Kantha,SKY BLUE SOLAR PVT .LTD,Skybluesolarpvtltd@gmail.com,9104566242,0,0
GUJARAT,Banas Kantha,SKY BLUE SOLAR,skybluesolar56@gmail.com,9824965349,0,0
GUJARAT,Banas Kantha,SIYAVAR ENERGY,SIYAVARENERGY@GMAIL.COM,9773131455,0,0
GUJARAT,Banas Kantha,SITARAM CORPORATION,sitaramcorporation2025@gmail.com,8141427041,0,0
GUJARAT,Banas Kantha,SIMMS ENGINEERING PVT LTD,simms_eng@yahoo.co.in,9825142376,0,0
GUJARAT,Banas Kantha,SILVER CYPHER TECHNOLOGIES,silvercyphersolar@gmail.com,8460699699,0,0
GUJARAT,Banas Kantha,SILVER CONSUMER ELECTRICALS LIMITED (FORMERLY KNOWN AS SILVER CONSUMER ELECTRICALS PRIVATE LIMITED),kevin.patel@silverpumps.com,7486059400,0,0
GUJARAT,Banas Kantha,SIGNAL AUTOMATION,solarservices1188@gmail.com,9978215636,0,0
GUJARAT,Banas Kantha,SIGMA SUN ENERGY,info.sigmasunenergy@gmail.com,9726764498,0,0
GUJARAT,Banas Kantha,SIGMA ENGINEERING,sigma_engg@yahoo.co.in,9825205934,0,0
GUJARAT,Banas Kantha,SIDOM SYNERGY PRIVATE LIMITED,sidomsynergy@gmail.com,9408454029,0,0
GUJARAT,Banas Kantha,SIDDHIVINAYAK ENGINEERING COMPANY,shreeganeshaquva@gmail.com,9904954348,0,0
GUJARAT,Banas Kantha,SIDDHI ELECTRICAL ENGINEER AND CONTRACTOR,siddhielectrical77@gmail.com,9662061492,0,0
GUJARAT,Banas Kantha,SHYAM SOLAR ENERGY,vschohla@GMAIL.COM,8140796593,0,0
GUJARAT,Banas Kantha,SHYAM ENTERPRISE,shyamsolarenergy10@gmail.com,8000145645,0,0
GUJARAT,Banas Kantha,SHRI RAM SOLAR ENERGY LLP,admin@shriramsolarenergy.com,9712912421,0,0
GUJARAT,Banas Kantha,SHRI MARUTI ENTERPRISE,tdoshi76@gmail.com,9428358150,0,0
GUJARAT,Banas Kantha,SHRI KHODIYAR ENTERPRISE,shrikhodiyar1978@gmail.com,9727358029,0,0
GUJARAT,Banas Kantha,SHREYISHA ENGINEERING,shreyishaengineering@gmail.com,8460445802,0,0
GUJARAT,Banas Kantha,SHREEMAD ENGINEERS,shreemadbg@gmail.com,9913721961,0,0
GUJARAT,Banas Kantha,SHREEJI SOLAR SYSTEM,shreejisolars@gmail.com,9265296741,0,0
GUJARAT,Banas Kantha,SHREEJI SOLAR SOLUTION,npparikh@hotmail.com,9879537250,0,0
GUJARAT,Banas Kantha,SHREEJI SOLAR & SERVICES,NILVADERA141@GMAIL.COM,9106331904,0,0
GUJARAT,Banas Kantha,SHREEJI SOLAR,info.shreejisolar@gmail.com,9904351125,0,0
GUJARAT,Banas Kantha,SHREEJI SALES - KARAMSAD,shreejisales125@gmail.com,9586548051,0,0
GUJARAT,Banas Kantha,SHREEJI POWER SOLUTIONS,shreejiss@yahoo.com,9824338633,0,0
GUJARAT,Banas Kantha,SHREEJI GRIN SOLAR,shrijigreensolar@gmail.com,7203005770,0,0
GUJARAT,Banas Kantha,SHREEJI ENTERPRISES - WADI,Sandipgandhi113@gmail.com,9825077605,0,0
GUJARAT,Banas Kantha,SHREEJI ENTERPRISES - BHAYLI,shreejie1@gmail.com,9099710184,0,0
GUJARAT,Banas Kantha,SHREEJI ENTERPRISE-SURAT,epc.solar@shreejiconstruction.com,9825108890,0,0
GUJARAT,Banas Kantha,SHREEJI ENTERPRISE - MANJALPUR,shreejienergy844@gmail.com,7041803421,0,0
GUJARAT,Banas Kantha,SHREEJI ENERGY SOLUTION,shreejienergysolution@gmail.com,8460595980,0,0
GUJARAT,Banas Kantha,SHREEJI ELECTRICALS,shreejiele@gmail.com,9825089343,0,0
GUJARAT,Banas Kantha,SHREEJI ELECTRICAL - ISANPUR,shreejielec312@yahoo.com,9408197081,0,0
GUJARAT,Banas Kantha,SHREE VISHNU SALES AGENCY,shreevishnusalesagency@gmail.com,9825324608,0,0
GUJARAT,Banas Kantha,SHREE SURYA SOLAR SOLUTION,shreesurya2016@gmail.com,8000720006,0,0
GUJARAT,Banas Kantha,SHREE SOLAR VENTURE PVT LTD,shreesolarventure@gmail.com,9571211118,0,0
GUJARAT,Banas Kantha,SHREE SAI SOLAR,Hiteshrane37@gmail.com,9879268362,0,0
GUJARAT,Banas Kantha,SHREE SAI ENTERPRISE,shreesaienterprise75@gmail.com,8128171111,0,0
GUJARAT,Banas Kantha,SHREE RAM SOLAR,shreeramsolar12@gmail.com,9726671212,0,0
GUJARAT,Banas Kantha,SHREE RADHE ELECTRICALS,shreeradhesolar24@gmail.com,9974842981,0,0
GUJARAT,Banas Kantha,SHREE OFFICE SOLUTIONS PRIVATE LIMITED,rajranipa.sospl@gmail.com,9898084466,0,0
GUJARAT,Banas Kantha,SHREE MARUTI ELECTRIFICATION ENGINEERS,shreemarutieleCtrificationengi@gmail.com,7016480100,0,0
GUJARAT,Banas Kantha,SHREE LALGHAR CORPORATION,shreelalgharcorporation@gmail.com,8200149120,0,0
GUJARAT,Banas Kantha,SHREE KRISHNA ENERGY,shreekrishna.energy@gmail.com,9979559334,0,0
GUJARAT,Banas Kantha,SHREE KHODIYAR SOLAR PRIVATE LIMITED,sk.solar@yahoo.com,9825820612,0,0
GUJARAT,Banas Kantha,SHREE KHODIYAR SOLAR & ENTERPRISE,s60358186@gmail.com,9313405580,0,0
GUJARAT,Banas Kantha,SHREE HARI SOLAR,patelravit1@gmail.com,9819049759,0,0
GUJARAT,Banas Kantha,SHREE HARI SALES & SERVICES,shreeharisales16@gmail.com,7698916121,0,0
GUJARAT,Banas Kantha,SHREE GOR SOLAR,shreegorsolar@gmail.com,6361983041,0,0
GUJARAT,Banas Kantha,SHREE GOKUL ENTERPRISE,shreegokulenterprise123@gmail.com,8160000871,0,0
GUJARAT,Banas Kantha,SHREE GAUTAM RENEWABLES AND CLEAN ENERGIES,shreegautam.energy@gmail.com,9408188809,0,0
GUJARAT,Banas Kantha,SHREE GANGESHWAR ENGINEERING PRIVATE LIMITED,shreegangeshwarengineering@gmail.com,9157974445,0,0
GUJARAT,Banas Kantha,SHREE GAJANAND SOLAR,gajanandsolar@gmail.com,8347972590,0,0
GUJARAT,Banas Kantha,SHREE GAJANAND ENERGIES,magicwithparth@gmail.com,6351126699,0,0
GUJARAT,Banas Kantha,SHREE ENERGY SOLUTIONS,shreeenergysolution8@gmail.com,9904335293,0,0
GUJARAT,Banas Kantha,SHREE CHAMUNDESHVARI TRADING,hareshdodiya75@gmail.com,9327523737,0,0
GUJARAT,Banas Kantha,SHREE BRAHMANI ELECTRICALS,shreebrahmanisolar@gmail.com,9909995675,0,0
GUJARAT,Banas Kantha,SHREE AMBIKA AGENCIES,niravambika@rediffmail.com,9426158047,0,0
GUJARAT,Banas Kantha,SHOOLIN WATT PRIVATE LIMITED,shoolinwattpvtltd@gmail.com,9909967894,0,0
GUJARAT,Banas Kantha,SHIVRON INDUSTRY,shivronind.contr@gmail.com,9925248752,0,0
GUJARAT,Banas Kantha,SHIVIK ENTERPRISE,shivikenterprise@gmail.com,9512839262,0,0
GUJARAT,Banas Kantha,SHIVDHARA SALES,shivdharasales8060@gmail.com,7433004040,0,0
GUJARAT,Banas Kantha,SHIVAS SOLAR,shivassolar4418@gmail.com,9537611795,0,0
GUJARAT,Banas Kantha,SHIVAM SOLAR AND SERVICES,Parmardivyraj.77@gmail.com,8320732424,0,0
GUJARAT,Banas Kantha,SHIVAM SOLAR,solar.shivam2020@gmail.com,7575007551,0,0
GUJARAT,Banas Kantha,SHIVAM PHOTOVOLTICS PVT LTD,tenders@spvpl.com,9426023829,0,0
GUJARAT,Banas Kantha,SHIVAM ENERGY TECH,shivamenergytech2023@gmail.com,9687001450,0,0
GUJARAT,Banas Kantha,SHIVAM ELECTRICAL,kaushaldave2@gmail.com,9687575600,0,0
GUJARAT,Banas Kantha,SHIVA SOLAR ENERGY,admin@shivasolarenergy.com,9624220197,0,0
GUJARAT,Banas Kantha,SHIV TRADERS,shivtraders7233@gmail.com,9998820863,0,0
GUJARAT,Banas Kantha,SHIV SALES AGENCY,ghadiyabhaisolar08@gmail.com,9428798679,0,0
GUJARAT,Banas Kantha,SHIV POWER,shivpowerimpex@gmail.com,9825511115,0,0
GUJARAT,Banas Kantha,SHINE SOLAR,shinesolar.marketing@gmail.com,7622023355,0,0
GUJARAT,Banas Kantha,SHAYONAAM ENTERPRISE,shayonaam12@gmail.com,9638766943,0,0
GUJARAT,Banas Kantha,SHATRAS AGRI,shatrasagri@gmail.com,9714616040,0,0
GUJARAT,Banas Kantha,SHARVA SOLAR,sharvasolar@gmail.com,9909449650,0,0
GUJARAT,Banas Kantha,SHANTI CORPORATION,info.shanticorporation@gmail.com,8980524444,0,0
GUJARAT,Banas Kantha,SHAKTI SOLAR SERVICE,ktptl52@gmail.com,9737854634,0,0
GUJARAT,Banas Kantha,SHAKTI GREEN ENERGY SERVICES,shakti.green25@gmail.com,9898860648,0,0
GUJARAT,Banas Kantha,SHAKTI GREEN ENERGY,shaktigreenenergy96@gmail.com,7405252123,0,0
GUJARAT,Banas Kantha,SHAKTI ENTERPRISE,shaktienterprise082025@gmal.com,8511288555,0,0
GUJARAT,Banas Kantha,SHAILEE PROJECTS PRIVATE LIMITED,shaileeprojects99@gmail.com,7600755058,0,0
GUJARAT,Banas Kantha,SGK SOLAR,sgksolarrjt@gmail.com,9313885348,0,0
GUJARAT,Banas Kantha,SEVENTH SKY RENEWABLE LLP,seventhskyrenewable@gmail.com,7874524574,0,0
GUJARAT,Banas Kantha,SEVEN SOLAR ENERGY,divyang@sevensolarenergy.com,9825554277,0,0
GUJARAT,Banas Kantha,SERVOTECH POWER SYSTEMS LIMITED,pmsuryaghar@servotechindia.com,9266918120,0,0
GUJARAT,Banas Kantha,SCORP ENERGY PRIVATE LIMITED,mohit@scorpenergy.com,9925345121,0,0
GUJARAT,Banas Kantha,SCION POWER,scionpower@yahoo.com,7043511106,0,0
GUJARAT,Banas Kantha,SAURASHTRA SOLAR SERVICES LLP,SaurashtraSolar.Gujrat@gmail.com,9925448033,0,0
GUJARAT,Banas Kantha,SAUR SOLAR SOLUTION LLP,piyushpatel1974@gmail.com,9909417258,0,0
GUJARAT,Banas Kantha,SATYAY SOLAR,satyaysolar@gmail.com,9157716540,0,0
GUJARAT,Banas Kantha,SATYAM SOLAR,satyamsolar823@gmail.com,9227941770,0,0
GUJARAT,Banas Kantha,SATYAM SALES,kishanagroagencyamreli@gmail.com,9825360183,0,0
GUJARAT,Banas Kantha,SATYAM ELECTRICALS,satyamelectrical@yahoo.com,9824256257,0,0
GUJARAT,Banas Kantha,SATYAKRISHNA LIGHTING,SATYAKRISHNALIGHTING@GMAIL.COM,9428369990,0,0
GUJARAT,Banas Kantha,SATTVA ENERGIES,sattvaenergies@gmail.com,8401156604,0,0
GUJARAT,Banas Kantha,SAT GREENTECH PRIVATE LIMITED,satgreentech25@gmail.com,8758957741,0,0
GUJARAT,Banas Kantha,SASA ENERGY LLP,sasaenergyllp@gmail.com,9099207722,0,0
GUJARAT,Banas Kantha,SARVAYOGAM SOLAR PRIVATE LIMITED,sarvayogamsolar@gmail.com,6356633355,0,0
GUJARAT,Banas Kantha,SARVAYOGAM,sarvayogamgroup@gmail.com,9510356575,0,0
GUJARAT,Banas Kantha,SARJAN CONSTRUCTION PVT LTD,info.solardiv@sarjanconstruction.com,8000052226,0,0
GUJARAT,Banas Kantha,SARDAR SOLAR ENERGY PRIVATE LIMITED,sardarsolarenergypvtltd015@gmail.com,9664915598,0,0
GUJARAT,Banas Kantha,SANTKRUPA ELECTRICALS,santkrupaelectricals19@gmail.com,8849254993,0,0
GUJARAT,Banas Kantha,SANJEE ENTERPRISE,sanjee.enterprise@gmail.com,9157353735,0,0
GUJARAT,Banas Kantha,SANJAY SOLAR,sbheaters@gmail.com,7016893192,0,0
GUJARAT,Banas Kantha,SANGANI ENTERPRISE,sanganienterprise1610@gmail.com,8347958992,0,0
GUJARAT,Banas Kantha,SANGAM ELECTRONICS CO,info.sangamsolar@gmail.com,9825929552,0,0
GUJARAT,Banas Kantha,SAMRUDDH SOLAR,samruddhsolar1@gmail.com,7859827859,0,0
GUJARAT,Banas Kantha,SAMRUDDDHI ENTERPRISE,samruddhienterprise22@gmail.com,9033676399,0,0
GUJARAT,Banas Kantha,SAMPTEL ENERGY PRIVATE LIMITED,project@samptelenergy.com,9727755187,0,0
GUJARAT,Banas Kantha,SAMAR SOLAR,samarsolar183@gmail.com,7046164346,0,0
GUJARAT,Banas Kantha,SAMAR ENERGY SOLUTIONS,samarenergysolutions@gmail.com,9662727432,0,0
GUJARAT,Banas Kantha,SAICAB TECH PVT LTD,info@saicabtech.com,8511130328,0,0
GUJARAT,Banas Kantha,SAHJANAND ENTERPRISE,sahjanandeprise@gmail.com,9737671777,0,0
GUJARAT,Banas Kantha,SAHAYOG ENERGY,sahayogenergy@gmail.com,9429124424,0,0
GUJARAT,Banas Kantha,SAHAJ SOLAR PRIVATE LIMITED,bparmar@sahajsolar.com,7573006832,0,0
GUJARAT,Banas Kantha,SAFVI ELECTRICALS SOLUTIONS,safvielectricalssolutions2013@gmail.com,9374754648,0,0
GUJARAT,Banas Kantha,SAFFRON RENEWTECH,saffronrenewtech24@gmail.com,7600507557,0,0
GUJARAT,Banas Kantha,SAFECON INDUSTRIAL MAINTENANCE & ENGINEERING SERVICES,safeconservices2013@gmail.com,9925854491,0,0
GUJARAT,Banas Kantha,SADGURU SOLAR SYSTEMS,sadgurusolarsystems@gmail.com,9687621666,0,0
GUJARAT,Banas Kantha,SADGURU ELECTRICALS,sadguruelectricals23@gmail.com,9714715649,0,0
GUJARAT,Banas Kantha,SAAN ELECTRICAL,saanelectrical@gmail.com,9033735490,0,0
GUJARAT,Banas Kantha,S P MULTI ENGINEERING SERVICES,spmultiengineeringservices@gmail.com,9104556095,0,0
GUJARAT,Banas Kantha,S MEERA ELECTRICALS,s.meeraelectricals@gmail.com,9328249939,0,0
GUJARAT,Banas Kantha,S DIPAK AND CO,sdipaksolar@gmail.com,9898664858,0,0
GUJARAT,Banas Kantha,RVV SOLAR PRIVATE LIMITED,rvvsolarpvtltd@gmail.com,8160825026,0,0
GUJARAT,Banas Kantha,RVMOVALIYA CONSTRUCTION CO,rvmovaliya.solarenergy@gmail.com,9724543742,0,0
GUJARAT,Banas Kantha,RUDRASOL ENERGY PRIVATE LIMITED,rudrasolenergy@gmail.com,9408397604,0,0
GUJARAT,Banas Kantha,RUDRAKSH SOLAR POWER,rudrakshsolarpower@gmail.com,9016203365,0,0
GUJARAT,Banas Kantha,RUDRAKSH ELECTRICALS,rudrakshelectricals4@gmail.com,6353460657,0,0
GUJARAT,Banas Kantha,RUDRA SOLAR ENERGY,info.rudrasolar@gmail.com,9427903084,0,0
GUJARAT,Banas Kantha,RUDRA SOLAR AND ELECTRICAL,rudrasolar2019@gmail.com,9510514672,0,0
GUJARAT,Banas Kantha,RUDRA ENTERPRISE,rudraenterprise1110@gmail.com,8758462848,0,0
GUJARAT,Banas Kantha,RSV POWER ENGINEERING,rsv.power.engineering@gmail.com,9033590507,0,0
GUJARAT,Banas Kantha,ROYAL ENTERPRISE,royalenterprise.vadodara@gmail.com,6352205345,0,0
GUJARAT,Banas Kantha,ROLEX GREEN ENERGY,ghediyamilan@gmail.com,9429476592,0,0
GUJARAT,Banas Kantha,RK RENEWABLE ENERGY & ENGINEERING WORKS,rkrenewable.engineering2020@gmail.com,9824961523,0,0
GUJARAT,Banas Kantha,RITUDHAN SOLAR POWER,ritudhansolarpower@gmail.com,9879111390,0,0
GUJARAT,Banas Kantha,RISING SUN ENERGY,risingsunenergy2018@gmail.com,7405303305,0,0
GUJARAT,Banas Kantha,RISING GREEN ENERGY,rgesolar@gmail.com,9033119375,0,0
GUJARAT,Banas Kantha,RISING ENERGY SOLUTIONS,risingenergy@yahoo.com,7990391839,0,0
GUJARAT,Banas Kantha,RISHAV POWERTECH LLP,rishavpowertech@gmail.com,9898203470,0,0
GUJARAT,Banas Kantha,RIMPLE CORPORATION LLP,rimpleco@gmail.com,6351076702,0,0
GUJARAT,Banas Kantha,RIGHT POWER INFRA PVT LTD,darshana@right-infra.com,9898661067,0,0
GUJARAT,Banas Kantha,RIDHAM ENTERPRISE,ridhamenterprise770@gmail.com,6351158633,0,0
GUJARAT,Banas Kantha,RIDDLE ENERGY PVT. LTD.,riddleenergy2101@gmail.com,9879556196,0,0
GUJARAT,Banas Kantha,RIA SOLAR,riasolar2021@gmail.com,8320210323,0,0
GUJARAT,Banas Kantha,RIA POWER,riapower24@gmail.com,8758463929,0,0
GUJARAT,Banas Kantha,RG SOLAR SOLUTIONS,info@rgsolarsolutions.com,7718719713,0,0
GUJARAT,Banas Kantha,REVA RENEWABLES,revarenewables@gmail.com,6358844490,0,0
GUJARAT,Banas Kantha,RESONAGE GREEN ENERGY PRIVATE LIMITED,rgepl2024gujarat@gmail.com,9879402000,0,0
GUJARAT,Banas Kantha,RENEWZA ENERGY,renewzaenergy@gmail.com,8511148225,0,0
GUJARAT,Banas Kantha,RENEWIX INNOVATIONS PVT LTD,hello@renewix.in,9998980947,0,0
GUJARAT,Banas Kantha,RENEWABLE SUN SOLAR,renewablesunsolar@gmail.com,7600201198,0,0
GUJARAT,Banas Kantha,RENEW ENERGIES,information.renew@gmail.com,7405507073,0,0
GUJARAT,Banas Kantha,RENEVIK SOLAR SOLUTIONS PRIVATE LIMITED,sejal.c@vikasaryagroup.com,9327572645,0,0
GUJARAT,Banas Kantha,RENEURJA ENERGY,reneurjaenergy@gmail.com,8460611110,0,0
GUJARAT,Banas Kantha,RENESYS POWER SYSTEMS PRIVATE LIMITED,project@renesys.in,7069751110,0,0
GUJARAT,Banas Kantha,RENAISSANCE CORPORATE SOLUTIONS PVT. LTD.,rcplsolar@gmail.com,9572032363,0,0
GUJARAT,Banas Kantha,RELIGHT ENERGY LLP,relightenergy.info@gmail.com,8000194738,0,0
GUJARAT,Banas Kantha,RELIABLE ELECTRIX,reliableelectrix@gmail.com,9925448033,0,0
GUJARAT,Banas Kantha,REKSON ELECTROTECH,REKSONELECTROTECH37@GMAIL.COM,9904994494,0,0
GUJARAT,Banas Kantha,REGAL ELECTRICALS,balochvikarali60@gmail.com,8141028100,0,0
GUJARAT,Banas Kantha,REFLECTION SOLAR & ENERGY PRIVATE LIMITED,piyushraval.1984@gmail.com,9725019493,0,0
GUJARAT,Banas Kantha,REFLECT SOLAR,reflect.solar.energy@gmail.com,9998419211,0,0
GUJARAT,Banas Kantha,REEWA SOLAR ENERGY,reewasolarenergy@gmail.com,9879353053,0,0
GUJARAT,Banas Kantha,REDSUN SOLAR INDUSTRIES,info@redsunin.com,9825632875,0,0
GUJARAT,Banas Kantha,RECARE ELECTRICAL LLP,projects.recare@gmail.com,7600184425,0,0
GUJARAT,Banas Kantha,REAL MULTIPLE SOLUTIONS,rmssolar.bhavnagar@rediffmail.com,9099722722,0,0
GUJARAT,Banas Kantha,RE360,gogreen@re360.in,8258976667,0,0
GUJARAT,Banas Kantha,RD ENERGY SOLUTIONS,rdenergysolutions@outlook.com,8866226473,0,0
GUJARAT,Banas Kantha,RAYOLT ENERGY LLP,info@rayolt.com,9998745706,0,0
GUJARAT,Banas Kantha,RAYCAL POWER INFRA PVT LTD,darshan@raycal.in,6358196472,0,0
GUJARAT,Banas Kantha,RAYBOTIX TECHNOLOGIES PVT LTD,info@raybotix.com,9978100900,0,0
GUJARAT,Banas Kantha,RAY ENERGY,info.rayenergy@gmail.com,8401481453,0,0
GUJARAT,Banas Kantha,RAVIJA ENTERPRISES,ravijaenterprises09@gmail.com,6356956938,0,0
GUJARAT,Banas Kantha,RANJAN INDUSTRIES,ranjan28496@gmail.com,9924818113,0,0
GUJARAT,Banas Kantha,RAMESH POWER POINTS,rameshpowerpoint@gmail.com,9825225585,0,0
GUJARAT,Banas Kantha,RAMDEV SOLAR SYSTEM,ramdevsolarsytem@gmail.com,8758911969,0,0
GUJARAT,Banas Kantha,RAMAA SOLAR,ramaasolar@gmail.com,8866697632,0,0
GUJARAT,Banas Kantha,RAJKOT E-BIKES AND SOLAR,rajkotebikesandsolar@gmail.com,8306020890,0,0
GUJARAT,Banas Kantha,RAJDEEP SOLAR ENERGY PVT. LTD.,dharmesh@rajdeepsolarnergy.com,9099089749,0,0
GUJARAT,Banas Kantha,RAJAVI ELECTRICAL SERVICES,rajvielectricalservices@gmail.com,9723613718,0,0
GUJARAT,Banas Kantha,RAJANJI ENTERPRISE,RAJANJI72.LV@GMAIL.COM,8849116749,0,0
GUJARAT,Banas Kantha,RAJANI MOTORS,rajanimotors21@gmail.com,7227807262,0,0
GUJARAT,Banas Kantha,RAJ ELECTRICALS,solar.rajelectricals@gmail.com,9998656539,0,0
GUJARAT,Banas Kantha,RAJ CORPORATION,raj.corporation07@gmail.com,7990452182,0,0
GUJARAT,Banas Kantha,RAICHURA ENERGY,raichuraenergy@gmail.com,9879152830,0,0
GUJARAT,Banas Kantha,RAGHURAM SOLAR POWER GREEN ENERGY LLP,raghuramsolar9@gmail.com,7575019877,0,0
GUJARAT,Banas Kantha,RADIANT SOLAR SYSTEMS,bhargavec40@gmail.com,9408503198,0,0
GUJARAT,Banas Kantha,RADIANT SOLAR ENERGY,info@radiantsolarenergy.co.in,9512337513,0,0
GUJARAT,Banas Kantha,RADIANT INDIA,RADIANTINDIA007@GMAIL.COM,9163559963,0,0
GUJARAT,Banas Kantha,RADIANT GREENS SOLAR,info@radiantgreens.in,8140316334,0,0
GUJARAT,Banas Kantha,RAASON ENERTECH LLP,info@raasonenertech.com,9624768483,0,0
GUJARAT,Banas Kantha,R. K. CONSTRUCTION,rkconstruction101@gmail.com,9106065865,0,0
GUJARAT,Banas Kantha,R V SOLAR,rvsolarvijapur@gmail.com,9726801070,0,0
GUJARAT,Banas Kantha,R N SALES CORPORATION,r.tech.2000@gmail.com,9574472134,0,0
GUJARAT,Banas Kantha,R K BHABHOR,rkbhabhor78@gmail.com,9909161378,0,0
GUJARAT,Banas Kantha,R C ELECTRICALS,info@rcelectricals.in,9824757160,0,0
GUJARAT,Banas Kantha,R B RENEWABLES LLP,info@brrenewables.com,9898985672,0,0
GUJARAT,Banas Kantha,PYRAMID PROJECTS,pyramidsolarindia@gmail.com,9726430137,0,0
GUJARAT,Banas Kantha,PV RENEWABLES,keyurdudhat871@gmail.com,9714872871,0,0
GUJARAT,Banas Kantha,PV RAYS ENERGY,pvraysenergy@gmail.com,9898097222,0,0
GUJARAT,Banas Kantha,PURMA ENERGY PVT LTD,purmaenergy@gmail.com,7069628193,0,0
GUJARAT,Banas Kantha,PROTON POWER SERVICE,sprotonpower@gmail.com,9033765370,0,0
GUJARAT,Banas Kantha,PROSPER ENTERPRISE,prosperenterprise07@gmail.com,9824420913,0,0
GUJARAT,Banas Kantha,PROMECH SOLAR ENERGY,promechsolarenergy@gmail.com,9662026679,0,0
GUJARAT,Banas Kantha,PRODES CONSULTING ENGINEERS PRIVATE LIMITED,rajiv.ranjan.prakash786@gmail.com,8690444556,0,0
GUJARAT,Banas Kantha,PRIYANKA ENTERPRISE,enterpriseriya8002@gmail.com,9913032779,0,0
GUJARAT,Banas Kantha,PRIVA ENTERPRISE,vickysheth1987@gmail.com,9825241949,0,0
GUJARAT,Banas Kantha,PRISM ECOENERGIA PRIVATE LIMITED,info@prismecoenergia.com,9704710101,0,0
GUJARAT,Banas Kantha,PRISHA CORPORATION,prishacorporation183@gmail.com,9825505023,0,0
GUJARAT,Banas Kantha,PRINIX POWER OPC PRIVATE LIMITED,prinixpower@gmail.com,7600755058,0,0
GUJARAT,Banas Kantha,PRINCE ELECTRICAL,princeelectrical20@gmail.com,8866507173,0,0
GUJARAT,Banas Kantha,PRAYOSHAM SOLAR ENERGY,jayrajp880@gmail.com,9574242883,0,0
GUJARAT,Banas Kantha,PRAYOSHA CORPORATION,prayoshacorporation.india@gmail.com,9825390162,0,0
GUJARAT,Banas Kantha,PRATYUSH RENEWABLE ENERGY PRIVATE LIMITED,pratyushrenewables@gmail.com,8780737839,0,0
GUJARAT,Banas Kantha,PRATIKSHA ENTERPRISE,pratikshaenterprise1006@gmail.com,8238516417,0,0
GUJARAT,Banas Kantha,PRANIL CORPORATION,riddhistart@yahoo.co.in,9825411575,0,0
GUJARAT,Banas Kantha,PRANIK POWER INFRA PRIVATE LIMITED,solar.pranik@gmail.com,9925237347,0,0
GUJARAT,Banas Kantha,PRAKASH PUMP INDUSTRIES,prakashpumpindustries@gmail.com,9687222263,0,0
GUJARAT,Banas Kantha,PRAHAR SOLAR SOLUTIONS,info.praharsolar@gmail.com,9016360702,0,0
GUJARAT,Banas Kantha,PRAGATI URZA PRIVATE LIMITED,pragatiurza@gmail.com,8347009697,0,0
GUJARAT,Banas Kantha,PRAGATI ENTERPRISE,pragatienterprise1985@gmail.com,9825254567,0,0
GUJARAT,Banas Kantha,PRACHI GREEN GREEN ENERGY PVT LTD,prachigreenenergy@gmail.com,9737830854,0,0
GUJARAT,Banas Kantha,POWERTRONICS TECHNOLOGY,powertronics1990@gmail.com,9974772070,0,0
GUJARAT,Banas Kantha,POWERTRAC INDUSTRIES LIMITED,info@powertracsolar.com,7573014610,0,0
GUJARAT,Banas Kantha,POWERTECH ENGINEERS SURAT,sanatbarot@gmail.com,9377625242,0,0
GUJARAT,Banas Kantha,POWERSOL,office@re.digital,9016681762,0,0
GUJARAT,Banas Kantha,POWERON ELECTRICAL,poweron.electricalservice@gmail.com,7990528002,0,0
GUJARAT,Banas Kantha,POWERMAC TECHNOLOGY,info@powermacgroup.com,9099939972,0,0
GUJARAT,Banas Kantha,POWER TECH ENERGY SOLUTUIONS,epc@ptes.in,6357502081,0,0
GUJARAT,Banas Kantha,POWER SYSTEM,powersystem2k11@gmail.com,9898068224,0,0
GUJARAT,Banas Kantha,POWER RISE,powerrise16@gmail.com,8460145311,0,0
GUJARAT,Banas Kantha,POWER PLUS ENERGY,powerplussolarenergy@gmail.com,9998183339,0,0
GUJARAT,Banas Kantha,POWER PACK SOLUTIONS,powerpacksolutions12195@gmail.com,9725787004,0,0
GUJARAT,Banas Kantha,POWER GENESYS ENERGY SOLUTIONS PRIVATE LIMITED,subbu@powergenesys.com,8618279431,0,0
GUJARAT,Banas Kantha,POOJA ELECTRICALS,PE9711@gmail.com,8758668166,0,0
GUJARAT,Banas Kantha,POOJA ELECTRICALS,poojaelectrical21@gmail.com,7434034056,0,0
GUJARAT,Banas Kantha,POINTER INSTRUMENTS SERVICES,pointer1729@gmail.com,9033543187,0,0
GUJARAT,Banas Kantha,PLUGIN ELECTRICAL,info@pluginelectrical.in,9512020316,0,0
GUJARAT,Banas Kantha,PIXON GREEN ENERGY PRIVATE LIMITED,tender@pixonenergy.in,7229035912,0,0
GUJARAT,Banas Kantha,PHOTONICS WATERTECH PRIVATE LIMITED,vasant@photonicslights.com,6353704460,0,0
GUJARAT,Banas Kantha,PHOENIX RENEWABLE ENERGY,PHOENIXRE6@GMAIL.COM,9586110114,0,0
GUJARAT,Banas Kantha,PHOENIX CREATIONS LIMITED,phoenixcreations2011@gmail.com,9978578599,0,0
GUJARAT,Banas Kantha,PETLAD SOJITRA TALUKA SAURAURJA UTPADAK SAHKARI MANDALI LIMITED,pssumandali@gmail.com,8140968999,0,0
GUJARAT,Banas Kantha,PEGASUS POWER AND INFRA LLP,info@pegasusllp.com,8160259454,0,0
GUJARAT,Banas Kantha,PATIDAR ENTERPRISE,patidarenterprise13@gmail.com,8980312782,0,0
GUJARAT,Banas Kantha,PATEL GREEN ENERGY SALES AND SERVICE,patelgreenenergyinfo@gmail.com,9427412983,0,0
GUJARAT,Banas Kantha,PATEL ELECTRONICS,hardikpatelelec@gmail.com,9377767508,0,0
GUJARAT,Banas Kantha,PATEL ELECTRICALS,info.patelelectricals@gmail.com,9998896555,0,0
GUJARAT,Banas Kantha,PASHAVA ENERGY PRIVATE LIMITED,pashavaenergy@yahoo.com,9909904332,0,0
GUJARAT,Banas Kantha,PARTH SALES,parthsalessolar@gmail.com,9712426671,0,0
GUJARAT,Banas Kantha,PAROT RENEWABLES LIMITED,gn@parotrenewables.com,9274692942,0,0
GUJARAT,Banas Kantha,PARMAR ENTERPRISE,parmarenterprise2024@gmail.com,9574944345,0,0
GUJARAT,Banas Kantha,PARK SHELDRAKE,parksheldrake@gmail.com,7862991878,0,0
GUJARAT,Banas Kantha,PARISHRAM INFOENERGY,parishraminfoenergy@gmail.com,9909433132,0,0
GUJARAT,Banas Kantha,PARESH S. VAIDYA,parvaidya2012@gmail.com,9879529203,0,0
GUJARAT,Banas Kantha,PARECHA ENTERPRISES,sagarmparecha999@gmail.com,9537704244,0,0
GUJARAT,Banas Kantha,PARAS TECHNOCRAT PVT. LTD,info@parastechnocrat.in,7621983131,0,0
GUJARAT,Banas Kantha,PAHAL SOLAR EPC LLP,avinash@pahalsolar.com,9512323223,0,0
GUJARAT,Banas Kantha,P V ENERGY,pvenergy999@gmail.com,9924195999,0,0
GUJARAT,Banas Kantha,OXEN ENERGIES,oxenenergies@gmail.com,8866699444,0,0
GUJARAT,Banas Kantha,ORTEX CORPORATION,ortexcorporation@gmail.com,9276103457,0,0
GUJARAT,Banas Kantha,OORJA ELECTRIC,oorjaforeveryone@gmail.com,9067598727,0,0
GUJARAT,Banas Kantha,ONIX RENEWABLE LIMITED,naman.viradiya@onixrenewable.in,9586043661,0,0
GUJARAT,Banas Kantha,ONETIME SOLAR SYSTEM,onetimesolarsystem@gmail.com,9925296957,0,0
GUJARAT,Banas Kantha,OMEGA POWER,omegapower2018@gmail.com,7990226349,0,0
GUJARAT,Banas Kantha,OMEGA ELECTRICALS,omele452@gmail.com,9979888452,0,0
GUJARAT,Banas Kantha,OM SOLAR,VIPULKUMARPATEL43@YAHOO.IN,9714384884,0,0
GUJARAT,Banas Kantha,OM SHANTI SOLAR GROUP,omshantisolar@gmail.com,8530122612,0,0
GUJARAT,Banas Kantha,OM SHANTI MACHINERIES EXIM,grandosolar@gmail.com,9824868078,0,0
GUJARAT,Banas Kantha,OM SALES ENTERPRISE,rahul.redrenbardoli@gmail.com,9428631515,0,0
GUJARAT,Banas Kantha,OM ELECTRICALS,jaydratsinhzala09@gmail.com,9265589234,0,0
GUJARAT,Banas Kantha,OCTA ENTERPRISE,octaenterprise7@gmail.com,8469023543,0,0
GUJARAT,Banas Kantha,OCEANIC POWER ENGINEERS PRIVATE LIMITED,oceanicpower.in@gmail.com,7778065600,0,0
GUJARAT,Banas Kantha,NYSA POWER,ronakpatel7319@gmail.com,9081819955,0,0
GUJARAT,Banas Kantha,NYALKARAN RENEWABLE ENERGY,nyalkaranrenewableenergy@gmail.com,9998473073,0,0
GUJARAT,Banas Kantha,NUJUM INDUSTRIES PRIVATE LIMITED,thenujum@gmail.com,9375188422,0,0
GUJARAT,Banas Kantha,NU SOLAR INFRACON PRIVATE LIMITED,nu.solar.infracon@gmail.com,9033181196,0,0
GUJARAT,Banas Kantha,NRG TECHNOLOGISTS PVT. LTD.,sales@nrgtechnologists.com,9824652624,0,0
GUJARAT,Banas Kantha,NP RENEWABLE ENERGY,nprenewableenergy@gmail.com,7016917174,0,0
GUJARAT,Banas Kantha,NORTHGREEN ENERGY PVT LTD,solar@northgreenenergy.com,9099931707,0,0
GUJARAT,Banas Kantha,NJ ELECTRICALS,njelectricals.21@gmail.com,9886309619,0,0
GUJARAT,Banas Kantha,NIVAN ENERGY,nivanenergy@gmail.com,9998820905,0,0
GUJARAT,Banas Kantha,NISHRAY SOLAR,mkshahexport@gmail.com,9825409639,0,0
GUJARAT,Banas Kantha,NINE TECH AUTOMATION,ninetechautomation09@gmail.com,9313375388,0,0
GUJARAT,Banas Kantha,NILKANTH ENTERPRISE,nilkanthenterprise96@gmail.com,9157369603,0,0
GUJARAT,Banas Kantha,NILESH ENGINEERS,nileshengineers57@gmail.com,9033005732,0,0
GUJARAT,Banas Kantha,NIL ENGINEERING,nil.engineering@yahoo.com,9228387183,0,0
GUJARAT,Banas Kantha,NIHAL ENTERPRISE,rehanadonakiya786@gmail.com,8733978072,0,0
GUJARAT,Banas Kantha,NEXUS RENEWTECH,nexusrenewtech@gmail.com,8849277955,0,0
GUJARAT,Banas Kantha,NEWYORK ENGINEERING CO.,akashenergysolar@gmail.com,9824206059,0,0
GUJARAT,Banas Kantha,NEW RESEARCH TECHNOLOGY,nrtsolar@gmail.com,9427809253,0,0
GUJARAT,Banas Kantha,NES ENERGY SOLUTIONS,info.nesenergy@gmail.com,9825071551,0,0
GUJARAT,Banas Kantha,NEOTERIX SOLUTION PVT. LTD.,neoterixsolutions@gmail.com,9414010579,0,0
GUJARAT,Banas Kantha,NEELKANTHESHWAR SOLAR ENERGY,neelkantheshwarsolarenergy@gmail.com,8460048549,0,0
GUJARAT,Banas Kantha,ND ENERGY INDIA PRIVATE LIMITED,ndenergyindia@gmail.com,8000001124,0,0
GUJARAT,Banas Kantha,NAVKAR POWER SOLUTIONS,contact@navkarpower.co.in,9879613334,0,0
GUJARAT,Banas Kantha,NAVKALP GROUPS,navkalprenewable@gmail.com,8460109090,0,0
GUJARAT,Banas Kantha,NAVI ENERGY,contact@navienergy.in,9979435742,0,0
GUJARAT,Banas Kantha,NATURE CARE ADVISORS,naturecare.gujarat@gmail.com,8469991098,0,0
GUJARAT,Banas Kantha,NAMAH SOLAR ENERGY,namahsolar@gmail.com,6351500821,0,0
GUJARAT,Banas Kantha,NAKSHATRA INFOSYS,nakshatrainfosys178@gmail.com,9909697193,0,0
GUJARAT,Banas Kantha,NAKSH POWER,bhumikarana1989@gmail.com,8141113593,0,0
GUJARAT,Banas Kantha,N J ENERGY,nj.energy9@gmail.com,7487022943,0,0
GUJARAT,Banas Kantha,MS SOLAR SPARK,mssolarspark7@gmail.com,9825590311,0,0
GUJARAT,Banas Kantha,MS SOLAR,shersiyamujahid@gmail.com,9725097291,0,0
GUJARAT,Banas Kantha,MOVA GREEN ENERGY,movagreenenergy1112@gmail.com,7778033298,0,0
GUJARAT,Banas Kantha,MOTHER ELECTRICALS,motherelectricals@yahoo.com,8128105018,0,0
GUJARAT,Banas Kantha,MNS GLOBAL ENGINEERING AND SERVICES,mnsglobalengineeringservices@gmail.com,9727207075,0,0
GUJARAT,Banas Kantha,MK ENTERPRISE,mkenterprise061@gmail.com,8780069239,0,0
GUJARAT,Banas Kantha,MK ELECTRICALS,digant.shah10@gmail.com,9825349554,0,0
GUJARAT,Banas Kantha,MK ELECTRICAL AND CO,mkelectrical.co@gmail.com,8866525483,0,0
GUJARAT,Banas Kantha,MITTALS GREEN ENERGY PRIVATE LIMITED,info@mittalsgreenenergy.com,8053004999,0,0
GUJARAT,Banas Kantha,MITRAYA ELECTRICAL,mitrayaelectrical@gmail.com,7016415834,0,0
GUJARAT,Banas Kantha,MITRAY ENGINEERING,mitray.engineering@gmail.com,7621895796,0,0
GUJARAT,Banas Kantha,MITCON CONSULTANCY AND ENGINEERING SERVICES LTD,tendercell@mitconindia.com,7447420680,0,0
GUJARAT,Banas Kantha,MICROVISE SOLUTIONS,info@microviseindia.com,7778092462,0,0
GUJARAT,Banas Kantha,MH POWER SYSTEM,info.mhpowersystem@gmail.com,9016581006,0,0
GUJARAT,Banas Kantha,MFINS SERVICES PVT. LTD.,vidya@m-fins.in,8356843342,0,0
GUJARAT,Banas Kantha,MESHWA ENTERPRISE,meshwaelectricals@gmail.com,9574409148,0,0
GUJARAT,Banas Kantha,MERIDIAN INTERNATIONAL,ghetiya.ashish@gmail.com,7990847552,0,0
GUJARAT,Banas Kantha,MEKTECH SOLUTION,mektechsolution@gmail.com,7984595405,0,0
GUJARAT,Banas Kantha,MEHUL ELECTRIC,fivestarsolar2025@gmail.com,7984547908,0,0
GUJARAT,Banas Kantha,MEGHAL POWER,meghalpower23@gmail.com,9712726390,0,0
GUJARAT,Banas Kantha,MEERASUN ENERGY,meerasunenergy@gmail.com,9016680239,0,0
GUJARAT,Banas Kantha,MEERA SUN ENERGIES,info@meerasunenergies.com,8200447359,0,0
GUJARAT,Banas Kantha,MEENA SOLAR,ripalsonpal@gmail.com,8408944904,0,0
GUJARAT,Banas Kantha,MECPOWER SOLUTIONS LIMITED,tender@mecpower.in,9328911577,0,0
GUJARAT,Banas Kantha,MEAN RAYS RENEWABLE POWER PRIVATE LIMITED,sales.meanrays@gmail.com,9898251352,0,0
GUJARAT,Banas Kantha,MD ENERGIES,mdenergies01@gmail.com,9099260004,0,0
GUJARAT,Banas Kantha,MAXSUN ENERGY PRIVATE LIMITED,maxsunsolarenergy@gmail.com,7990361324,0,0
GUJARAT,Banas Kantha,MAXIM ENERGY,maximenergy21@gmail.com,9265123804,0,0
GUJARAT,Banas Kantha,MAXIFLUENCE TECHNOVATE LLP,info@maxifluencetechnovate.com,9662298809,0,0
GUJARAT,Banas Kantha,MATRIX ENTERPRISE,matrixsolar41@gmail.com,8905314234,0,0
GUJARAT,Banas Kantha,MARUTI SOLAR SYSTEMS,dinesh.navar@gmail.com,9409080149,0,0
GUJARAT,Banas Kantha,MARUTI SOLAR PUMP SYSTEM,patelsandip0226@gmail.com,9426849250,0,0
GUJARAT,Banas Kantha,MARUTI ENTERPRISE,marutienterprise148@gmail.com,7698803938,0,0
GUJARAT,Banas Kantha,MARUTI ENERGY,marutienrgy@gmail.com,9033408939,0,0
GUJARAT,Banas Kantha,MANGROLIYA NIKUNJ J.,nikunjmangroliya54@gmail.com,8866685082,0,0
GUJARAT,Banas Kantha,MANAN SOLAR,manansolar2022@gmail.com,9714352719,0,0
GUJARAT,Banas Kantha,MAKE INSIDE SOLUTIONS,info@makeinside.co.in,9898302030,0,0
GUJARAT,Banas Kantha,MAHEK SOLAR POWER,mahek.tech1@gmail.com,9925805953,0,0
GUJARAT,Banas Kantha,MAHALAXMI ELECTRICALS - AHEMDABAD,mahalaxmi.electricals_07@yahoo.com,8238914975,0,0
GUJARAT,Banas Kantha,MAHAKALI POWER,mahakalipower9252@gmail.com,9687209519,0,0
GUJARAT,Banas Kantha,MAHADEV SOLAR ENTERPRISE,mahadevsolar2526@gmail.com,8758610449,0,0
GUJARAT,Banas Kantha,MAHADEV SOLAR ENETERPRISE,mahadevsolarjamnagar@gmail.com,9978999939,0,0
GUJARAT,Banas Kantha,MAGLARE TECHNOLOGIES PVT.LTD.,info@maglare.com,8460183838,0,0
GUJARAT,Banas Kantha,MADHVAN POLYPLAST PVT. LTD.,cmp.madhavanpolyplast@gmail.com,9104306162,0,0
GUJARAT,Banas Kantha,MADHULI CORPORATION,madhulicorporation@gmail.com,9904990630,0,0
GUJARAT,Banas Kantha,MADHAV SOLAR ENERGY LIMITED (FORMERLY KNOWN AS MADHAV ENTERPRISE - SURAT),info@madhavsolarenergy.com,8849299212,0,0
GUJARAT,Banas Kantha,MADHAV GREEN ENERGY,madhavgreene@gmail.com,9408102358,0,0
GUJARAT,Banas Kantha,MADHAV ELECTRICAL,madhavelectrical23@gmail.com,9426755766,0,0
GUJARAT,Banas Kantha,MAA MOGAL ENTERPRISE,maamogale1999@gmail.com,8401237990,0,0
GUJARAT,Banas Kantha,M SUN ENERGY,msunenergy30@gmail.com,9104145599,0,0
GUJARAT,Banas Kantha,M R ENTERPRISE,mrenterprisesolar@gmail.com,9924370232,0,0
GUJARAT,Banas Kantha,M M PARMAR,sunlightenergy09@outlook.com,9227092099,0,0
GUJARAT,Banas Kantha,M AND P POWER SOLUTIONS,mnppowersolutions2021@gmail.com,9537006733,0,0
GUJARAT,Banas Kantha,LUCRATIVE ENERGY PRIVATE LIMITED,lucrativein24@gmail.com,9408152427,0,0
GUJARAT,Banas Kantha,LUCIDUS ENERGY PRIVATE LIMITED,lucidusenergy21@gmail.com,9327990722,0,0
GUJARAT,Banas Kantha,LOGICTECH SOLAR AND AUTOMATION PVT LTD,logictechsolar@gmail.com,9429580846,0,0
GUJARAT,Banas Kantha,LOBEL SOLAR POWER SYSTEM,info@lobelpower.com,9327007854,0,0
GUJARAT,Banas Kantha,LIPO TECHNOLOGY PRIVATE LIMITED,kalpesh@lipotechnology.in,9722266550,0,0
GUJARAT,Banas Kantha,LIGHTRIC POWER SOLUTION,lightricpower@gmail.com,6355768984,0,0
GUJARAT,Banas Kantha,LIGHTFLOW INDIA SOLAR,lightflowindia@gmail.com,8000835616,0,0
GUJARAT,Banas Kantha,LIFE MAGIC MARVELL STORE PRIVATE LIMITED,lifemagicmarvel@gmail.com,9098698493,0,0
GUJARAT,Banas Kantha,LGM ENERGY AND INFRACON LLP,lgmenergyandinfraconllp@gmail.com,7574000906,0,0
GUJARAT,Banas Kantha,LED LIGHT HOUSE,ledlighthouse161921@gmail.com,9624132754,0,0
GUJARAT,Banas Kantha,LAXMI HI TECH,laxmihitech36@gmail.com,7046494649,0,0
GUJARAT,Banas Kantha,LA CARTE RETAILERS PVT LTD,lacarte09@gmail.com,9909920700,0,0
GUJARAT,Banas Kantha,L L ELECTRICALS,llelect89@yahoo.com,9879078908,0,0
GUJARAT,Banas Kantha,L G ELECTRICALS,lgelectricals29@gmail.com,9825949200,0,0
GUJARAT,Banas Kantha,KVP SOLAR AND SOLUTION,kvpsolarandsolution.22@gmail.com,9033343105,0,0
GUJARAT,Banas Kantha,KUTCH SOLAR AND EV,kutchsolarev@gmail.com,9725436751,0,0
GUJARAT,Banas Kantha,KUNTHU CONSULTANTS PVT LTD,neelesh@kunthusolar.com,7405992700,0,0
GUJARAT,Banas Kantha,KSHETRAPAL GREEN ENERGY,kshetrapalgreenenergy@gmail.com,7874098869,0,0
GUJARAT,Banas Kantha,KRIVI ENERGY PRIVATE LIMITED,solar@krivienergy.com,9326275972,0,0
GUJARAT,Banas Kantha,KRIVA TECHNOLOGIES,krivasolartechnologies@gmail.com,7227074480,0,0
GUJARAT,Banas Kantha,KRITA GREEN ENERGY,admin@kritagreenenergy.in,9824998266,0,0
GUJARAT,Banas Kantha,KRISHNA ENTERPRISE,krishnaenterprise4568@gmail.com,9712658209,0,0
GUJARAT,Banas Kantha,KRISHIVA INNOVATIVES,info@krishivainnovatives.com,9409435861,0,0
GUJARAT,Banas Kantha,KRISHIV ENTERPRISE,jevinpansuriya4@gmail.com,7359294060,0,0
GUJARAT,Banas Kantha,KRISHA SOLAR & AGRO INDUSTRIES,krishasolarandagro21@gmail.com,9574856582,0,0
GUJARAT,Banas Kantha,KP GREEN ENGINEERING LIMITED,imam.syed@kpgroup.co,9104677596,0,0
GUJARAT,Banas Kantha,KP GREEN ENERGY,kpgreenenergy46@gmail.com,7048370774,0,0
GUJARAT,Banas Kantha,KOTHIYA ELECTRIC CONTRACTOR,kothiyaelectric@gmail.com,9913212056,0,0
GUJARAT,Banas Kantha,KONARK,heykonark@gmail.com,7016013500,0,0
GUJARAT,Banas Kantha,KOMAL ELECTRIC,chetanramprasadi@gmail.com,9825047503,0,0
GUJARAT,Banas Kantha,KK SOLAR TECHNOLOGY,kksolartechnology@gmail.com,9586118331,0,0
GUJARAT,Banas Kantha,KK ENTERPRISE,LATHIYA410@GMAIL.COM,9925590208,0,0
GUJARAT,Banas Kantha,KITE SOLAR ENERGY,kitesolarenergy@gmail.com,6352523489,0,0
GUJARAT,Banas Kantha,KIRTAN MARKETING,kirtanmarketing@gmail.com,9714440026,0,0
GUJARAT,Banas Kantha,KIRTAN BATTERIES,kirtanbatteries26@gmail.com,7043337333,0,0
GUJARAT,Banas Kantha,KIRAN SOLAR TECH PT. LT,info@kiransolartech.com,9800932333,0,0
GUJARAT,Banas Kantha,KHUSHI SOLAR,khushisolar13.info@gmail.com,7600094866,0,0
GUJARAT,Banas Kantha,KHUSHI IRRIGATION AND SOLAR,khushi.irrigationandsolar@gmail.com,9638370303,0,0
GUJARAT,Banas Kantha,KHODIYAR ENTERPRISE,k_enter_m@rediffmail.com,9825162853,0,0
GUJARAT,Banas Kantha,KHODIYAR ELECTRICAL (VISNAGAR),khodiyar.electrical210@gmail.com,9979632702,0,0
GUJARAT,Banas Kantha,KHODIYAR ELECTRICAL,khodiyarelectrical9199@gmail.com,6355714181,0,0
GUJARAT,Banas Kantha,KHODAL CORPORATION,khodalcorporation10@gmail.com,9974129558,0,0
GUJARAT,Banas Kantha,KHANAK SYSTEM,khanaksystem@yahoo.com,9824751581,0,0
GUJARAT,Banas Kantha,KESHWALA ENGINEERING CO.,RKESHWALA26@GMAIL.COM,7575082097,0,0
GUJARAT,Banas Kantha,KESHRI NANDANAM ENERGY,keshrinandanamenergy@gmail.com,8200147522,0,0
GUJARAT,Banas Kantha,KASTBHANJAN SOLAR,kastbhanjansolar@gmail.com,9099863647,0,0
GUJARAT,Banas Kantha,KASHYAP INFRAPROJECTS PVT. LTD.,info@kashyap.in,9898031010,0,0
GUJARAT,Banas Kantha,KARTAVY AGROTECH,kartavysolar@gmail.com,9426465233,0,0
GUJARAT,Banas Kantha,KARMA POWER,karmapower001@gmail.com,8849370511,0,0
GUJARAT,Banas Kantha,KARM ENTERPRISE,KARMSOLAR24@GMAIL.COM,9586363071,0,0
GUJARAT,Banas Kantha,KAMAXI ELECTRICAL ENGINEERS,dharmesh@kamaxielectricals.com,9974744036,0,0
GUJARAT,Banas Kantha,KALPTARU RENEWABLE POWER PVT LTD,support@kalptaru.co,7600780720,0,0
GUJARAT,Banas Kantha,KAIZEN UNIVERSAL PRIVATE LIMITED,ketan@kaizen.in,9825119674,0,0
GUJARAT,Banas Kantha,KAIZEN NOW,kaizennowahd@gmail.com,9978985558,0,0
GUJARAT,Banas Kantha,KAASHIVA POWER INNOVATIONS PVT LTD,nikunjprajapati@kaashiva.com,7227854857,0,0
GUJARAT,Banas Kantha,KAARVI GREEN ENERGY,kaarvienergy01@gmail.com,9824094291,0,0
GUJARAT,Banas Kantha,K T ELECTRICALS,ktthakkar567@gmail.com,8905168423,0,0
GUJARAT,Banas Kantha,K P ENTERPRISE,kpenterprise39@gmail.com,9974383839,0,0
GUJARAT,Banas Kantha,K K SOLAR SOLUTIONS,kksolarsolutions@gmail.com,9537279900,0,0
GUJARAT,Banas Kantha,K AND J ENTERPRISE,kjenterprise15515@gmail.com,8320957225,0,0
GUJARAT,Banas Kantha,JUPISOL POWER INDIA PRIVATE LIMITED,spatel@jupisolpower.com,9879284007,0,0
GUJARAT,Banas Kantha,JOYSTICK BIO HEALTH,jstvalsad@gmail.com,9714163052,0,0
GUJARAT,Banas Kantha,JJV CORPORATION,info@jjvcorporation.in,9016987377,0,0
GUJARAT,Banas Kantha,JJ PV SOLAR PRIVATE LIMITED,rajesh@jjpvsolar.com,9904809006,0,0
GUJARAT,Banas Kantha,JIYAAN SOLAR COMPANY,jiyaansolar.co@gmail.com,8160645436,0,0
GUJARAT,Banas Kantha,JIGS ELECTRICAL,jigselectrical@gmail.com,9979129392,0,0
GUJARAT,Banas Kantha,JIGAR SYSTEM TECHNOLOGY,jigar@jigarsystems.com,9511768710,0,0
GUJARAT,Banas Kantha,JD SOLAR,jdsolar5005@gmail.com,9157590905,0,0
GUJARAT,Banas Kantha,JD INFRA ENERGY PRIVATE LIMITED,jdinfraenergy0725@gmail.com,9714061118,0,0
GUJARAT,Banas Kantha,JAYRAJ SOLAR LLP,tejas@jayrajsolar.com,9033963450,0,0
GUJARAT,Banas Kantha,JAYKAMAL ENERGY,JAYKAMAL.ENERGY@GMAIL.COM,9726862780,0,0
GUJARAT,Banas Kantha,JAYDEV ENERGY,jaydevenergy83@gmail.com,9824885237,0,0
GUJARAT,Banas Kantha,JAY KHODIYAR IMPEX,pareshramoliya310@gmail.com,9537164431,0,0
GUJARAT,Banas Kantha,JAY ELECTRICALS,jayelec2021@gmail.com,9427261002,0,0
GUJARAT,Banas Kantha,JAY CONSTRUCTION CO,greenerenergy48@gmail.com,8200558867,0,0
GUJARAT,Banas Kantha,JAY BALOJ ENTERPRISE,umang066@gmail.com,7874165037,0,0
GUJARAT,Banas Kantha,JAY AMBE GREEN ENERGY,jayambegreenenergy@gmail.com,9824328725,0,0
GUJARAT,Banas Kantha,JAY AMBE ELECTRICALS,jayambeelectricals091@gmail.com,6355252020,0,0
GUJARAT,Banas Kantha,JAY ADITYA SOLAR,darshit.dj619@gmail.com,8160931631,0,0
GUJARAT,Banas Kantha,JASMIN J BAMBHAROLIYA,jasmin.bambharolia14@gmail.com,8140916256,0,0
GUJARAT,Banas Kantha,JANGID SOLAR ENERGY PVT LTD,info@jsepl.in,6358931609,0,0
GUJARAT,Banas Kantha,JANETA SOLAR,info.janetasolar90@gmail.com,8734829145,0,0
GUJARAT,Banas Kantha,JALARK SOLAR SOLUTIONS OPC PVT LTD,infojalark@gmail.com,9426661857,0,0
GUJARAT,Banas Kantha,JAI SOMNATH ENTERPRISE,msjaisomnathenterprise@gmail.com,9979990909,0,0
GUJARAT,Banas Kantha,JAI INDUSTRIES,jaielectronic@yahoo.com,9828104233,0,0
GUJARAT,Banas Kantha,JAGRUTI TRADERS,jagrutitraders.solar@gmail.com,8980498030,0,0
GUJARAT,Banas Kantha,JAGDAMBA TRADERS,jagdambatraders.padra@gmail.com,7284841054,0,0
GUJARAT,Banas Kantha,JAGDAMBA ENTERPRISE,adarshrajput542@gmail.com,9316321978,0,0
GUJARAT,Banas Kantha,JAFFINS ENTERPRISE,solarbhavnagar@gmail.com,9375465252,0,0
GUJARAT,Banas Kantha,JAAC TECHNO SERVICES PVT LTD,Jwalant.raval@jaacservice.com,9824000545,0,0
GUJARAT,Banas Kantha,J K MACHINE TOOLS (GUJARAT) PVT. LTD.,jk.solarium@gmail.com,9328290518,0,0
GUJARAT,Banas Kantha,J D ELECTRICAL AND TRADING,jdelectrical26@gmail.com,8320397049,0,0
GUJARAT,Banas Kantha,IZZY ENERGY SOLUTION,izzyenergysolution@gmail.com,9909236062,0,0
GUJARAT,Banas Kantha,ISHA SALES,ishasolar027@gmail.com,9824739373,0,0
GUJARAT,Banas Kantha,INTEGRITY DESIGN ENGINEERING,neelpathak19@gmail.com,9638888049,0,0
GUJARAT,Banas Kantha,INSTANT TECHNOLOGY,info@instantgroup.live,8200782232,0,0
GUJARAT,Banas Kantha,INSTANT ELECTRIC SERVICES,instantelectricservices@gmail.com,9909415407,0,0
GUJARAT,Banas Kantha,INQILAB ENGINEERING PRIVATE LIMITED,inqilabengineering@gmail.com,9099598998,0,0
GUJARAT,Banas Kantha,INOX SOLAR ENERGY,inoxsolarenergy@gmail.com,9904604047,0,0
GUJARAT,Banas Kantha,INFLUX SOLAR SOLUTIONS,influxsolarsolution@gmail.com,6352563582,0,0
GUJARAT,Banas Kantha,INFINITY SOLAR - SURAT,infinity.solar01@gmail.com,8866860686,0,0
GUJARAT,Banas Kantha,INFINITY RENEWABLE ENERGY,anand.infinityrenewableenergy@gmail.com,9913784000,0,0
GUJARAT,Banas Kantha,INFINITE URJA LLP,info@infiniteurja.in,8000049380,0,0
GUJARAT,Banas Kantha,INFINITE ENERGY ANS TECHNOLOGY,planning@infiniteenergy.co.in,9099971778,0,0
GUJARAT,Banas Kantha,IMPULSE SYSTEM,info@impulsesystem.in,9426471057,0,0
GUJARAT,Banas Kantha,IMMIX SOLUTION,immixsolution@gmail.com,9265493249,0,0
GUJARAT,Banas Kantha,IMAGINE POWERTREE PRIVATE LIMITED,imagine.powertree@gmail.com,9586121111,0,0
GUJARAT,Banas Kantha,IDEAL RENEWABLE LLP,idealrenewable@gmail.com,9979083323,0,0
GUJARAT,Banas Kantha,ICONIC SOLAR ENERGY,iconicsolarenergy26@gmail.com,7698504095,0,0
GUJARAT,Banas Kantha,I-TECH STORE,info.itechsolar@gmail.com,9879603933,0,0
GUJARAT,Banas Kantha,I K SOLAR ENERGY,iksolarenergy2302@gmail.com,6353941652,0,0
GUJARAT,Banas Kantha,I CARE ENGINEERING,icareengr@gmail.com,9978920284,0,0
GUJARAT,Banas Kantha,HYSUN SOLAR PRIVATE LIMITED,prajapatiomaram62@gmail.com,7573999961,0,0
GUJARAT,Banas Kantha,HORIZON POWER SOLUTIONS,horizonpowersolutions2024@gmail.com,9909009525,0,0
GUJARAT,Banas Kantha,HIYASHA SOLAR SYSTEMS LLP,hiyashasolarsystems@gmail.com,9727097250,0,0
GUJARAT,Banas Kantha,HIPANAX ENERGY,hipanaxenergy@outlook.com,9727063026,0,0
GUJARAT,Banas Kantha,HINDUSTAN SOLAR AND POWER PACK,hindustansolar86@gmail.com,7016087359,0,0
GUJARAT,Banas Kantha,HIMSON ENERGY,himson.energy@gmail.com,9825242728,0,0
GUJARAT,Banas Kantha,HILTON RENEWABLES,hiltonrenewables.amr@gmail.com,8181080800,0,0
GUJARAT,Banas Kantha,HILL LIGHTING,rndungrani@gmail.com,9328385858,0,0
GUJARAT,Banas Kantha,HI TECH SOLAR SOLUTION,hitechsolarsolu@gmail.com,8140535380,0,0
GUJARAT,Banas Kantha,HI TECH ENERGY,hitechenergy17@gmail.com,9924388540,0,0
GUJARAT,Banas Kantha,HET CONSULTANCY,hetconsultancy01@gmail.com,9586618784,0,0
GUJARAT,Banas Kantha,HEMALI ELECTRICALS,hemali_elect@rocketmail.com,9979874161,0,0
GUJARAT,Banas Kantha,HELIOS SELENE,sales@heliosselene.in,7600132252,0,0
GUJARAT,Banas Kantha,HELIOPATH SOLAR TECHNOLOGIES,enquiry.heliopath@gmail.com,8238664332,0,0
GUJARAT,Banas Kantha,HEER SOLAR ENERGY,heersolarenergy@gmail.com,9427063399,0,0
GUJARAT,Banas Kantha,HEAVEN GREEN ENERGY LTD. (FORMERLY KNOWN AS HEAVEN SOLAR ENERGY PVT LTD),heavensolarenergy@gmail.com,9979532167,0,0
GUJARAT,Banas Kantha,HAVTON INDIA,ravivarmora0803@gmail.com,9265496953,0,0
GUJARAT,Banas Kantha,HATKESH ENGINEERING,hatkeshengineering@gmail.com,9898105579,0,0
GUJARAT,Banas Kantha,HARSIDDHI ENGINEERING WORKS,harsiddiengineering@yahoo.com,9428342940,0,0
GUJARAT,Banas Kantha,HARSH ENTERPRISE,harshenterprise.ele@gmail.com,9586703597,0,0
GUJARAT,Banas Kantha,HARSH COMMUNICATION,harshcomm.solar@gmail.com,9137373727,0,0
GUJARAT,Banas Kantha,HARISH ENGINEERING WORKS,harish.engg91@gmail.com,9428618859,0,0
GUJARAT,Banas Kantha,HARIPRIY INDUSTRIES,haripriyindustries@gmail.com,9725022146,0,0
GUJARAT,Banas Kantha,HARIOM ENGINEERING,hariomsolarbotad@gmail.com,8140771766,0,0
GUJARAT,Banas Kantha,HARIOM ELECTRICS,manoj.patiwala.in@gmail.com,8140438508,0,0
GUJARAT,Banas Kantha,HAPPY ENTERPRISE,divyeshchavda007@gmail.com,9510887781,0,0
GUJARAT,Banas Kantha,HANU ENTERPRISE,hanuenterprise2023@gmail.com,9067322910,0,0
GUJARAT,Banas Kantha,HADAF GREEN ENERGY PRIVATE LIMITED,hadafgreenenergy@gmail.com,8320986239,0,0
GUJARAT,Banas Kantha,H S ENTERPRISE,hiralpatel3031@gmail.com,9773257603,0,0
GUJARAT,Banas Kantha,H & M COMPANY,info@hmcompany.in,9157768561,0,0
GUJARAT,Banas Kantha,GWE INFRA PROJECTS PRIVATE LIMITED,dhaval.gwe@gmail.com,9726198989,0,0
GUJARAT,Banas Kantha,GURUKRUPA ENTERPRISE,gurukrupaenterprise.head9@gmail.com,8320627280,0,0
GUJARAT,Banas Kantha,GURU RENEWABLE,gururenewable@gmail.com,9687672620,0,0
GUJARAT,Banas Kantha,GUJARAT SUN ENERGY,info.gujaratsunenergy@gmail.com,9825608662,0,0
GUJARAT,Banas Kantha,GUJARAT SOLAR ENERGY,gujaratsolarenergy010@gmail.com,9898472919,0,0
GUJARAT,Banas Kantha,GUJARAT ENERGY,info@gujaratenergy.in,9723431234,0,0
GUJARAT,Banas Kantha,GSL ENERGY,gslenergy09@gmail.com,8320945187,0,0
GUJARAT,Banas Kantha,GS POWERTECH,info.gspowertech@gmail.com,7567438385,0,0
GUJARAT,Banas Kantha,GROWTECH ENERGY,growtechenergy91@gmail.com,9998435528,0,0
GUJARAT,Banas Kantha,GROW ENERGY SOLAR SOLUTION,growenergysolarsolution@gmail.com,7778999695,0,0
GUJARAT,Banas Kantha,GROW EARTH RENEWABLE TECHNOLOGIES,divyesh@growearthsolar.com,9104495364,0,0
GUJARAT,Banas Kantha,GRIWA INTERNATIONAL LLP,prakashkoriya17@gmail.com,8200988481,0,0
GUJARAT,Banas Kantha,GREYANAS INDUSTRIES PRIVATE LIMITED,greyanassolar@gmail.com,9408715033,0,0
GUJARAT,Banas Kantha,GREENTECH ENERGY,bhuvapiyush89@gmail.com,7990053035,0,0
GUJARAT,Banas Kantha,GREENNETIC RENEWABLE PRIVATE LIMITED,sales.greenneticrenewable@gmail.com,8320563819,0,0
GUJARAT,Banas Kantha,GREENMAX ENERGY PVT. LTD.,sales1@greenmaxenergy.in,9601100759,0,0
GUJARAT,Banas Kantha,GREENLAND,greenlandsolar.np@gmail.com,9825545043,0,0
GUJARAT,Banas Kantha,GREENLAND,greenlandsolar.projects@gmail.com,9825545043,0,0
GUJARAT,Banas Kantha,GREENEXCEL ENERGY SOLUTION PVT LTD,info@greenexcelenergy.com,9898949719,0,0
GUJARAT,Banas Kantha,GREENERGY SOLAR SOLUTIONS,greenergysolarsolutions26@gmail.com,9409215712,0,0
GUJARAT,Banas Kantha,GREENERGEE,greenergee@vikasaryagroup.com,9374635103,0,0
GUJARAT,Banas Kantha,GREENERA ENERTECH PVT LTD,greenera.solarenergy@gmail.com,9427726620,0,0
GUJARAT,Banas Kantha,GREENCUBE ENERGIES PRIVATE LIMITED,nirankush@gcepl.in,9106836019,0,0
GUJARAT,Banas Kantha,GREENBRILLIANCE RENEWABLE ENERGY LLP,jay.patel@gbreenergy.com,9879611302,0,0
GUJARAT,Banas Kantha,GREENARCH SOLAR PRIVATE LIMITED,greenarchsolar@gmail.com,9879262766,0,0
GUJARAT,Banas Kantha,GREEN WATT SOLAR ENERGY,greenwattsolarenergy2022@gmail.com,9898383910,0,0
GUJARAT,Banas Kantha,GREEN SUN SOLAR,greensunsolar07@gmail.com,7600649582,0,0
GUJARAT,Banas Kantha,GREEN SOLAR ENERGY ENTERPRISES,greensolar.ahmedabad@gmail.com,9712909823,0,0
GUJARAT,Banas Kantha,GREEN SOLAR ENERGY,info@greenssolar.in,9687222261,0,0
GUJARAT,Banas Kantha,GREEN POWER ENERGY,info.greenenergy07@gmail.com,8780002027,0,0
GUJARAT,Banas Kantha,GREEN LIGHT ENERGY,glenergy2024@gmail.com,9998754265,0,0
GUJARAT,Banas Kantha,GREEN IMPAQ SOLAR ENERGY,greenimpaqsolarenergypm@mail.com,9974414600,0,0
GUJARAT,Banas Kantha,GREEN ENERGY-VALSAD,solar@greenenergy.ind.in,8866249369,0,0
GUJARAT,Banas Kantha,GREEN ENERGY SOLAR,ges.solar24@gmail.com,8866993164,0,0
GUJARAT,Banas Kantha,GREEN E SOLAR,greene.vb@hotmail.com,9925751589,0,0
GUJARAT,Banas Kantha,GREEN ARTH,info@greenarth.co.in,8780623141,0,0
GUJARAT,Banas Kantha,GREAT SOLUTION,greatsolution07@gmail.com,9924131317,0,0
GUJARAT,Banas Kantha,GRE ELECTRONICS PVT. LTD.,info@greindia.com,9825070480,0,0
GUJARAT,Banas Kantha,GRACE OF THE SUN ENERGY,gotssolar@gmail.com,8320258395,0,0
GUJARAT,Banas Kantha,GOVINDJI POWER,priyankvaghani86@gmail.com,9726643435,0,0
GUJARAT,Banas Kantha,GOPI TECHNOLOGIES,epc@gopitechnologies.com,8866077344,0,0
GUJARAT,Banas Kantha,GOPAL ENTERPRISE,gokulbharvad@gmail.com,9727756664,0,0
GUJARAT,Banas Kantha,GOLDSUN SOLAR,dhruvpadasumbiya@gmail.com,9409016021,0,0
GUJARAT,Banas Kantha,GOLDI SOLAR PRIVATE LIMITED,info@goldisolar.com,7211134134,0,0
GUJARAT,Banas Kantha,GLOWX SOLAR PROJECTS,accounts@glowxsolar.com,9909517000,0,0
GUJARAT,Banas Kantha,GLOBAL SOLAR SOLUTION,moxakboda111@gmail.com,8460820618,0,0
GUJARAT,Banas Kantha,GLOBAL ENTERPRISE,globalsolarent@gmail.com,9924900304,0,0
GUJARAT,Banas Kantha,GITANJALI DEVELOPERS,dhavalparmar.dp39@gmail.com,8200332871,0,0
GUJARAT,Banas Kantha,GIR ENTERPRISES,ankitbhaiankit88@gmail.com,8686869015,0,0
GUJARAT,Banas Kantha,GHANSHYAM SOLAR ENERGY,ghanshyam.solar.energy@gmail.com,9510734317,0,0
GUJARAT,Banas Kantha,GHADIYA RENEWABLE ENERGY,KALPESHPATEL8914@GMAIL.COM,9714000952,0,0
GUJARAT,Banas Kantha,GESTIC SELICON ENERGY,shivammourya0987@gmail.com,9157621253,0,0
GUJARAT,Banas Kantha,GEER AGRO WORKS,geeragro@gmail.com,9898799789,0,0
GUJARAT,Banas Kantha,GAYATRI SOLAR ENERGY,info@gayatrisolarenergy.com,8866778940,0,0
GUJARAT,Banas Kantha,GAYATRI CONSTRUCTION,chetansinh270@gmail.com,7408636363,0,0
GUJARAT,Banas Kantha,GALO ENERGY PRIVATE LIMITED,info@galo.co.in,9773988289,0,0
GUJARAT,Banas Kantha,GALAXY ENTERPRISE,galaxyenterprise265@gmail.com,9998017765,0,0
GUJARAT,Banas Kantha,GALAXY ENERGY SOLUTION,galaxyenergysolution@protonmail.com,9428158678,0,0
GUJARAT,Banas Kantha,GAJGATI STEEL AND ENERGY PVT LTD.,sales@gajgati.com,7990480061,0,0
GUJARAT,Banas Kantha,G-POWER PLUS,gpowerplus.in@gmail.com,9898420613,0,0
GUJARAT,Banas Kantha,FRIENDLY FOOTPRINTS LLP,infosolar.ff@gmail.com,7874833399,0,0
GUJARAT,Banas Kantha,FOURSUN SOLAR,project@foursunsolar.co.in,7435023502,0,0
GUJARAT,Banas Kantha,FOURCELL ENERGY PRIVATE LIMITED,fourcellenergy@gmail.com,9377776564,0,0
GUJARAT,Banas Kantha,FORTUNE TECHNOLOGIST,fortunetechnologist@gmail.com,9427597246,0,0
GUJARAT,Banas Kantha,FLORIAN VENTURE PVT.LTD.,florianventurepvt.ltd@gmail.com,9081684444,0,0
GUJARAT,Banas Kantha,FLAME SOLREN PRIVATE LIMITED,operations@flamesolren.com,8849478907,0,0
GUJARAT,Banas Kantha,FATHUN RENEWABLE ENERGY (FORMERLY KNOWN AS KENVUE ENERGY),fathunrenewable@gmail.com,9898589612,0,0
GUJARAT,Banas Kantha,FASTRISE ENTERPRISE PRIVATE LIMITED,FASTRISEENTERPRISE@GMAIL.COM,7862079768,0,0
GUJARAT,Banas Kantha,F Z ENERGY,info@fzenergy.in,9227153030,0,0
GUJARAT,Banas Kantha,F SOLAR ROOFTOP,fsolarrooftop@gmail.com,8469525856,0,0
GUJARAT,Banas Kantha,EXPERT POWER SOLUTION,info.expertpowersolution@gmail.com,8780287091,0,0
GUJARAT,Banas Kantha,EXIDE INDUSTRIES LIMITED,pramit.mukherjee@exide.co.in,6291226448,0,0
GUJARAT,Banas Kantha,EWC SOLAR PRIVITED LIMITED (FORMERLY KNOWN AS ENERGY POWER SYSTEMS),ewcsolarpvtltd@gmail.com,8141150688,0,0
GUJARAT,Banas Kantha,EWALK ENERGY,info.ewalkenergy@gmail.com,9054927675,0,0
GUJARAT,Banas Kantha,EWAA SOLAR TECHNOLOGY PRIVATE LIMITED,info@ewaasolartech.com,6356008400,0,0
GUJARAT,Banas Kantha,EVOTAR TECHNOLOGIES PRIVATE LIMITED,info@evotartech.com,6358999573,0,0
GUJARAT,Banas Kantha,EVITUS ENERGY SOLUTIONS,evitusenergysolutions@gmail.com,8156006133,0,0
GUJARAT,Banas Kantha,EVERSHINE ENERGY,contact@evershineenergy.com,8460167441,0,0
GUJARAT,Banas Kantha,EVAANTA ENERGY,info@evaantaenergy.com,9712326261,0,0
GUJARAT,Banas Kantha,EUROSOLAR ENERGY INDUSTRIES,modasaeurosolar@gmail.com,9558823245,0,0
GUJARAT,Banas Kantha,EUROLITE SOLAR,harshil.patel@euroliteindia.com,7490007847,0,0
GUJARAT,Banas Kantha,ETERNAL SOLAR ENERGY,hiren.p.rathod@gmail.com,9879203040,0,0
GUJARAT,Banas Kantha,EQUINOX SOLAR PRIVATE LIMITED,info@equinoxsolar.in,7573044078,0,0
GUJARAT,Banas Kantha,ENWATECH SOLUTION PVT.LTD,enwatechsolutionpvtltd@gmail.com,9427269089,0,0
GUJARAT,Banas Kantha,ENERSOL SOLUTIONS LLP,karan@enersol.co.in,7069555533,0,0
GUJARAT,Banas Kantha,ENERGY O & M SERVICES PVT LTD,dhirajsummit@gmail.com,9512775551,0,0
GUJARAT,Banas Kantha,ENERGETIC SOLAR,energeticsolar03@gmail.com,9537137427,0,0
GUJARAT,Banas Kantha,EMPYREAL SOLAR,liaison@empyreAlsolar.in,9099526261,0,0
GUJARAT,Banas Kantha,EMISSIONS FREE WORLD PVT LTD,emissionsfreeworld@gmail.com,8320097477,0,0
GUJARAT,Banas Kantha,EMERALD ENTERPRISE,emerald.vadodara@outlook.com,9173591485,0,0
GUJARAT,Banas Kantha,EMDERS ENTERPRISE,info.emders@gmail.com,7016614013,0,0
GUJARAT,Banas Kantha,ELITO ENERGY PRIVATE LIMITED,info@elitoenergy.com,7226024441,0,0
GUJARAT,Banas Kantha,ELIOS ENERGY,info@eliosenergy.co.in,7016192219,0,0
GUJARAT,Banas Kantha,ELECTROMECH DEVICES MANUFACTURING COMPANY,edmc.rpr@gmail.com,7000189225,0,0
GUJARAT,Banas Kantha,EFFICIENT ENERTECH PVT LTD,info@efficientenergyindia.com,9925624989,0,0
GUJARAT,Banas Kantha,ECOWATT ENERGY,ecowattenergy18@gmail.com,9978638437,0,0
GUJARAT,Banas Kantha,ECOVIBE RENEWTECH ENERGY,ecoviberenewtechenergy@gmail.com,8401168101,0,0
GUJARAT,Banas Kantha,ECOLUX SOLAR,ecoluxsolar007@gmail.com,8980088806,0,0
GUJARAT,Banas Kantha,ECLIPTIC SOLAR,davevishalkumar@gmail.com,9825023276,0,0
GUJARAT,Banas Kantha,EARTHWAVE TECHNOLOGY PRIVATE LIMITED,EARTHWAVETECHNOLOGY@GMAIL.COM,9426373334,0,0
GUJARAT,Banas Kantha,EARTHTECH INNOVATIONS PRIVATE LIMITED,earthtechinnovations@gmail.com,8490850276,0,0
GUJARAT,Banas Kantha,EARTH SOLARISM,earthsolarism@gmail.com,9724990231,0,0
GUJARAT,Banas Kantha,EARTH SOLAR ENERGY,EARTHSOLARE@GMAIL.COM,8200115874,0,0
GUJARAT,Banas Kantha,EARTH SOLAR,earthsollar@gmail.com,9879911777,0,0
GUJARAT,Banas Kantha,E2 SOLUTIONS,e2solutions.ahm@gmail.com,9409049645,0,0
GUJARAT,Banas Kantha,E-TECH SOLUTION & SOLAR,etechsolution.solar@gmail.com,9099563174,0,0
GUJARAT,Banas Kantha,DWARKESH SOLAR ENERGY,nileshchavda1881@gmail.com,8000799990,0,0
GUJARAT,Banas Kantha,DUDANI RENEWABLES LLP,dudanirenewables@gmail.com,9429744710,0,0
GUJARAT,Banas Kantha,DREAM MART,dreammart108@gmail.com,9099975489,0,0
GUJARAT,Banas Kantha,DRAYS ENERGY SOLUTIONS,draysenergy@gmail.com,7802893258,0,0
GUJARAT,Banas Kantha,DRASHTI LIGHT CARE,drashti3411@gmail.com,9825430097,0,0
GUJARAT,Banas Kantha,DIWAKAR SOLAR ENTERPRISE,info.diwakarsolar@gmail.com,9104746612,0,0
GUJARAT,Banas Kantha,DIVY SOLAR TECHNOLOGY,divysolartechnology@gmail.com,9978551782,0,0
GUJARAT,Banas Kantha,DIVU ENTERPRISE,divuenterprise2023@gmail.com,7383114133,0,0
GUJARAT,Banas Kantha,DIVINE TECHNO SOLAR INDIA LLP,divinetechnosolar@gmail.com,9825229205,0,0
GUJARAT,Banas Kantha,DIVINE SOLAR ENERGY,divinesolarenergy33@gmail.com,7069853208,0,0
GUJARAT,Banas Kantha,DIVINE ENERGY INC,divinein17@gmail.com,7874391679,0,0
GUJARAT,Banas Kantha,DINESHBHAI CHATURBHAI NANDANA,nandanadinesh62@gmail.com,6351782902,0,0
GUJARAT,Banas Kantha,DIMAN SOLAR PVT LTD (FORMERLY KNOWN AS DIMAN OVERSEAS PVT LTD),info@dimansolar.com,9909928959,0,0
GUJARAT,Banas Kantha,DIGI SOLAR ENERGY,digisolarenergy@gmail.com,9687818686,0,0
GUJARAT,Banas Kantha,DHVANI ENERGY,dhvanisolar@gmail.com,9537928064,0,0
GUJARAT,Banas Kantha,DHRUVIN ELECTRICALS,kirtipatel86665@gmail.com,9974814614,0,0
GUJARAT,Banas Kantha,DHRUVA ENTERPRISE,dhruvaenterprise123@gmail.com,9978124597,0,0
GUJARAT,Banas Kantha,DHRUV ENTERPRISE,dhruv.enterprise@aol.com,9825123335,0,0
GUJARAT,Banas Kantha,DHM SOLAR POWER PVT LTD,dhmsolarpower@gmail.com,8980508730,0,0
GUJARAT,Banas Kantha,DHAVAL ELECTRIC SOLUTION,dhavalelectricsolution@gmail.com,8490990138,0,0
GUJARAT,Banas Kantha,DHARMANANDAN SOLAR ENERGY,mayurdhariyaparmar@gmail.com,9016367556,0,0
GUJARAT,Banas Kantha,DEVDEEP ELECTRICALS,devdeepelectricals@gmail.com,9726879009,0,0
GUJARAT,Banas Kantha,DEVASYAM ENTERPRISE LLP,abpatel4318@gmail.com,9106684467,0,0
GUJARAT,Banas Kantha,DEV TECHNO,devtechno14@gmail.com,9898242190,0,0
GUJARAT,Banas Kantha,DEV ENTERPRISE,deventerprise424@gmail.com,9428121408,0,0
GUJARAT,Banas Kantha,DEV ELECTRICALS,develectricals2024@gmail.com,9974821967,0,0
GUJARAT,Banas Kantha,DESIGNLUX PRIVATE LIMITED,info@designlux.in,9825868523,0,0
GUJARAT,Banas Kantha,DESAI'S SOLAR ENERGY,desaisolarenergy@gmail.com,9429021070,0,0
GUJARAT,Banas Kantha,DELUXE ENTERPRISE,infodeluxeenterprise@gmail.com,9429040663,0,0
GUJARAT,Banas Kantha,DELTA SOLAR ENERGY,deltasolarenergy1@gmail.com,9427539663,0,0
GUJARAT,Banas Kantha,DELICATE SOLAR PRIVATE LIMITED,gabanijemish3@gmail.com,8238340836,0,0
GUJARAT,Banas Kantha,DEK AND MAVERICKS GREEN ENERGY LIMITED,lalji.goltar@dmgel.in,8780289470,0,0
GUJARAT,Banas Kantha,D.K. & CO.,dkandcompanyrajkot@gmail.com,9925008040,0,0
GUJARAT,Banas Kantha,D.J.SOLAR & GENERAL,djsolar111@gmail.com,8401183303,0,0
GUJARAT,Banas Kantha,D-LIGHT SOLAR ENERGY LLP,epc@dlightsolarenergy.in,9898511535,0,0
GUJARAT,Banas Kantha,D SUN SOLAR,dsunsolar429@gmail.com,9904131777,0,0
GUJARAT,Banas Kantha,D S POWER SOLUTION,vipulas094@gmail.com,9106304356,0,0
GUJARAT,Banas Kantha,D R ENTERPRISE,DRENTERPRISE3029@GMAIL.COM,7990689506,0,0
GUJARAT,Banas Kantha,CYMENS ENTERPRISE,jaymakwana2062@gmail.com,9157133330,0,0
GUJARAT,Banas Kantha,CYBRID INFRATECH PRIVATE LIMITED,DEEPAK@CYBRIDINFRA.COM,9925299942,0,0
GUJARAT,Banas Kantha,CYBRIA SOLUTIONS,jagdish@cybriasolutions.com,9925026091,0,0
GUJARAT,Banas Kantha,CTONE METAL INDUSTRIES,hasmukhjoshi82@gmail.com,9909517156,0,0
GUJARAT,Banas Kantha,CRYSTASOL ENERGY SOLUTIONS PRIVATE LIMITED,n.s.pathak18@gmail.com,7069335544,0,0
GUJARAT,Banas Kantha,CROMPTON GREAVES CONSUMER ELECTRICALS LIMITED,solar.rooftop@crompton.co.in,9599589665,0,0
GUJARAT,Banas Kantha,CREST ENERGY SOLUTIONS,crestenergysolutions@gmail.com,9327415839,0,0
GUJARAT,Banas Kantha,CREASUN ENERGY,creasunenergy25@gmail.com,9624120591,0,0
GUJARAT,Banas Kantha,COSMIC SOLAR EPC PVT LTD,cosmicsolarepc@gmail.com,7984721299,0,0
GUJARAT,Banas Kantha,COSMIC POWER TECH,cosmicpowertech@gmail.com,9313720672,0,0
GUJARAT,Banas Kantha,COSMIC ENTERPRISE,cosmicenergy13.info@gmail.com,9429213406,0,0
GUJARAT,Banas Kantha,CONNECT POWER PRIVATE LIMITED,hannan@connect-power.in,9898195122,0,0
GUJARAT,Banas Kantha,COMPUTER SHOP,pradeep_deputy@yahoo.com,7043402514,0,0
GUJARAT,Banas Kantha,COMPASS ENERGIES,abhishek@compassenergies.in,9974458840,0,0
GUJARAT,Banas Kantha,COMET EVSOL,cometevsol@gmail.com,8780440726,0,0
GUJARAT,Banas Kantha,CMPLUS QUALITY SERVICES PRIVATE LIMITED,chandramauli_india@yahoo.com,9868881112,0,0
GUJARAT,Banas Kantha,CITIZEN SOLAR PVT. LTD.,tsjain@citizensolar.com,9825144499,0,0
GUJARAT,Banas Kantha,CHUDASAMA TEMUBHA BALVANTSINH,adityasolar1987@gmail.com,8200459492,0,0
GUJARAT,Banas Kantha,CHEMITEX EXPORTS PVT LTD,shrijichem@hotmail.com,9099940535,0,0
GUJARAT,Banas Kantha,CHARLES SOLAR POWER ENERGY,charlessolarpowerenergy1990@gmail.com,7016170076,0,0
GUJARAT,Banas Kantha,CHAMUNDA ELECTRICAL,chamundaelectrical1@gmail.coml,9723603864,0,0
GUJARAT,Banas Kantha,CEYONE SOLAR,ceyonesolar@gmail.com,7567091000,0,0
GUJARAT,Banas Kantha,CER ROOFTOP PVT LTD,susanta.hota@cer-inc.com,8586971731,0,0
GUJARAT,Banas Kantha,CELESTRA SOLAR PVT LTD,info@celestrasolar.com,9998805002,0,0
GUJARAT,Banas Kantha,CAPITAL WELDING,freexindia@gmail.com,9499602041,0,0
GUJARAT,Banas Kantha,C J ENTERPRISE,cjenterprise93@gmail.com,9429670026,0,0
GUJARAT,Banas Kantha,BSN ELECTRICS PRIVATE LIMITED,bsnelectrics162018@gmail.com,9925249658,0,0
GUJARAT,Banas Kantha,BSAFAL RENEWABLE ENERGIES PVT LTD,nita.maru@bsrepl.com,9723706665,0,0
GUJARAT,Banas Kantha,BRITI ENERGY,britienergy2021@gmail.com,8460227728,0,0
GUJARAT,Banas Kantha,BRIHASPATHI TECHNOLOGIES PVT LTD,ramu@brihaspathi.com,9989999197,0,0
GUJARAT,Banas Kantha,BRIGHT SUN SOLAR SOLUTIONS,brightsun2029@gmai.com,9033398401,0,0
GUJARAT,Banas Kantha,BRAHMADIP ENTERPRISE,brahmadip.solar@yahoo.com,9427230047,0,0
GUJARAT,Banas Kantha,BOND SOLAR,bondsolar9@gmail.com,9998118505,0,0
GUJARAT,Banas Kantha,BLUTH SERVICES LLP,contact@bluthservices.com,8630697093,0,0
GUJARAT,Banas Kantha,BLEO ENERGY,bleoenergy@gmail.com,9924982211,0,0
GUJARAT,Banas Kantha,BK GROUP & ASSOCIATES,irfansama2704@gmail.com,9879933662,0,0
GUJARAT,Banas Kantha,BISON ENGINEERS,bisonengineers19@gmail.com,7573984542,0,0
GUJARAT,Banas Kantha,BILIPATRA ENTERPRISE,prajapatijalpesh24@gmail.com,9427928892,0,0
GUJARAT,Banas Kantha,BHUMI POLYMERS PRIVATE LIMITED (FORMERLY KNOWN AS BHUMI POLYMERS PRIVATE LIMITES),solar@bhumipolymers.com,9099084938,0,0
GUJARAT,Banas Kantha,BHUMI GREEN POWER,bhumigreenpower@gmail.com,9824956161,0,0
GUJARAT,Banas Kantha,BHSQUARE SOLAR INSTALLATION SERVICES,harshwork2422@gmail.com,9909431526,0,0
GUJARAT,Banas Kantha,BHAVI URJA,bhaviurja@gmail.com,9377359007,0,0
GUJARAT,Banas Kantha,BHAUTIK ENGINEERING CO.,vegadabhautik2410@gmail.com,9825690528,0,0
GUJARAT,Banas Kantha,BHASKAR SOLAR ENTERPRISE,info.bhaskarsolar@gmail.com,8980451231,0,0
GUJARAT,Banas Kantha,BHASKAR RAY ENERGY,bhaskarray018@gmail.com,9426975552,0,0
GUJARAT,Banas Kantha,BHARTI SOLAR,bhartisolar1@gmail.com,8160804583,0,0
GUJARAT,Banas Kantha,BHANU PV SOLAR PVT LTD,bhanupvsolarpvtltd@gmail.com,9510398989,0,0
GUJARAT,Banas Kantha,BHANU ENTERPRISES,akkothari1964@gmail.com,9263635946,0,0
GUJARAT,Banas Kantha,BHAGWATI ELECTRICALS,bhagwatielectricals99091@gmail.com,7990883575,0,0
GUJARAT,Banas Kantha,BHAGVATI SOLAR POWER,info@bhagvatisolarpower.com,7770007502,0,0
GUJARAT,Banas Kantha,BHAGAT SOLAR ENERGY,bhujbhagatsolarenergy@gmail.com,9930432027,0,0
GUJARAT,Banas Kantha,BEYOND ENERGY,beyondenergy2025@gmail.com,8849608389,0,0
GUJARAT,Banas Kantha,BESIGNATURE SOLAR ENERGY PVT.LTD,signaturesolar975@gmail.com,7265996001,0,0
GUJARAT,Banas Kantha,BELIEVER RENEWAL ENERGY,bre.solar20@gmail.com,7434972242,0,0
GUJARAT,Banas Kantha,BELIEVE TECH ENERGY SERVICES,infobtes@gmail.com,9499631316,0,0
GUJARAT,Banas Kantha,BELIEF GREEN TECH PVT LTD,mandaviyakanji@gmail.com,6351555029,0,0
GUJARAT,Banas Kantha,BELIANCE ENERGY INDIA PVT.LTD.,belianceenergy@gmail.com,8511651364,0,0
GUJARAT,Banas Kantha,BEACON ELECTROTECH LLP,info@beaconelectrotech.com,8460314011,0,0
GUJARAT,Banas Kantha,BAPA SITARAM RENEWABLE ENERGY,BSREVADODARA@GMAIL.COM,9925557878,0,0
GUJARAT,Banas Kantha,BANSIDHAR SOLAR ENERGY,banshidharsolarenergy@gmail.com,9726035143,0,0
GUJARAT,Banas Kantha,BALA SOLAR,balasolar@yahoo.com,9879188034,0,0
GUJARAT,Banas Kantha,BAHUBALI CONSTRUCTION,pintudabhi626@gmail.com,8490005005,0,0
GUJARAT,Banas Kantha,BADAL INDUSTRIES,badalindustries@gmail.com,9824594844,0,0
GUJARAT,Banas Kantha,BACKBONE ELECTRICALS,backbone.electricals@gmail.com,6356044325,0,0
GUJARAT,Banas Kantha,B-SOLAR CONSULTANT AND ENGINEER PVT LTD,md@bsolar.in,8000888019,0,0
GUJARAT,Banas Kantha,AYKKA TECHNOVISION PRIVATE LIMITED,aykka@outlook.in,9586508907,0,0
GUJARAT,Banas Kantha,AXIS ENERTECH,meet@axisenertech.com,9428028009,0,0
GUJARAT,Banas Kantha,AWAAS SEWA PRIVATE LIMITED,ADMIN@AWAAS.IN,9099189893,0,0
GUJARAT,Banas Kantha,AVIRAT ENERGY PVT LTD,aviratenergy@gmail.com,9697443344,0,0
GUJARAT,Banas Kantha,AVINYA POWER SOLUTION,avinyapowersolution@gmail.com,9099317212,0,0
GUJARAT,Banas Kantha,AVI APPLIANCES PVT. LTD.,design01@avi-products.com,9913759764,0,0
GUJARAT,Banas Kantha,AVEE ENERGY,dhavalpatel1973@yahoo.in,9898233244,0,0
GUJARAT,Banas Kantha,AVATAR SOLAR PVT LTD,bharat@avatarsolar.com,9687055273,0,0
GUJARAT,Banas Kantha,AVANTA,info@avantasolar.com,9586355511,0,0
GUJARAT,Banas Kantha,AUTO FORGE ENGINEERS,autoforge2300@gmail.com,9925237321,0,0
GUJARAT,Banas Kantha,ATRI ENERGY,atrienergy@gmail.com,7622838008,0,0
GUJARAT,Banas Kantha,ATLAS MATRIX PVT LTD,atlassolar01@gmail.com,9016955068,0,0
GUJARAT,Banas Kantha,ATHARV ENERTECH,montu.dedakiya@gmail.com,9998943833,0,0
GUJARAT,Banas Kantha,ASTHA ENTERPRISE,asthaenterprise8010@gmail.com,9925668010,0,0
GUJARAT,Banas Kantha,ASHAPURA SOLAR POWER,ashapurasolarpower2025@gmail.com,7778095905,0,0
GUJARAT,Banas Kantha,ASCENT ENERGY,ascentenergys@gmail.com,8799447675,0,0
GUJARAT,Banas Kantha,ARRAY ENERGY SOLUTION,ceo.arrayenergysolution@gmail.com,9979898440,0,0
GUJARAT,Banas Kantha,ARKURJA INNOVATIONS PRIVATE LIMITED,arkurjarenewables@gmail.com,7383188631,0,0
GUJARAT,Banas Kantha,ARKTEC RENEWABLE ENERGY LLP,arktecrenewableenergy@gmail.com,8160038659,0,0
GUJARAT,Banas Kantha,ARKAY SOLAR ENERGY LLP,arkaysolar02@gmail.com,9737636600,0,0
GUJARAT,Banas Kantha,ARKAY ICONIC PRIVATE LIMITED,arkaysolar@gmail.com,8401236600,0,0
GUJARAT,Banas Kantha,ARJUN ENTERPRISE,arjunenter2013@gmail.com,8780886508,0,0
GUJARAT,Banas Kantha,ARJAN SOLAR,info@arjansolar.com,9638064824,0,0
GUJARAT,Banas Kantha,ARIHAA SOLAR PVT LTD,ashish.arihaasolar@gmail.com,9825877888,0,0
GUJARAT,Banas Kantha,ARETE ELECTROPOWER PVT LTD,projects@arelectropower.com,9099940283,0,0
GUJARAT,Banas Kantha,ARENA AUTOMATION,arenaautomationb@gmail.com,9904018887,0,0
GUJARAT,Banas Kantha,ARCHER RENEWABLE PRIVATE LIMITED,info@archersolar.in,8000041003,0,0
GUJARAT,Banas Kantha,AQUILINE ENERGY SOLUTION,aquilineenergysolution@gmail.com,7016762587,0,0
GUJARAT,Banas Kantha,APOLLO SOLAR POWER,dhavalsavani@icloud.com,9099006748,0,0
GUJARAT,Banas Kantha,APOLLO GREEN ENEGRY,apollogreenenergy2024@gmail.com,9825249415,0,0
GUJARAT,Banas Kantha,APN SOLAR ENERGY PVT LTD,nationalportal@apnsolar.com,9702034043,0,0
GUJARAT,Banas Kantha,APEX RENEWABLE ENERGY,apexenergy95@gmail.com,9737972543,0,0
GUJARAT,Banas Kantha,AONE RENEWABLE ENERGY,md.aonerenewableenergy@gmail.com,7435061657,0,0
GUJARAT,Banas Kantha,ANUPAM SMART ENERGY SOLAR,anupamsmartenergy@gmail.com,9601719818,0,0
GUJARAT,Banas Kantha,ANGEL SOLTECH,angelsoltech@gmail.com,8511029776,0,0
GUJARAT,Banas Kantha,ANGEL PUMPS PVT.LTD.,solar1@pumpsangel.com,9904809409,0,0
GUJARAT,Banas Kantha,ANANYA SOLAR ENTERPRISE,ananyasolarenterprise@gmail.com,9537638499,0,0
GUJARAT,Banas Kantha,ANANYA RENEWABLE ENERGY LLP,energy.ananyarenewable@gmail.com,9327003360,0,0
GUJARAT,Banas Kantha,ANANT SOLAR ENRGY,anantsolarenergy@gmail.com,9904198764,0,0
GUJARAT,Banas Kantha,ANANT SOLAR,anantsolar4242@gmail.com,8401714242,0,0
GUJARAT,Banas Kantha,ANANT ENERGY,anantenergy1910@gmai.com,9773476431,0,0
GUJARAT,Banas Kantha,ANAND AND ANAND ASSOCIATES,yogeshanandk@gmail.com,9426546256,0,0
GUJARAT,Banas Kantha,AMUL ENTERPRISE,amulenterprise92@gmail.com,9898618448,0,0
GUJARAT,Banas Kantha,AMRUT ENGINEERS,amrutengineersbhuj@gmail.com,9033492711,0,0
GUJARAT,Banas Kantha,AMPBEAT SOLUTION,ampbeatsolution@gmail.com,7575015022,0,0
GUJARAT,Banas Kantha,ALPHA ENTERPRISE,maulik.solar@gmail.com,9725957991,0,0
GUJARAT,Banas Kantha,ALFA SOLAR ENERGY PVT. LTD.,alfaenergypvtltd24@gmail.com,9825374299,0,0
GUJARAT,Banas Kantha,ALFA SOLAR ENERGY,alfasolarenergy2020@gmail.com,9825374250,0,0
GUJARAT,Banas Kantha,ALAYNA GREEN ENERGY,taharkhantna@gmail.com,6353439659,0,0
GUJARAT,Banas Kantha,AKUNTHA PROJECTS PVT LTD,ravi@akuntha.com,9426402423,0,0
GUJARAT,Banas Kantha,AKSHAR SOLAR ENERGY,aksharsolarenergy@gmail.com,8200328133,0,0
GUJARAT,Banas Kantha,AKHANDDEEP SOLAR SOLUTION,akhanddeepsolar@gmail.com,9978643099,0,0
GUJARAT,Banas Kantha,AKHAND SHAKTI SOLAR,apparanjape@gmail.com,9427003484,0,0
GUJARAT,Banas Kantha,AK GREEN ENERGY,akgreenenergy49@gmail.com,9974846833,0,0
GUJARAT,Banas Kantha,AIRSUN SOLAR ENERGY LLP,jatin@airsunsolarenergy.in,8799571627,0,0
GUJARAT,Banas Kantha,AGARIA ENTERPRISE,mahammadikbalagariya@gmail.com,8200605756,0,0
GUJARAT,Banas Kantha,AEW SMART SERVICES PVT. LTD.,netmetering@aewsmart.com,8851047092,0,0
GUJARAT,Banas Kantha,AEROVOLT ENERGY PRIVATE LIMITED,aerovoltenergy@gmail.com,9558002201,0,0
GUJARAT,Banas Kantha,AEILUS RENEWABLE ENERGY,aeilusrenewableenergy@gmail.com,8866581528,0,0
GUJARAT,Banas Kantha,ADVANCED ELETRICAL SOLUTIONS,info.aessolar@gmail.com,7574880300,0,0
GUJARAT,Banas Kantha,ADVANCE SOLAR,advancesolar139@gmail.com,7698756075,0,0
GUJARAT,Banas Kantha,ADVANCE ENERGY SOLUTION,info.advanceenergysolution@gmail.com,8799359849,0,0
GUJARAT,Banas Kantha,ADITYAURJA,info.adityaurjasolar@gmail.com,7359935517,0,0
GUJARAT,Banas Kantha,ACTIVE POWER INFRA,activepowerinfra@gmail.com,7228828738,0,0
GUJARAT,Banas Kantha,ACCURATE INFOTECH,accurateinfotech1@gmail.com,8866445623,0,0
GUJARAT,Banas Kantha,ACCLIMATE SYSTEMS PRIVATE LIMITED,acclimatesystem@gmail.com,7878538141,0,0
GUJARAT,Banas Kantha,AC DC PROJECTS,acdcprojects1@gmail.com,8200193182,0,0
GUJARAT,Banas Kantha,ABS SOLAR ENERGY,abssolar16@gmail.com,7574010721,0,0
GUJARAT,Banas Kantha,ABHI ENERGETIC PVT LTD,abhi_electrical13@yahoo.com,9824345369,0,0
GUJARAT,Banas Kantha,AATREY ASSOCIATES PRIVATE LIMITED,aatreyassociates@gmail.com,9824089144,0,0
GUJARAT,Banas Kantha,AASHA SOLAR ENERGY,aashasolarenergy1@gmail.com,7016775306,0,0
GUJARAT,Banas Kantha,AARUSH ENTERPRISE,info@aarushsolar.com,9724302078,0,0
GUJARAT,Banas Kantha,AARSUN ENERGY SOLUTIONS,aarsunenergy@gmail.com,8200328869,0,0
GUJARAT,Banas Kantha,AARKA SOLAR AND AUTOMATION,aarkasolarandautomation@gmail.com,8511330941,0,0
GUJARAT,Banas Kantha,AARAMBH RENEWABLE,aarambhrenewable@gamil.com,8487861888,0,0
GUJARAT,Banas Kantha,AANJNEY ENTERPRISE,aanjneysolar@gmail.com,6353161531,0,0
GUJARAT,Banas Kantha,AAMOKSH ELECTRICALS PRIVATE LIMITED,hardik.pandya4166@gmail.com,9998367462,0,0
GUJARAT,Banas Kantha,AAKASH ENTERPRISES,Enterprise.aakash2010@gmail.com,8735074986,0,0
GUJARAT,Banas Kantha,AAJIVAN SOLAR POWER,aajivansolarpower@gmail.com,9106798337,0,0
GUJARAT,Banas Kantha,AA SOLAR,enquiry.aasolar@gmail.com,7984392322,0,0
GUJARAT,Banas Kantha,A U ENTERPRISE,contact.auenterprise@gmail.com,8140570688,0,0
GUJARAT,Banas Kantha,A S SOLAR ENTERPRISE,assolarenterprise@gmail.com,9510572504,0,0
GUJARAT,Banas Kantha,A S RENEWABLE ENERGY PRIVATE LIMITED,info@asre.co.in,9067207226,0,0
GUJARAT,Banas Kantha,A D ENERGY SOLUTIONS,adenergysolutions64@gmail.com,9924503387,0,0
GUJARAT,Banas Kantha,7 STAR SOLAR ENERGY,7STAR51751@GMAIL.COM,9624899019,0,0
GUJARAT,Banas Kantha,5 RAYS ENERGY,5raysenergy@gmail.com,9979595404,0,0
GUJARAT,Banas Kantha,4THVED AGROTECH,4thvedagro@gmail.com,9377126082,0,0
GUJARAT,Banas Kantha,24R ENERGY,abhinav.24renergy@gmail.com,9898881359,0,0
