state,district,company_name,emails,contact_numbers,total_installed_capacity_kwp,no_of_installations
GUJARAT,Bharuch,SURYASE ENERGY,suryaseenergy@gmail.com,9662047390,5921,1566
GUJARAT,Bharuch,THE SOLAR HOUSE,thesolarhouse9@gmail.com,8485950999,2628,673
GUJARAT,Bharuch,MADYSON ELECTRICAL,madyson.electrical41@gmail.com,9998864567,2292,646
GUJARAT,Bharuch,SUNSKY SOLAR,trdesai@sunskysolar.co.in,9727518665,1866,495
GUJARAT,Bharuch,HEAVEN GREEN ENERGY LTD. (FORMERLY KNOWN AS HEAVEN SOLAR ENERGY PVT LTD),heavensolarenergy@gmail.com,9979532167,1605,428
GUJARAT,Bharuch,SAAN ELECTRICAL,saanelectrical@gmail.com,9033735490,2029,417
GUJARAT,Bharuch,OCEANIC POWER ENGINEERS PRIVATE LIMITED,oceanicpower.in@gmail.com,7778065600,1680,406
GUJARAT,Bharuch,ACCLIMATE SYSTEMS PRIVATE LIMITED,acclimatesystem@gmail.com,7878538141,1521,400
GUJARAT,Bharuch,24R ENERGY,abhinav.24renergy@gmail.com,9898881359,1446,362
GUJARAT,Bharuch,ANK SOLAR ENERGY,anksolarenergy@gmail.com,9724816510,1128,303
GUJARAT,Bharuch,KSQUARE ENERGY PVT LTD,projects@ksquareenergy.com,9725218150,1124,272
GUJARAT,Bharuch,DELICATE SOLAR PRIVATE LIMITED,gabanijemish3@gmail.com,8238340836,1016,257
GUJARAT,Bharuch,NARMADA RENEWABLES,narmadarenewables@gmail.com,7623870035,1050,256
GUJARAT,Bharuch,GO GREEN SOLAR,info@gogreen-solar.in,9033996494,841,247
GUJARAT,Bharuch,SHREEJI SOLAR,info.shreejisolar@gmail.com,9904351125,899,230
GUJARAT,Bharuch,EFFORTS SOLAR PRIVATE LIMITED (FORMERLY KNOWN AS EFFORTS ENTERPRISES),admin@effortsgroup.in,9067817117,922,225
GUJARAT,Bharuch,GREEN E TECHNOLOGIES,green3e@live.com,8866208770,856,224
GUJARAT,Bharuch,SMIT ENGINEERING SOLUTION,smitengineering10@gmail.com,9033381684,908,222
GUJARAT,Bharuch,GREENEABLE SOLAR SOLUTION,greeneablesolar@gmail.com,6357555660,883,209
GUJARAT,Bharuch,UNIQUE ELECTRICAL,sales.epc2016@gmail.com,9099000148,797,207
GUJARAT,Bharuch,SHREEJI ELECTRICAL - VADSAR,shreejielectrical13@gmail.com,9624542806,768,204
GUJARAT,Bharuch,SIMCO ENGINEERS,contactsimcoengineers@gmail.com,9512433909,881,203
GUJARAT,Bharuch,BALA SOLAR,balasolar@yahoo.com,9879188034,817,198
GUJARAT,Bharuch,KARAN SOLAR ENERGY,karan.solar.energy@gmail.com,9824796056,896,196
GUJARAT,Bharuch,GREEN HOUSE SOLAR POWER SOLUTIONS,info@greenhousesolar.in,7990068891,718,196
GUJARAT,Bharuch,SHANTINIKETAN COMPUTER AND COMMUNICATION PVT LTD,shantiniketan@hotmail.com,9428444211,623,171
GUJARAT,Bharuch,PARISHRAM INFOENERGY,parishraminfoenergy@gmail.com,9909433132,665,159
GUJARAT,Bharuch,AKV ENERGY SOLUTIONS,akvenergysolutions@gmail.com,9033401435,552,156
GUJARAT,Bharuch,SURYA URJA SYSTEMS,suryaurjasystems@gmail.com,9824276142,590,148
GUJARAT,Bharuch,EVERGREEN SOLAR,evergreensolar20@gmail.com,9408938979,557,144
GUJARAT,Bharuch,RAJANJI ENTERPRISE,RAJANJI72.LV@GMAIL.COM,8849116749,580,140
GUJARAT,Bharuch,GRADIENT ELECTRICAL ENTERPRISE,gradientelectrical@gmail.com,9998850932,561,136
GUJARAT,Bharuch,EVOTAR TECHNOLOGIES PRIVATE LIMITED,info@evotartech.com,6358999573,478,125
GUJARAT,Bharuch,SHREEJI ELECTRICALS,shreejiele@gmail.com,9825089343,429,118
GUJARAT,Bharuch,NILESH ENGINEERS,nileshengineers57@gmail.com,9033005732,373,111
GUJARAT,Bharuch,SOLVEIG SOLAR PRIVATE LIMITED,solveigsolar@gmail.com,9724362544,434,110
GUJARAT,Bharuch,PATEL ENTERPRISE,patel.enterprise15@gmail.com,7624087337,435,103
GUJARAT,Bharuch,SOLAR ACE,project.solarace@gmail.com,9909037803,390,100
GUJARAT,Bharuch,AKHAND SHAKTI SOLAR,apparanjape@gmail.com,9427003484,334,91
GUJARAT,Bharuch,SHREE HARI SOLAR,patelravit1@gmail.com,9819049759,323,85
GUJARAT,Bharuch,KOTSON PROJECTS PRIVATE LIMITED,kotsonprojects@gmail.com,9978909595,344,82
GUJARAT,Bharuch,MITRA SOLAR ENERGY,mitrasolarenergy@gmail.com,9725777143,315,81
GUJARAT,Bharuch,GS POWERTECH,info.gspowertech@gmail.com,7567438385,291,80
GUJARAT,Bharuch,GAYATRI SOLAR ENERGY,info@gayatrisolarenergy.com,8866778940,328,76
GUJARAT,Bharuch,RSV POWER ENGINEERING,rsv.power.engineering@gmail.com,9033590507,318,73
GUJARAT,Bharuch,SOLARIUM GREEN ENERGY LIMITED,np@solariumenergy.in,9687133338,266,70
GUJARAT,Bharuch,EARTHWAVE TECHNOLOGY PRIVATE LIMITED,EARTHWAVETECHNOLOGY@GMAIL.COM,9426373334,272,69
GUJARAT,Bharuch,BAPA SITARAM RENEWABLE ENERGY,BSREVADODARA@GMAIL.COM,9925557878,258,67
GUJARAT,Bharuch,PRAYOSHA CORPORATION,prayoshacorporation.india@gmail.com,9825390162,253,66
GUJARAT,Bharuch,VEDANTA SOLAR,info.vedantasolar@gmail.com,8140233119,232,64
GUJARAT,Bharuch,BHASKAR SOLAR ENTERPRISE,info.bhaskarsolar@gmail.com,8980451231,257,63
GUJARAT,Bharuch,AONE RENEWABLE ENERGY,md.aonerenewableenergy@gmail.com,7435061657,264,63
GUJARAT,Bharuch,RENEWABLE SUN SOLAR,renewablesunsolar@gmail.com,7600201198,240,61
GUJARAT,Bharuch,OM SHANTI SOLAR GROUP,omshantisolar@gmail.com,8530122612,186,61
GUJARAT,Bharuch,SUNRISE SOLAR,sunrisesolar1605@gmail.com,9898261920,223,59
GUJARAT,Bharuch,PRINCE ELECTRICAL,princeelectrical20@gmail.com,8866507173,222,58
GUJARAT,Bharuch,POWERTECH ENGINEERS SURAT,sanatbarot@gmail.com,9377625242,209,54
GUJARAT,Bharuch,RIGHTWAY ELECTRICALS,rightwayelectricals@gmail.com,9537519905,205,53
GUJARAT,Bharuch,SOMPOWER ENTERPRISE,sompower.enterprise@gmail.com,9879615264,143,51
GUJARAT,Bharuch,SOLAR SMART PVT LTD,solarsmart2021@gmail.com,7284000580,199,48
GUJARAT,Bharuch,AUSTRALIAN PREMIUM SOLAR INDIA PVT LTD,systems@australianpremiumsolar.co.in,7966006600,176,48
GUJARAT,Bharuch,FRELIT ENERGY PRIVATE LIMITED,frelitenergy@gmail.com,9512700130,193,47
GUJARAT,Bharuch,KAIZEN ENERGY,info.kaizenenergy@gmail.com,8347424158,179,45
GUJARAT,Bharuch,INFRAX RENEWABLE LIMITED,pmsg@infraxrenewable.com,9033260985,164,44
GUJARAT,Bharuch,5 RAYS ENERGY,5raysenergy@gmail.com,9979595404,158,43
GUJARAT,Bharuch,PRAVEG SOLAR,office.praveg@gmail.com,9081714161,176,42
GUJARAT,Bharuch,AK GREEN ENERGY,akgreenenergy49@gmail.com,9974846833,162,41
GUJARAT,Bharuch,GREEN FEEDS,greenfeedsolar@gmail.com,9426780778,158,40
GUJARAT,Bharuch,AVANTA,info@avantasolar.com,9586355511,163,39
GUJARAT,Bharuch,R N SALES CORPORATION,r.tech.2000@gmail.com,9574472134,113,38
GUJARAT,Bharuch,SIGMA SUN ENERGY,info.sigmasunenergy@gmail.com,9726764498,138,37
GUJARAT,Bharuch,APS ROOFTOP SOLAR PRIVATE LIMITED,info@apsrooftopsolar.co.in,7966009900,129,37
GUJARAT,Bharuch,AMPERE GREEN ENERGY,amperegreenenergy@gmail.com,9033116472,132,37
GUJARAT,Bharuch,AARISH POWER,harshpatel5268@gmail.com,7600621060,151,37
GUJARAT,Bharuch,SN GROUP OF COMPANY,sngroupofcompany2022@gmail.com,9725324439,117,36
GUJARAT,Bharuch,SHIVHARDHA SHD PROJECTS,shivhardha@gmail.com,9898692603,137,35
GUJARAT,Bharuch,RG SOLAR SOLUTIONS,info@rgsolarsolutions.com,7718719713,122,35
GUJARAT,Bharuch,POWER PLUS ENERGY,powerplussolarenergy@gmail.com,9998183339,110,34
GUJARAT,Bharuch,MANAN SOLAR,manansolar2022@gmail.com,9714352719,139,33
GUJARAT,Bharuch,SILVER CONSUMER ELECTRICALS LIMITED (FORMERLY KNOWN AS SILVER CONSUMER ELECTRICALS PRIVATE LIMITED),kevin.patel@silverpumps.com,7486059400,115,31
GUJARAT,Bharuch,SURYAKAMAL INFRA PVT.LTD.,sales@suryakamalinfra.com,9727756866,114,30
GUJARAT,Bharuch,BHAVI URJA,bhaviurja@gmail.com,9377359007,136,30
GUJARAT,Bharuch,P V ENERGY,pvenergy999@gmail.com,9924195999,115,29
GUJARAT,Bharuch,ICON ENERGY,info@iconenergy.in,9909999162,116,29
GUJARAT,Bharuch,E2 SOLUTIONS,e2solutions.ahm@gmail.com,9409049645,102,29
GUJARAT,Bharuch,SOLAR PLANET,solarplanet011@gmail.com,8200379037,101,27
GUJARAT,Bharuch,ZAVICH INFRASTRUCTURE AND POWER PVT LTD,zavichinfra@gmail.com,9106129608,114,26
GUJARAT,Bharuch,URJASTROT PRIVATE LIMITED,urjastrotenterprise@gmail.com,7621010012,94,26
GUJARAT,Bharuch,SOLARIZE RENEWABLES PVT. LTD.,info@solarizerenewables.com,9081999400,105,25
GUJARAT,Bharuch,SHREEJI ENTERPRISE-SURAT,epc.solar@shreejiconstruction.com,9825108890,108,25
GUJARAT,Bharuch,KT SOLAR ENERGY,KTSOLARENERGY14418@GMAIL.COM,9033092122,107,25
GUJARAT,Bharuch,SATYAM SOLAR,satyamsolar823@gmail.com,9227941770,85,24
GUJARAT,Bharuch,LIGHTRIC POWER SOLUTION,lightricpower@gmail.com,6355768984,90,24
GUJARAT,Bharuch,INFINITY SOLAR - SURAT,infinity.solar01@gmail.com,8866860686,97,24
GUJARAT,Bharuch,ALPHA ELECTRICAL,ae_electrical@outlook.com,8200446286,95,24
GUJARAT,Bharuch,ZODIAC ENERGY LIMITED,info@zodiacenergy.com,7861852582,81,23
GUJARAT,Bharuch,JANETA SOLAR,info.janetasolar90@gmail.com,8734829145,81,22
GUJARAT,Bharuch,CAPTAIN POLYPLAST LIMITED,solar@captainpolyplast.in,9313925889,80,22
GUJARAT,Bharuch,TECHSUN SOLAR,matolindia@gmail.com,7043731102,70,21
GUJARAT,Bharuch,SUNFREE ENERGY,sunfreeenergy2017@gmail.com,7600002358,75,20
GUJARAT,Bharuch,HARI ELECTRICAL & SOLAR,harielectrical18@gmail.com,7990453967,79,20
GUJARAT,Bharuch,GETWAY ENERGY,getwayenergy@gmail.com,9925827815,79,20
GUJARAT,Bharuch,COSMIC POWER TECH,cosmicpowertech@gmail.com,9313720672,64,20
GUJARAT,Bharuch,ZENITH SUNSPARK,zenithsunspark@gmail.com,8140946909,67,19
GUJARAT,Bharuch,PLUGIN ELECTRICAL,info@pluginelectrical.in,9512020316,67,19
GUJARAT,Bharuch,HELIOPATH SOLAR TECHNOLOGIES,enquiry.heliopath@gmail.com,8238664332,85,19
GUJARAT,Bharuch,ARIS SOLAR,arissolartech@gmail.com,9662336115,76,19
GUJARAT,Bharuch,MADHVAN POLYPLAST PVT. LTD.,cmp.madhavanpolyplast@gmail.com,9104306162,71,18
GUJARAT,Bharuch,INOX SOLAR ENERGY,inoxsolarenergy@gmail.com,9904604047,60,18
GUJARAT,Bharuch,DK SOLAR TECHNOLOGY,dksolartechno@gmail.com,9824998007,67,18
GUJARAT,Bharuch,AANJNEY ENTERPRISE,aanjneysolar@gmail.com,6353161531,66,18
GUJARAT,Bharuch,SUNCELL SOLAR LLP,suncellsolarenergy@gmail.com,9512668884,69,17
GUJARAT,Bharuch,SOLWAVE SOLAR,solwave4solar@gmail.com,9409344465,67,17
GUJARAT,Bharuch,SOLEOS GREEN ENERGY PRIVATE LIMITED,pruthvi@soleos.in,9512448900,70,17
GUJARAT,Bharuch,SOLARIS TECHNO,solaristechno@gmail.com,8767917570,53,17
GUJARAT,Bharuch,SHREE SOLAR VENTURE PVT LTD,shreesolarventure@gmail.com,9571211118,55,17
GUJARAT,Bharuch,CORWIND RENERGY LLP,corwind.renergy@gmail.com,9428490118,66,17
GUJARAT,Bharuch,TRIZONE POWER,trizonepower05@gmail.com,9638052084,65,16
GUJARAT,Bharuch,MADHAV ENERGY SOLUTION,info.madhavenergy@gmail.com,9408354018,57,16
GUJARAT,Bharuch,EARTH SOLARISM,earthsolarism@gmail.com,9724990231,60,16
GUJARAT,Bharuch,CITIZEN SOLAR PVT. LTD.,tsjain@citizensolar.com,9825144499,62,16
GUJARAT,Bharuch,SMS ENTERPRISE,smsenterprise7874@gmail.com,7016759535,63,15
GUJARAT,Bharuch,JIGS ELECTRICAL,jigselectrical@gmail.com,9979129392,49,15
GUJARAT,Bharuch,JALARK SOLAR SOLUTIONS OPC PVT LTD,infojalark@gmail.com,9426661857,52,15
GUJARAT,Bharuch,SANELITE SOLAR PVT LTD,bhavesh.modi@sanelitesolar.com,9374021722,49,14
GUJARAT,Bharuch,RISING SUN ENERGY,risingsunenergy2018@gmail.com,7405303305,54,14
GUJARAT,Bharuch,BAPA SITARAM SOLAR POWER PVT LTD,bapasitaramsolarpower@gmail.com,8511362222,51,14
GUJARAT,Bharuch,AVINYA POWER SOLUTION,avinyapowersolution@gmail.com,9099317212,56,14
GUJARAT,Bharuch,RISING GREEN ENERGY,rgesolar@gmail.com,9033119375,47,13
GUJARAT,Bharuch,PV RENEWABLES,keyurdudhat871@gmail.com,9714872871,47,13
GUJARAT,Bharuch,SUTARIAS SOLUTIONS PRIVATE LTD,sspl.hasmukh@gmail.com,9099510408,43,12
GUJARAT,Bharuch,SUNSNATCH SOLUTIONS LLP,monark.sunsnatch@gmail.com,7698536878,49,12
GUJARAT,Bharuch,OM SALES ENTERPRISE,rahul.redrenbardoli@gmail.com,9428631515,45,12
GUJARAT,Bharuch,K T ELECTRICALS,ktthakkar567@gmail.com,8905168423,47,12
GUJARAT,Bharuch,SWAMI INTEGRATOR AND CONSULTANTS LLP,sanjib@swamisolar.com,8980800743,40,11
GUJARAT,Bharuch,SOLISTA ENERGY,solistaenergy8@gmail.com,9106194946,36,11
GUJARAT,Bharuch,ROSHNI ENTERPRISE,resolar444@gmail.com,9227104121,22,11
GUJARAT,Bharuch,GREEN LIGHT ENERGY,glenergy2024@gmail.com,9998754265,34,11
GUJARAT,Bharuch,FLAME SOLREN PRIVATE LIMITED,operations@flamesolren.com,8849478907,46,11
GUJARAT,Bharuch,VARIZONE SOLAR PRIVATE LIMITED,varizonesolar@gmail.com,9426111113,43,10
GUJARAT,Bharuch,SUNBUY RENEWABLES PVT LTD,darshan@sunbuy.in,9328281611,39,10
GUJARAT,Bharuch,NILKANTH ENGINEERING,nilkanthengineering9@gmail.com,8155928825,35,10
GUJARAT,Bharuch,GREENTECH POWER ENERGY,greentechpowerenergy2020@gmail.com,9924070070,38,10
GUJARAT,Bharuch,SOLAR EXPERT,solarexpert35@gmail.com,9426167233,33,9
GUJARAT,Bharuch,SATTVA ENERGIES,sattvaenergies@gmail.com,8401156604,32,9
GUJARAT,Bharuch,PROTON POWER SERVICE,sprotonpower@gmail.com,9033765370,31,9
GUJARAT,Bharuch,MNS GLOBAL ENGINEERING AND SERVICES,mnsglobalengineeringservices@gmail.com,9727207075,41,9
GUJARAT,Bharuch,KIRAN ENERGIES,kiranenergies@gmail.com,9898953656,31,9
GUJARAT,Bharuch,GOVARDHAN TRADERS,govardhantraders2512@gmail.com,7600029983,30,9
GUJARAT,Bharuch,VRAJ BATTERIES AND POWER SOLUTION,ramkapadia68@gmail.com,9925084825,37,8
GUJARAT,Bharuch,TECHSUNBIO GREEN ENERGY PRIVATE LIMITED,info@techsunbio.com,9925336536,29,8
GUJARAT,Bharuch,TARUN AND CO,taruncopwr@gmail.com,9879534866,32,8
GUJARAT,Bharuch,SOLMECH ENERGY,solmechenergy@gmail.com,9998930960,31,8
GUJARAT,Bharuch,SHIVSHAKTI ENTERPRISE,shivshaktisolarservices@gmail.com,9898801717,33,8
GUJARAT,Bharuch,LAKSH POWER TECH,lakshpowertech777@gmail.com,9825692073,36,8
GUJARAT,Bharuch,LABDHI ENTERPRISE,labdhi1touchsolution@gmail.com,7405069474,30,8
GUJARAT,Bharuch,JAYRAJ SOLAR LLP,tejas@jayrajsolar.com,9033963450,33,8
GUJARAT,Bharuch,AVIRAT ENERGY PVT LTD,aviratenergy@gmail.com,9697443344,30,8
GUJARAT,Bharuch,SUNBEAM SOLAR ENERGY,ceo.sunbeamsolarenergy@gmail.com,9662412871,26,7
GUJARAT,Bharuch,SHREEJI ENTERPRISE - MANJALPUR,shreejienergy844@gmail.com,7041803421,22,7
GUJARAT,Bharuch,SARDAR SOLAR ENERGY PRIVATE LIMITED,sardarsolarenergypvtltd015@gmail.com,9664915598,26,7
GUJARAT,Bharuch,REVA RENEWABLE ENERGY,sales.revarenewableenergy@gmail.com,9428442690,26,7
GUJARAT,Bharuch,PATWA MARKETING,nigam82002@yahoo.co.in,9825622939,25,7
GUJARAT,Bharuch,OM SHANTI MACHINERIES EXIM,grandosolar@gmail.com,9824868078,29,7
GUJARAT,Bharuch,NAVI ENERGY,contact@navienergy.in,9979435742,27,7
GUJARAT,Bharuch,MADHAV SOLAR ENERGY LIMITED (FORMERLY KNOWN AS MADHAV ENTERPRISE - SURAT),info@madhavsolarenergy.com,8849299212,24,7
GUJARAT,Bharuch,LUCRATIVE ENERGY PRIVATE LIMITED,lucrativein24@gmail.com,9408152427,32,7
GUJARAT,Bharuch,HILL LIGHTING,rndungrani@gmail.com,9328385858,29,7
GUJARAT,Bharuch,GREENERGY SOLAR SOLUTIONS,greenergysolarsolutions26@gmail.com,9409215712,30,7
GUJARAT,Bharuch,GOPI TECHNOLOGIES,epc@gopitechnologies.com,8866077344,20,7
GUJARAT,Bharuch,GAJGATI STEEL AND ENERGY PVT LTD.,sales@gajgati.com,7990480061,28,7
GUJARAT,Bharuch,BELIEVER RENEWAL ENERGY,bre.solar20@gmail.com,7434972242,24,7
GUJARAT,Bharuch,AADITYA SOLAR,adityasolarnarmada@gmail.com,9265740687,28,7
GUJARAT,Bharuch,VARDHAN SALES,vardhansolar91@gmail.com,9512020935,23,6
GUJARAT,Bharuch,TRISHLA ELECTRICAL SOLUTIONS,info@trishlaelectricals.com,8980026865,23,6
GUJARAT,Bharuch,SUNWAVE ENERGY,sunwave.energy123@gmail.com,7046070468,20,6
GUJARAT,Bharuch,OXOR ELCTRICALS PVT. LTD.,setu.oxor@gmail.com,9726006087,25,6
GUJARAT,Bharuch,NEW RESEARCH TECHNOLOGY,nrtsolar@gmail.com,9427809253,19,6
GUJARAT,Bharuch,KHODIYAR ENTERPRISE,k_enter_m@rediffmail.com,9825162853,24,6
GUJARAT,Bharuch,JJ PV SOLAR PRIVATE LIMITED,rajesh@jjpvsolar.com,9904809006,22,6
GUJARAT,Bharuch,EWC SOLAR PRIVITED LIMITED (FORMERLY KNOWN AS ENERGY POWER SYSTEMS),ewcsolarpvtltd@gmail.com,8141150688,31,6
GUJARAT,Bharuch,DIGI SOLAR ENERGY,digisolarenergy@gmail.com,9687818686,27,6
GUJARAT,Bharuch,DESTINY ELECTRICAL,destinyelectricals@gmail.com,9016172698,22,6
GUJARAT,Bharuch,CRYSTAL ENERGY ENTERPRISE,crystalenergy151@gmail.com,8758833366,21,6
GUJARAT,Bharuch,ARRAY ENERGY SOLUTION,ceo.arrayenergysolution@gmail.com,9979898440,21,6
GUJARAT,Bharuch,ANANYA SOLAR TECHNOLOGIES,sales.ananyasolar@gmail.com,7573850419,24,6
GUJARAT,Bharuch,TECH ELECTRICAL,rathodsatishsinh8@gmail.com,9499878957,20,5
GUJARAT,Bharuch,SHREE RAM SOLAR RAJKOT,vikeshchovatiya@gmail.com,9898921527,16,5
GUJARAT,Bharuch,SHREE BRAHMANI ELECTRICALS,shreebrahmanisolar@gmail.com,9909995675,17,5
GUJARAT,Bharuch,REVA RENEWABLES,revarenewables@gmail.com,6358844490,20,5
GUJARAT,Bharuch,RADHE SOLAR ENERGY,radhesolarenergy17@gmail.com,9879709538,16,5
GUJARAT,Bharuch,PATEL GREEN ENERGY SALES AND SERVICE,patelgreenenergyinfo@gmail.com,9427412983,21,5
GUJARAT,Bharuch,MEERA SUN ENERGIES,info@meerasunenergies.com,8200447359,19,5
GUJARAT,Bharuch,MAHEK ENTERPRISE,mahekenterprise02@gmail.com,9723128039,19,5
GUJARAT,Bharuch,LOBEL SOLAR POWER SYSTEM,info@lobelpower.com,9327007854,16,5
GUJARAT,Bharuch,KP GREEN ENGINEERING LIMITED,imam.syed@kpgroup.co,9104677596,20,5
GUJARAT,Bharuch,INFRAX INTERNATIONAL,info@infraxsolar.com,7778002780,18,5
GUJARAT,Bharuch,GREEN ENERGY - RAJKOT,greenenergy123@gmail.com,9428010202,21,5
GUJARAT,Bharuch,EFARM INTERNATIONAL PRIVATE LIMITED,info@efarmenergy.com,9723610012,20,5
GUJARAT,Bharuch,EARTH WISE ENERGIES,earthwiseenergies@gmail.com,9033330463,21,5
GUJARAT,Bharuch,CRYSTASOL ENERGY SOLUTIONS PRIVATE LIMITED,n.s.pathak18@gmail.com,7069335544,18,5
GUJARAT,Bharuch,COMPASS ENERGIES,abhishek@compassenergies.in,9974458840,17,5
GUJARAT,Bharuch,ACCURATE INFOTECH,accurateinfotech1@gmail.com,8866445623,18,5
GUJARAT,Bharuch,AANGI SOLAR,aangisolar@gmail.com,8000848307,17,5
GUJARAT,Bharuch,URJA ASSISTANCE,gujarat@urjaassistance.com,9724806341,14,4
GUJARAT,Bharuch,TULAJA ENTERPRISE,tulajaenterprise@gmail.com,9904866630,15,4
GUJARAT,Bharuch,TOPCON SOLAR ENERGY,topconsolarenergy@gmail.com,9081773500,13,4
GUJARAT,Bharuch,TARA SOLAR ENERGY,tara.solar.2111@gmail.com,9408966600,13,4
GUJARAT,Bharuch,SUNBOOST PRIVATE LTD,info@sunboostenergy.com,9104227788,13,4
GUJARAT,Bharuch,STANDARD ENGINEERS & CONTRACTORS,standardelectricals7177@gmail.com,8140080726,14,4
GUJARAT,Bharuch,SOULSHINE RENEWABLE ENERGY,epc.soulshine@gmail.com,9913895893,19,4
GUJARAT,Bharuch,SNAP SOLAR,snapsolar7@gmail.com,7572851098,16,4
GUJARAT,Bharuch,SANGANI ENTERPRISE,sanganienterprise1610@gmail.com,8347958992,16,4
GUJARAT,Bharuch,S DIPAK AND CO,sdipaksolar@gmail.com,9898664858,12,4
GUJARAT,Bharuch,RIA SOLAR,riasolar2021@gmail.com,8320210323,15,4
GUJARAT,Bharuch,RADHE ELECTRICAL,radheelectrical24@gmail.com,9601294783,12,4
GUJARAT,Bharuch,PROSPER ENTERPRISE,prosperenterprise07@gmail.com,9824420913,16,4
GUJARAT,Bharuch,POWER TECH ENERGY SOLUTUIONS,epc@ptes.in,6357502081,13,4
GUJARAT,Bharuch,OCTA ENTERPRISE,octaenterprise7@gmail.com,8469023543,13,4
GUJARAT,Bharuch,NATIONAL ELECTRICALS AND ELECTRONICS CORPORATION,ashokpatel@neec.in,9429136631,18,4
GUJARAT,Bharuch,MAKKWANA INDUSTRIES,rooftopindia@gmail.com,9879398464,16,4
GUJARAT,Bharuch,JANTA RENEWABLE ENRGY,jantarenewableenergy@gmail.com,9898897373,16,4
GUJARAT,Bharuch,HET CONSULTANCY,hetconsultancy01@gmail.com,9586618784,16,4
GUJARAT,Bharuch,H.K ENERGY,hkenergy001@gmail.com,9586401312,16,4
GUJARAT,Bharuch,DELTA SOLAR ENERGY,deltasolarenergy1@gmail.com,9427539663,15,4
GUJARAT,Bharuch,APEX RENEWABLE ENERGY,apexenergy95@gmail.com,9737972543,22,4
GUJARAT,Bharuch,ANADI SOLAR,anadisolar3030@gmail.com,6359248000,19,4
GUJARAT,Bharuch,AC DC PROJECTS,acdcprojects1@gmail.com,8200193182,14,4
GUJARAT,Bharuch,WISE GOAL SERVICES PRIVATE LIMITED,hr.wisegoal@gmail.com,7567161902,13,3
GUJARAT,Bharuch,TIRUPATI SOLAR,tirupatisolar@hotmail.com,7043343509,12,3
GUJARAT,Bharuch,SWEV INDIA PVT LIMITED,swevindia@gmail.com,7984328691,13,3
GUJARAT,Bharuch,SUCCESS TECHNOCRAT,khatri292@gmail.com,9624001021,12,3
GUJARAT,Bharuch,SOLAR EDGE,solaredge.w@gmail.com,8000030407,12,3
GUJARAT,Bharuch,SMIT SOLAR SOLUTIONS,smitsolarsolutions@gmail.com,9924793020,9,3
GUJARAT,Bharuch,SHREE UMIYA CORPORATION,shreeumiyacorp@gmail.com,8866731185,15,3
GUJARAT,Bharuch,RR SOLAR SOLUTIONS,rrsolarsolutions2025@gmail.com,9724279040,11,3
GUJARAT,Bharuch,RELIABLE ELECTRIX,reliableelectrix@gmail.com,9925448033,19,3
GUJARAT,Bharuch,RAYS RENEWABLE ENERGY,raysrenewableenergy@gmail.com,7069175139,9,3
GUJARAT,Bharuch,P AND N ENGINEERING AND MARKETING,pandnsolarenergy@gmail.com,7622023251,9,3
GUJARAT,Bharuch,OMEGA POWER,omegapower2018@gmail.com,7990226349,41,3
GUJARAT,Bharuch,NARAN ELECTRICAL,naranelectrical5107@gmail.com,9427915446,10,3
GUJARAT,Bharuch,KUNTHU CONSULTANTS PVT LTD,neelesh@kunthusolar.com,7405992700,11,3
GUJARAT,Bharuch,KAVISHWAR SALES AND SERVICE,kavishwarsales@gmail.com,9825539957,10,3
GUJARAT,Bharuch,INFYZON ENERGY,infyzonenergy@gmail.com,8160599803,14,3
GUJARAT,Bharuch,IMPULSE SYSTEM,info@impulsesystem.in,9426471057,9,3
GUJARAT,Bharuch,HARSH COMMUNICATION,harshcomm.solar@gmail.com,9137373727,11,3
GUJARAT,Bharuch,H & M COMPANY,info@hmcompany.in,9157768561,15,3
GUJARAT,Bharuch,GREEN WATT ENERGY,info@greenwattenergy.co.in,9913853055,11,3
GUJARAT,Bharuch,GREEN ERA SYSTEM,greenerasystem@gmail.com,8320221647,15,3
GUJARAT,Bharuch,GOVINDJI POWER,priyankvaghani86@gmail.com,9726643435,11,3
GUJARAT,Bharuch,GLOBAL ENERGY CORPORATION,gec.accord@gmail.com,9825714919,9,3
GUJARAT,Bharuch,ENWATECH SOLUTION PVT.LTD,enwatechsolutionpvtltd@gmail.com,9427269089,12,3
GUJARAT,Bharuch,EMITTING ENERGY PRIVATE LIMITED,epc.emittingenergy@gmail.com,9319318586,10,3
GUJARAT,Bharuch,DIMAN SOLAR PVT LTD (FORMERLY KNOWN AS DIMAN OVERSEAS PVT LTD),info@dimansolar.com,9909928959,11,3
GUJARAT,Bharuch,COSMIC SOLAR EPC PVT LTD,cosmicsolarepc@gmail.com,7984721299,9,3
GUJARAT,Bharuch,BOND SOLAR,bondsolar9@gmail.com,9998118505,15,3
GUJARAT,Bharuch,AQUA AIR ENVIRONMENTAL ENGINEERS PVT LTD,aquasolarsurat@gmail.com,9898068808,11,3
GUJARAT,Bharuch,AGASTYA SOLAR,agastyasolar1@gmail.com,9638833111,13,3
GUJARAT,Bharuch,ADVANCE SOLAR,advancesolar139@gmail.com,7698756075,10,3
GUJARAT,Bharuch,YELLOW RAY SOLAR,yellowraysolar@gmail.com,9427443581,7,2
GUJARAT,Bharuch,VIMAL ELECTRONICS,kcpatel@vimalelectronics.com,9099777176,8,2
GUJARAT,Bharuch,U R ENERGY INDIA PVT LTD,india@urenergyglobal.com,9512040442,7,2
GUJARAT,Bharuch,TECHNOCELL INDUSTRIAL SERVICES,skg23aqua@yahoo.in,9979348446,8,2
GUJARAT,Bharuch,SURYA SOLAR AND WATERS,rooftop@suryasolarwaters.com,9033266039,6,2
GUJARAT,Bharuch,STAR ENERGY SYSTEMS,starenergyindia@gmail.com,9825014314,12,2
GUJARAT,Bharuch,SPARCO MULTIPLAST PVT LTD,info@sparcoenergy.com,9409269062,6,2
GUJARAT,Bharuch,SOLAR ENERGY,solarpioneer19@gmail.com,9033868265,8,2
GUJARAT,Bharuch,SHREYA AGENCY,sharad.panchal73.sp@gmail.com,9898021159,6,2
GUJARAT,Bharuch,SHREE SAI ENTERPRISE,shreesaienterprise75@gmail.com,8128171111,8,2
GUJARAT,Bharuch,SHREE GANESH ELECTRICALS,shreeganesh6857@gmail.com,9898956262,11,2
GUJARAT,Bharuch,SHATRAS AGRI,shatrasagri@gmail.com,9714616040,10,2
GUJARAT,Bharuch,SEVEN SOLAR ENERGY,divyang@sevensolarenergy.com,9825554277,11,2
GUJARAT,Bharuch,POWERSHINE ENERGY,powershineenergy1993@gmail.com,9723096888,7,2
GUJARAT,Bharuch,NAVKAR POWER SOLUTIONS,contact@navkarpower.co.in,9879613334,7,2
GUJARAT,Bharuch,KONARK,heykonark@gmail.com,7016013500,7,2
GUJARAT,Bharuch,KARMAA SOLAR LLP,dipen@karmaasolar.com,9724666479,6,2
GUJARAT,Bharuch,KARMA POWER,karmapower001@gmail.com,8849370511,10,2
GUJARAT,Bharuch,KAMAXI ELECTRICAL ENGINEERS,dharmesh@kamaxielectricals.com,9974744036,11,2
GUJARAT,Bharuch,JUPISOL POWER INDIA PRIVATE LIMITED,spatel@jupisolpower.com,9879284007,9,2
GUJARAT,Bharuch,JANGID SOLAR ENERGY PVT LTD,info@jsepl.in,6358931609,8,2
GUJARAT,Bharuch,JAISHANAVI SOLAR,rishikeshthakkar@gmail.com,9974143899,7,2
GUJARAT,Bharuch,JAGDAMBA ENTERPRISE,adarshrajput542@gmail.com,9316321978,6,2
GUJARAT,Bharuch,INSTANT ELECTRIC SERVICES,instantelectricservices@gmail.com,9909415407,10,2
GUJARAT,Bharuch,INFLUX SOLAR SOLUTIONS,influxsolarsolution@gmail.com,6352563582,6,2
GUJARAT,Bharuch,INFINITE URJA LLP,info@infiniteurja.in,8000049380,6,2
GUJARAT,Bharuch,IMPERIUM POWERTECH,imperiumtender@gmail.com,9054457166,7,2
GUJARAT,Bharuch,HIMSON ENERGY,himson.energy@gmail.com,9825242728,7,2
GUJARAT,Bharuch,HELIOSNATURAL RENEWTECH PRIVATE LIMITED,marketing@heliosnatural.com,7600052305,6,2
GUJARAT,Bharuch,GREENCLEAN POWER SOLUTION,greencleanpowersolution@gmail.com,9909047056,8,2
GUJARAT,Bharuch,GREENBRILLIANCE RENEWABLE ENERGY LLP,jay.patel@gbreenergy.com,9879611302,7,2
GUJARAT,Bharuch,FOURCELL ENERGY PRIVATE LIMITED,fourcellenergy@gmail.com,9377776564,7,2
GUJARAT,Bharuch,ENJOY TECHNOLOGY,care.enjoytechnology@gmail.com,9727718887,8,2
GUJARAT,Bharuch,DHVANI ENERGY,dhvanisolar@gmail.com,9537928064,8,2
GUJARAT,Bharuch,DEV ELECTRICALS,develectricals2024@gmail.com,9974821967,6,2
GUJARAT,Bharuch,CONNECT POWER PRIVATE LIMITED,hannan@connect-power.in,9898195122,6,2
GUJARAT,Bharuch,CHIDANAND ELECTRIC,chidanandelectric@gmail.com,7600198889,5,2
GUJARAT,Bharuch,BHANJAN ENTERPRISE,bhanjansolar@gmail.com,9574003537,7,2
GUJARAT,Bharuch,BELIEVE TECH ENERGY SERVICES,infobtes@gmail.com,9499631316,6,2
GUJARAT,Bharuch,BANSIDHAR SOLAR ENERGY,banshidharsolarenergy@gmail.com,9726035143,7,2
GUJARAT,Bharuch,B-SOLAR CONSULTANT AND ENGINEER PVT LTD,md@bsolar.in,8000888019,6,2
GUJARAT,Bharuch,AYAN SOLAR ENERGY,ayansolar25@gmail.com,7623886775,8,2
GUJARAT,Bharuch,ANANY URJA,ananyurja@outlook.com,8866442477,7,2
GUJARAT,Bharuch,ALAYNA GREEN ENERGY,taharkhantna@gmail.com,6353439659,7,2
GUJARAT,Bharuch,ADINSON ENERGY LLP,adinsonenergy2022@gmail.com,9724272728,4,2
GUJARAT,Bharuch,ABSOL ENERGY,absolenergy1@gmail.com,7016811664,7,2
GUJARAT,Bharuch,YELLOWCREST ENERGY LLP,yellowcrestenergy@gmail.com,9904675445,5,1
GUJARAT,Bharuch,VRTECH ENERGY,vrtechenergy20@gmail.com,9157988889,4,1
GUJARAT,Bharuch,VIABLE SOLAR,viable.solar9990@gmail.com,9913344841,4,1
GUJARAT,Bharuch,VASANI SOLAR SOLUTION,vasani.solar.solution@gmail.com,9998404646,3,1
GUJARAT,Bharuch,UNITY ENERGY SOLUTION,unityenergysolution@gmail.com,9099094027,3,1
GUJARAT,Bharuch,TSP SOLUTION,info.tspsolution@gmail.com,8160047177,5,1
GUJARAT,Bharuch,TRAMA POWER,tramapower@gmail.com,9924546989,3,1
GUJARAT,Bharuch,TOUCHCORE CONSULTANCY,touchcore27@gmail.com,9909284285,5,1
GUJARAT,Bharuch,SYNNOVE POWER TECHNOLOGY,synnovepowertechnology@gmail.com,9033346701,4,1
GUJARAT,Bharuch,SURYATRIC SOLAR PVT LTD,info.suryatrick@gmail.com,9979652010,3,1
GUJARAT,Bharuch,SUMERU SOLUTION,sumerusolution22@gmail.com,8866426625,3,1
GUJARAT,Bharuch,SP ENGINEERING,sp.engineering2k19@gmail.com,6353577489,3,1
GUJARAT,Bharuch,SOLEX ENERGY LIMITED,solexcd@gmail.com,6354605180,3,1
GUJARAT,Bharuch,SOLARPLUS ENERGY SOLUTIONS,esolarplus@gmail.com,9327269583,3,1
GUJARAT,Bharuch,SOLAR SUNPOWER,solarsunpower2020@gmail.com,8238835771,4,1
GUJARAT,Bharuch,SMART ENERGY SOLUTIONS,smartenergysolutions99@gmail.com,8511495982,3,1
GUJARAT,Bharuch,SKY WINGS SOLAR ENERGY,skywingssolar@gmail.com,9974839830,3,1
GUJARAT,Bharuch,SHREEJI MARKETING - TALOD,rajuksales@gmail.com,9974612008,5,1
GUJARAT,Bharuch,SHREE KHODIYAR SOLAR & ENTERPRISE,s60358186@gmail.com,9313405580,5,1
GUJARAT,Bharuch,SHREE AADINATH CORPORATION,adinathcorporation@yahoo.com,8490840163,3,1
GUJARAT,Bharuch,SHIV ENTERPRISE,shiventerprisesolor@gmail.com,7600438578,4,1
GUJARAT,Bharuch,SAHJANAND ENTERPRISE,sahjanandeprise@gmail.com,9737671777,3,1
GUJARAT,Bharuch,SAFVI ELECTRICALS SOLUTIONS,safvielectricalssolutions2013@gmail.com,9374754648,3,1
GUJARAT,Bharuch,RUDRASOL ENERGY PRIVATE LIMITED,rudrasolenergy@gmail.com,9408397604,3,1
GUJARAT,Bharuch,RK SUN POWER LLP,rksunpowertrading@gmail.com,9913785000,3,1
GUJARAT,Bharuch,RAYNEX POWER SOLUTION,raynexps@gmail.com,8758239470,3,1
GUJARAT,Bharuch,RAJ ELECTRICALS,solar.rajelectricals@gmail.com,9998656539,3,1
GUJARAT,Bharuch,RADIANT SUN ENERGY LLP,slesh.patel@gmail.com,8140000257,3,1
GUJARAT,Bharuch,R C ELECTRICALS,info@rcelectricals.in,9824757160,4,1
GUJARAT,Bharuch,PYRAMID PROJECTS,pyramidsolarindia@gmail.com,9726430137,5,1
GUJARAT,Bharuch,PRIDE SOLAR ENERGY LLP,Pridesolarenergyllp@outlook.com,9664975264,3,1
GUJARAT,Bharuch,PRATIKSHA ENTERPRISE,pratikshaenterprise1006@gmail.com,8238516417,3,1
GUJARAT,Bharuch,PRANIK POWER INFRA PRIVATE LIMITED,solar.pranik@gmail.com,9925237347,3,1
GUJARAT,Bharuch,PRAKASHI ENTERPRISE,prakashienterprise@gmail.com,9879797965,4,1
GUJARAT,Bharuch,PRAHAR SOLAR SOLUTIONS,info.praharsolar@gmail.com,9016360702,4,1
GUJARAT,Bharuch,PHOTOVOLTAIC SOLAR,info@photovoltaicsolar.in,8866488000,3,1
GUJARAT,Bharuch,PERFECT RENEWTECH PRIVATE LIMITED,info@perfectrenewtech.com,9965200700,3,1
GUJARAT,Bharuch,PATEL ELECTRONICS,hardikpatelelec@gmail.com,9377767508,3,1
GUJARAT,Bharuch,PAHAL SOLAR EPC LLP,avinash@pahalsolar.com,9512323223,3,1
GUJARAT,Bharuch,ONIX RENEWABLE LIMITED,naman.viradiya@onixrenewable.in,9586043661,3,1
GUJARAT,Bharuch,NEOVOLT GREEN ENERGIES,neovoltgreen@gmail.com,8511138558,4,1
GUJARAT,Bharuch,NAKSH POWER,bhumikarana1989@gmail.com,8141113593,5,1
GUJARAT,Bharuch,MOTHER ELECTRICALS,motherelectricals@yahoo.com,8128105018,3,1
GUJARAT,Bharuch,MESHWA ENTERPRISE,meshwaelectricals@gmail.com,9574409148,3,1
GUJARAT,Bharuch,MECPOWER SOLUTIONS LIMITED,tender@mecpower.in,9328911577,3,1
GUJARAT,Bharuch,MARUTI SUNSOLREN,marutisunsolren@gmail.com,8238145153,3,1
GUJARAT,Bharuch,MAHISAGAR SOLAR ENERGY,mahisagarsolarenergy23@gmail.com,8200154972,5,1
GUJARAT,Bharuch,KRISHNA ENTERPRISE-NAVSARI,krishna.enterprise6196@gmail.com,8758777152,3,1
GUJARAT,Bharuch,KRISHNA ENTERPRISE,sales01.krishna@gmail.com,9925356668,2,1
GUJARAT,Bharuch,KRISHIV ENTERPRISE,jevinpansuriya4@gmail.com,7359294060,4,1
GUJARAT,Bharuch,KESHRI NANDANAM ENERGY,keshrinandanamenergy@gmail.com,8200147522,3,1
GUJARAT,Bharuch,JOYSTICK BIO HEALTH,jstvalsad@gmail.com,9714163052,3,1
GUJARAT,Bharuch,JANSA SOLAR SOLUTIONS PVT LTD,jansa@kalptaru.co.in,9998000769,3,1
GUJARAT,Bharuch,INTEGRITY DESIGN ENGINEERING,neelpathak19@gmail.com,9638888049,5,1
GUJARAT,Bharuch,INFINITY ELECTRICALS,info.infinityelectricals@gmail.com,7600458468,4,1
GUJARAT,Bharuch,HORIZON POWER SOLUTIONS,horizonpowersolutions2024@gmail.com,9909009525,3,1
GUJARAT,Bharuch,HI TECH ENERGY,hitechenergy17@gmail.com,9924388540,5,1
GUJARAT,Bharuch,HARIPRIY INDUSTRIES,haripriyindustries@gmail.com,9725022146,4,1
GUJARAT,Bharuch,GREENERA ENERTECH PVT LTD,greenera.solarenergy@gmail.com,9427726620,3,1
GUJARAT,Bharuch,GREENARCH SOLAR PRIVATE LIMITED,greenarchsolar@gmail.com,9879262766,4,1
GUJARAT,Bharuch,GOLDI SOLAR PRIVATE LIMITED,info@goldisolar.com,7211134134,2,1
GUJARAT,Bharuch,EVAANTA ENERGY,info@evaantaenergy.com,9712326261,3,1
GUJARAT,Bharuch,EQUINOX SOLAR PRIVATE LIMITED,info@equinoxsolar.in,7573044078,4,1
GUJARAT,Bharuch,DIVINE BATTERY,divinesukam@gmail.com,9879246681,3,1
GUJARAT,Bharuch,DGR ENERGY PRIVATE LIMITED,dgrenergygroup@gmail.com,8128603082,53,1
GUJARAT,Bharuch,CRESCENS ENERGY,crescens.in@gmail.com,9879635395,3,1
GUJARAT,Bharuch,CHEMITEX EXPORTS PVT LTD,shrijichem@hotmail.com,9099940535,3,1
GUJARAT,Bharuch,BRAHMANI ELECTRICS,brahmanielectrics1987@gmail.com,9429758674,5,1
GUJARAT,Bharuch,BISON ENGINEERS,bisonengineers19@gmail.com,7573984542,3,1
GUJARAT,Bharuch,BHARTI SOLAR,bhartisolar1@gmail.com,8160804583,3,1
GUJARAT,Bharuch,BHANU PV SOLAR PVT LTD,bhanupvsolarpvtltd@gmail.com,9510398989,5,1
GUJARAT,Bharuch,BESIGNATURE SOLAR ENERGY PVT.LTD,signaturesolar975@gmail.com,7265996001,3,1
GUJARAT,Bharuch,AYKKA TECHNOVISION PRIVATE LIMITED,aykka@outlook.in,9586508907,6,1
GUJARAT,Bharuch,ASV ENERGY SOLUTIONS,vikas30.asv@gmail.com,7879064335,2,1
GUJARAT,Bharuch,ARJAN SOLAR,info@arjansolar.com,9638064824,4,1
GUJARAT,Bharuch,AMPLE ELECTRICAL SYSTEMS,ample.info.in@gmail.com,9924391221,3,1
GUJARAT,Bharuch,ALFA SOLAR ENERGY,alfasolarenergy2020@gmail.com,9825374250,3,1
GUJARAT,Bharuch,AKSHARAM SOLAR ENERGY PRIVATE LIMITED,patelpranav92@gmail.com,9537949597,3,1
GUJARAT,Bharuch,ACHYUT ENERGY,achyutenergy@gmail.com,9275382879,4,1
GUJARAT,Bharuch,ABHISHEK ENTERPRISES,abhishek.avarani@gmail.com,9727713162,2,1
GUJARAT,Bharuch,ZY ENTERPRISE,zyenterprise12@gmail.com,8460313094,0,0
GUJARAT,Bharuch,ZUNROOF TECH PVT LTD,gosolar@zunroof.com,9205893368,0,0
GUJARAT,Bharuch,ZMR ENERGY INCORPORATION,zmrenergyincorporation@gmail.com,9924818113,0,0
GUJARAT,Bharuch,ZEEPO ELECTRICAL SERVICES PRIVATE LIMITED,zeepoelectricalservices@gmail.com,9664823942,0,0
GUJARAT,Bharuch,ZALA HAKUBHA NARSISINH,solar.hakubha1508@gmail.com,9925103777,0,0
GUJARAT,Bharuch,YUVARAYS SOLAR,yuvarayssolar@gmail.com,9824624497,0,0
GUJARAT,Bharuch,YUVAAN ENERGY PRIVATE LIMITED,sales@yuvaanenergy.com,9825045890,0,0
GUJARAT,Bharuch,YUG SOLAR,yugsolar@gmail.com,6359410052,0,0
GUJARAT,Bharuch,YOGI BATTERY CENTRE,yogipowersystem@yahoo.co.in,9824088156,0,0
GUJARAT,Bharuch,YOG ENTERPRISE,yogenterprise.vallabhipur@gmail.com,7600790079,0,0
GUJARAT,Bharuch,YELLOWFELLOW ENERGIES LLP,viraj@yellowfellow.in,8200955676,0,0
GUJARAT,Bharuch,YASHVI ENTERPRISE,yashvientsami@gmail.com,8849331593,0,0
GUJARAT,Bharuch,YASHONAND ELECTRO SERVICE PVT LTD,yashonand2022@gmail.com,9157197171,0,0
GUJARAT,Bharuch,YAGNIKKUMAR VALLABHBHAI SAVALIYA,yagniks1999@gmail.com,9409326590,0,0
GUJARAT,Bharuch,Y CAME SYSTEMS,ycamesystem009@gmail.com,8320408867,0,0
GUJARAT,Bharuch,WISEN ENERGY LLP,info@wisenenergyllp.com,9016979007,0,0
GUJARAT,Bharuch,WHITESUN GREEN ENERGY PRIVATE LIMITED,rakesh.bhudia14@hotmail.com,8511740671,0,0
GUJARAT,Bharuch,WHITEDESERT POWER PROJECTS PVT. LTD.,wdplnkt@gmail.com,9427760723,0,0
GUJARAT,Bharuch,VSG ENTERPRISE,SURYAKANTGORASIYA3024@GMAIL.COM,9979632447,0,0
GUJARAT,Bharuch,VRUND ENERGY,vrundenergy@gmail.com,9574779572,0,0
GUJARAT,Bharuch,VRAJ ENTERPRISE,vrajsolarsolutions@gmail.com,8140000903,0,0
GUJARAT,Bharuch,VR ENERGY,vrenergy4@gmail.com,9924390293,0,0
GUJARAT,Bharuch,VOLTEX SOLUTION,info.voltexsolution@gmail.com,9104629229,0,0
GUJARAT,Bharuch,VOLTECH ELECTRICALS,voltechelectricals156@gmail.com,7567771900,0,0
GUJARAT,Bharuch,VOLT'S LEGACY ENERGY SOLUTION,contact@voltslegacy.com,9998765059,0,0
GUJARAT,Bharuch,VOLLT SOLAR ENERGY,volltsolar@gmail.com,8128550011,0,0
GUJARAT,Bharuch,VMD SOLAR ENERGY PRIVATE LIMITED,info@vmdsolarenergy.com,9974095302,0,0
GUJARAT,Bharuch,VIYA ELECTRIC PRIVATE LIMITED,info@viyaelectric.com,9033092026,0,0
GUJARAT,Bharuch,VIVAN ENERGY,vivanenergy09@gmail.com,9979890230,0,0
GUJARAT,Bharuch,VIVAAN INFRA,info@vivaaninfra.in,9909916448,0,0
GUJARAT,Bharuch,VITRAG TECHNO PRIVATE LIMITED,ad.vitragsolar@gmail.com,7778882668,0,0
GUJARAT,Bharuch,VISWAN ENERGY SOLUTIONS,viswanenergy@gmail.com,8866641649,0,0
GUJARAT,Bharuch,VISION SOLAR,visionenergy196@gmail.com,6351131196,0,0
GUJARAT,Bharuch,VISION INFOSYS,info@vision-infosys.in,9825061749,0,0
GUJARAT,Bharuch,VISHWASH ENTERPRISE,vishwashenterprise2422@gmail.com,6355098324,0,0
GUJARAT,Bharuch,VISHWAKARMA ELECTRICALS,info.vishwakarmaelectricals@gmail.com,9426730030,0,0
GUJARAT,Bharuch,VISHWA SOLAR EXPERT,vishwasolar68@gmail.com,9724968018,0,0
GUJARAT,Bharuch,VISHVAM POWER PRIVATE LIMITED,vishvampowerpl@gmail.com,9723191446,0,0
GUJARAT,Bharuch,VISAKA GREEN PRIVATE LIMITED,vsolar@visaka.in,8770905614,0,0
GUJARAT,Bharuch,VIRTA ENTERPRISE,INFO.VIRTAENTERPRISE@GMAIL.COM,7698432673,0,0
GUJARAT,Bharuch,VIRAJBHAI VISUBHAI KHACHAR,gchauhan17388@gmail.com,9898986662,0,0
GUJARAT,Bharuch,VINARA SOLUTIONS,vinarasolutions@gmail.com,8320754771,0,0
GUJARAT,Bharuch,VIJAY SOLAR ENERGY,vijaysolarenergy940@gmail.com,6351211549,0,0
GUJARAT,Bharuch,VIJAY ELECTRIC COMPANY,vijayelectricco@rediffmail.com,8200337720,0,0
GUJARAT,Bharuch,VIDHYUT URJA,vidhyut.urja10@gmail.com,9664845692,0,0
GUJARAT,Bharuch,VIDHYUT SOLAR,vidhyutsolarenergy@gmail.com,8347838900,0,0
GUJARAT,Bharuch,VIDE ENERGY,ankita.videenergy@gmail.com,9712668268,0,0
GUJARAT,Bharuch,VIBRANT SOLAR SYSTEMS,sales.vibrantsolar@gmail.com,9408330692,0,0
GUJARAT,Bharuch,VIA ELECTRIC,hello.viaelectric@gmail.com,9925203764,0,0
GUJARAT,Bharuch,VERTEX SOLAR SOLUTIONS PVT LTD,vertexnad@gmail.com,8758614088,0,0
GUJARAT,Bharuch,VENUS ENTERPRISE,venusenergy2228@gmail.com,7990678583,0,0
GUJARAT,Bharuch,VENTURE SOLAR SOLUTION,info@venturesolarsolution.com,9979632050,0,0
GUJARAT,Bharuch,VEERASOL TECHNOLOGY,info@veerasol.com,9558899931,0,0
GUJARAT,Bharuch,VEER SOLAR GREEN ENERGY,veersolar2024@gmail.com,8347173977,0,0
GUJARAT,Bharuch,VEE SECURE,veesecure.in@gmail.com,9825070982,0,0
GUJARAT,Bharuch,VEDA ENTERPRISE,info.vedaenterprise@gmail.com,8401103393,0,0
GUJARAT,Bharuch,VECTON ENERGY,vectonenergy@gmail.com,8000140159,0,0
GUJARAT,Bharuch,VCL ENERGY,vclenergy777@gmail.com,9825492605,0,0
GUJARAT,Bharuch,VASUSENA SOLAR ENERGY,vasusenasolarenergy07@gmail.com,9265356623,0,0
GUJARAT,Bharuch,VASHRAMBHAI LAKHABHAI GHED,satrang.com@gmail.com,9624152555,0,0
GUJARAT,Bharuch,VARUN ENGINEERING,varunpatel2027@gmail.com,9727854101,0,0
GUJARAT,Bharuch,VARRCHASVA ENERGY PRIVATE LIMITED,vaibhav@varrchasva.com,9100520101,0,0
GUJARAT,Bharuch,VALAM ENTERPRISE,valamenterprise007@gmail.com,9824881693,0,0
GUJARAT,Bharuch,VAKRATUND INNOVATION PRIVATE LIMITED,operation@vakratundinnovation.com,6351039120,0,0
GUJARAT,Bharuch,VAIJNATH GLOBAL,vaijnathglobal@gmail.com,9106991946,0,0
GUJARAT,Bharuch,VAGHASIA HITESH B,vaghasia_hitesh@yahoo.com,9979773121,0,0
GUJARAT,Bharuch,VAATI POWER,vaatipower@gmail.com,9510010005,0,0
GUJARAT,Bharuch,VA PATEL INFRA PRIVATE LIMITED,mayurdhavajsinhgohil00@gmail.com,9428269204,0,0
GUJARAT,Bharuch,V-GUARD INDUSTRIES LIMITED,solar@vguard.in,9895550313,0,0
GUJARAT,Bharuch,V-GRID POWER,vgridpower22@gmail.com,9714892380,0,0
GUJARAT,Bharuch,V SOLAR,vsolar8521@gmail.com,7698297821,0,0
GUJARAT,Bharuch,V POWER SOLAR SERVICES,vpowersolarservices@gmail.com,9904254440,0,0
GUJARAT,Bharuch,UVR TECHSOL PRIVATE LIMITED,uvrtechsol@gmail.com,9227106799,0,0
GUJARAT,Bharuch,UTSAV TECHNO ENTERPRISE,utsavtechnoenterprise@gmail.com,7046612340,0,0
GUJARAT,Bharuch,URJA GLOBAL LIMITED,bhagwan.verma@urjaglobal.in,7290005823,0,0
GUJARAT,Bharuch,URJA ELECTRICALS,urja.electricals.dhg@gmail.com,8469551508,0,0
GUJARAT,Bharuch,URATOM SOLAR INDIA PVT LTD,pv@uratom.com,9925099249,0,0
GUJARAT,Bharuch,UPVOLTAGE SOLUTIONS LLP,upvoltagesolutions@gmail.com,7990618259,0,0
GUJARAT,Bharuch,UNIVERSE ENTERPRISE,muljinakum1103@gmail.com,7878789968,0,0
GUJARAT,Bharuch,UNIQUE SOLAR SERVICE,UNIQUESOLARSERVICERAJKOT@GMAIL.COM,7046082382,0,0
GUJARAT,Bharuch,UNICORN ENTERPRISE,unicornsolarvyara@gmail.com,8200121328,0,0
GUJARAT,Bharuch,UNICORN ELECTRICALS AND PROJECTS,unicornelectricals20@gmail.com,9510968626,0,0
GUJARAT,Bharuch,UNICON ENERGY,info@uniconenergy.com,9974545444,0,0
GUJARAT,Bharuch,UMIYA ENTERPRISE - NARODA,umiyaenterprise1981@gmail.com,9725033295,0,0
GUJARAT,Bharuch,UMA POWER SOLUTIONS,umapowersolution@gmail.com,9638953281,0,0
GUJARAT,Bharuch,ULTRAVIOLET SOLAR PVT.LTD.,info@uvrays.co.in,7878699099,0,0
GUJARAT,Bharuch,ULTRASUN ENERGY,info@ultrasunenergy.com,9909911071,0,0
GUJARAT,Bharuch,ULTRAMECH ENERGIES,jaiminptl886@gmail.com,8320126712,0,0
GUJARAT,Bharuch,ULTRA RAYS ENERGY SOLUTION,ultrarays2019@gmail.com,7984482472,0,0
GUJARAT,Bharuch,UKEL AUTOMATION LLP,ukelautomation@gmail.com,9998008889,0,0
GUJARAT,Bharuch,UJALA COMPANY,ujalasolarcompany@gmail.com,7874157474,0,0
GUJARAT,Bharuch,UDB ENERGY PVT. LTD.,udbenergypvtltd@gmail.com,7077014714,0,0
GUJARAT,Bharuch,TVARIT ENERGY LLP,meet@tvritenergy.in,8511600853,0,0
GUJARAT,Bharuch,TROM INDUSTRIES LIMITED,marketing@tromsolar.in,9081017444,0,0
GUJARAT,Bharuch,TRINITY RENEWABLE ENERGY,info.trinityrenewableenergy@gmail.com,9227000392,0,0
GUJARAT,Bharuch,TRIDENT POWER,trident.power24@gmail.com,7698264402,0,0
GUJARAT,Bharuch,TRADE X,tradex.solarenergy22@gmail.com,9106834748,0,0
GUJARAT,Bharuch,THE WOLT TECHNIQUES,director@woltsolarproducts.com,9904238777,0,0
GUJARAT,Bharuch,THE SHIVSHAKTI ENTERPRISE,Shivshakti2688@gmail.com,9913418634,0,0
GUJARAT,Bharuch,THE MOON KNIGHT,themoonknight913@gmail.com,9081313777,0,0
GUJARAT,Bharuch,THE MECHTECH SOLUTIONS,themechtechsolutions@gmail.com,9714928728,0,0
GUJARAT,Bharuch,TERAIYA ENTERPRISE,teraiyaenterprise@gmail.com,8780802225,0,0
GUJARAT,Bharuch,TEJ ENERGY LLP,director@tejenergy.com,9426856508,0,0
GUJARAT,Bharuch,TECHNOVATIVE GREEN ENERGY SOLUTIONS,technovativesolar@gmail.com,6354031108,0,0
GUJARAT,Bharuch,TECHNOGOODS ENTERPRISES,TechnoGoods@outlook.com,9904709693,0,0
GUJARAT,Bharuch,TECHNOCRATS ENGINEERS,technocratsengineers007@gmail.com,9974214007,0,0
GUJARAT,Bharuch,TECHNO POWER,technopower0001@gmail.com,8200360798,0,0
GUJARAT,Bharuch,TECHNO ELECTRONICS,sales@technopower.co.in,9825236894,0,0
GUJARAT,Bharuch,TATVAM INDUSTRIES,parth.tatvam@protonmail.com,7990101643,0,0
GUJARAT,Bharuch,TATSAT NRGS,tatsatnrgs@gmail.com,7984576567,0,0
GUJARAT,Bharuch,TAPTI SOLAR,taptisolar@gmail.com,9157028811,0,0
GUJARAT,Bharuch,TANAY SS LLP,tanayss.llp@gmail.com,7778910000,0,0
GUJARAT,Bharuch,TAJ ELECTRICALS,tajelectricals.daman@gmail.com,9824790965,0,0
GUJARAT,Bharuch,TAIYO SOLAR SYTEM INTEGRATOR LLP,info@taiyosolar.co.in,9825324580,0,0
GUJARAT,Bharuch,SYSTEM RENEWABLE ENERGY,nbagwan8@gmail.com,9662361740,0,0
GUJARAT,Bharuch,SYSTEM LEVEL SOLUTIONS INDIA PVT LTD,sales@getsunsights.com,7486992856,0,0
GUJARAT,Bharuch,SYNCHRO ENERGY,synchroenergy389@gmail.com,9974737316,0,0
GUJARAT,Bharuch,SWASTIK SOLAR SYSTEM,swastiksolar07@gmail.com,9712412011,0,0
GUJARAT,Bharuch,SWARG INDUSTRIES PVT LTD,info@swargworld.com,9824999527,0,0
GUJARAT,Bharuch,SWAMI ENERGY,jigar.swamienergy@gmail.com,9725451293,0,0
GUJARAT,Bharuch,SUSTAINABLE ENERGY ENTERPRISE,epc.sustainableenergy@gmail.com,9898311007,0,0
GUJARAT,Bharuch,SURYOSA SOLAR PRIVATE LIMITED,info@suryosa.com,9998018314,0,0
GUJARAT,Bharuch,SURYASTRA GREEN INITIATIVES PRIVATE LIMITED,suryastraindia@gmail.com,8128007602,0,0
GUJARAT,Bharuch,SURYASIDDHI ENERGY SOLUTION PRIVATE LIMITED,suryasiddhienergysolutions@gmail.com,8460641891,0,0
GUJARAT,Bharuch,SURYANCE SOLAR,suryancesolar@gmail.com,9664504655,0,0
GUJARAT,Bharuch,SURYAMANI SOLAR,suryamanisolar@gmail.com,8140000257,0,0
GUJARAT,Bharuch,SURYAMAAN ENERGY,info.suryamaan@gmail.com,9722243637,0,0
GUJARAT,Bharuch,SURYAM INTERNATIONAL PRIVATE LIMITED,marketing@groupsurya.co.in,8093011632,0,0
GUJARAT,Bharuch,SURYAM ENERGY,dhavalpatel7037@gmail.com,8320698043,0,0
GUJARAT,Bharuch,SURYADEV SOLAR,suryadevsolar4@gmail.com,9327175676,0,0
GUJARAT,Bharuch,SURYADEV SALES & SERVICE,suryadev2k20@gmail.com,7016946571,0,0
GUJARAT,Bharuch,SURYABHUMI SOLAR ENERGY,suryabhumisolarenergy@gmail.com,8866019146,0,0
GUJARAT,Bharuch,SURYA SHAKTI SOLAR,suryashaktisolar09@gmail.com,7567992734,0,0
GUJARAT,Bharuch,SURYA SHAKTI,suryashaktisolar.18@gmail.com,8488010488,0,0
GUJARAT,Bharuch,SURYA INTERNATIONAL,suryavishnu159@yahoo.com,9825802298,0,0
GUJARAT,Bharuch,SURYA ENTERPRISE,suryaenterprise8324@gmail.com,9687975891,0,0
GUJARAT,Bharuch,SUREWORTH SOLAR,Sureworthsolar@gmail.com,7698763040,0,0
GUJARAT,Bharuch,SURESHBHAI SADURBHAI BARBACHIYA,surechbarbachiya41@gmail.com,9879299136,0,0
GUJARAT,Bharuch,SURAYAY NAMAH ENERGY PRIVATE LIMITED,rahul@surayaynamahenergy.com,9554055565,0,0
GUJARAT,Bharuch,SURAJGEMA POWER,SURAJGEMAPOWER@GMAIL.COM,8460515124,0,0
GUJARAT,Bharuch,SUPER WATT POWER SOLUTIONS LLP,power.superwatt@gmail.com,9920320366,0,0
GUJARAT,Bharuch,SUNWAY SOLAR,sunwaysolar02@gmail.com,7698832340,0,0
GUJARAT,Bharuch,SUNVINE RENEWABLE,sunvinerenewable@gmail.com,8000050580,0,0
GUJARAT,Bharuch,SUNTRAC SOLAR,suntrac.jh@gmail.com,9979363442,0,0
GUJARAT,Bharuch,SUNSPOT ENERGY LLP,info.sunspotenergy@gmail.com,8866110577,0,0
GUJARAT,Bharuch,SUNSPOT,msn.sunspot@gmail.com,6356810701,0,0
GUJARAT,Bharuch,SUNSPARK SOLAR SOLUTIONS (FORMERLY KNOWN AS SUSSPARK SOLAR SOLUTIONS ),sunsparksolarsolutions23@gmail.com,9664693254,0,0
GUJARAT,Bharuch,SUNSOLAR SOLUTIONS (INDIA) PRIVATE LIMITED,jigar@sunsolarsolutions.co.in,9638189589,0,0
GUJARAT,Bharuch,SUNSHREE SOLAR,sunshreesolar@gmail.com,9157838777,0,0
GUJARAT,Bharuch,SUNSHINE SOLUTIONS,modimehul26@gmail.com,9016959291,0,0
GUJARAT,Bharuch,SUNSHINE SOLAR,sunshinesolarsurat@gmail.com,9537733133,0,0
GUJARAT,Bharuch,SUNSHAPE ENERGY,sunshapeenergy@gmail.com,9913783302,0,0
GUJARAT,Bharuch,SUNSETLIFE SOLAR PRIVATE LIMITED,sunsetlifesolar@gmail.com,9574427119,0,0
GUJARAT,Bharuch,SUNSAI SOLAR SYSTEMS,solar@sunsai.co.in,9925808788,0,0
GUJARAT,Bharuch,SUNSAFE INFRA SERVICES,INFO@SUNSAFE.IN,9033673308,0,0
GUJARAT,Bharuch,SUNSAFE INFRA PRIVATE LIMITED,sunsafe.np@gmail.com,7227050091,0,0
GUJARAT,Bharuch,SUNRUN GREEN ENERGY,sunrungreenenergy@gmail.com,6354883949,0,0
GUJARAT,Bharuch,SUNROOF ELECTRICAL ENERGY,sunroofenergy100@gmail.com,9687893989,0,0
GUJARAT,Bharuch,SUNRISE INDIA,satyanarayantiwari2022@gmail.com,7208291414,0,0
GUJARAT,Bharuch,SUNRISE ENTERPRISE,sunriseenterprise6388@gmail.com,9904889087,0,0
GUJARAT,Bharuch,SUNREST INFRA ENERGY,sunrestinfraenergy@gmail.com,9638063381,0,0
GUJARAT,Bharuch,SUNRAYS ENERGY,keyursheth.14@gmail.com,9978724010,0,0
GUJARAT,Bharuch,SUNRAISE INDUSTRIES,info@sunraiseindustries.com,9722106810,0,0
GUJARAT,Bharuch,SUNPRIDE ENERGY,chiragpatel2592@gmail.com,9726880980,0,0
GUJARAT,Bharuch,SUNPOWER ENERGY,sunpowerenergy.solar@gmail.com,7405095299,0,0
GUJARAT,Bharuch,SUNPLUG TECHNOLOGIES LLP,hnchavda87@gmail.com,9427020496,0,0
GUJARAT,Bharuch,SUNNOVATIVE SOLAR ENERGY SOLUTION PVT LTD,ravi@sunnovative.com,8153819531,0,0
GUJARAT,Bharuch,SUNLIGHT SOLAR ENTERPRISE,bhaveshparmar4793@gmail.com,8320866769,0,0
GUJARAT,Bharuch,SUNLIGHT INFRA ENERGY PRIVATE LIMITED,tender@sunlights.in,9998374580,0,0
GUJARAT,Bharuch,SUNLIGHT GREEN ENERGY,sunlightgreenmeh@gmail.com,8460043385,0,0
GUJARAT,Bharuch,SUNLIGHT ENERGY SOLUTIONS,sunlightenergysolutions01@gmail.com,9824668001,0,0
GUJARAT,Bharuch,SUNLAND SOLAR ENERGY,sunlandsolarenergy@gmail.com,8141810505,0,0
GUJARAT,Bharuch,SUNISTIC SOLAR ENERGY LLP,info@sunisticsolarenergy.com,9909507507,0,0
GUJARAT,Bharuch,SUNIFY SOLAR LLP,sunifysolar@gmail.com,8141455505,0,0
GUJARAT,Bharuch,SUNGOLD ENTERPRISE,sungoldenterprise123@gmail.com,9737147433,0,0
GUJARAT,Bharuch,SUNFRAA RENEWABLES LLP,partner@sunfraa.com,6354296570,0,0
GUJARAT,Bharuch,SUNCENTER SOLAR ENERGY,suncentersolarenergy@gmail.com,8905055513,0,0
GUJARAT,Bharuch,SUNCARE ENERTECH PVT LTD,suncaresolar3@gmail.com,7405450545,0,0
GUJARAT,Bharuch,SUNBYTE ENERGY SOLUTIONS LLP,info.sunbyteenergy@gmail.com,7698971717,0,0
GUJARAT,Bharuch,SUNBURST GREEN ENERGY LLP,office@sunburstgreen.com,9879514559,0,0
GUJARAT,Bharuch,SUNBLOOM ENERGY PRIVATE LIMITED,info@sunbloomenergy.com,9662874669,0,0
GUJARAT,Bharuch,SUNARC ELECTRICALS,sunarcelectricals@gmail.com,9687025729,0,0
GUJARAT,Bharuch,SUN VISION SOLAR,info@sunvisionsolar.in,9924112225,0,0
GUJARAT,Bharuch,SUN TECH ENERGY SOLUTION,suntech.rutvij@gmail.com,8320301975,0,0
GUJARAT,Bharuch,SUN SPARKLE ENERGY,sunsparkleenergy@gmail.com,9016093505,0,0
GUJARAT,Bharuch,SUN SAVER SOLAR,support@sunsaversolar.in,9909908879,0,0
GUJARAT,Bharuch,SUN MICRA RENEWABLE ENERGY,info@sunmicra.co.in,7990662677,0,0
GUJARAT,Bharuch,SUN LIGHT SOLAR,sunlightsolar0106@gmail.com,9726215972,0,0
GUJARAT,Bharuch,SUN ENERGY,sunenergybharat@gmail.com,9427352326,0,0
GUJARAT,Bharuch,SUKOON POWER TECHNOLOGY,sukoonpowertech@gmail.com,9712946594,0,0
GUJARAT,Bharuch,SUKARM,sukarmsolar@gmail.com,9925045163,0,0
GUJARAT,Bharuch,STRONG SUN SOLAR ENERGY,strongsunsolarenergy@gmail.com,7622011292,0,0
GUJARAT,Bharuch,STEELHACKS INDUSTRIES,unisolsolar2000@yahoo.com,9825049997,0,0
GUJARAT,Bharuch,STARLUMEN ENERGY LLP,sales.starlumen@gmail.com,8758737125,0,0
GUJARAT,Bharuch,STAR ELECTRICALS,starhalol389350@gmail.com,9909118137,0,0
GUJARAT,Bharuch,SSB ICONIC LLP,s2belectricals@gmail.com,9016903767,0,0
GUJARAT,Bharuch,SRI BALAJI SUN ENERGY,info@sribalajienergy.com,7878375444,0,0
GUJARAT,Bharuch,SPY AUTOMATION,spyautomation61@gmail.com,7227000497,0,0
GUJARAT,Bharuch,SPIKE ENERGY,vspikeenergy@gmail.com,9662485355,0,0
GUJARAT,Bharuch,SPEED O ENERGY,INFO.SPEEDOENERGY@GMAIL.COM,7016826003,0,0
GUJARAT,Bharuch,SPARQ ENERTECH PVT LTD,info@sparqenertech.com,9558971268,0,0
GUJARAT,Bharuch,SP TECHNOLOGY,Sptechnology2023@gmail.com,9586267664,0,0
GUJARAT,Bharuch,SP POWERTECH,sppowertech44@gmail.com,9408129713,0,0
GUJARAT,Bharuch,SP EPC SOLUTIONS,psbuma@gmail.com,9537824788,0,0
GUJARAT,Bharuch,SOULTRUST SOLAR,soultrustsolar@gmail.com,9099663390,0,0
GUJARAT,Bharuch,SOR ENTERPRISE,sorsolar@yahoo.com,9824428293,0,0
GUJARAT,Bharuch,SOORYABHUMI ENERGY,sooryabhumienergy2024@gmail.com,8155887304,0,0
GUJARAT,Bharuch,SONIK SOLAR POWER SOLUTION,Sonikpanchal27@gmail.com,8200291250,0,0
GUJARAT,Bharuch,SOMNATH ENERGY,somnath.solarenergy@gmail.com,7600250096,0,0
GUJARAT,Bharuch,SOM ENERGY SYSTEMS,info@somenergysystems.com,8401909576,0,0
GUJARAT,Bharuch,SOLYUG RENEWABLES,info@solyugrenewables.com,9099562009,0,0
GUJARAT,Bharuch,SOLSKIN ENERGY LLP,solskinenergy@gmail.com,8128988878,0,0
GUJARAT,Bharuch,SOLNCE ENERGY PRIVATE LIMITED,NATIONALPORTALSOLNCE@GMAIL.COM,7990480061,0,0
GUJARAT,Bharuch,SOLIS ENERGY SYSTEM,bhargavpaneliya@solisenergysystem.com,9601270077,0,0
GUJARAT,Bharuch,SOLINE SOLAR PRIVATE LIMITED,info@soline.in,9898535056,0,0
GUJARAT,Bharuch,SOLEXY SOLAR POWER PVT. LTD.,ssepl1962@gmail.com,9810725280,0,0
GUJARAT,Bharuch,SOLEX GREEN ENERGY PRIVATE LIMITED,pravin.d@solex.in,9376820081,0,0
GUJARAT,Bharuch,SOLARWISE-NEXG PRIVATE LIMITED,solarwise69@gmail.com,9910803171,0,0
GUJARAT,Bharuch,SOLARWAVE ENERGY,solarwaveenergy2@gmail.com,7490083005,0,0
GUJARAT,Bharuch,SOLARTRONICS ENERGY,info.solartronics@gmail.com,9426424973,0,0
GUJARAT,Bharuch,SOLART,solart.sunfuel@gmail.com,8866506193,0,0
GUJARAT,Bharuch,SOLARSYS GREENTECH PRIVATE LIMITED,deepak@solarsysgreentech.in,8488976829,0,0
GUJARAT,Bharuch,SOLARMAX ENERGY PRIVATE LIMITED,info@solarmaxenergy.in,9409222221,0,0
GUJARAT,Bharuch,SOLARLOGIX PRIVATE LIMITED,contact@solarlogix.in,7979053489,0,0
GUJARAT,Bharuch,SOLARISE TECHNOLOGIES,solarisetechnologies1@gmail.com,6351562596,0,0
GUJARAT,Bharuch,SOLARIS 360,info@solaris360.com,9998117531,0,0
GUJARAT,Bharuch,SOLARINA RENEWABLE PRIVATE LIMITED,solarinarenewable@gmail.com,9824351021,0,0
GUJARAT,Bharuch,SOLARBERG SOLUTIONS,sureshbavishiya@gmail.com,9879200821,0,0
GUJARAT,Bharuch,SOLARATIVE ENERGY SOLUTION,pavan.solarative@gmail.com,9327151411,0,0
GUJARAT,Bharuch,SOLARAM POWER INFRASTRUCTURE PRIVATE LIMITED,solarampower@gmail.com,9898041008,0,0
GUJARAT,Bharuch,SOLAR4U ENTERPRISE,solar4uenterprise1@gmail.com,9510708411,0,0
GUJARAT,Bharuch,SOLAR TECHNOLOGY,info@solartechnology.in,9998063204,0,0
GUJARAT,Bharuch,SOLAR TECH WORLD,support@solartechworld.com,8460728007,0,0
GUJARAT,Bharuch,SOLAR ONLINE SKP,onlinesk044@gmail.com,8238539443,0,0
GUJARAT,Bharuch,SOLAR GREEN DEVELOPERS,solargreendevelopers@gmail.com,9924507751,0,0
GUJARAT,Bharuch,SOLAR EVERGREEN,nileshkhatri2251@gmail.com,9998564678,0,0
GUJARAT,Bharuch,SOLAR EDITION,solaredition18@gmail.com,7990909838,0,0
GUJARAT,Bharuch,SOLAR EARTH RENEWABLES PRIVATE LIMITED,ser@solarearth.in,7990378370,0,0
GUJARAT,Bharuch,SOLAR EARTH,solarearth7@gmail.com,7990378370,0,0
GUJARAT,Bharuch,SOLAR CLEAN ENERGY LIMITED,socleanenergy@gmail.com,9712666866,0,0
GUJARAT,Bharuch,SOL MAX SOLUTION,mpboricha111@gmail.com,9429343757,0,0
GUJARAT,Bharuch,SOL ENERGY,solenergyn@gmail.com,7621852735,0,0
GUJARAT,Bharuch,SOHAM SOLAR SOLUTION,sohamsolarsolution@yahoo.com,9601751327,0,0
GUJARAT,Bharuch,SOHAM ENTERPRISE,sachinpatel3132@gmail.com,9924142513,0,0
GUJARAT,Bharuch,SODHA ELECTRIC SERVICE,sohail.sodha@gmail.com,8000093095,0,0
GUJARAT,Bharuch,SNS ENERGY PVT. LTD.,sujitsharma@snsenergy.co.in,7043136049,0,0
GUJARAT,Bharuch,SNETRIC POWER,snetricpower@gmail.com,8487013107,0,0
GUJARAT,Bharuch,SMART SOLAR ENERGY,smartsolarenergy8542@gmail.com,7435907512,0,0
GUJARAT,Bharuch,SMART ROOF SOLAR SOLUTION PVT. LTD.,enquiry@gosmartroof.com,9971481718,0,0
GUJARAT,Bharuch,SKYWIN SOLAR,skywinsolar@gmail.com,7984435493,0,0
GUJARAT,Bharuch,SKYVOLT POWER TECHNOLOGIES LLP,skyvoltpower25@gmail.com,9909798222,0,0
GUJARAT,Bharuch,SKYVIEW POWER,skyviewpower17@gmail.com,8140055305,0,0
GUJARAT,Bharuch,SKYLINE SOLAR SYSTEM,skylinesolarsystem@gmail.com,9106430159,0,0
GUJARAT,Bharuch,SKYLIGHT SOLAR,skylightsolar03@gmail.com,9510905126,0,0
GUJARAT,Bharuch,SKYLAR INDIA,darshansolarkheda@gmail.com,8530252952,0,0
GUJARAT,Bharuch,SKY TECH ENERGY,info.skytechenergy@gmail.com,6355092898,0,0
GUJARAT,Bharuch,SKY SUN ENTERPRISE,skysunenterprise@gmail.com,9408931070,0,0
GUJARAT,Bharuch,SKY RISE SOLAR,skyrisesolar@gmail.com,9328009285,0,0
GUJARAT,Bharuch,SKY RENEWABLE,piush123.pp@gmail.com,9638166779,0,0
GUJARAT,Bharuch,SKY POWER ENERGY,skypowerenergy03@gmail.com,8849719837,0,0
GUJARAT,Bharuch,SKY POWER,skypowersvp@gmail.com,9723070267,0,0
GUJARAT,Bharuch,SKY LARK SOLAR PRIVATE LIMITED,skylarksolar7@gmail.com,7016360083,0,0
GUJARAT,Bharuch,SKY ENTERPRISE,skyenterprise.re@gmail.com,9428164222,0,0
GUJARAT,Bharuch,SKY BLUE SOLAR PVT .LTD,Skybluesolarpvtltd@gmail.com,9104566242,0,0
GUJARAT,Bharuch,SKY BLUE SOLAR,skybluesolar56@gmail.com,9824965349,0,0
GUJARAT,Bharuch,SIYAVAR ENERGY,SIYAVARENERGY@GMAIL.COM,9773131455,0,0
GUJARAT,Bharuch,SITARAM CORPORATION,sitaramcorporation2025@gmail.com,8141427041,0,0
GUJARAT,Bharuch,SIMMS ENGINEERING PVT LTD,simms_eng@yahoo.co.in,9825142376,0,0
GUJARAT,Bharuch,SILVER CYPHER TECHNOLOGIES,silvercyphersolar@gmail.com,8460699699,0,0
GUJARAT,Bharuch,SIGNAL AUTOMATION,solarservices1188@gmail.com,9978215636,0,0
GUJARAT,Bharuch,SIGMA ENGINEERING,sigma_engg@yahoo.co.in,9825205934,0,0
GUJARAT,Bharuch,SIDDHIVINAYAK ENGINEERING COMPANY,shreeganeshaquva@gmail.com,9904954348,0,0
GUJARAT,Bharuch,SIDDHI ELECTRICAL ENGINEER AND CONTRACTOR,siddhielectrical77@gmail.com,9662061492,0,0
GUJARAT,Bharuch,SHYAM SOLAR ENERGY,vschohla@GMAIL.COM,8140796593,0,0
GUJARAT,Bharuch,SHYAM ENTERPRISE,shyamsolarenergy10@gmail.com,8000145645,0,0
GUJARAT,Bharuch,SHRI SAI ELECTRICAL,rooftop@shrisaielectrical.co.in,6353970979,0,0
GUJARAT,Bharuch,SHRI RAM SOLAR ENERGY LLP,admin@shriramsolarenergy.com,9712912421,0,0
GUJARAT,Bharuch,SHRI MARUTI ENTERPRISE,tdoshi76@gmail.com,9428358150,0,0
GUJARAT,Bharuch,SHRI KHODIYAR ENTERPRISE,shrikhodiyar1978@gmail.com,9727358029,0,0
GUJARAT,Bharuch,SHRI KHATRI BATTERY SERVICE,khatribattery@gmail.com,9426029459,0,0
GUJARAT,Bharuch,SHREYISHA ENGINEERING,shreyishaengineering@gmail.com,8460445802,0,0
GUJARAT,Bharuch,SHREEMAD ENGINEERS,shreemadbg@gmail.com,9913721961,0,0
GUJARAT,Bharuch,SHREEM SOLARIUM PVT LTD,shreemsolarium@gmail.com,7016455944,0,0
GUJARAT,Bharuch,SHREEJI SOLAR SYSTEM,shreejisolars@gmail.com,9265296741,0,0
GUJARAT,Bharuch,SHREEJI SOLAR SOLUTION,npparikh@hotmail.com,9879537250,0,0
GUJARAT,Bharuch,SHREEJI SOLAR ENERGY SYSTEMS,snpatel2605@gmail.com,9712914272,0,0
GUJARAT,Bharuch,SHREEJI SOLAR & SERVICES,NILVADERA141@GMAIL.COM,9106331904,0,0
GUJARAT,Bharuch,SHREEJI SALES - KARAMSAD,shreejisales125@gmail.com,9586548051,0,0
GUJARAT,Bharuch,SHREEJI POWER SOLUTIONS,shreejiss@yahoo.com,9824338633,0,0
GUJARAT,Bharuch,SHREEJI GRIN SOLAR,shrijigreensolar@gmail.com,7203005770,0,0
GUJARAT,Bharuch,SHREEJI ENTERPRISES - WADI,Sandipgandhi113@gmail.com,9825077605,0,0
GUJARAT,Bharuch,SHREEJI ENTERPRISES - BHAYLI,shreejie1@gmail.com,9099710184,0,0
GUJARAT,Bharuch,SHREEJI ENERGY SOLUTION,shreejienergysolution@gmail.com,8460595980,0,0
GUJARAT,Bharuch,SHREEJI ELECTRICAL - ISANPUR,shreejielec312@yahoo.com,9408197081,0,0
GUJARAT,Bharuch,SHREE VISHNU SALES AGENCY,shreevishnusalesagency@gmail.com,9825324608,0,0
GUJARAT,Bharuch,SHREE SURYA SOLAR SOLUTION,shreesurya2016@gmail.com,8000720006,0,0
GUJARAT,Bharuch,SHREE SOLAR POWER,nileshsorthiya2@gmail.com,9727620417,0,0
GUJARAT,Bharuch,SHREE SOLAR,dinkarparekh1983@gmail.com,9104030777,0,0
GUJARAT,Bharuch,SHREE SAI SOLAR,Hiteshrane37@gmail.com,9879268362,0,0
GUJARAT,Bharuch,SHREE RANG ENTERPRISE,solar.shreerang@gmail.com,9723999096,0,0
GUJARAT,Bharuch,SHREE RAM SOLAR,shreeramsolar12@gmail.com,9726671212,0,0
GUJARAT,Bharuch,SHREE RADHE ELECTRICALS,shreeradhesolar24@gmail.com,9974842981,0,0
GUJARAT,Bharuch,SHREE OFFICE SOLUTIONS PRIVATE LIMITED,rajranipa.sospl@gmail.com,9898084466,0,0
GUJARAT,Bharuch,SHREE MARUTI ELECTRIFICATION ENGINEERS,shreemarutieleCtrificationengi@gmail.com,7016480100,0,0
GUJARAT,Bharuch,SHREE LALGHAR CORPORATION,shreelalgharcorporation@gmail.com,8200149120,0,0
GUJARAT,Bharuch,SHREE KRISHNA SALES AND SERVICES,info@skss.co.in,9998990694,0,0
GUJARAT,Bharuch,SHREE KRISHNA ENERGY,shreekrishna.energy@gmail.com,9979559334,0,0
GUJARAT,Bharuch,SHREE KHODIYAR SOLAR PRIVATE LIMITED,sk.solar@yahoo.com,9825820612,0,0
GUJARAT,Bharuch,SHREE KHODIYAR REFRIGERATION SALES AND SERVICE,shreekhodiyarref85@gmail.com,9825289293,0,0
GUJARAT,Bharuch,SHREE HARI SALES & SERVICES,shreeharisales16@gmail.com,7698916121,0,0
GUJARAT,Bharuch,SHREE HARGANGESHWAR WATER CARE,shreehargangeshwarenergy@gmail.com,8128362108,0,0
GUJARAT,Bharuch,SHREE GOR SOLAR,shreegorsolar@gmail.com,6361983041,0,0
GUJARAT,Bharuch,SHREE GOKUL ENTERPRISE,shreegokulenterprise123@gmail.com,8160000871,0,0
GUJARAT,Bharuch,SHREE GAUTAM RENEWABLES AND CLEAN ENERGIES,shreegautam.energy@gmail.com,9408188809,0,0
GUJARAT,Bharuch,SHREE GANGESHWAR ENGINEERING PRIVATE LIMITED,shreegangeshwarengineering@gmail.com,9157974445,0,0
GUJARAT,Bharuch,SHREE GAJANAND SOLAR,gajanandsolar@gmail.com,8347972590,0,0
GUJARAT,Bharuch,SHREE GAJANAND ENERGIES,magicwithparth@gmail.com,6351126699,0,0
GUJARAT,Bharuch,SHREE ENTERPRISE,shreeenterprise.mktg@gmail.com,8511170916,0,0
GUJARAT,Bharuch,SHREE ENERGY SOLUTIONS,shreeenergysolution8@gmail.com,9904335293,0,0
GUJARAT,Bharuch,SHREE CHAMUNDESHVARI TRADING,hareshdodiya75@gmail.com,9327523737,0,0
GUJARAT,Bharuch,SHREE AMBIKA AGENCIES,niravambika@rediffmail.com,9426158047,0,0
GUJARAT,Bharuch,SHOOLIN WATT PRIVATE LIMITED,shoolinwattpvtltd@gmail.com,9909967894,0,0
GUJARAT,Bharuch,SHIVRON INDUSTRY,shivronind.contr@gmail.com,9925248752,0,0
GUJARAT,Bharuch,SHIVIK ENTERPRISE,shivikenterprise@gmail.com,9512839262,0,0
GUJARAT,Bharuch,SHIVDHARA SALES,shivdharasales8060@gmail.com,7433004040,0,0
GUJARAT,Bharuch,SHIVAY SOLAR ENERGY PRIVATE LIMITED,sanjay1482@gmail.com,7490013700,0,0
GUJARAT,Bharuch,SHIVAS SOLAR,shivassolar4418@gmail.com,9537611795,0,0
GUJARAT,Bharuch,SHIVAM SOLAR AND SERVICES,Parmardivyraj.77@gmail.com,8320732424,0,0
GUJARAT,Bharuch,SHIVAM SOLAR,solar.shivam2020@gmail.com,7575007551,0,0
GUJARAT,Bharuch,SHIVAM PHOTOVOLTICS PVT LTD,tenders@spvpl.com,9426023829,0,0
GUJARAT,Bharuch,SHIVAM ENTERPRISE (SURAT),shivamenterprise24365@gmail.com,9998883132,0,0
GUJARAT,Bharuch,SHIVAM ENERGY TECH,shivamenergytech2023@gmail.com,9687001450,0,0
GUJARAT,Bharuch,SHIVAM ELECTRICAL,kaushaldave2@gmail.com,9687575600,0,0
GUJARAT,Bharuch,SHIVA SOLAR ENERGY,admin@shivasolarenergy.com,9624220197,0,0
GUJARAT,Bharuch,SHIV TRADERS,shivtraders7233@gmail.com,9998820863,0,0
GUJARAT,Bharuch,SHIV SALES AGENCY,ghadiyabhaisolar08@gmail.com,9428798679,0,0
GUJARAT,Bharuch,SHINE SOLAR,shinesolar.marketing@gmail.com,7622023355,0,0
GUJARAT,Bharuch,SHINE ENERGY SOLUTION,info@shineenergysolution.in,9687959342,0,0
GUJARAT,Bharuch,SHAYONAAM ENTERPRISE,shayonaam12@gmail.com,9638766943,0,0
GUJARAT,Bharuch,SHAURYAM ENTERPRISE,shauryamsolarenterprise@gmail.com,9173645491,0,0
GUJARAT,Bharuch,SHASHWAT SOLAR SYSTEM,shashwatsolarsystem@gmail.com,9574919117,0,0
GUJARAT,Bharuch,SHARVA SOLAR,sharvasolar@gmail.com,9909449650,0,0
GUJARAT,Bharuch,SHANTI CORPORATION,info.shanticorporation@gmail.com,8980524444,0,0
GUJARAT,Bharuch,SHAKTI SOLAR SERVICE,ktptl52@gmail.com,9737854634,0,0
GUJARAT,Bharuch,SHAKTI GREEN ENERGY SERVICES,shakti.green25@gmail.com,9898860648,0,0
GUJARAT,Bharuch,SHAKTI GREEN ENERGY,shaktigreenenergy96@gmail.com,7405252123,0,0
GUJARAT,Bharuch,SHAKTI ENTERPRISE,shaktienterprise082025@gmal.com,8511288555,0,0
GUJARAT,Bharuch,SHAKTI ENTERPRISE,shaktienterprise0507@gmail.com,8866124840,0,0
GUJARAT,Bharuch,SHAILEE PROJECTS PRIVATE LIMITED,shaileeprojects99@gmail.com,7600755058,0,0
GUJARAT,Bharuch,SGK SOLAR,sgksolarrjt@gmail.com,9313885348,0,0
GUJARAT,Bharuch,SEVENTH SKY RENEWABLE LLP,seventhskyrenewable@gmail.com,7874524574,0,0
GUJARAT,Bharuch,SERVOTECH POWER SYSTEMS LIMITED,pmsuryaghar@servotechindia.com,9266918120,0,0
GUJARAT,Bharuch,SCION POWER,scionpower@yahoo.com,7043511106,0,0
GUJARAT,Bharuch,SC SOLAR SOLUTION,info@scsolarsolution.in,8780378144,0,0
GUJARAT,Bharuch,SAVIOR SOLAR ENERGY,saviorsolarenergy@outlook.com,8980517729,0,0
GUJARAT,Bharuch,SAVEGRID ENERGY,savegridenergy@gmail.com,6355785758,0,0
GUJARAT,Bharuch,SAVARIYA CORPORATION,savariyacorporation@gmail.com,9274166507,0,0
GUJARAT,Bharuch,SAURASHTRA SOLAR SERVICES LLP,SaurashtraSolar.Gujrat@gmail.com,9925448033,0,0
GUJARAT,Bharuch,SAUR SOLAR SOLUTION LLP,piyushpatel1974@gmail.com,9909417258,0,0
GUJARAT,Bharuch,SATYAY SOLAR,satyaysolar@gmail.com,9157716540,0,0
GUJARAT,Bharuch,SATYASARA ENERGY PRIVATE LIMITED,satyasaraenergy@gmail.com,9909365808,0,0
GUJARAT,Bharuch,SATYAM SALES,kishanagroagencyamreli@gmail.com,9825360183,0,0
GUJARAT,Bharuch,SATYAM ELECTRICALS,satyamelectrical@yahoo.com,9824256257,0,0
GUJARAT,Bharuch,SATYAKRISHNA LIGHTING,SATYAKRISHNALIGHTING@GMAIL.COM,9428369990,0,0
GUJARAT,Bharuch,SAT GREENTECH PRIVATE LIMITED,satgreentech25@gmail.com,8758957741,0,0
GUJARAT,Bharuch,SASA ENERGY LLP,sasaenergyllp@gmail.com,9099207722,0,0
GUJARAT,Bharuch,SARVAYOGAM SOLAR PRIVATE LIMITED,sarvayogamsolar@gmail.com,6356633355,0,0
GUJARAT,Bharuch,SARVAYOGAM,sarvayogamgroup@gmail.com,9510356575,0,0
GUJARAT,Bharuch,SARJAN CONSTRUCTION PVT LTD,info.solardiv@sarjanconstruction.com,8000052226,0,0
GUJARAT,Bharuch,SANTKRUPA ELECTRICALS,santkrupaelectricals19@gmail.com,8849254993,0,0
GUJARAT,Bharuch,SANJEE ENTERPRISE,sanjee.enterprise@gmail.com,9157353735,0,0
GUJARAT,Bharuch,SANJAY SOLAR,sbheaters@gmail.com,7016893192,0,0
GUJARAT,Bharuch,SANGAM ELECTRONICS CO,info.sangamsolar@gmail.com,9825929552,0,0
GUJARAT,Bharuch,SAMRUDDH SOLAR,samruddhsolar1@gmail.com,7859827859,0,0
GUJARAT,Bharuch,SAMRUDDDHI ENTERPRISE,samruddhienterprise22@gmail.com,9033676399,0,0
GUJARAT,Bharuch,SAMPTEL ENERGY PRIVATE LIMITED,project@samptelenergy.com,9727755187,0,0
GUJARAT,Bharuch,SAMAR SOLAR,samarsolar183@gmail.com,7046164346,0,0
GUJARAT,Bharuch,SAMAR ENERGY SOLUTIONS,samarenergysolutions@gmail.com,9662727432,0,0
GUJARAT,Bharuch,SAICAB TECH PVT LTD,info@saicabtech.com,8511130328,0,0
GUJARAT,Bharuch,SAHAYOG ENERGY,sahayogenergy@gmail.com,9429124424,0,0
GUJARAT,Bharuch,SAHAJ SOLAR PRIVATE LIMITED,bparmar@sahajsolar.com,7573006832,0,0
GUJARAT,Bharuch,SAFFRON RENEWTECH,saffronrenewtech24@gmail.com,7600507557,0,0
GUJARAT,Bharuch,SAFECON INDUSTRIAL MAINTENANCE & ENGINEERING SERVICES,safeconservices2013@gmail.com,9925854491,0,0
GUJARAT,Bharuch,SADGURU SOLAR SYSTEMS,sadgurusolarsystems@gmail.com,9687621666,0,0
GUJARAT,Bharuch,SADGURU ELECTRICALS,sadguruelectricals23@gmail.com,9714715649,0,0
GUJARAT,Bharuch,S P MULTI ENGINEERING SERVICES,spmultiengineeringservices@gmail.com,9104556095,0,0
GUJARAT,Bharuch,S MEERA ELECTRICALS,s.meeraelectricals@gmail.com,9328249939,0,0
GUJARAT,Bharuch,RVV SOLAR PRIVATE LIMITED,rvvsolarpvtltd@gmail.com,8160825026,0,0
GUJARAT,Bharuch,RVMOVALIYA CONSTRUCTION CO,rvmovaliya.solarenergy@gmail.com,9724543742,0,0
GUJARAT,Bharuch,RV INFOTECH,rvinfotech2020@gmail.com,8141560037,0,0
GUJARAT,Bharuch,RUPAL ELECTRICAL,rupalelectrical1793@gmail.com,8849138536,0,0
GUJARAT,Bharuch,RUPABHAI MAGANBHAI PATEL,RMP.GEMPORTAL@GMAIL.COM,9426004861,0,0
GUJARAT,Bharuch,RUDRAKSH SOLAR POWER,rudrakshsolarpower@gmail.com,9016203365,0,0
GUJARAT,Bharuch,RUDRAKSH ELECTRICALS,rudrakshelectricals4@gmail.com,6353460657,0,0
GUJARAT,Bharuch,RUDRA SOLAR AND ELECTRICAL,rudrasolar2019@gmail.com,9510514672,0,0
GUJARAT,Bharuch,RUDRA ENTERPRISE,rudraenterprise1110@gmail.com,8758462848,0,0
GUJARAT,Bharuch,ROYAL ENTERPRISE,royalenterprise.vadodara@gmail.com,6352205345,0,0
GUJARAT,Bharuch,ROLEX GREEN ENERGY,ghediyamilan@gmail.com,9429476592,0,0
GUJARAT,Bharuch,RK RENEWABLE ENERGY & ENGINEERING WORKS,rkrenewable.engineering2020@gmail.com,9824961523,0,0
GUJARAT,Bharuch,RITUDHAN SOLAR POWER,ritudhansolarpower@gmail.com,9879111390,0,0
GUJARAT,Bharuch,RISING ENERGY SOLUTIONS,risingenergy@yahoo.com,7990391839,0,0
GUJARAT,Bharuch,RISHAV POWERTECH LLP,rishavpowertech@gmail.com,9898203470,0,0
GUJARAT,Bharuch,RIMPLE CORPORATION LLP,rimpleco@gmail.com,6351076702,0,0
GUJARAT,Bharuch,RIGHT POWER INFRA PVT LTD,darshana@right-infra.com,9898661067,0,0
GUJARAT,Bharuch,RIDHAM ENTERPRISE,ridhamenterprise770@gmail.com,6351158633,0,0
GUJARAT,Bharuch,RIDDLE ENERGY PVT. LTD.,riddleenergy2101@gmail.com,9879556196,0,0
GUJARAT,Bharuch,RIA POWER,riapower24@gmail.com,8758463929,0,0
GUJARAT,Bharuch,RESONAGE GREEN ENERGY PRIVATE LIMITED,rgepl2024gujarat@gmail.com,9879402000,0,0
GUJARAT,Bharuch,RENEWZA ENERGY,renewzaenergy@gmail.com,8511148225,0,0
GUJARAT,Bharuch,RENEWIX INNOVATIONS PVT LTD,hello@renewix.in,9998980947,0,0
GUJARAT,Bharuch,RENEW ENERGIES,information.renew@gmail.com,7405507073,0,0
GUJARAT,Bharuch,RENEVIK SOLAR SOLUTIONS PRIVATE LIMITED,sejal.c@vikasaryagroup.com,9327572645,0,0
GUJARAT,Bharuch,RENEURJA ENERGY,reneurjaenergy@gmail.com,8460611110,0,0
GUJARAT,Bharuch,RENESYS POWER SYSTEMS PRIVATE LIMITED,project@renesys.in,7069751110,0,0
GUJARAT,Bharuch,RENAISSANCE CORPORATE SOLUTIONS PVT. LTD.,rcplsolar@gmail.com,9572032363,0,0
GUJARAT,Bharuch,RELIGHT ENERGY LLP,relightenergy.info@gmail.com,8000194738,0,0
GUJARAT,Bharuch,RELIABLE CONSULTING ENGINEERS,jaymin.fajalia@onlinerce.com,9327168907,0,0
GUJARAT,Bharuch,REKSON ELECTROTECH,REKSONELECTROTECH37@GMAIL.COM,9904994494,0,0
GUJARAT,Bharuch,REGAL ELECTRICALS,balochvikarali60@gmail.com,8141028100,0,0
GUJARAT,Bharuch,REFLECTION SOLAR & ENERGY PRIVATE LIMITED,piyushraval.1984@gmail.com,9725019493,0,0
GUJARAT,Bharuch,REFLECT SOLAR,reflect.solar.energy@gmail.com,9998419211,0,0
GUJARAT,Bharuch,REEWA SOLAR ENERGY,reewasolarenergy@gmail.com,9879353053,0,0
GUJARAT,Bharuch,REDSUN SOLAR INDUSTRIES,info@redsunin.com,9825632875,0,0
GUJARAT,Bharuch,REDREN ENERGY PVT LTD,rooftop@redren.in,9104591041,0,0
GUJARAT,Bharuch,RECARE ELECTRICAL LLP,projects.recare@gmail.com,7600184425,0,0
GUJARAT,Bharuch,REAL MULTIPLE SOLUTIONS,rmssolar.bhavnagar@rediffmail.com,9099722722,0,0
GUJARAT,Bharuch,RE360,gogreen@re360.in,8258976667,0,0
GUJARAT,Bharuch,RD ENERGY SOLUTIONS,rdenergysolutions@outlook.com,8866226473,0,0
GUJARAT,Bharuch,RAYOLT ENERGY LLP,info@rayolt.com,9998745706,0,0
GUJARAT,Bharuch,RAYNEX POWER SOLUTION PRIVATE LIMITED,info@raynexps.com,8758612077,0,0
GUJARAT,Bharuch,RAYCAL POWER INFRA PVT LTD,darshan@raycal.in,6358196472,0,0
GUJARAT,Bharuch,RAYBOTIX TECHNOLOGIES PVT LTD,info@raybotix.com,9978100900,0,0
GUJARAT,Bharuch,RAY ENERGY,info.rayenergy@gmail.com,8401481453,0,0
GUJARAT,Bharuch,RAVIJA ENTERPRISES,ravijaenterprises09@gmail.com,6356956938,0,0
GUJARAT,Bharuch,RARA-AVIS RENEWABLE ENERGY PRIVATE LIMITED,info@raraavisenergy.com,7043374434,0,0
GUJARAT,Bharuch,RANJAN INDUSTRIES,ranjan28496@gmail.com,9924818113,0,0
GUJARAT,Bharuch,RAMSUN ENERGY,ramsunenergy09@gmail.com,7984300271,0,0
GUJARAT,Bharuch,RAMESH POWER POINTS,rameshpowerpoint@gmail.com,9825225585,0,0
GUJARAT,Bharuch,RAMDEV SOLAR SYSTEM,ramdevsolarsytem@gmail.com,8758911969,0,0
GUJARAT,Bharuch,RAMAA SOLAR,ramaasolar@gmail.com,8866697632,0,0
GUJARAT,Bharuch,RAJKOT E-BIKES AND SOLAR,rajkotebikesandsolar@gmail.com,8306020890,0,0
GUJARAT,Bharuch,RAJDEEP SOLAR ENERGY PVT. LTD.,dharmesh@rajdeepsolarnergy.com,9099089749,0,0
GUJARAT,Bharuch,RAJAVI ELECTRICAL SERVICES,rajvielectricalservices@gmail.com,9723613718,0,0
GUJARAT,Bharuch,RAJANI MOTORS,rajanimotors21@gmail.com,7227807262,0,0
GUJARAT,Bharuch,RAICHURA ENERGY,raichuraenergy@gmail.com,9879152830,0,0
GUJARAT,Bharuch,RAGHURAM SOLAR POWER GREEN ENERGY LLP,raghuramsolar9@gmail.com,7575019877,0,0
GUJARAT,Bharuch,RADIANT SOLAR SYSTEMS,bhargavec40@gmail.com,9408503198,0,0
GUJARAT,Bharuch,RADIANT SOLAR SOLUTIONS,paresh@radiantsolarsolution.com,9979632096,0,0
GUJARAT,Bharuch,RADIANT SOLAR ENERGY,info@radiantsolarenergy.co.in,9512337513,0,0
GUJARAT,Bharuch,RADIANT INDIA,RADIANTINDIA007@GMAIL.COM,9163559963,0,0
GUJARAT,Bharuch,RADIANT GREENS SOLAR,info@radiantgreens.in,8140316334,0,0
GUJARAT,Bharuch,RADIANT GREEN SOLUTIONS,davda.manthan@yahoo.in,9978911803,0,0
GUJARAT,Bharuch,RABBIT ELECTRICAL AND SOLAR PVT. LTD.,respvtltd24@gmai.com,9727646420,0,0
GUJARAT,Bharuch,RAASON ENERTECH LLP,info@raasonenertech.com,9624768483,0,0
GUJARAT,Bharuch,R. K. CONSTRUCTION,rkconstruction101@gmail.com,9106065865,0,0
GUJARAT,Bharuch,R V SOLAR,rvsolarvijapur@gmail.com,9726801070,0,0
GUJARAT,Bharuch,R K ENTERPRICE,jayswal.ravi@ymail.com,9722252875,0,0
GUJARAT,Bharuch,R K BHABHOR,rkbhabhor78@gmail.com,9909161378,0,0
GUJARAT,Bharuch,R B RENEWABLES LLP,info@brrenewables.com,9898985672,0,0
GUJARAT,Bharuch,QORX ENERGY,qorxenergy1366@gmail.com,9904000629,0,0
GUJARAT,Bharuch,PV RAYS ENERGY,pvraysenergy@gmail.com,9898097222,0,0
GUJARAT,Bharuch,PURNIMA SOLAR ENERGY,rpateldeesa@gmail.com,9824320856,0,0
GUJARAT,Bharuch,PURMA ENERGY PVT LTD,purmaenergy@gmail.com,7069628193,0,0
GUJARAT,Bharuch,PRUTHVIRAJSINH SINDHA,pruthvisindha89@gmail.com,9328106806,0,0
GUJARAT,Bharuch,PROSTARM INFO SYSTEMS LIMITED,mktg.ahm@prostarm.com,9316466272,0,0
GUJARAT,Bharuch,PROMECH SOLAR ENERGY,promechsolarenergy@gmail.com,9662026679,0,0
GUJARAT,Bharuch,PROFILE POWER,profilepower123@gmail.com,9726299965,0,0
GUJARAT,Bharuch,PRODES CONSULTING ENGINEERS PRIVATE LIMITED,rajiv.ranjan.prakash786@gmail.com,8690444556,0,0
GUJARAT,Bharuch,PRIYANKA ENTERPRISE,enterpriseriya8002@gmail.com,9913032779,0,0
GUJARAT,Bharuch,PRIVA ENTERPRISE,vickysheth1987@gmail.com,9825241949,0,0
GUJARAT,Bharuch,PRISM ECOENERGIA PRIVATE LIMITED,info@prismecoenergia.com,9704710101,0,0
GUJARAT,Bharuch,PRISHA CORPORATION,prishacorporation183@gmail.com,9825505023,0,0
GUJARAT,Bharuch,PRINIX POWER OPC PRIVATE LIMITED,prinixpower@gmail.com,7600755058,0,0
GUJARAT,Bharuch,PRIME ENERGY,primeenergy321@gmail.com,9512022199,0,0
GUJARAT,Bharuch,PRAYOSHAM SOLAR ENERGY,jayrajp880@gmail.com,9574242883,0,0
GUJARAT,Bharuch,PRATYUSH RENEWABLE ENERGY PRIVATE LIMITED,pratyushrenewables@gmail.com,8780737839,0,0
GUJARAT,Bharuch,PRASHANT ENTERPRISE,prashantenterprise.solar@gmail.com,9409337000,0,0
GUJARAT,Bharuch,PRANIL CORPORATION,riddhistart@yahoo.co.in,9825411575,0,0
GUJARAT,Bharuch,PRAKASH PUMP INDUSTRIES,prakashpumpindustries@gmail.com,9687222263,0,0
GUJARAT,Bharuch,PRAJAPATI ONLINE,prajapationline@gmail.com,9824002369,0,0
GUJARAT,Bharuch,PRAGATI URZA PRIVATE LIMITED,pragatiurza@gmail.com,8347009697,0,0
GUJARAT,Bharuch,PRAGATI ENTERPRISE,pragatienterprise1985@gmail.com,9825254567,0,0
GUJARAT,Bharuch,PRACHI GREEN GREEN ENERGY PVT LTD,prachigreenenergy@gmail.com,9737830854,0,0
GUJARAT,Bharuch,POWERTRONICS TECHNOLOGY,powertronics1990@gmail.com,9974772070,0,0
GUJARAT,Bharuch,POWERTRAC INDUSTRIES LIMITED,info@powertracsolar.com,7573014610,0,0
GUJARAT,Bharuch,POWERSOL,office@re.digital,9016681762,0,0
GUJARAT,Bharuch,POWERON ELECTRICAL,poweron.electricalservice@gmail.com,7990528002,0,0
GUJARAT,Bharuch,POWERMAC TECHNOLOGY,info@powermacgroup.com,9099939972,0,0
GUJARAT,Bharuch,POWER SYSTEM,powersystem2k11@gmail.com,9898068224,0,0
GUJARAT,Bharuch,POWER SOLAR,hpenterprise1436@gmail.com,8490007316,0,0
GUJARAT,Bharuch,POWER RISE,powerrise16@gmail.com,8460145311,0,0
GUJARAT,Bharuch,POWER PLUS,powerplusbhabhar@gmail.com,8128435584,0,0
GUJARAT,Bharuch,POWER PACK SOLUTIONS,powerpacksolutions12195@gmail.com,9725787004,0,0
GUJARAT,Bharuch,POWER GENESYS ENERGY SOLUTIONS PRIVATE LIMITED,subbu@powergenesys.com,8618279431,0,0
GUJARAT,Bharuch,POOJA ELECTRICALS,PE9711@gmail.com,8758668166,0,0
GUJARAT,Bharuch,POOJA ELECTRICALS,poojaelectrical21@gmail.com,7434034056,0,0
GUJARAT,Bharuch,POINTER INSTRUMENTS SERVICES,pointer1729@gmail.com,9033543187,0,0
GUJARAT,Bharuch,PIXON GREEN ENERGY PRIVATE LIMITED,tender@pixonenergy.in,7229035912,0,0
GUJARAT,Bharuch,PHOTONOVA SOLAR PRIVATE LIMITED,vaishnavlimbachiya@gmail.com,9727850894,0,0
GUJARAT,Bharuch,PHOTONICS WATERTECH PRIVATE LIMITED,vasant@photonicslights.com,6353704460,0,0
GUJARAT,Bharuch,PHOENIX RENEWABLE ENERGY,PHOENIXRE6@GMAIL.COM,9586110114,0,0
GUJARAT,Bharuch,PHOENIX CREATIONS LIMITED,phoenixcreations2011@gmail.com,9978578599,0,0
GUJARAT,Bharuch,PETLAD SOJITRA TALUKA SAURAURJA UTPADAK SAHKARI MANDALI LIMITED,pssumandali@gmail.com,8140968999,0,0
GUJARAT,Bharuch,PEGASUS POWER AND INFRA LLP,info@pegasusllp.com,8160259454,0,0
GUJARAT,Bharuch,PEAKSUN ENERGY PRIVATE LIMITED,info@peaksunenergy.co.in,7486089901,0,0
GUJARAT,Bharuch,PDF ENGINEERS PRIVATE LIMITED,project2.pepl@gmail.com,8803910391,0,0
GUJARAT,Bharuch,PAVAN ENERGY,pavanenergy1209@gmail.com,7016265112,0,0
GUJARAT,Bharuch,PATIDAR ENTERPRISE,patidarenterprise13@gmail.com,8980312782,0,0
GUJARAT,Bharuch,PATEL JOYATABHAI GALABHAI,pateljoytabhai1134@gmail.com,9724674544,0,0
GUJARAT,Bharuch,PATEL ELECTRICALS,info.patelelectricals@gmail.com,9998896555,0,0
GUJARAT,Bharuch,PASHAVA ENERGY PRIVATE LIMITED,pashavaenergy@yahoo.com,9909904332,0,0
GUJARAT,Bharuch,PARTHKUMAR VIKRAMBHAI KAMANIYA,kpv2322@gmail.com,9313098584,0,0
GUJARAT,Bharuch,PARTH SALES,parthsalessolar@gmail.com,9712426671,0,0
GUJARAT,Bharuch,PAROT RENEWABLES LIMITED,gn@parotrenewables.com,9274692942,0,0
GUJARAT,Bharuch,PARMAR ENTERPRISE,parmarenterprise2024@gmail.com,9574944345,0,0
GUJARAT,Bharuch,PARK SHELDRAKE,parksheldrake@gmail.com,7862991878,0,0
GUJARAT,Bharuch,PARESH S. VAIDYA,parvaidya2012@gmail.com,9879529203,0,0
GUJARAT,Bharuch,PARECHA ENTERPRISES,sagarmparecha999@gmail.com,9537704244,0,0
GUJARAT,Bharuch,PARAS TECHNOCRAT PVT. LTD,info@parastechnocrat.in,7621983131,0,0
GUJARAT,Bharuch,PANCHAMRUT ENTERPRISE,panchamrut2019@gmail.com,7016103662,0,0
GUJARAT,Bharuch,P.M.BAROT GREEN ENERGY,jaybarotkdbm@gmail.com,9327129667,0,0
GUJARAT,Bharuch,P C LINK ENTERPRISE,pclinkenterprise@gmail.com,8238053941,0,0
GUJARAT,Bharuch,OXEN ENERGIES,oxenenergies@gmail.com,8866699444,0,0
GUJARAT,Bharuch,ORTEX CORPORATION,ortexcorporation@gmail.com,9276103457,0,0
GUJARAT,Bharuch,OORJA ELECTRIC,oorjaforeveryone@gmail.com,9067598727,0,0
GUJARAT,Bharuch,ONEVOLT GREEN PVT LTD,onevoltgreens@gmail.com,9925292721,0,0
GUJARAT,Bharuch,ONETIME SOLAR SYSTEM,onetimesolarsystem@gmail.com,9925296957,0,0
GUJARAT,Bharuch,OMKARA INFOTECH,omkarinfotechlakhani@gmail.com,9428847854,0,0
GUJARAT,Bharuch,OMEGA ELECTRICALS,omele452@gmail.com,9979888452,0,0
GUJARAT,Bharuch,OM SOLAR,VIPULKUMARPATEL43@YAHOO.IN,9714384884,0,0
GUJARAT,Bharuch,OM ELECTRICALS SERVICES,omelectricals2104@gmail.com,9998004891,0,0
GUJARAT,Bharuch,OM ELECTRICALS,jaydratsinhzala09@gmail.com,9265589234,0,0
GUJARAT,Bharuch,ODHAV ENTERPRISE,odhaventerpriseindia@gmail.com,9033231303,0,0
GUJARAT,Bharuch,NYALKARAN RENEWABLE ENERGY,nyalkaranrenewableenergy@gmail.com,9998473073,0,0
GUJARAT,Bharuch,NYALKARAN ENERGY LLP,kaushik@nyalkaranenergy.com,9825412783,0,0
GUJARAT,Bharuch,NVVP GREEN ENERGY PRIVATE LIMITED,nvvpgreenepl@gmail.com,9979941234,0,0
GUJARAT,Bharuch,NUJUM INDUSTRIES PRIVATE LIMITED,thenujum@gmail.com,9375188422,0,0
GUJARAT,Bharuch,NU SOLAR INFRACON PRIVATE LIMITED,nu.solar.infracon@gmail.com,9033181196,0,0
GUJARAT,Bharuch,NRS SOLAR SOLUTION,info.nrssolarsolution@gmail.com,8488953026,0,0
GUJARAT,Bharuch,NRG TECHNOLOGISTS PVT. LTD.,sales@nrgtechnologists.com,9824652624,0,0
GUJARAT,Bharuch,NP RENEWABLE ENERGY,nprenewableenergy@gmail.com,7016917174,0,0
GUJARAT,Bharuch,NORTHGREEN ENERGY PVT LTD,solar@northgreenenergy.com,9099931707,0,0
GUJARAT,Bharuch,NJ ELECTRICALS,njelectricals.21@gmail.com,9886309619,0,0
GUJARAT,Bharuch,NIVAN ENERGY,nivanenergy@gmail.com,9998820905,0,0
GUJARAT,Bharuch,NISHRAY SOLAR,mkshahexport@gmail.com,9825409639,0,0
GUJARAT,Bharuch,NIRAJ TRADERS,nirajtraders@yahoo.com,9825030321,0,0
GUJARAT,Bharuch,NINE TECH AUTOMATION,ninetechautomation09@gmail.com,9313375388,0,0
GUJARAT,Bharuch,NILKANTH ENTERPRISE,nilkanthenterprise96@gmail.com,9157369603,0,0
GUJARAT,Bharuch,NIL ENGINEERING,nil.engineering@yahoo.com,9228387183,0,0
GUJARAT,Bharuch,NIHAL ENTERPRISE,rehanadonakiya786@gmail.com,8733978072,0,0
GUJARAT,Bharuch,NIDHI ELECTRICALS,thakkarumang82@gmail.com,9409322020,0,0
GUJARAT,Bharuch,NEXUS RENEWTECH,nexusrenewtech@gmail.com,8849277955,0,0
GUJARAT,Bharuch,NEXUS POWER,info.nexuspower@gmail.com,9724631080,0,0
GUJARAT,Bharuch,NEWYORK ENGINEERING CO.,akashenergysolar@gmail.com,9824206059,0,0
GUJARAT,Bharuch,NETWORKS TRADING AND CONSTRUCTION PVT LTD,netccopvtltd@gmail.com,9319106152,0,0
GUJARAT,Bharuch,NES ENERGY SOLUTIONS,info.nesenergy@gmail.com,9825071551,0,0
GUJARAT,Bharuch,NEOTERIX SOLUTION PVT. LTD.,neoterixsolutions@gmail.com,9414010579,0,0
GUJARAT,Bharuch,NEOCENT SOLAR SYSTEM LLP,m.neocent@gmail.com,9974710486,0,0
GUJARAT,Bharuch,NEETY EURO ASIA SOLAR ENERGY,falgun@nease.in,9909595442,0,0
GUJARAT,Bharuch,NEELKANTHESHWAR SOLAR ENERGY,neelkantheshwarsolarenergy@gmail.com,8460048549,0,0
GUJARAT,Bharuch,ND ENERGY INDIA PRIVATE LIMITED,ndenergyindia@gmail.com,8000001124,0,0
GUJARAT,Bharuch,NAYRA ELECTRONICS,info.nayraelectronics@gmail.com,9054244430,0,0
GUJARAT,Bharuch,NAVKALP GROUPS,navkalprenewable@gmail.com,8460109090,0,0
GUJARAT,Bharuch,NATURE CARE ADVISORS,naturecare.gujarat@gmail.com,8469991098,0,0
GUJARAT,Bharuch,NAMAH SOLAR ENERGY,namahsolar@gmail.com,6351500821,0,0
GUJARAT,Bharuch,NAKSHATRA INFOSYS,nakshatrainfosys178@gmail.com,9909697193,0,0
GUJARAT,Bharuch,NAKODA PRODUCTS,purchase.nsolar@gmail.com,9825322552,0,0
GUJARAT,Bharuch,N J ENERGY,nj.energy9@gmail.com,7487022943,0,0
GUJARAT,Bharuch,MS SOLAR SPARK,mssolarspark7@gmail.com,9825590311,0,0
GUJARAT,Bharuch,MS SOLAR,shersiyamujahid@gmail.com,9725097291,0,0
GUJARAT,Bharuch,MOVA GREEN ENERGY,movagreenenergy1112@gmail.com,7778033298,0,0
GUJARAT,Bharuch,MK ENTERPRISE,mkenterprise061@gmail.com,8780069239,0,0
GUJARAT,Bharuch,MK ELECTRICALS,digant.shah10@gmail.com,9825349554,0,0
GUJARAT,Bharuch,MK ELECTRICAL AND CO,mkelectrical.co@gmail.com,8866525483,0,0
GUJARAT,Bharuch,MJR INDUSTRIES PRIVATE LIMITED,mjrindustriespvtltd@gmail.com,9426998993,0,0
GUJARAT,Bharuch,MITTALS GREEN ENERGY PRIVATE LIMITED,info@mittalsgreenenergy.com,8053004999,0,0
GUJARAT,Bharuch,MITRAYA ELECTRICAL,mitrayaelectrical@gmail.com,7016415834,0,0
GUJARAT,Bharuch,MITRAY ENGINEERING,mitray.engineering@gmail.com,7621895796,0,0
GUJARAT,Bharuch,MITRA RENEWABLE ENERGY,mitra.renewable@gmail.com,9824792815,0,0
GUJARAT,Bharuch,MITCON CONSULTANCY AND ENGINEERING SERVICES LTD,tendercell@mitconindia.com,7447420680,0,0
GUJARAT,Bharuch,MICROVISE SOLUTIONS,info@microviseindia.com,7778092462,0,0
GUJARAT,Bharuch,MH POWER SYSTEM,info.mhpowersystem@gmail.com,9016581006,0,0
GUJARAT,Bharuch,MFINS SERVICES PVT. LTD.,vidya@m-fins.in,8356843342,0,0
GUJARAT,Bharuch,MERIDIAN INTERNATIONAL,ghetiya.ashish@gmail.com,7990847552,0,0
GUJARAT,Bharuch,MEKTECH SOLUTION,mektechsolution@gmail.com,7984595405,0,0
GUJARAT,Bharuch,MEHUL ELECTRIC,fivestarsolar2025@gmail.com,7984547908,0,0
GUJARAT,Bharuch,MEGHAL POWER,meghalpower23@gmail.com,9712726390,0,0
GUJARAT,Bharuch,MEERASUN ENERGY,meerasunenergy@gmail.com,9016680239,0,0
GUJARAT,Bharuch,MEENA SOLAR,ripalsonpal@gmail.com,8408944904,0,0
GUJARAT,Bharuch,MEAN RAYS RENEWABLE POWER PRIVATE LIMITED,sales.meanrays@gmail.com,9898251352,0,0
GUJARAT,Bharuch,MD ENERGIES,mdenergies01@gmail.com,9099260004,0,0
GUJARAT,Bharuch,MBTION ENGINEERING,mbtionengineering@gmail.com,8320565108,0,0
GUJARAT,Bharuch,MAXSUN ENERGY PRIVATE LIMITED,maxsunsolarenergy@gmail.com,7990361324,0,0
GUJARAT,Bharuch,MAXIM ENERGY,maximenergy21@gmail.com,9265123804,0,0
GUJARAT,Bharuch,MAXIFLUENCE TECHNOVATE LLP,info@maxifluencetechnovate.com,9662298809,0,0
GUJARAT,Bharuch,MATRIX ENTERPRISE,matrixsolar41@gmail.com,8905314234,0,0
GUJARAT,Bharuch,MASTER SOLAR ENERGY,mastersolar2024@gmail.com,9737603151,0,0
GUJARAT,Bharuch,MARUTI SOLAR SYSTEMS,dinesh.navar@gmail.com,9409080149,0,0
GUJARAT,Bharuch,MARUTI SOLAR PUMP SYSTEM,patelsandip0226@gmail.com,9426849250,0,0
GUJARAT,Bharuch,MARUTI ENTERPRISE,marutienterprise148@gmail.com,7698803938,0,0
GUJARAT,Bharuch,MARUTI ENTERPRISE,maruti.enterprise0915@hotmail.com,8866239646,0,0
GUJARAT,Bharuch,MARUTI ENERGY,marutienrgy@gmail.com,9033408939,0,0
GUJARAT,Bharuch,MANYAH ENERGY PVTLTD,manyahenergy@gmail.com,9925065224,0,0
GUJARAT,Bharuch,MANGROLIYA NIKUNJ J.,nikunjmangroliya54@gmail.com,8866685082,0,0
GUJARAT,Bharuch,MAKE INSIDE SOLUTIONS,info@makeinside.co.in,9898302030,0,0
GUJARAT,Bharuch,MAHEK SOLAR POWER,mahek.tech1@gmail.com,9925805953,0,0
GUJARAT,Bharuch,MAHAVEER ENTRPRISE,me.solarmaster@gmail.com,7878647771,0,0
GUJARAT,Bharuch,MAHALAXMI ELECTRICALS - SURAT,vish.jariwala@gmail.com,9979263393,0,0
GUJARAT,Bharuch,MAHALAXMI ELECTRICALS - AHEMDABAD,mahalaxmi.electricals_07@yahoo.com,8238914975,0,0
GUJARAT,Bharuch,MAHAKALI POWER,mahakalipower9252@gmail.com,9687209519,0,0
GUJARAT,Bharuch,MAHADEV SOLAR ENTERPRISE,mahadevsolar2526@gmail.com,8758610449,0,0
GUJARAT,Bharuch,MAHADEV SOLAR ENETERPRISE,mahadevsolarjamnagar@gmail.com,9978999939,0,0
GUJARAT,Bharuch,MAHADEV SALES AGENCY,mahadevsolarproject@gmail.com,7393939139,0,0
GUJARAT,Bharuch,MAGLARE TECHNOLOGIES PVT.LTD.,info@maglare.com,8460183838,0,0
GUJARAT,Bharuch,MADHULI CORPORATION,madhulicorporation@gmail.com,9904990630,0,0
GUJARAT,Bharuch,MADHAV TECHNICALS,madhavtechnicals@gmail.com,9737384121,0,0
GUJARAT,Bharuch,MADHAV GREEN ENERGY,madhavgreene@gmail.com,9408102358,0,0
GUJARAT,Bharuch,MADHAV ENTERPRISE,madhavsolarshop@gmail.com,7990485674,0,0
GUJARAT,Bharuch,MADHAV ELECTRICAL,madhavelectrical23@gmail.com,9426755766,0,0
GUJARAT,Bharuch,MAA MOGAL ENTERPRISE,maamogale1999@gmail.com,8401237990,0,0
GUJARAT,Bharuch,M SUN ENERGY,msunenergy30@gmail.com,9104145599,0,0
GUJARAT,Bharuch,M S ENERGY,msenergy2021@gmail.com,7265939104,0,0
GUJARAT,Bharuch,M R ENTERPRISE,mrenterprisesolar@gmail.com,9924370232,0,0
GUJARAT,Bharuch,M M PARMAR,sunlightenergy09@outlook.com,9227092099,0,0
GUJARAT,Bharuch,M AND P POWER SOLUTIONS,mnppowersolutions2021@gmail.com,9537006733,0,0
GUJARAT,Bharuch,LUCIDUS ENERGY PRIVATE LIMITED,lucidusenergy21@gmail.com,9327990722,0,0
GUJARAT,Bharuch,LOGICTECH SOLAR AND AUTOMATION PVT LTD,logictechsolar@gmail.com,9429580846,0,0
GUJARAT,Bharuch,LIPO TECHNOLOGY PRIVATE LIMITED,kalpesh@lipotechnology.in,9722266550,0,0
GUJARAT,Bharuch,LIFE MAGIC MARVELL STORE PRIVATE LIMITED,lifemagicmarvel@gmail.com,9098698493,0,0
GUJARAT,Bharuch,LGM ENERGY AND INFRACON LLP,lgmenergyandinfraconllp@gmail.com,7574000906,0,0
GUJARAT,Bharuch,LED LIGHT HOUSE,ledlighthouse161921@gmail.com,9624132754,0,0
GUJARAT,Bharuch,LAXMI HI TECH,laxmihitech36@gmail.com,7046494649,0,0
GUJARAT,Bharuch,LA CARTE RETAILERS PVT LTD,lacarte09@gmail.com,9909920700,0,0
GUJARAT,Bharuch,L L ELECTRICALS,llelect89@yahoo.com,9879078908,0,0
GUJARAT,Bharuch,L G ELECTRICALS,lgelectricals29@gmail.com,9825949200,0,0
GUJARAT,Bharuch,KVP SOLAR AND SOLUTION,kvpsolarandsolution.22@gmail.com,9033343105,0,0
GUJARAT,Bharuch,KUTCH SOLAR AND EV,kutchsolarev@gmail.com,9725436751,0,0
GUJARAT,Bharuch,KSHETRAPAL GREEN ENERGY,kshetrapalgreenenergy@gmail.com,7874098869,0,0
GUJARAT,Bharuch,KRIVI ENERGY PRIVATE LIMITED,solar@krivienergy.com,9326275972,0,0
GUJARAT,Bharuch,KRIVA TECHNOLOGIES,krivasolartechnologies@gmail.com,7227074480,0,0
GUJARAT,Bharuch,KRITA GREEN ENERGY,admin@kritagreenenergy.in,9824998266,0,0
GUJARAT,Bharuch,KRISHNA ENTERPRISE,krishnaenterprise4568@gmail.com,9712658209,0,0
GUJARAT,Bharuch,KRISHIVA INNOVATIVES,info@krishivainnovatives.com,9409435861,0,0
GUJARAT,Bharuch,KRISHA SOLAR & AGRO INDUSTRIES,krishasolarandagro21@gmail.com,9574856582,0,0
GUJARAT,Bharuch,KREYA ENTERPRISES,kreyaentp@gmail.com,6359233332,0,0
GUJARAT,Bharuch,KP GREEN ENERGY,kpgreenenergy46@gmail.com,7048370774,0,0
GUJARAT,Bharuch,KOTHIYA ELECTRIC CONTRACTOR,kothiyaelectric@gmail.com,9913212056,0,0
GUJARAT,Bharuch,KOSOL ENERGIE PVT. LTD.,bharat@sunray.co.in,8799696356,0,0
GUJARAT,Bharuch,KOMAL ELECTRIC,chetanramprasadi@gmail.com,9825047503,0,0
GUJARAT,Bharuch,KK SOLAR TECHNOLOGY,kksolartechnology@gmail.com,9586118331,0,0
GUJARAT,Bharuch,KK ENTERPRISE,LATHIYA410@GMAIL.COM,9925590208,0,0
GUJARAT,Bharuch,KITE SOLAR ENERGY,kitesolarenergy@gmail.com,6352523489,0,0
GUJARAT,Bharuch,KIRTAN MARKETING,kirtanmarketing@gmail.com,9714440026,0,0
GUJARAT,Bharuch,KIRTAN BATTERIES,kirtanbatteries26@gmail.com,7043337333,0,0
GUJARAT,Bharuch,KIRAN SOLAR TECH PT. LT,info@kiransolartech.com,9800932333,0,0
GUJARAT,Bharuch,KHUSHI SOLAR,khushisolar13.info@gmail.com,7600094866,0,0
GUJARAT,Bharuch,KHUSHI IRRIGATION AND SOLAR,khushi.irrigationandsolar@gmail.com,9638370303,0,0
GUJARAT,Bharuch,KHODIYAR ELECTRICAL,khodiyarelectrical9199@gmail.com,6355714181,0,0
GUJARAT,Bharuch,KHODAL CORPORATION,khodalcorporation10@gmail.com,9974129558,0,0
GUJARAT,Bharuch,KHANAK SYSTEM,khanaksystem@yahoo.com,9824751581,0,0
GUJARAT,Bharuch,KESHWALA ENGINEERING CO.,RKESHWALA26@GMAIL.COM,7575082097,0,0
GUJARAT,Bharuch,KASTBHANJAN SOLAR,kastbhanjansolar@gmail.com,9099863647,0,0
GUJARAT,Bharuch,KASHYAP INFRAPROJECTS PVT. LTD.,info@kashyap.in,9898031010,0,0
GUJARAT,Bharuch,KARTAVY AGROTECH,kartavysolar@gmail.com,9426465233,0,0
GUJARAT,Bharuch,KARM ENTERPRISE,KARMSOLAR24@GMAIL.COM,9586363071,0,0
GUJARAT,Bharuch,KANHA ENTERPRISE,kanhaenterprise4161@gmail.com,6355636703,0,0
GUJARAT,Bharuch,KALPTARU RENEWABLE POWER PVT LTD,support@kalptaru.co,7600780720,0,0
GUJARAT,Bharuch,KAIZEN UNIVERSAL PRIVATE LIMITED,ketan@kaizen.in,9825119674,0,0
GUJARAT,Bharuch,KAIZEN NOW,kaizennowahd@gmail.com,9978985558,0,0
GUJARAT,Bharuch,KAGI RENEWABLE ENERGY,info.kagirenew@gmail.com,8401935902,0,0
GUJARAT,Bharuch,KAASHIVA POWER INNOVATIONS PVT LTD,nikunjprajapati@kaashiva.com,7227854857,0,0
GUJARAT,Bharuch,KAARVI GREEN ENERGY,kaarvienergy01@gmail.com,9824094291,0,0
GUJARAT,Bharuch,K P ENTERPRISE,kpenterprise39@gmail.com,9974383839,0,0
GUJARAT,Bharuch,K K SOLAR SOLUTIONS,kksolarsolutions@gmail.com,9537279900,0,0
GUJARAT,Bharuch,JJV CORPORATION,info@jjvcorporation.in,9016987377,0,0
GUJARAT,Bharuch,JIYAAN SOLAR COMPANY,jiyaansolar.co@gmail.com,8160645436,0,0
GUJARAT,Bharuch,JIGAR SYSTEM TECHNOLOGY,jigar@jigarsystems.com,9511768710,0,0
GUJARAT,Bharuch,JD SOLAR,jdsolar5005@gmail.com,9157590905,0,0
GUJARAT,Bharuch,JD INFRA ENERGY PRIVATE LIMITED,jdinfraenergy0725@gmail.com,9714061118,0,0
GUJARAT,Bharuch,JAYVEER ELECTRICAL PRIVATE LIMITED,jayveerelectrical@gmail.com,9601679621,0,0
GUJARAT,Bharuch,JAYKAMAL ENERGY,JAYKAMAL.ENERGY@GMAIL.COM,9726862780,0,0
GUJARAT,Bharuch,JAYDEV ENERGY,jaydevenergy83@gmail.com,9824885237,0,0
GUJARAT,Bharuch,JAY SARDAR SOLAR PVT.LTD.,jaysardarsolar@gmail.com,8141500062,0,0
GUJARAT,Bharuch,JAY SARDAR SOLAR POWER PRIVATE LIMITED,dbchaudhary108@gmail.com,9737550593,0,0
GUJARAT,Bharuch,JAY KHODIYAR IMPEX,pareshramoliya310@gmail.com,9537164431,0,0
GUJARAT,Bharuch,JAY ELECTRICALS,jayelec2021@gmail.com,9427261002,0,0
GUJARAT,Bharuch,JAY ELECTRICAL,jayelectrical9@gmail.com,7990928140,0,0
GUJARAT,Bharuch,JAY DADA SOLAR,jaydadasolar@gmail.com,6353659868,0,0
GUJARAT,Bharuch,JAY AMBE GREEN ENERGY,jayambegreenenergy@gmail.com,9824328725,0,0
GUJARAT,Bharuch,JAY AMBE ELECTRICALS,jayambeelectricals091@gmail.com,6355252020,0,0
GUJARAT,Bharuch,JAY ADITYA SOLAR,darshit.dj619@gmail.com,8160931631,0,0
GUJARAT,Bharuch,JASMIN J BAMBHAROLIYA,jasmin.bambharolia14@gmail.com,8140916256,0,0
GUJARAT,Bharuch,JALESHWAR GREEN ENERGY,info.jaleshwargreen@gmail.com,8140023662,0,0
GUJARAT,Bharuch,JAIMAX SUNBIM PVT LTD,jaimaxsunbim@gmail.com,8980024055,0,0
GUJARAT,Bharuch,JAI SOMNATH ENTERPRISE,msjaisomnathenterprise@gmail.com,9979990909,0,0
GUJARAT,Bharuch,JAI INDUSTRIES,jaielectronic@yahoo.com,9828104233,0,0
GUJARAT,Bharuch,JAGRUTI TRADERS,jagrutitraders.solar@gmail.com,8980498030,0,0
GUJARAT,Bharuch,JAGDAMBA TRADERS,jagdambatraders.padra@gmail.com,7284841054,0,0
GUJARAT,Bharuch,JAFFINS ENTERPRISE,solarbhavnagar@gmail.com,9375465252,0,0
GUJARAT,Bharuch,JAAC TECHNO SERVICES PVT LTD,jwalant.raval@jaacservices.com,9824000545,0,0
GUJARAT,Bharuch,JAAC TECHNO SERVICES PVT LTD,Jwalant.raval@jaacservice.com,9824000545,0,0
GUJARAT,Bharuch,J S COMPANY,jscompany9@gmail.com,7990307424,0,0
GUJARAT,Bharuch,J N RENEWABLE,info@jnrenewable.com,9925037975,0,0
GUJARAT,Bharuch,J K MACHINE TOOLS (GUJARAT) PVT. LTD.,jk.solarium@gmail.com,9328290518,0,0
GUJARAT,Bharuch,J D ELECTRICAL AND TRADING,jdelectrical26@gmail.com,8320397049,0,0
GUJARAT,Bharuch,J B POWER SOLAR,jbpowersolar@gmail.com,9173390835,0,0
GUJARAT,Bharuch,IZZY ENERGY SOLUTION,izzyenergysolution@gmail.com,9909236062,0,0
GUJARAT,Bharuch,ISHITA ENGINEERING,ishitaengineering13@gmail.com,8866649177,0,0
GUJARAT,Bharuch,ISHA SALES,ishasolar027@gmail.com,9824739373,0,0
GUJARAT,Bharuch,INSTANT TECHNOLOGY,info@instantgroup.live,8200782232,0,0
GUJARAT,Bharuch,INSOLATION POWER ENTERPRISES,info.insolationpower@gmail.com,7874570839,0,0
GUJARAT,Bharuch,INRAYS TECHNOLOGY,inraystechnology@gmail.com,9898878734,0,0
GUJARAT,Bharuch,INQILAB ENGINEERING PRIVATE LIMITED,inqilabengineering@gmail.com,9099598998,0,0
GUJARAT,Bharuch,INNOVATIVE ENERGY SOLUTIONS,yashdesai2005@gmail.com,7201951515,0,0
GUJARAT,Bharuch,INFINITY SOLAR - RAJKOT,infinitysolar2022@gmail.com,7201070799,0,0
GUJARAT,Bharuch,INFINITY RENEWABLE ENERGY,anand.infinityrenewableenergy@gmail.com,9913784000,0,0
GUJARAT,Bharuch,INFINITY POWER,infinitypower1026@gmail.com,8758875751,0,0
GUJARAT,Bharuch,INFINITY GREENTECH,info.infinitygreentech@gmail.com,9737823212,0,0
GUJARAT,Bharuch,INFINITE ENERGY ANS TECHNOLOGY,planning@infiniteenergy.co.in,9099971778,0,0
GUJARAT,Bharuch,IMMIX SOLUTION,immixsolution@gmail.com,9265493249,0,0
GUJARAT,Bharuch,IMAGINE POWERTREE PRIVATE LIMITED,imagine.powertree@gmail.com,9586121111,0,0
GUJARAT,Bharuch,IDEAL RENEWABLE LLP,idealrenewable@gmail.com,9979083323,0,0
GUJARAT,Bharuch,IDEAL ELECTRICAL,idealelectric7@gmail.com,9638324167,0,0
GUJARAT,Bharuch,ICONIC SOLAR ENERGY,iconicsolarenergy26@gmail.com,7698504095,0,0
GUJARAT,Bharuch,I-TECH STORE,info.itechsolar@gmail.com,9879603933,0,0
GUJARAT,Bharuch,I SQUARE SOLAR,work.srbudheliya@gmail.com,9722272775,0,0
GUJARAT,Bharuch,I K SOLAR ENERGY,iksolarenergy2302@gmail.com,6353941652,0,0
GUJARAT,Bharuch,I CARE ENGINEERING,icareengr@gmail.com,9978920284,0,0
GUJARAT,Bharuch,HYSUN SOLAR PRIVATE LIMITED,prajapatiomaram62@gmail.com,7573999961,0,0
GUJARAT,Bharuch,HIYASHA SOLAR SYSTEMS LLP,hiyashasolarsystems@gmail.com,9727097250,0,0
GUJARAT,Bharuch,HIYA ELECTRO ENGINEERS,hiyaelectroengineers@gmail.com,8128672333,0,0
GUJARAT,Bharuch,HITECH SOLAR,jayesh@hitechsolar.in,7600059073,0,0
GUJARAT,Bharuch,HIRANYA,chintan6310@gmail.com,9909009425,0,0
GUJARAT,Bharuch,HIPANAX ENERGY,hipanaxenergy@outlook.com,9727063026,0,0
GUJARAT,Bharuch,HINDUSTAN SOLAR AND POWER PACK,hindustansolar86@gmail.com,7016087359,0,0
GUJARAT,Bharuch,HILTON RENEWABLES,hiltonrenewables.amr@gmail.com,8181080800,0,0
GUJARAT,Bharuch,HI TECH SOLAR SOLUTION,hitechsolarsolu@gmail.com,8140535380,0,0
GUJARAT,Bharuch,HEMALI ELECTRICALS,hemali_elect@rocketmail.com,9979874161,0,0
GUJARAT,Bharuch,HEER SOLAR ENERGY,heersolarenergy@gmail.com,9427063399,0,0
GUJARAT,Bharuch,HAVTON INDIA,ravivarmora0803@gmail.com,9265496953,0,0
GUJARAT,Bharuch,HATKESH ENGINEERING,hatkeshengineering@gmail.com,9898105579,0,0
GUJARAT,Bharuch,HARSIDDHI ENGINEERING WORKS,harsiddiengineering@yahoo.com,9428342940,0,0
GUJARAT,Bharuch,HARSH ENTERPRISE,harshenterprise.ele@gmail.com,9586703597,0,0
GUJARAT,Bharuch,HARISH ENGINEERING WORKS,harish.engg91@gmail.com,9428618859,0,0
GUJARAT,Bharuch,HARIOM ENGINEERING,hariomsolarbotad@gmail.com,8140771766,0,0
GUJARAT,Bharuch,HARIOM ELECTRICS,manoj.patiwala.in@gmail.com,8140438508,0,0
GUJARAT,Bharuch,HARI OM SOLAR ENERGY,prajapativr697@gmail.com,9428490890,0,0
GUJARAT,Bharuch,HARI INFRA PROJECTS,info@hariindia.in,9998037067,0,0
GUJARAT,Bharuch,HAPPY ENTERPRISE,divyeshchavda007@gmail.com,9510887781,0,0
GUJARAT,Bharuch,HANU ENTERPRISE,hanuenterprise2023@gmail.com,9067322910,0,0
GUJARAT,Bharuch,HADAF GREEN ENERGY PRIVATE LIMITED,hadafgreenenergy@gmail.com,8320986239,0,0
GUJARAT,Bharuch,HAAN SOLAR ENERGY,haan.232423@gmail.com,9909406467,0,0
GUJARAT,Bharuch,H S ENTERPRISE,hiralpatel3031@gmail.com,9773257603,0,0
GUJARAT,Bharuch,H K SOLAR ENERGY,hkenergy16@gmail.com,9714516576,0,0
GUJARAT,Bharuch,H AND S ENGINEERING,HSENGINEERING9698@GMAIL.COM,8980818699,0,0
GUJARAT,Bharuch,GWE INFRA PROJECTS PRIVATE LIMITED,dhaval.gwe@gmail.com,9726198989,0,0
GUJARAT,Bharuch,GURUKRUPA SOLAR AND AGRO INDUSTRIES,vishal@vishal-group.com,9328854525,0,0
GUJARAT,Bharuch,GURUKRUPA ENTERPRISE,gurukrupaenterprise.head9@gmail.com,8320627280,0,0
GUJARAT,Bharuch,GURU RENEWABLE,gururenewable@gmail.com,9687672620,0,0
GUJARAT,Bharuch,GUJARAT SOLAR ENERGY,gujaratsolarenergy010@gmail.com,9898472919,0,0
GUJARAT,Bharuch,GSL ENERGY,gslenergy09@gmail.com,8320945187,0,0
GUJARAT,Bharuch,GROWW SOLAR ENERGY,growwsolarenergy8@gmail.com,7874707545,0,0
GUJARAT,Bharuch,GROWTECH ENERGY,growtechenergy91@gmail.com,9998435528,0,0
GUJARAT,Bharuch,GROWSUN RENEWABLE LLP,info.growsunrenewablellp@gmail.com,9925590193,0,0
GUJARAT,Bharuch,GROW ENERGY SOLAR SOLUTION,growenergysolarsolution@gmail.com,7778999695,0,0
GUJARAT,Bharuch,GROW EARTH RENEWABLE TECHNOLOGIES,divyesh@growearthsolar.com,9104495364,0,0
GUJARAT,Bharuch,GRIWA INTERNATIONAL LLP,prakashkoriya17@gmail.com,8200988481,0,0
GUJARAT,Bharuch,GREYANAS INDUSTRIES PRIVATE LIMITED,greyanassolar@gmail.com,9408715033,0,0
GUJARAT,Bharuch,GREENTECH ENERGY,bhuvapiyush89@gmail.com,7990053035,0,0
GUJARAT,Bharuch,GREENNETIC RENEWABLE PRIVATE LIMITED,sales.greenneticrenewable@gmail.com,8320563819,0,0
GUJARAT,Bharuch,GREENMAX ENERGY PVT. LTD.,sales1@greenmaxenergy.in,9601100759,0,0
GUJARAT,Bharuch,GREENLEAF SOLAR ENERGY,info.greenleaf1@gmail.com,9313945225,0,0
GUJARAT,Bharuch,GREENLAND,greenlandsolar.np@gmail.com,9825545043,0,0
GUJARAT,Bharuch,GREENLAND,greenlandsolar.projects@gmail.com,9825545043,0,0
GUJARAT,Bharuch,GREENEXCEL ENERGY SOLUTION PVT LTD,info@greenexcelenergy.com,9898949719,0,0
GUJARAT,Bharuch,GREENERGEE,greenergee@vikasaryagroup.com,9374635103,0,0
GUJARAT,Bharuch,GREENCUBE ENERGIES PRIVATE LIMITED,nirankush@gcepl.in,9106836019,0,0
GUJARAT,Bharuch,GREEN WAVE ENERGY,greenwaveenergy6224@gmail.com,9106810525,0,0
GUJARAT,Bharuch,GREEN WATT SOLAR ENERGY,greenwattsolarenergy2022@gmail.com,9898383910,0,0
GUJARAT,Bharuch,GREEN SUN SOLAR,greensunsolar07@gmail.com,7600649582,0,0
GUJARAT,Bharuch,GREEN SUN ENERGY,teamgreensun@gmail.com,9274525232,0,0
GUJARAT,Bharuch,GREEN SOLAR ENERGY ENTERPRISES,greensolar.ahmedabad@gmail.com,9712909823,0,0
GUJARAT,Bharuch,GREEN SOLAR ENERGY,info@greenssolar.in,9687222261,0,0
GUJARAT,Bharuch,GREEN POWER SOLUTION,darjihardik777@gmail.com,8141216635,0,0
GUJARAT,Bharuch,GREEN POWER ENERGY,info.greenenergy07@gmail.com,8780002027,0,0
GUJARAT,Bharuch,GREEN IMPAQ SOLAR ENERGY,greenimpaqsolarenergypm@mail.com,9974414600,0,0
GUJARAT,Bharuch,GREEN EVER SYSTEMS PRIVATE LIMITED,greeneversystems@gmail.com,8866167111,0,0
GUJARAT,Bharuch,GREEN ENERGY-VALSAD,solar@greenenergy.ind.in,8866249369,0,0
GUJARAT,Bharuch,GREEN ENERGY SOLAR,ges.solar24@gmail.com,8866993164,0,0
GUJARAT,Bharuch,GREEN EARTH ENERGY,greenearthenergy09@gmail.com,8849403950,0,0
GUJARAT,Bharuch,GREEN E SOLAR,greene.vb@hotmail.com,9925751589,0,0
GUJARAT,Bharuch,GREAT SOLUTION,greatsolution07@gmail.com,9924131317,0,0
GUJARAT,Bharuch,GRACE RENEWABLE ENERGY PVT LTD,project1@gracerenew.com,7573027788,0,0
GUJARAT,Bharuch,GRACE OF THE SUN ENERGY,gotssolar@gmail.com,8320258395,0,0
GUJARAT,Bharuch,GOPAL ENTERPRISE,gokulbharvad@gmail.com,9727756664,0,0
GUJARAT,Bharuch,GOLDSUN SOLAR,dhruvpadasumbiya@gmail.com,9409016021,0,0
GUJARAT,Bharuch,GLOWX SOLAR PROJECTS,accounts@glowxsolar.com,9909517000,0,0
GUJARAT,Bharuch,GLOBAL SOLAR SOLUTION,moxakboda111@gmail.com,8460820618,0,0
GUJARAT,Bharuch,GLOBAL SOLAR ENERGY,globalsolar99@gmail.com,8866190358,0,0
GUJARAT,Bharuch,GLOBAL ENTERPRISE,globalsolarent@gmail.com,9924900304,0,0
GUJARAT,Bharuch,GITANJALI DEVELOPERS,dhavalparmar.dp39@gmail.com,8200332871,0,0
GUJARAT,Bharuch,GIR ENTERPRISES,ankitbhaiankit88@gmail.com,8686869015,0,0
GUJARAT,Bharuch,GHANSHYAM SOLAR ENERGY,ghanshyam.solar.energy@gmail.com,9510734317,0,0
GUJARAT,Bharuch,GHANPRIYA ENERGY SOLUTION PRIVATE LIMITED,subsidy@ghanpriyaenergy.com,9958676060,0,0
GUJARAT,Bharuch,GHADIYA RENEWABLE ENERGY,KALPESHPATEL8914@GMAIL.COM,9714000952,0,0
GUJARAT,Bharuch,GESTIC SELICON ENERGY,shivammourya0987@gmail.com,9157621253,0,0
GUJARAT,Bharuch,GENESIS ELECTRICAL,genesiselectricalindia@gmail.com,8200480623,0,0
GUJARAT,Bharuch,GEETANJALI INDUSTRIES,jaskoenergy@gmail.com,8866200620,0,0
GUJARAT,Bharuch,GEER AGRO WORKS,geeragro@gmail.com,9898799789,0,0
GUJARAT,Bharuch,GAYATRI CONSTRUCTION,chetansinh270@gmail.com,7408636363,0,0
GUJARAT,Bharuch,GARUDA POWER,garudapower26@gmail.com,9016555765,0,0
GUJARAT,Bharuch,GANESH GREEN BHARAT LIMITED,sales@ganeshgreen.com,9519518951,0,0
GUJARAT,Bharuch,GANESH CORPORATION,ganeshcorporation3003@gmail.com,9979856236,0,0
GUJARAT,Bharuch,GALO ENERGY PRIVATE LIMITED,info@galo.co.in,9773988289,0,0
GUJARAT,Bharuch,GALAXY ENTERPRISE,galaxyenterprise265@gmail.com,9998017765,0,0
GUJARAT,Bharuch,GALAXY ENERGY SOLUTION,galaxyenergysolution@protonmail.com,9428158678,0,0
GUJARAT,Bharuch,G-POWER PLUS,gpowerplus.in@gmail.com,9898420613,0,0
GUJARAT,Bharuch,FRIENDLY FOOTPRINTS LLP,infosolar.ff@gmail.com,7874833399,0,0
GUJARAT,Bharuch,FOURSUN SOLAR,project@foursunsolar.co.in,7435023502,0,0
GUJARAT,Bharuch,FORTUNE TECHNOLOGIST,fortunetechnologist@gmail.com,9427597246,0,0
GUJARAT,Bharuch,FOREXT GREEN ENERGY PRIVATE LIMITED,Forextgreen@gmail.com,9227145384,0,0
GUJARAT,Bharuch,FLORIAN VENTURE PVT.LTD.,florianventurepvt.ltd@gmail.com,9081684444,0,0
GUJARAT,Bharuch,FIONIX ELECTRIC COMPANY,fionixelectric2018@gmail.com,9714025565,0,0
GUJARAT,Bharuch,FERUS ENERGIES CO,info@ferusenergies.com,9913341342,0,0
GUJARAT,Bharuch,FATHUN RENEWABLE ENERGY (FORMERLY KNOWN AS KENVUE ENERGY),fathunrenewable@gmail.com,9898589612,0,0
GUJARAT,Bharuch,FASTRISE ENTERPRISE PRIVATE LIMITED,FASTRISEENTERPRISE@GMAIL.COM,7862079768,0,0
GUJARAT,Bharuch,F Z ENERGY,info@fzenergy.in,9227153030,0,0
GUJARAT,Bharuch,F SOLAR ROOFTOP,fsolarrooftop@gmail.com,8469525856,0,0
GUJARAT,Bharuch,F H WORK SOLUTION,fhwork17@gmail.com,8160404419,0,0
GUJARAT,Bharuch,EXPERT POWER SOLUTION,info.expertpowersolution@gmail.com,8780287091,0,0
GUJARAT,Bharuch,EXIDE INDUSTRIES LIMITED,pramit.mukherjee@exide.co.in,6291226448,0,0
GUJARAT,Bharuch,EWALK ENERGY,info.ewalkenergy@gmail.com,9054927675,0,0
GUJARAT,Bharuch,EWAA SOLAR TECHNOLOGY PRIVATE LIMITED,info@ewaasolartech.com,6356008400,0,0
GUJARAT,Bharuch,EVITUS ENERGY SOLUTIONS,evitusenergysolutions@gmail.com,8156006133,0,0
GUJARAT,Bharuch,EVERSHINE ENERGY,contact@evershineenergy.com,8460167441,0,0
GUJARAT,Bharuch,EVERGREEN RENEWABLE TECHNOLOGIES,ashishpanchal888@gmail.com,7359743295,0,0
GUJARAT,Bharuch,EUROLITE SOLAR,harshil.patel@euroliteindia.com,7490007847,0,0
GUJARAT,Bharuch,EURO PREMIUM SOLAR SYSTEM (INDIA) PRIVATE LIMITED,info@europremiumsolar.com,7622023253,0,0
GUJARAT,Bharuch,ETERNAL SOLAR ENERGY,hiren.p.rathod@gmail.com,9879203040,0,0
GUJARAT,Bharuch,ETECH ENERGY,admin@etechenergy.com,9328509877,0,0
GUJARAT,Bharuch,ERA ENVIRO SOLUTIONS,info.eraenviro@gmail.com,9227849825,0,0
GUJARAT,Bharuch,ENRICH ENGINEERING SOLUTIONS,ees.snehal@gmail.com,9898127424,0,0
GUJARAT,Bharuch,ENERZYTECH INDUSTRIES PRIVATE LIMITED,deep.bhojani@enerzytech.com,9727139999,0,0
GUJARAT,Bharuch,ENERSOL SOLUTIONS LLP,karan@enersol.co.in,7069555533,0,0
GUJARAT,Bharuch,ENERGY O & M SERVICES PVT LTD,dhirajsummit@gmail.com,9512775551,0,0
GUJARAT,Bharuch,ENERGETIC SOLAR,energeticsolar03@gmail.com,9537137427,0,0
GUJARAT,Bharuch,EMPYREAL SOLAR,liaison@empyreAlsolar.in,9099526261,0,0
GUJARAT,Bharuch,EMISSIONS FREE WORLD PVT LTD,emissionsfreeworld@gmail.com,8320097477,0,0
GUJARAT,Bharuch,EMERALD ENTERPRISE,emerald.vadodara@outlook.com,9173591485,0,0
GUJARAT,Bharuch,EMDERS ENTERPRISE,info.emders@gmail.com,7016614013,0,0
GUJARAT,Bharuch,ELLENCE ENERGY LLP,dhaval@ellenceenergy.com,9054073345,0,0
GUJARAT,Bharuch,ELIOS ENERGY,info@eliosenergy.co.in,7016192219,0,0
GUJARAT,Bharuch,ELEREN,director@ele-ren.com,9979788449,0,0
GUJARAT,Bharuch,ELECTROMECH DEVICES MANUFACTURING COMPANY,edmc.rpr@gmail.com,7000189225,0,0
GUJARAT,Bharuch,EFFICIENT ENERTECH PVT LTD,info@efficientenergyindia.com,9925624989,0,0
GUJARAT,Bharuch,ECOWATT ENERGY,ecowattenergy18@gmail.com,9978638437,0,0
GUJARAT,Bharuch,ECOVIBE RENEWTECH ENERGY,ecoviberenewtechenergy@gmail.com,8401168101,0,0
GUJARAT,Bharuch,ECOLUX SOLAR,ecoluxsolar007@gmail.com,8980088806,0,0
GUJARAT,Bharuch,ECO ENERGY,niteshvashi@ecoenergygroup.in,9909947641,0,0
GUJARAT,Bharuch,ECLIPTIC SOLAR,davevishalkumar@gmail.com,9825023276,0,0
GUJARAT,Bharuch,EARTHTECH INNOVATIONS PRIVATE LIMITED,earthtechinnovations@gmail.com,8490850276,0,0
GUJARAT,Bharuch,EARTH SOLAR ENERGY,EARTHSOLARE@GMAIL.COM,8200115874,0,0
GUJARAT,Bharuch,EARTH SOLAR,earthsollar@gmail.com,9879911777,0,0
GUJARAT,Bharuch,E-TECH SOLUTION & SOLAR,etechsolution.solar@gmail.com,9099563174,0,0
GUJARAT,Bharuch,E-POWER SOLAR ENERGY,epowerenergyinfo@gmail.com,9484784798,0,0
GUJARAT,Bharuch,DWARKESH SOLAR ENERGY,nileshchavda1881@gmail.com,8000799990,0,0
GUJARAT,Bharuch,DUDANI RENEWABLES LLP,dudanirenewables@gmail.com,9429744710,0,0
GUJARAT,Bharuch,DREAM MART,dreammart108@gmail.com,9099975489,0,0
GUJARAT,Bharuch,DRAYS ENERGY SOLUTIONS,draysenergy@gmail.com,7802893258,0,0
GUJARAT,Bharuch,DRASHTI LIGHT CARE,drashti3411@gmail.com,9825430097,0,0
GUJARAT,Bharuch,DIWAKAR SOLAR ENTERPRISE,info.diwakarsolar@gmail.com,9104746612,0,0
GUJARAT,Bharuch,DIVY SOLAR TECHNOLOGY,divysolartechnology@gmail.com,9978551782,0,0
GUJARAT,Bharuch,DIVU ENTERPRISE,divuenterprise2023@gmail.com,7383114133,0,0
GUJARAT,Bharuch,DIVINE SOLAR ENERGY,divinesolarenergy33@gmail.com,7069853208,0,0
GUJARAT,Bharuch,DIVINE ENERGY INC,divinein17@gmail.com,7874391679,0,0
GUJARAT,Bharuch,DIVINE ENERGY,divineenergy42@gmail.com,6354051676,0,0
GUJARAT,Bharuch,DISHACHI ENERGY,dishachienergy@gmail.com,9898762600,0,0
GUJARAT,Bharuch,DINESHBHAI CHATURBHAI NANDANA,nandanadinesh62@gmail.com,6351782902,0,0
GUJARAT,Bharuch,DHWANIL LIGHT ZONE,patelrikin3054@gmail.com,9409505790,0,0
GUJARAT,Bharuch,DHRUVIN ELECTRICALS,kirtipatel86665@gmail.com,9974814614,0,0
GUJARAT,Bharuch,DHRUVA ENTERPRISE,dhruvaenterprise123@gmail.com,9978124597,0,0
GUJARAT,Bharuch,DHRUV ENTERPRISE,dhruv.enterprise@aol.com,9825123335,0,0
GUJARAT,Bharuch,DHM SOLAR POWER PVT LTD,dhmsolarpower@gmail.com,8980508730,0,0
GUJARAT,Bharuch,DHAVAL ELECTRIC SOLUTION,dhavalelectricsolution@gmail.com,8490990138,0,0
GUJARAT,Bharuch,DHARMANANDAN SOLAR ENERGY,mayurdhariyaparmar@gmail.com,9016367556,0,0
GUJARAT,Bharuch,DEVYAMI GREEN SOLUTIONS,greensolutions@devyami.com,9925128619,0,0
GUJARAT,Bharuch,DEVYAMI AUTOMATIC PUMPS AND CONTROLS PVT LTD,devyami@gmail.com,9825029877,0,0
GUJARAT,Bharuch,DEVDEEP ELECTRICALS,devdeepelectricals@gmail.com,9726879009,0,0
GUJARAT,Bharuch,DEVASYAM ENTERPRISE LLP,abpatel4318@gmail.com,9106684467,0,0
GUJARAT,Bharuch,DEV TECHNO,devtechno14@gmail.com,9898242190,0,0
GUJARAT,Bharuch,DEV ENTERPRISE,deventerprise424@gmail.com,9428121408,0,0
GUJARAT,Bharuch,DESIGNLUX PRIVATE LIMITED,info@designlux.in,9825868523,0,0
GUJARAT,Bharuch,DESAI'S SOLAR ENERGY,desaisolarenergy@gmail.com,9429021070,0,0
GUJARAT,Bharuch,DELUXE ENTERPRISE,infodeluxeenterprise@gmail.com,9429040663,0,0
GUJARAT,Bharuch,DEK AND MAVERICKS GREEN ENERGY LIMITED,lalji.goltar@dmgel.in,8780289470,0,0
GUJARAT,Bharuch,DAY LIGHT SOLAR ENRGY,daylightsolarahm@gmail.com,8401605515,0,0
GUJARAT,Bharuch,D.K. & CO.,dkandcompanyrajkot@gmail.com,9925008040,0,0
GUJARAT,Bharuch,D.J.SOLAR & GENERAL,djsolar111@gmail.com,8401183303,0,0
GUJARAT,Bharuch,D-LIGHT SOLAR ENERGY LLP,epc@dlightsolarenergy.in,9898511535,0,0
GUJARAT,Bharuch,D SUN SOLAR,dsunsolar429@gmail.com,9904131777,0,0
GUJARAT,Bharuch,D S POWER SOLUTION,vipulas094@gmail.com,9106304356,0,0
GUJARAT,Bharuch,D BRIGHT SOLAR,dbrightsolar@gmail.com,9978058000,0,0
GUJARAT,Bharuch,CYMENS ENTERPRISE,jaymakwana2062@gmail.com,9157133330,0,0
GUJARAT,Bharuch,CYBRID INFRATECH PRIVATE LIMITED,DEEPAK@CYBRIDINFRA.COM,9925299942,0,0
GUJARAT,Bharuch,CYBRIA SOLUTIONS,jagdish@cybriasolutions.com,9925026091,0,0
GUJARAT,Bharuch,CTONE METAL INDUSTRIES,hasmukhjoshi82@gmail.com,9909517156,0,0
GUJARAT,Bharuch,CROMPTON GREAVES CONSUMER ELECTRICALS LIMITED,solar.rooftop@crompton.co.in,9599589665,0,0
GUJARAT,Bharuch,CREST ENERGY SOLUTIONS,crestenergysolutions@gmail.com,9327415839,0,0
GUJARAT,Bharuch,CREASUN ENERGY,creasunenergy25@gmail.com,9624120591,0,0
GUJARAT,Bharuch,COSMIC ENTERPRISE,cosmicenergy13.info@gmail.com,9429213406,0,0
GUJARAT,Bharuch,CONVEX SOLAR,convexsolar92@gmail.com,9737710095,0,0
GUJARAT,Bharuch,CONCEPT SOLAR ENERGY,conceptsolarenergy21@gmail.com,9662414865,0,0
GUJARAT,Bharuch,COMPUTER SHOP,pradeep_deputy@yahoo.com,7043402514,0,0
GUJARAT,Bharuch,COMET EVSOL,cometevsol@gmail.com,8780440726,0,0
GUJARAT,Bharuch,CMPLUS QUALITY SERVICES PRIVATE LIMITED,chandramauli_india@yahoo.com,9868881112,0,0
GUJARAT,Bharuch,CHUDASAMA TEMUBHA BALVANTSINH,adityasolar1987@gmail.com,8200459492,0,0
GUJARAT,Bharuch,CHEHAR ENERGY,cheharenergy@gmail.com,9998077796,0,0
GUJARAT,Bharuch,CHARLES SOLAR POWER ENERGY,charlessolarpowerenergy1990@gmail.com,7016170076,0,0
GUJARAT,Bharuch,CHAMUNDA ELECTRICAL,chamundaelectrical1@gmail.coml,9723603864,0,0
GUJARAT,Bharuch,CHALAKNESI ENERGY,CHALAKNESHIENERGY@GMAIL.COM,9408539887,0,0
GUJARAT,Bharuch,CEYONE SOLAR,ceyonesolar@gmail.com,7567091000,0,0
GUJARAT,Bharuch,CER ROOFTOP PVT LTD,susanta.hota@cer-inc.com,8586971731,0,0
GUJARAT,Bharuch,CELESTRA SOLAR PVT LTD,info@celestrasolar.com,9998805002,0,0
GUJARAT,Bharuch,CELESTIAL RENEWABLE ENERGY,celestialrenewableenergy@gmail.com,9099033033,0,0
GUJARAT,Bharuch,CAPITAL WELDING,freexindia@gmail.com,9499602041,0,0
GUJARAT,Bharuch,BURAK ENERGY,burakenergy7@gmail.com,9173110729,0,0
GUJARAT,Bharuch,BSN ELECTRICS PRIVATE LIMITED,bsnelectrics162018@gmail.com,9925249658,0,0
GUJARAT,Bharuch,BSAFAL RENEWABLE ENERGIES PVT LTD,nita.maru@bsrepl.com,9723706665,0,0
GUJARAT,Bharuch,BRITI ENERGY,britienergy2021@gmail.com,8460227728,0,0
GUJARAT,Bharuch,BRIHASPATHI TECHNOLOGIES PVT LTD,ramu@brihaspathi.com,9989999197,0,0
GUJARAT,Bharuch,BRIGHT SUN SOLAR SOLUTIONS,brightsun2029@gmai.com,9033398401,0,0
GUJARAT,Bharuch,BRAHMADIP ENTERPRISE,brahmadip.solar@yahoo.com,9427230047,0,0
GUJARAT,Bharuch,BLUTH SERVICES LLP,contact@bluthservices.com,8630697093,0,0
GUJARAT,Bharuch,BLEO ENERGY,bleoenergy@gmail.com,9924982211,0,0
GUJARAT,Bharuch,BK GROUP & ASSOCIATES,irfansama2704@gmail.com,9879933662,0,0
GUJARAT,Bharuch,BILIPATRA ENTERPRISE,prajapatijalpesh24@gmail.com,9427928892,0,0
GUJARAT,Bharuch,BHUMI POLYMERS PRIVATE LIMITED (FORMERLY KNOWN AS BHUMI POLYMERS PRIVATE LIMITES),solar@bhumipolymers.com,9099084938,0,0
GUJARAT,Bharuch,BHUMI GREEN POWER,bhumigreenpower@gmail.com,9824956161,0,0
GUJARAT,Bharuch,BHSQUARE SOLAR INSTALLATION SERVICES,harshwork2422@gmail.com,9909431526,0,0
GUJARAT,Bharuch,BHAVYA ENTERPRISE,bhavyaenterprise19@gmail.com,9824089718,0,0
GUJARAT,Bharuch,BHAVI SOLAR AND ELECTRICALS,chaudharid04@gmail.com,9099754254,0,0
GUJARAT,Bharuch,BHAVANI ELECTRICALS,beplpatan@gmail.com,9824014075,0,0
GUJARAT,Bharuch,BHAUTIK ENGINEERING CO.,vegadabhautik2410@gmail.com,9825690528,0,0
GUJARAT,Bharuch,BHASKAR RAY ENERGY,bhaskarray018@gmail.com,9426975552,0,0
GUJARAT,Bharuch,BHARAT ENERGY,bharatenergy8889@gmail.com,9714131394,0,0
GUJARAT,Bharuch,BHANU ENTERPRISES,akkothari1964@gmail.com,9263635946,0,0
GUJARAT,Bharuch,BHAKTINANDAN POWER PVTLTD,bhaktinandanpower@gmail.com,9724031529,0,0
GUJARAT,Bharuch,BHAGWATI ELECTRICALS,bhagwatielectricals99091@gmail.com,7990883575,0,0
GUJARAT,Bharuch,BHAGVATI SOLAR POWER,info@bhagvatisolarpower.com,7770007502,0,0
GUJARAT,Bharuch,BHAGAT SOLAR ENERGY,bhujbhagatsolarenergy@gmail.com,9930432027,0,0
GUJARAT,Bharuch,BEYOND ENERGY,beyondenergy2025@gmail.com,8849608389,0,0
GUJARAT,Bharuch,BENCHMARK AGENCIES PRIVATE LIMITED,tarang@benchmarkagencies.com,8200267346,0,0
GUJARAT,Bharuch,BELIEF GREEN TECH PVT LTD,mandaviyakanji@gmail.com,6351555029,0,0
GUJARAT,Bharuch,BELIANCE ENERGY INDIA PVT.LTD.,belianceenergy@gmail.com,8511651364,0,0
GUJARAT,Bharuch,BEACON ELECTROTECH LLP,info@beaconelectrotech.com,8460314011,0,0
GUJARAT,Bharuch,BAPASITARAM ELECTRICAL,besolarenergy3386@gmail.com,9737632777,0,0
GUJARAT,Bharuch,BANAS POWER,banaspower2020@gmail.com,9998418825,0,0
GUJARAT,Bharuch,BAHUBALI CONSTRUCTION,pintudabhi626@gmail.com,8490005005,0,0
GUJARAT,Bharuch,BACKBONE ELECTRICALS,backbone.electricals@gmail.com,6356044325,0,0
GUJARAT,Bharuch,AZOLE POWER,azolepower9998@gmail.com,9998743101,0,0
GUJARAT,Bharuch,AXIS ENERTECH,meet@axisenertech.com,9428028009,0,0
GUJARAT,Bharuch,AWAAS SEWA PRIVATE LIMITED,ADMIN@AWAAS.IN,9099189893,0,0
GUJARAT,Bharuch,AVI APPLIANCES PVT. LTD.,design01@avi-products.com,9913759764,0,0
GUJARAT,Bharuch,AVEE ENERGY,dhavalpatel1973@yahoo.in,9898233244,0,0
GUJARAT,Bharuch,AVATAR SOLAR PVT LTD,bharat@avatarsolar.com,9687055273,0,0
GUJARAT,Bharuch,AUTO FORGE ENGINEERS,autoforge2300@gmail.com,9925237321,0,0
GUJARAT,Bharuch,ATRI ENERGY,atrienergy@gmail.com,7622838008,0,0
GUJARAT,Bharuch,ATLAS MATRIX PVT LTD,atlassolar01@gmail.com,9016955068,0,0
GUJARAT,Bharuch,ATHARV ENERTECH,montu.dedakiya@gmail.com,9998943833,0,0
GUJARAT,Bharuch,ASTHA ENTERPRISE,asthaenterprise8010@gmail.com,9925668010,0,0
GUJARAT,Bharuch,ASHISH ELECTROMECH,ashishelectromech@gmail.com,9426048587,0,0
GUJARAT,Bharuch,ASHAPURA SOLAR POWER,ashapurasolarpower2025@gmail.com,7778095905,0,0
GUJARAT,Bharuch,ASCENT ENERGY,ascentenergys@gmail.com,8799447675,0,0
GUJARAT,Bharuch,ARYAVEER ENERGY INCORPORATION,aryaveerenergyincorporation@gmail.com,9712987874,0,0
GUJARAT,Bharuch,ARYAVART SOLAR,vardeprabha@gmail.com,8200745060,0,0
GUJARAT,Bharuch,ARUN SOLAR SERVICE,arunsolar057@gmail.com,9925660005,0,0
GUJARAT,Bharuch,ARRAYCOM INDIA LIMITED,solar@arraycom.co.in,9909941004,0,0
GUJARAT,Bharuch,ARKURJA INNOVATIONS PRIVATE LIMITED,arkurjarenewables@gmail.com,7383188631,0,0
GUJARAT,Bharuch,ARKTEC RENEWABLE ENERGY LLP,arktecrenewableenergy@gmail.com,8160038659,0,0
GUJARAT,Bharuch,ARKAY SOLAR ENERGY LLP,arkaysolar02@gmail.com,9737636600,0,0
GUJARAT,Bharuch,ARKAY RENEWABLES,mayank91@homail.com,9408962510,0,0
GUJARAT,Bharuch,ARKAY ICONIC PRIVATE LIMITED,arkaysolar@gmail.com,8401236600,0,0
GUJARAT,Bharuch,ARK SOLAR ENERGY SOLUTIONS,arksolarenergy3@gmail.com,7874463444,0,0
GUJARAT,Bharuch,ARJUN ENTERPRISE,arjunenter2013@gmail.com,8780886508,0,0
GUJARAT,Bharuch,ARIHAA SOLAR PVT LTD,ashish.arihaasolar@gmail.com,9825877888,0,0
GUJARAT,Bharuch,ARETE ELECTROPOWER PVT LTD,projects@arelectropower.com,9099940283,0,0
GUJARAT,Bharuch,ARENA AUTOMATION,arenaautomationb@gmail.com,9904018887,0,0
GUJARAT,Bharuch,ARCHER RENEWABLE PRIVATE LIMITED,info@archersolar.in,8000041003,0,0
GUJARAT,Bharuch,ARBUDA SOLAR,manan.chaudhari@hotmail.com,9638732097,0,0
GUJARAT,Bharuch,AQUILINE ENERGY SOLUTION,aquilineenergysolution@gmail.com,7016762587,0,0
GUJARAT,Bharuch,APOLLO SOLAR POWER,dhavalsavani@icloud.com,9099006748,0,0
GUJARAT,Bharuch,APOLLO GREEN ENEGRY,apollogreenenergy2024@gmail.com,9825249415,0,0
GUJARAT,Bharuch,APN SOLAR ENERGY PVT LTD,nationalportal@apnsolar.com,9702034043,0,0
GUJARAT,Bharuch,ANUPAM SMART ENERGY SOLAR,anupamsmartenergy@gmail.com,9601719818,0,0
GUJARAT,Bharuch,ANGEL SOLTECH,angelsoltech@gmail.com,8511029776,0,0
GUJARAT,Bharuch,ANGEL PUMPS PVT.LTD.,solar1@pumpsangel.com,9904809409,0,0
GUJARAT,Bharuch,ANANYA SOLAR ENTERPRISE,ananyasolarenterprise@gmail.com,9537638499,0,0
GUJARAT,Bharuch,ANANYA RENEWABLE ENERGY LLP,energy.ananyarenewable@gmail.com,9327003360,0,0
GUJARAT,Bharuch,ANANY URJA PRIVATE LIMITED,ananyurjapvtltd@outlook.com,8866442477,0,0
GUJARAT,Bharuch,ANANT SOLAR ENRGY,anantsolarenergy@gmail.com,9904198764,0,0
GUJARAT,Bharuch,ANANT SOLAR,anantsolar4242@gmail.com,8401714242,0,0
GUJARAT,Bharuch,ANANT ENERGY,anantenergy1910@gmai.com,9773476431,0,0
GUJARAT,Bharuch,ANAND AND ANAND ASSOCIATES,yogeshanandk@gmail.com,9426546256,0,0
GUJARAT,Bharuch,AMUL ENTERPRISE,amulenterprise92@gmail.com,9898618448,0,0
GUJARAT,Bharuch,AMRUTAM RENEWABLE ENERGY,info@amrenergy.in,9016352248,0,0
GUJARAT,Bharuch,AMRUT ENGINEERS,amrutengineersbhuj@gmail.com,9033492711,0,0
GUJARAT,Bharuch,AMPLE SOLAR PVT LTD,ravi@amplesolar.in,9979792403,0,0
GUJARAT,Bharuch,AMPBEAT SOLUTION,ampbeatsolution@gmail.com,7575015022,0,0
GUJARAT,Bharuch,AMAR JYOT SPRAY PUMP,ajagriandsolar@gmail.com,9722227299,0,0
GUJARAT,Bharuch,ALPHA ENTERPRISE,maulik.solar@gmail.com,9725957991,0,0
GUJARAT,Bharuch,ALFA SOLAR ENERGY PVT. LTD.,alfaenergypvtltd24@gmail.com,9825374299,0,0
GUJARAT,Bharuch,AKUNTHA PROJECTS PVT LTD,ravi@akuntha.com,9426402423,0,0
GUJARAT,Bharuch,AKSHAR SOLAR ENERGY,aksharsolarenergy@gmail.com,8200328133,0,0
GUJARAT,Bharuch,AKSHAR ENERGY SOLUTIONS,aksharenergysolutions@gmail.com,9662042835,0,0
GUJARAT,Bharuch,AKHANDDEEP SOLAR SOLUTION,akhanddeepsolar@gmail.com,9978643099,0,0
GUJARAT,Bharuch,AIRSUN SOLAR ENERGY LLP,jatin@airsunsolarenergy.in,8799571627,0,0
GUJARAT,Bharuch,AILIS ENERGY PRIVATE LIMITED,suryagujarat@ailisenergy.com,8401541048,0,0
GUJARAT,Bharuch,AHAD SOLARTECH,ahad.solartech@gmail.com,9724259440,0,0
GUJARAT,Bharuch,AHAD ENERGY,info@ahadenergy.in,9737673768,0,0
GUJARAT,Bharuch,AGARIA ENTERPRISE,mahammadikbalagariya@gmail.com,8200605756,0,0
GUJARAT,Bharuch,AEW SMART SERVICES PVT. LTD.,netmetering@aewsmart.com,8851047092,0,0
GUJARAT,Bharuch,AEROVOLT ENERGY PRIVATE LIMITED,aerovoltenergy@gmail.com,9558002201,0,0
GUJARAT,Bharuch,AEILUS RENEWABLE ENERGY,aeilusrenewableenergy@gmail.com,8866581528,0,0
GUJARAT,Bharuch,ADVANCED ELETRICAL SOLUTIONS,info.aessolar@gmail.com,7574880300,0,0
GUJARAT,Bharuch,ADVANCE ENERGY SOLUTION,info.advanceenergysolution@gmail.com,8799359849,0,0
GUJARAT,Bharuch,ADS SOLAR POWER,sales@adssolarpower.com,9879532141,0,0
GUJARAT,Bharuch,ADITYAURJA,info.adityaurjasolar@gmail.com,7359935517,0,0
GUJARAT,Bharuch,ACTIVE POWER INFRA,activepowerinfra@gmail.com,7228828738,0,0
GUJARAT,Bharuch,ABS SOLAR ENERGY,abssolar16@gmail.com,7574010721,0,0
GUJARAT,Bharuch,AAYAL ENTERPRISE,piyushvaira_ae@outlook.com,9722686158,0,0
GUJARAT,Bharuch,AATREY SOLUTIONS,aatreysolutions@gmail.com,7698120241,0,0
GUJARAT,Bharuch,AATREY ASSOCIATES PRIVATE LIMITED,aatreyassociates@gmail.com,9824089144,0,0
GUJARAT,Bharuch,AASHA SOLAR ENERGY,aashasolarenergy1@gmail.com,7016775306,0,0
GUJARAT,Bharuch,AARUSH ENTERPRISE,info@aarushsolar.com,9724302078,0,0
GUJARAT,Bharuch,AARSUN ENERGY SOLUTIONS,aarsunenergy@gmail.com,8200328869,0,0
GUJARAT,Bharuch,AAROHI SOLAR ENERGY,pram8384@gmail.com,8347341291,0,0
GUJARAT,Bharuch,AARKA SOLAR AND AUTOMATION,aarkasolarandautomation@gmail.com,8511330941,0,0
GUJARAT,Bharuch,AARAMBH RENEWABLE,aarambhrenewable@gamil.com,8487861888,0,0
GUJARAT,Bharuch,AAPLUG SYSTEM,aaplugsystem@gmail.com,7434066394,0,0
GUJARAT,Bharuch,AAMOKSH ELECTRICALS PRIVATE LIMITED,hardik.pandya4166@gmail.com,9998367462,0,0
GUJARAT,Bharuch,AAKASH ENTERPRISES,Enterprise.aakash2010@gmail.com,8735074986,0,0
GUJARAT,Bharuch,AAJIVAN SOLAR POWER,aajivansolarpower@gmail.com,9106798337,0,0
GUJARAT,Bharuch,AAI SHREE KHODIYAR FEBRICATION,ASKF2024@GMAIL.COM,9725001682,0,0
GUJARAT,Bharuch,AADHYA SOLAR,jalpam.aadhyasolar@gmail.com,9426624423,0,0
GUJARAT,Bharuch,AA SOLAR,enquiry.aasolar@gmail.com,7984392322,0,0
GUJARAT,Bharuch,A S SOLAR ENTERPRISE,assolarenterprise@gmail.com,9510572504,0,0
GUJARAT,Bharuch,A S RENEWABLE ENERGY PRIVATE LIMITED,info@asre.co.in,9067207226,0,0
GUJARAT,Bharuch,A J INFRATECH AND SOLAR,aryanpatelvisnagar@gmail.com,9429083193,0,0
GUJARAT,Bharuch,A D ENERGY SOLUTIONS,adenergysolutions64@gmail.com,9924503387,0,0
GUJARAT,Bharuch,7 STAR SOLAR ENERGY,7STAR51751@GMAIL.COM,9624899019,0,0
GUJARAT,Bharuch,4THVED AGROTECH,4thvedagro@gmail.com,9377126082,0,0
GUJARAT,Bharuch,4SUN POWER,4sunpower.ahd@gmail.com,8000859548,0,0
