state,district,company_name,emails,contact_numbers,total_installed_capacity_kwp,no_of_installations
GUJARAT,Botad,SHREE MARUTI SOLAR ENERGY,shreemarutisolarenergy@gmail.com,8320045640,1763,524
GUJARAT,Botad,GREEN EARTH SOLAR,info.ges2015@gmail.com,9723076250,1726,505
GUJARAT,Botad,AMAR JYOT SPRAY PUMP,ajagriandsolar@gmail.com,9722227299,1690,492
GUJARAT,Botad,VIRAJBHAI VISUBHAI KHACHAR,gchauhan17388@gmail.com,9898986662,1074,306
GUJARAT,Botad,HARIOM ENGINEERING,hariomsolarbotad@gmail.com,8140771766,725,206
GUJARAT,Botad,MADHAV SOLAR ENERGY LIMITED (FORMERLY KNOWN AS MADHAV ENTERPRISE - SURAT),info@madhavsolarenergy.com,8849299212,701,203
GUJARAT,Botad,INFRAX INTERNATIONAL,info@infraxsolar.com,7778002780,588,172
GUJARAT,Botad,HARIOM ELECTRICS,manoj.patiwala.in@gmail.com,8140438508,613,169
GUJARAT,Botad,ADVANCE SOLAR,advancesolar139@gmail.com,7698756075,481,136
GUJARAT,Botad,SHREEJI GRIN SOLAR,shrijigreensolar@gmail.com,7203005770,468,134
GUJARAT,Botad,ITALIYA SOLAR,italiyasolar@gmail.com,9909284408,411,122
GUJARAT,Botad,KSQUARE ENERGY PVT LTD,projects@ksquareenergy.com,9725218150,411,118
GUJARAT,Botad,GLOBAL SOLAR ENERGY,globalsolar99@gmail.com,8866190358,396,115
GUJARAT,Botad,LIPO TECHNOLOGY PRIVATE LIMITED,kalpesh@lipotechnology.in,9722266550,399,113
GUJARAT,Botad,YOG ENTERPRISE,yogenterprise.vallabhipur@gmail.com,7600790079,395,110
GUJARAT,Botad,PRACHI GREEN GREEN ENERGY PVT LTD,prachigreenenergy@gmail.com,9737830854,368,106
GUJARAT,Botad,MITRA RENEWABLE ENERGY,mitra.renewable@gmail.com,9824792815,347,105
GUJARAT,Botad,JANTA RENEWABLE ENRGY,jantarenewableenergy@gmail.com,9898897373,354,102
GUJARAT,Botad,INFINITY SOLAR - SURAT,infinity.solar01@gmail.com,8866860686,231,69
GUJARAT,Botad,SOL MAX SOLUTION,mpboricha111@gmail.com,9429343757,238,67
GUJARAT,Botad,SHREE KHODIYAR REFRIGERATION SALES AND SERVICE,shreekhodiyarref85@gmail.com,9825289293,226,67
GUJARAT,Botad,SYNCHRO ENERGY,synchroenergy389@gmail.com,9974737316,203,58
GUJARAT,Botad,CAPTAIN POLYPLAST LIMITED,solar@captainpolyplast.in,9313925889,185,55
GUJARAT,Botad,ARETE ELECTROPOWER PVT LTD,projects@arelectropower.com,9099940283,180,54
GUJARAT,Botad,RAYSOLAR ENERGY SOLUTIONS PRIVATE LIMITED,raysolarenergysolutions@gmail.com,7874390654,181,53
GUJARAT,Botad,KESARI SOLAR,kesarisolar2322@gmail.com,8780553703,168,50
GUJARAT,Botad,SUNCELL SOLAR LLP,suncellsolarenergy@gmail.com,9512668884,168,49
GUJARAT,Botad,OMEGA POWER,omegapower2018@gmail.com,7990226349,154,47
GUJARAT,Botad,MADHVAN POLYPLAST PVT. LTD.,cmp.madhavanpolyplast@gmail.com,9104306162,130,42
GUJARAT,Botad,GREENERA ENERTECH PVT LTD,greenera.solarenergy@gmail.com,9427726620,139,42
GUJARAT,Botad,SOLISTA ENERGY,solistaenergy8@gmail.com,9106194946,134,40
GUJARAT,Botad,SOLAR ACE,project.solarace@gmail.com,9909037803,135,40
GUJARAT,Botad,ARKAY ICONIC PRIVATE LIMITED,arkaysolar@gmail.com,8401236600,132,40
GUJARAT,Botad,ETECH ENERGY,admin@etechenergy.com,9328509877,110,34
GUJARAT,Botad,KHODAL CORPORATION,khodalcorporation10@gmail.com,9974129558,113,33
GUJARAT,Botad,GREEN ENERGY - RAJKOT,greenenergy123@gmail.com,9428010202,110,31
GUJARAT,Botad,SAURASHTRA SOLAR SERVICES LLP,SaurashtraSolar.Gujrat@gmail.com,9925448033,108,30
GUJARAT,Botad,PATEL GREEN ENERGY SALES AND SERVICE,patelgreenenergyinfo@gmail.com,9427412983,95,27
GUJARAT,Botad,KARTAVY AGROTECH,kartavysolar@gmail.com,9426465233,88,27
GUJARAT,Botad,SKY BLUE SOLAR,skybluesolar56@gmail.com,9824965349,94,26
GUJARAT,Botad,DINESHBHAI CHATURBHAI NANDANA,nandanadinesh62@gmail.com,6351782902,91,25
GUJARAT,Botad,VASANI SOLAR SOLUTION,vasani.solar.solution@gmail.com,9998404646,79,22
GUJARAT,Botad,AMPERE GREEN ENERGY,amperegreenenergy@gmail.com,9033116472,73,22
GUJARAT,Botad,INFRAX RENEWABLE LIMITED,pmsg@infraxrenewable.com,9033260985,71,21
GUJARAT,Botad,SATYAM SALES,kishanagroagencyamreli@gmail.com,9825360183,67,20
GUJARAT,Botad,SHIVAM PHOTOVOLTICS PVT LTD,tenders@spvpl.com,9426023829,61,19
GUJARAT,Botad,MK ELECTRICAL AND CO,mkelectrical.co@gmail.com,8866525483,64,18
GUJARAT,Botad,SUNSHINE SOLAR,sunshinesolarsurat@gmail.com,9537733133,58,17
GUJARAT,Botad,SOLARIUM GREEN ENERGY LIMITED,np@solariumenergy.in,9687133338,57,17
GUJARAT,Botad,RK SUN POWER LLP,rksunpowertrading@gmail.com,9913785000,63,17
GUJARAT,Botad,HARSH COMMUNICATION,harshcomm.solar@gmail.com,9137373727,59,17
GUJARAT,Botad,GREENTECH POWER ENERGY,greentechpowerenergy2020@gmail.com,9924070070,58,17
GUJARAT,Botad,BHANU PV SOLAR PVT LTD,bhanupvsolarpvtltd@gmail.com,9510398989,59,17
GUJARAT,Botad,DIGI SOLAR ENERGY,digisolarenergy@gmail.com,9687818686,56,16
GUJARAT,Botad,BRAHMANI ELECTRICS,brahmanielectrics1987@gmail.com,9429758674,49,15
GUJARAT,Botad,SOLSKIN ENERGY LLP,solskinenergy@gmail.com,8128988878,49,14
GUJARAT,Botad,SCION POWER,scionpower@yahoo.com,7043511106,46,14
GUJARAT,Botad,PATIDAR ENTERPRISE,patidarenterprise13@gmail.com,8980312782,49,14
GUJARAT,Botad,FLAME SOLREN PRIVATE LIMITED,operations@flamesolren.com,8849478907,48,14
GUJARAT,Botad,CREST ENERGY SOLUTIONS,crestenergysolutions@gmail.com,9327415839,49,14
GUJARAT,Botad,SHREERAM ENTERPRISE,shreeramvalbhi7@gmail.com,8154845959,41,12
GUJARAT,Botad,SAUR SOLAR SOLUTION LLP,piyushpatel1974@gmail.com,9909417258,35,11
GUJARAT,Botad,GROWSUN RENEWABLE LLP,info.growsunrenewablellp@gmail.com,9925590193,36,11
GUJARAT,Botad,FERUS ENERGIES CO,info@ferusenergies.com,9913341342,38,11
GUJARAT,Botad,URATOM SOLAR INDIA PVT LTD,pv@uratom.com,9925099249,32,10
GUJARAT,Botad,SHREE HARI SOLAR,patelravit1@gmail.com,9819049759,32,10
GUJARAT,Botad,GALAXY ENERGY SOLUTION,galaxyenergysolution@protonmail.com,9428158678,36,10
GUJARAT,Botad,AUSTRALIAN PREMIUM SOLAR INDIA PVT LTD,systems@australianpremiumsolar.co.in,7966006600,34,10
GUJARAT,Botad,ARKAY SOLAR ENERGY LLP,arkaysolar02@gmail.com,9737636600,32,10
GUJARAT,Botad,APS ROOFTOP SOLAR PRIVATE LIMITED,info@apsrooftopsolar.co.in,7966009900,34,10
GUJARAT,Botad,PRAYOSHAM SOLAR ENERGY,jayrajp880@gmail.com,9574242883,32,9
GUJARAT,Botad,PERFECT RENEWTECH PRIVATE LIMITED,info@perfectrenewtech.com,9965200700,31,9
GUJARAT,Botad,GOPAL ENTERPRISE,gokulbharvad@gmail.com,9727756664,30,9
GUJARAT,Botad,POWERSHINE ENERGY,powershineenergy1993@gmail.com,9723096888,26,8
GUJARAT,Botad,CEYONE SOLAR,ceyonesolar@gmail.com,7567091000,26,8
GUJARAT,Botad,U R ENERGY INDIA PVT LTD,india@urenergyglobal.com,9512040442,23,7
GUJARAT,Botad,RELIABLE ELECTRIX,reliableelectrix@gmail.com,9925448033,22,7
GUJARAT,Botad,ND ENERGY INDIA PRIVATE LIMITED,ndenergyindia@gmail.com,8000001124,23,7
GUJARAT,Botad,JAY AMBE GREEN ENERGY,jayambegreenenergy@gmail.com,9824328725,21,6
GUJARAT,Botad,HEAVEN GREEN ENERGY LTD. (FORMERLY KNOWN AS HEAVEN SOLAR ENERGY PVT LTD),heavensolarenergy@gmail.com,9979532167,22,6
GUJARAT,Botad,BHANU ENTERPRISES,akkothari1964@gmail.com,9263635946,20,6
GUJARAT,Botad,ANUPAM SMART ENERGY SOLAR,anupamsmartenergy@gmail.com,9601719818,20,6
GUJARAT,Botad,4THVED AGROTECH,4thvedagro@gmail.com,9377126082,20,6
GUJARAT,Botad,VASHRAMBHAI LAKHABHAI GHED,satrang.com@gmail.com,9624152555,18,5
GUJARAT,Botad,SOLEOS GREEN ENERGY PRIVATE LIMITED,pruthvi@soleos.in,9512448900,20,5
GUJARAT,Botad,SANELITE SOLAR PVT LTD,bhavesh.modi@sanelitesolar.com,9374021722,16,5
GUJARAT,Botad,PRAYOSHA CORPORATION,prayoshacorporation.india@gmail.com,9825390162,16,5
GUJARAT,Botad,MANYAH ENERGY PVTLTD,manyahenergy@gmail.com,9925065224,14,5
GUJARAT,Botad,LGM ENERGY AND INFRACON LLP,lgmenergyandinfraconllp@gmail.com,7574000906,16,5
GUJARAT,Botad,KAIZEN ENERGY,info.kaizenenergy@gmail.com,8347424158,16,5
GUJARAT,Botad,JAI SOMNATH ENTERPRISE,msjaisomnathenterprise@gmail.com,9979990909,17,5
GUJARAT,Botad,BAPA SITARAM SOLAR POWER PVT LTD,bapasitaramsolarpower@gmail.com,8511362222,18,5
GUJARAT,Botad,ZODIAC ENERGY LIMITED,info@zodiacenergy.com,7861852582,15,4
GUJARAT,Botad,VRTECH ENERGY,vrtechenergy20@gmail.com,9157988889,13,4
GUJARAT,Botad,VIABLE SOLAR,viable.solar9990@gmail.com,9913344841,12,4
GUJARAT,Botad,UNIQUE SOLAR SERVICE,UNIQUESOLARSERVICERAJKOT@GMAIL.COM,7046082382,13,4
GUJARAT,Botad,SURYASIDDHI ENERGY SOLUTION PRIVATE LIMITED,suryasiddhienergysolutions@gmail.com,8460641891,12,4
GUJARAT,Botad,SURYA SHAKTI SOLAR,suryashaktisolar09@gmail.com,7567992734,16,4
GUJARAT,Botad,SUNBOOST PRIVATE LTD,info@sunboostenergy.com,9104227788,13,4
GUJARAT,Botad,SHINE ENERGY SOLUTION,info@shineenergysolution.in,9687959342,12,4
GUJARAT,Botad,PROMECH SOLAR ENERGY,promechsolarenergy@gmail.com,9662026679,13,4
GUJARAT,Botad,J S COMPANY,jscompany9@gmail.com,7990307424,12,4
GUJARAT,Botad,GETWAY ENERGY,getwayenergy@gmail.com,9925827815,13,4
GUJARAT,Botad,ENJOY TECHNOLOGY,care.enjoytechnology@gmail.com,9727718887,15,4
GUJARAT,Botad,CHEMITEX EXPORTS PVT LTD,shrijichem@hotmail.com,9099940535,12,4
GUJARAT,Botad,ADINSON ENERGY LLP,adinsonenergy2022@gmail.com,9724272728,16,4
GUJARAT,Botad,AARU SOLAR PRIVATE LIMITED,sharad.aarusolar@gmail.com,9427954432,16,4
GUJARAT,Botad,VIDE ENERGY,ankita.videenergy@gmail.com,9712668268,9,3
GUJARAT,Botad,TROM INDUSTRIES LIMITED,marketing@tromsolar.in,9081017444,11,3
GUJARAT,Botad,SHIVAM ELECTRICAL,kaushaldave2@gmail.com,9687575600,10,3
GUJARAT,Botad,SHIV SHAKTI ELECTROTECH PRIVATE LIMITED,purchase.sselectrotech@gmail.com,9099516178,9,3
GUJARAT,Botad,RVMOVALIYA CONSTRUCTION CO,rvmovaliya.solarenergy@gmail.com,9724543742,10,3
GUJARAT,Botad,RAJKOT E-BIKES AND SOLAR,rajkotebikesandsolar@gmail.com,8306020890,9,3
GUJARAT,Botad,RADHE ELECTRICAL,radheelectrical24@gmail.com,9601294783,9,3
GUJARAT,Botad,PAHAL SOLAR EPC LLP,avinash@pahalsolar.com,9512323223,9,3
GUJARAT,Botad,MITRAY ENGINEERING,mitray.engineering@gmail.com,7621895796,12,3
GUJARAT,Botad,MAPS TECHNO SOLUTIONS,mapstechnosolutions@gmail.com,9974386038,11,3
GUJARAT,Botad,JJ PV SOLAR PRIVATE LIMITED,rajesh@jjpvsolar.com,9904809006,10,3
GUJARAT,Botad,GOLDI SOLAR PRIVATE LIMITED,info@goldisolar.com,7211134134,9,3
GUJARAT,Botad,EMISUN SOLAR PVT LTD,care@emisun.in,9510777984,9,3
GUJARAT,Botad,DRAYS ENERGY SOLUTIONS,draysenergy@gmail.com,7802893258,9,3
GUJARAT,Botad,DEVDEEP ELECTRICALS,devdeepelectricals@gmail.com,9726879009,9,3
GUJARAT,Botad,BHAVI URJA,bhaviurja@gmail.com,9377359007,11,3
GUJARAT,Botad,AVIRAT ENERGY PVT LTD,aviratenergy@gmail.com,9697443344,9,3
GUJARAT,Botad,ZEEPO ELECTRICAL SERVICES PRIVATE LIMITED,zeepoelectricalservices@gmail.com,9664823942,6,2
GUJARAT,Botad,VEER SOLAR GREEN ENERGY,veersolar2024@gmail.com,8347173977,6,2
GUJARAT,Botad,ULTRASUN ENERGY,info@ultrasunenergy.com,9909911071,7,2
GUJARAT,Botad,TERAIYA ENTERPRISE,teraiyaenterprise@gmail.com,8780802225,7,2
GUJARAT,Botad,SURYAKAMAL INFRA PVT.LTD.,sales@suryakamalinfra.com,9727756866,7,2
GUJARAT,Botad,SOULSHINE RENEWABLE ENERGY,epc.soulshine@gmail.com,9913895893,5,2
GUJARAT,Botad,SHREE RAM SOLAR,shreeramsolar12@gmail.com,9726671212,7,2
GUJARAT,Botad,RIDHAM ENTERPRISE,ridhamenterprise770@gmail.com,6351158633,7,2
GUJARAT,Botad,REDREN ENERGY PVT LTD,rooftop@redren.in,9104591041,6,2
GUJARAT,Botad,NAVKAR POWER SOLUTIONS,contact@navkarpower.co.in,9879613334,6,2
GUJARAT,Botad,MANGROLIYA NIKUNJ J.,nikunjmangroliya54@gmail.com,8866685082,7,2
GUJARAT,Botad,MADHAV TECHNICALS,madhavtechnicals@gmail.com,9737384121,5,2
GUJARAT,Botad,KOSOL ENERGIE PVT. LTD.,bharat@sunray.co.in,8799696356,6,2
GUJARAT,Botad,JAFFINS ENTERPRISE,solarbhavnagar@gmail.com,9375465252,6,2
GUJARAT,Botad,HILTON RENEWABLES,hiltonrenewables.amr@gmail.com,8181080800,6,2
GUJARAT,Botad,HARSIDDHI ENGINEERING WORKS,harsiddiengineering@yahoo.com,9428342940,7,2
GUJARAT,Botad,GLOBAL ENTERPRISE,globalsolarent@gmail.com,9924900304,6,2
GUJARAT,Botad,ENERSOL SOLUTIONS LLP,karan@enersol.co.in,7069555533,6,2
GUJARAT,Botad,VALAM ENTERPRISE,valamenterprise007@gmail.com,9824881693,3,1
GUJARAT,Botad,TRINITY RENEWABLE ENERGY,info.trinityrenewableenergy@gmail.com,9227000392,3,1
GUJARAT,Botad,TOPCON SOLAR ENERGY,topconsolarenergy@gmail.com,9081773500,3,1
GUJARAT,Botad,TARA SOLAR ENERGY,tara.solar.2111@gmail.com,9408966600,3,1
GUJARAT,Botad,SUNSHREE SOLAR,sunshreesolar@gmail.com,9157838777,3,1
GUJARAT,Botad,SUNREST INFRA ENERGY,sunrestinfraenergy@gmail.com,9638063381,6,1
GUJARAT,Botad,SOLMECH ENERGY,solmechenergy@gmail.com,9998930960,4,1
GUJARAT,Botad,SOLIS ENERGY SYSTEM,bhargavpaneliya@solisenergysystem.com,9601270077,3,1
GUJARAT,Botad,SOLAR SMART PVT LTD,solarsmart2021@gmail.com,7284000580,3,1
GUJARAT,Botad,SOLAR CLEAN ENERGY,socleanenergy@gmail.com,6354418196,3,1
GUJARAT,Botad,SMART SOLAR ENERGY,smartsolarenergy8542@gmail.com,7435907512,3,1
GUJARAT,Botad,SMART ENERGY SOLUTIONS,smartenergysolutions99@gmail.com,8511495982,2,1
GUJARAT,Botad,SKYVIEW POWER,skyviewpower17@gmail.com,8140055305,3,1
GUJARAT,Botad,SHRIJI ENERGY,shrijienergy@gmail.com,9909930405,3,1
GUJARAT,Botad,SHRI MARUTI ENTERPRISE,tdoshi76@gmail.com,9428358150,3,1
GUJARAT,Botad,SHREEJI SOLAR & SERVICES,NILVADERA141@GMAIL.COM,9106331904,3,1
GUJARAT,Botad,SHREEJI ENTERPRISE-SURAT,epc.solar@shreejiconstruction.com,9825108890,3,1
GUJARAT,Botad,SHREEJI ELECTRICAL - ISANPUR,shreejielec312@yahoo.com,9408197081,3,1
GUJARAT,Botad,SHIVAY SOLAR ENERGY PRIVATE LIMITED,sanjay1482@gmail.com,7490013700,3,1
GUJARAT,Botad,SHIV POWER,shivpowerimpex@gmail.com,9825511115,3,1
GUJARAT,Botad,SHAKTI ENTERPRISE,shaktienterprise082025@gmal.com,8511288555,4,1
GUJARAT,Botad,SAHAYOG ENERGY,sahayogenergy@gmail.com,9429124424,4,1
GUJARAT,Botad,ROYAL POWER MART,royalmotormart1@gmail.com,9825440269,3,1
GUJARAT,Botad,RENEWZA ENERGY,renewzaenergy@gmail.com,8511148225,3,1
GUJARAT,Botad,PATEL SOLAR,patelsolarmahuva@gmail.com,9825353092,4,1
GUJARAT,Botad,P V ENERGY,pvenergy999@gmail.com,9924195999,3,1
GUJARAT,Botad,ONEVOLT GREEN PVT LTD,onevoltgreens@gmail.com,9925292721,3,1
GUJARAT,Botad,NP RENEWABLE ENERGY,nprenewableenergy@gmail.com,7016917174,3,1
GUJARAT,Botad,NIL ENGINEERING,nil.engineering@yahoo.com,9228387183,3,1
GUJARAT,Botad,NEXUS RENEWTECH,nexusrenewtech@gmail.com,8849277955,3,1
GUJARAT,Botad,MEGHAL POWER,meghalpower23@gmail.com,9712726390,3,1
GUJARAT,Botad,MARUTI SUNSOLREN,marutisunsolren@gmail.com,8238145153,2,1
GUJARAT,Botad,MADHULI CORPORATION,madhulicorporation@gmail.com,9904990630,3,1
GUJARAT,Botad,KP GREEN ENERGY,kpgreenenergy46@gmail.com,7048370774,3,1
GUJARAT,Botad,KOMAL ELECTRIC,chetanramprasadi@gmail.com,9825047503,3,1
GUJARAT,Botad,JAY ADITYA SOLAR,darshit.dj619@gmail.com,8160931631,3,1
GUJARAT,Botad,J P ENTERPRISE,jpenterprise2007@gmail.com,9824220210,3,1
GUJARAT,Botad,INFINITY SOLAR - RAJKOT,infinitysolar2022@gmail.com,7201070799,3,1
GUJARAT,Botad,HARISH ENGINEERING WORKS,harish.engg91@gmail.com,9428618859,3,1
GUJARAT,Botad,GUJARAT SOLAR ENERGY,gujaratsolarenergy010@gmail.com,9898472919,3,1
GUJARAT,Botad,GRIWA INTERNATIONAL LLP,prakashkoriya17@gmail.com,8200988481,4,1
GUJARAT,Botad,GHANSHYAM SOLAR ENERGY,ghanshyam.solar.energy@gmail.com,9510734317,3,1
GUJARAT,Botad,EARTHWAVE TECHNOLOGY PRIVATE LIMITED,EARTHWAVETECHNOLOGY@GMAIL.COM,9426373334,3,1
GUJARAT,Botad,DELICATE SOLAR PRIVATE LIMITED,gabanijemish3@gmail.com,8238340836,3,1
GUJARAT,Botad,D-LIGHT SOLAR ENERGY LLP,epc@dlightsolarenergy.in,9898511535,3,1
GUJARAT,Botad,CORWIND RENERGY LLP,corwind.renergy@gmail.com,9428490118,3,1
GUJARAT,Botad,BHAGWATI ELECTRICALS,bhagwatielectricals99091@gmail.com,7990883575,3,1
GUJARAT,Botad,ARENA AUTOMATION,arenaautomationb@gmail.com,9904018887,3,1
GUJARAT,Botad,ALFA SOLAR ENERGY PVT. LTD.,alfaenergypvtltd24@gmail.com,9825374299,3,1
GUJARAT,Botad,AKV ENERGY SOLUTIONS,akvenergysolutions@gmail.com,9033401435,3,1
GUJARAT,Botad,AIRSUN SOLAR ENERGY LLP,jatin@airsunsolarenergy.in,8799571627,5,1
GUJARAT,Botad,AARUSH ENTERPRISE,info@aarushsolar.com,9724302078,3,1
GUJARAT,Botad,ZY ENTERPRISE,zyenterprise12@gmail.com,8460313094,0,0
GUJARAT,Botad,ZUNROOF TECH PVT LTD,gosolar@zunroof.com,9205893368,0,0
GUJARAT,Botad,ZMR ENERGY INCORPORATION,zmrenergyincorporation@gmail.com,9924818113,0,0
GUJARAT,Botad,ZENITH SUNSPARK,zenithsunspark@gmail.com,8140946909,0,0
GUJARAT,Botad,ZAVICH INFRASTRUCTURE AND POWER PVT LTD,zavichinfra@gmail.com,9106129608,0,0
GUJARAT,Botad,ZALA HAKUBHA NARSISINH,solar.hakubha1508@gmail.com,9925103777,0,0
GUJARAT,Botad,YUVARAYS SOLAR,yuvarayssolar@gmail.com,9824624497,0,0
GUJARAT,Botad,YUVAAN ENERGY PRIVATE LIMITED,sales@yuvaanenergy.com,9825045890,0,0
GUJARAT,Botad,YUG SOLAR,yugsolar@gmail.com,6359410052,0,0
GUJARAT,Botad,YOGI BATTERY CENTRE,yogipowersystem@yahoo.co.in,9824088156,0,0
GUJARAT,Botad,YELLOWFELLOW ENERGIES LLP,viraj@yellowfellow.in,8200955676,0,0
GUJARAT,Botad,YELLOWCREST ENERGY LLP,yellowcrestenergy@gmail.com,9904675445,0,0
GUJARAT,Botad,YELLOW RAY SOLAR,yellowraysolar@gmail.com,9427443581,0,0
GUJARAT,Botad,YASHVI ENTERPRISE,yashvientsami@gmail.com,8849331593,0,0
GUJARAT,Botad,YASHONAND ELECTRO SERVICE PVT LTD,yashonand2022@gmail.com,9157197171,0,0
GUJARAT,Botad,YAGNIKKUMAR VALLABHBHAI SAVALIYA,yagniks1999@gmail.com,9409326590,0,0
GUJARAT,Botad,Y CAME SYSTEMS,ycamesystem009@gmail.com,8320408867,0,0
GUJARAT,Botad,WISEN ENERGY LLP,info@wisenenergyllp.com,9016979007,0,0
GUJARAT,Botad,WISE GOAL SERVICES PRIVATE LIMITED,hr.wisegoal@gmail.com,7567161902,0,0
GUJARAT,Botad,WHITESUN GREEN ENERGY PRIVATE LIMITED,rakesh.bhudia14@hotmail.com,8511740671,0,0
GUJARAT,Botad,WHITEDESERT POWER PROJECTS PVT. LTD.,wdplnkt@gmail.com,9427760723,0,0
GUJARAT,Botad,VSG ENTERPRISE,SURYAKANTGORASIYA3024@GMAIL.COM,9979632447,0,0
GUJARAT,Botad,VRUND ENERGY,vrundenergy@gmail.com,9574779572,0,0
GUJARAT,Botad,VRAJ ENTERPRISE,vrajsolarsolutions@gmail.com,8140000903,0,0
GUJARAT,Botad,VR ENERGY,vrenergy4@gmail.com,9924390293,0,0
GUJARAT,Botad,VOLTEX SOLUTION,info.voltexsolution@gmail.com,9104629229,0,0
GUJARAT,Botad,VOLTECH ELECTRICALS,voltechelectricals156@gmail.com,7567771900,0,0
GUJARAT,Botad,VOLT'S LEGACY ENERGY SOLUTION,contact@voltslegacy.com,9998765059,0,0
GUJARAT,Botad,VOLLT SOLAR ENERGY,volltsolar@gmail.com,8128550011,0,0
GUJARAT,Botad,VMD SOLAR ENERGY PRIVATE LIMITED,info@vmdsolarenergy.com,9974095302,0,0
GUJARAT,Botad,VIYA ELECTRIC PRIVATE LIMITED,info@viyaelectric.com,9033092026,0,0
GUJARAT,Botad,VIVAN ENERGY,vivanenergy09@gmail.com,9979890230,0,0
GUJARAT,Botad,VIVAAN INFRA,info@vivaaninfra.in,9909916448,0,0
GUJARAT,Botad,VITRAG TECHNO PRIVATE LIMITED,ad.vitragsolar@gmail.com,7778882668,0,0
GUJARAT,Botad,VISWAN ENERGY SOLUTIONS,viswanenergy@gmail.com,8866641649,0,0
GUJARAT,Botad,VISION SOLAR,visionenergy196@gmail.com,6351131196,0,0
GUJARAT,Botad,VISION INFOSYS,info@vision-infosys.in,9825061749,0,0
GUJARAT,Botad,VISHWASH ENTERPRISE,vishwashenterprise2422@gmail.com,6355098324,0,0
GUJARAT,Botad,VISHWAKARMA ELECTRICALS,info.vishwakarmaelectricals@gmail.com,9426730030,0,0
GUJARAT,Botad,VISHWA SOLAR EXPERT,vishwasolar68@gmail.com,9724968018,0,0
GUJARAT,Botad,VISHVAM POWER PRIVATE LIMITED,vishvampowerpl@gmail.com,9723191446,0,0
GUJARAT,Botad,VISAKA GREEN PRIVATE LIMITED,vsolar@visaka.in,8770905614,0,0
GUJARAT,Botad,VIRTA ENTERPRISE,INFO.VIRTAENTERPRISE@GMAIL.COM,7698432673,0,0
GUJARAT,Botad,VIRAT CONSTRUCTION CO,info@viratconstruction.com,9909950605,0,0
GUJARAT,Botad,VINARA SOLUTIONS,vinarasolutions@gmail.com,8320754771,0,0
GUJARAT,Botad,VIMAL ELECTRONICS,kcpatel@vimalelectronics.com,9099777176,0,0
GUJARAT,Botad,VIJAY SOLAR ENERGY,vijaysolarenergy940@gmail.com,6351211549,0,0
GUJARAT,Botad,VIJAY ELECTRIC COMPANY,vijayelectricco@rediffmail.com,8200337720,0,0
GUJARAT,Botad,VIDHYUT SOLAR,vidhyutsolarenergy@gmail.com,8347838900,0,0
GUJARAT,Botad,VIBRANT SOLAR SYSTEMS,sales.vibrantsolar@gmail.com,9408330692,0,0
GUJARAT,Botad,VIA ELECTRIC,hello.viaelectric@gmail.com,9925203764,0,0
GUJARAT,Botad,VERTEX SOLAR SOLUTIONS PVT LTD,vertexnad@gmail.com,8758614088,0,0
GUJARAT,Botad,VENUS ENTERPRISE,venusenergy2228@gmail.com,7990678583,0,0
GUJARAT,Botad,VENTURE SOLAR SOLUTION,info@venturesolarsolution.com,9979632050,0,0
GUJARAT,Botad,VEERASOL TECHNOLOGY,info@veerasol.com,9558899931,0,0
GUJARAT,Botad,VEE SECURE,veesecure.in@gmail.com,9825070982,0,0
GUJARAT,Botad,VEDA ENTERPRISE,info.vedaenterprise@gmail.com,8401103393,0,0
GUJARAT,Botad,VECTON ENERGY,vectonenergy@gmail.com,8000140159,0,0
GUJARAT,Botad,VCL ENERGY,vclenergy777@gmail.com,9825492605,0,0
GUJARAT,Botad,VASUSENA SOLAR ENERGY,vasusenasolarenergy07@gmail.com,9265356623,0,0
GUJARAT,Botad,VARUN ENGINEERING,varunpatel2027@gmail.com,9727854101,0,0
GUJARAT,Botad,VARRCHASVA ENERGY PRIVATE LIMITED,vaibhav@varrchasva.com,9100520101,0,0
GUJARAT,Botad,VARIZONE SOLAR PRIVATE LIMITED,varizonesolar@gmail.com,9426111113,0,0
GUJARAT,Botad,VARDHAN SALES,vardhansolar91@gmail.com,9512020935,0,0
GUJARAT,Botad,VAKRATUND INNOVATION PRIVATE LIMITED,operation@vakratundinnovation.com,6351039120,0,0
GUJARAT,Botad,VAIJNATH GLOBAL,vaijnathglobal@gmail.com,9106991946,0,0
GUJARAT,Botad,VAGHASIA HITESH B,vaghasia_hitesh@yahoo.com,9979773121,0,0
GUJARAT,Botad,VAATI POWER,vaatipower@gmail.com,9510010005,0,0
GUJARAT,Botad,VA PATEL INFRA PRIVATE LIMITED,mayurdhavajsinhgohil00@gmail.com,9428269204,0,0
GUJARAT,Botad,V-GUARD INDUSTRIES LIMITED,solar@vguard.in,9895550313,0,0
GUJARAT,Botad,V SOLAR,vsolar8521@gmail.com,7698297821,0,0
GUJARAT,Botad,V POWER SOLAR SERVICES,vpowersolarservices@gmail.com,9904254440,0,0
GUJARAT,Botad,UVR TECHSOL PRIVATE LIMITED,uvrtechsol@gmail.com,9227106799,0,0
GUJARAT,Botad,UTSAV TECHNO ENTERPRISE,utsavtechnoenterprise@gmail.com,7046612340,0,0
GUJARAT,Botad,URJASTROT PRIVATE LIMITED,urjastrotenterprise@gmail.com,7621010012,0,0
GUJARAT,Botad,URJA GLOBAL LIMITED,bhagwan.verma@urjaglobal.in,7290005823,0,0
GUJARAT,Botad,URJA ELECTRICALS,urja.electricals.dhg@gmail.com,8469551508,0,0
GUJARAT,Botad,UPVOLTAGE SOLUTIONS LLP,upvoltagesolutions@gmail.com,7990618259,0,0
GUJARAT,Botad,UNIVERSE ENTERPRISE,muljinakum1103@gmail.com,7878789968,0,0
GUJARAT,Botad,UNITY ENERGY SOLUTION,unityenergysolution@gmail.com,9099094027,0,0
GUJARAT,Botad,UNIQUE ELECTRICAL,sales.epc2016@gmail.com,9099000148,0,0
GUJARAT,Botad,UNICORN ENTERPRISE,unicornsolarvyara@gmail.com,8200121328,0,0
GUJARAT,Botad,UNICORN ELECTRICALS AND PROJECTS,unicornelectricals20@gmail.com,9510968626,0,0
GUJARAT,Botad,UNICON ENERGY,info@uniconenergy.com,9974545444,0,0
GUJARAT,Botad,UMIYA ENTERPRISE - NARODA,umiyaenterprise1981@gmail.com,9725033295,0,0
GUJARAT,Botad,UMA POWER SOLUTIONS,umapowersolution@gmail.com,9638953281,0,0
GUJARAT,Botad,ULTRAVIOLET SOLAR PVT.LTD.,info@uvrays.co.in,7878699099,0,0
GUJARAT,Botad,ULTRA RAYS ENERGY SOLUTION,ultrarays2019@gmail.com,7984482472,0,0
GUJARAT,Botad,UKEL AUTOMATION LLP,ukelautomation@gmail.com,9998008889,0,0
GUJARAT,Botad,UJALA COMPANY,ujalasolarcompany@gmail.com,7874157474,0,0
GUJARAT,Botad,UDB ENERGY PVT. LTD.,udbenergypvtltd@gmail.com,7077014714,0,0
GUJARAT,Botad,TVARIT ENERGY LLP,meet@tvritenergy.in,8511600853,0,0
GUJARAT,Botad,TULAJA ENTERPRISE,tulajaenterprise@gmail.com,9904866630,0,0
GUJARAT,Botad,TRIZONE POWER,trizonepower05@gmail.com,9638052084,0,0
GUJARAT,Botad,TRIDENT POWER,trident.power24@gmail.com,7698264402,0,0
GUJARAT,Botad,TRADE X,tradex.solarenergy22@gmail.com,9106834748,0,0
GUJARAT,Botad,TOUCHCORE CONSULTANCY,touchcore27@gmail.com,9909284285,0,0
GUJARAT,Botad,TIRUPATI SOLAR,tirupatisolar@hotmail.com,7043343509,0,0
GUJARAT,Botad,THE WOLT TECHNIQUES,director@woltsolarproducts.com,9904238777,0,0
GUJARAT,Botad,THE SHIVSHAKTI ENTERPRISE,Shivshakti2688@gmail.com,9913418634,0,0
GUJARAT,Botad,THE MOON KNIGHT,themoonknight913@gmail.com,9081313777,0,0
GUJARAT,Botad,THE MECHTECH SOLUTIONS,themechtechsolutions@gmail.com,9714928728,0,0
GUJARAT,Botad,TEJ ENERGY LLP,director@tejenergy.com,9426856508,0,0
GUJARAT,Botad,TECHSUNBIO GREEN ENERGY PRIVATE LIMITED,info@techsunbio.com,9925336536,0,0
GUJARAT,Botad,TECHNOVATIVE GREEN ENERGY SOLUTIONS,technovativesolar@gmail.com,6354031108,0,0
GUJARAT,Botad,TECHNOGOODS ENTERPRISES,TechnoGoods@outlook.com,9904709693,0,0
GUJARAT,Botad,TECHNOCRATS ENGINEERS,technocratsengineers007@gmail.com,9974214007,0,0
GUJARAT,Botad,TECHNOCELL INDUSTRIAL SERVICES,skg23aqua@yahoo.in,9979348446,0,0
GUJARAT,Botad,TECHNO POWER,technopower0001@gmail.com,8200360798,0,0
GUJARAT,Botad,TECHNO ELECTRONICS,sales@technopower.co.in,9825236894,0,0
GUJARAT,Botad,TATVAM INDUSTRIES,parth.tatvam@protonmail.com,7990101643,0,0
GUJARAT,Botad,TATSAT NRGS,tatsatnrgs@gmail.com,7984576567,0,0
GUJARAT,Botad,TARUN AND CO,taruncopwr@gmail.com,9879534866,0,0
GUJARAT,Botad,TAPTI SOLAR,taptisolar@gmail.com,9157028811,0,0
GUJARAT,Botad,TAJ ELECTRICALS,tajelectricals.daman@gmail.com,9824790965,0,0
GUJARAT,Botad,TAIYO SOLAR SYTEM INTEGRATOR LLP,info@taiyosolar.co.in,9825324580,0,0
GUJARAT,Botad,SYSTEM RENEWABLE ENERGY,nbagwan8@gmail.com,9662361740,0,0
GUJARAT,Botad,SYSTEM LEVEL SOLUTIONS INDIA PVT LTD,sales@getsunsights.com,7486992856,0,0
GUJARAT,Botad,SYNNOVE POWER TECHNOLOGY,synnovepowertechnology@gmail.com,9033346701,0,0
GUJARAT,Botad,SWEV INDIA PVT LIMITED,swevindia@gmail.com,7984328691,0,0
GUJARAT,Botad,SWASTIK SOLAR SYSTEM,swastiksolar07@gmail.com,9712412011,0,0
GUJARAT,Botad,SWARG INDUSTRIES PVT LTD,info@swargworld.com,9824999527,0,0
GUJARAT,Botad,SWAMI INTEGRATOR AND CONSULTANTS LLP,sanjib@swamisolar.com,8980800743,0,0
GUJARAT,Botad,SWAMI ENERGY,jigar.swamienergy@gmail.com,9725451293,0,0
GUJARAT,Botad,SUTARIAS SOLUTIONS PRIVATE LTD,sspl.hasmukh@gmail.com,9099510408,0,0
GUJARAT,Botad,SURYOSA SOLAR PRIVATE LIMITED,info@suryosa.com,9998018314,0,0
GUJARAT,Botad,SURYATRIC SOLAR PVT LTD,info.suryatrick@gmail.com,9979652010,0,0
GUJARAT,Botad,SURYASTRA GREEN INITIATIVES PRIVATE LIMITED,suryastraindia@gmail.com,8128007602,0,0
GUJARAT,Botad,SURYASE ENERGY,suryaseenergy@gmail.com,9662047390,0,0
GUJARAT,Botad,SURYANCE SOLAR,suryancesolar@gmail.com,9664504655,0,0
GUJARAT,Botad,SURYAMANI SOLAR,suryamanisolar@gmail.com,8140000257,0,0
GUJARAT,Botad,SURYAMAAN ENERGY,info.suryamaan@gmail.com,9722243637,0,0
GUJARAT,Botad,SURYAM INTERNATIONAL PRIVATE LIMITED,marketing@groupsurya.co.in,8093011632,0,0
GUJARAT,Botad,SURYAM ENERGY,dhavalpatel7037@gmail.com,8320698043,0,0
GUJARAT,Botad,SURYADEV SOLAR,suryadevsolar4@gmail.com,9327175676,0,0
GUJARAT,Botad,SURYADEV SALES & SERVICE,suryadev2k20@gmail.com,7016946571,0,0
GUJARAT,Botad,SURYABHUMI SOLAR ENERGY,suryabhumisolarenergy@gmail.com,8866019146,0,0
GUJARAT,Botad,SURYA URJA SYSTEMS,suryaurjasystems@gmail.com,9824276142,0,0
GUJARAT,Botad,SURYA SOLAR AND WATERS,rooftop@suryasolarwaters.com,9033266039,0,0
GUJARAT,Botad,SURYA SHAKTI,suryashaktisolar.18@gmail.com,8488010488,0,0
GUJARAT,Botad,SURYA INTERNATIONAL,suryavishnu159@yahoo.com,9825802298,0,0
GUJARAT,Botad,SURYA ENTERPRISE,suryaenterprise8324@gmail.com,9687975891,0,0
GUJARAT,Botad,SUREWORTH SOLAR,Sureworthsolar@gmail.com,7698763040,0,0
GUJARAT,Botad,SURESHBHAI SADURBHAI BARBACHIYA,surechbarbachiya41@gmail.com,9879299136,0,0
GUJARAT,Botad,SURAYAY NAMAH ENERGY PRIVATE LIMITED,rahul@surayaynamahenergy.com,9554055565,0,0
GUJARAT,Botad,SURAJGEMA POWER,SURAJGEMAPOWER@GMAIL.COM,8460515124,0,0
GUJARAT,Botad,SUPER WATT POWER SOLUTIONS LLP,power.superwatt@gmail.com,9920320366,0,0
GUJARAT,Botad,SUNWAY SOLAR,sunwaysolar02@gmail.com,7698832340,0,0
GUJARAT,Botad,SUNWAVE ENERGY,sunwave.energy123@gmail.com,7046070468,0,0
GUJARAT,Botad,SUNVINE RENEWABLE,sunvinerenewable@gmail.com,8000050580,0,0
GUJARAT,Botad,SUNTRAC SOLAR,suntrac.jh@gmail.com,9979363442,0,0
GUJARAT,Botad,SUNSPOT ENERGY LLP,info.sunspotenergy@gmail.com,8866110577,0,0
GUJARAT,Botad,SUNSPOT,msn.sunspot@gmail.com,6356810701,0,0
GUJARAT,Botad,SUNSPARK SOLAR SOLUTIONS (FORMERLY KNOWN AS SUSSPARK SOLAR SOLUTIONS ),sunsparksolarsolutions23@gmail.com,9664693254,0,0
GUJARAT,Botad,SUNSOLAR SOLUTIONS (INDIA) PRIVATE LIMITED,jigar@sunsolarsolutions.co.in,9638189589,0,0
GUJARAT,Botad,SUNSNATCH SOLUTIONS LLP,monark.sunsnatch@gmail.com,7698536878,0,0
GUJARAT,Botad,SUNSKY SOLAR,trdesai@sunskysolar.co.in,9727518665,0,0
GUJARAT,Botad,SUNSHAPE ENERGY,sunshapeenergy@gmail.com,9913783302,0,0
GUJARAT,Botad,SUNSETLIFE SOLAR PRIVATE LIMITED,sunsetlifesolar@gmail.com,9574427119,0,0
GUJARAT,Botad,SUNSAI SOLAR SYSTEMS,solar@sunsai.co.in,9925808788,0,0
GUJARAT,Botad,SUNSAFE INFRA SERVICES,INFO@SUNSAFE.IN,9033673308,0,0
GUJARAT,Botad,SUNSAFE INFRA PRIVATE LIMITED,sunsafe.np@gmail.com,7227050091,0,0
GUJARAT,Botad,SUNRUN GREEN ENERGY,sunrungreenenergy@gmail.com,6354883949,0,0
GUJARAT,Botad,SUNROOF ELECTRICAL ENERGY,sunroofenergy100@gmail.com,9687893989,0,0
GUJARAT,Botad,SUNRISE INDIA,satyanarayantiwari2022@gmail.com,7208291414,0,0
GUJARAT,Botad,SUNRISE ENTERPRISE,sunriseenterprise6388@gmail.com,9904889087,0,0
GUJARAT,Botad,SUNRAYS ENERGY,keyursheth.14@gmail.com,9978724010,0,0
GUJARAT,Botad,SUNRAISE INDUSTRIES,info@sunraiseindustries.com,9722106810,0,0
GUJARAT,Botad,SUNPRIDE ENERGY,chiragpatel2592@gmail.com,9726880980,0,0
GUJARAT,Botad,SUNPOWER ENERGY,sunpowerenergy.solar@gmail.com,7405095299,0,0
GUJARAT,Botad,SUNPLUG TECHNOLOGIES LLP,hnchavda87@gmail.com,9427020496,0,0
GUJARAT,Botad,SUNNOVATIVE SOLAR ENERGY SOLUTION PVT LTD,ravi@sunnovative.com,8153819531,0,0
GUJARAT,Botad,SUNLIGHT SOLAR ENTERPRISE,bhaveshparmar4793@gmail.com,8320866769,0,0
GUJARAT,Botad,SUNLIGHT INFRA ENERGY PRIVATE LIMITED,tender@sunlights.in,9998374580,0,0
GUJARAT,Botad,SUNLIGHT GREEN ENERGY,sunlightgreenmeh@gmail.com,8460043385,0,0
GUJARAT,Botad,SUNLIGHT ENERGY SOLUTIONS,sunlightenergysolutions01@gmail.com,9824668001,0,0
GUJARAT,Botad,SUNLAND SOLAR ENERGY,sunlandsolarenergy@gmail.com,8141810505,0,0
GUJARAT,Botad,SUNISTIC SOLAR ENERGY LLP,info@sunisticsolarenergy.com,9909507507,0,0
GUJARAT,Botad,SUNIFY SOLAR LLP,sunifysolar@gmail.com,8141455505,0,0
GUJARAT,Botad,SUNGOLD ENTERPRISE,sungoldenterprise123@gmail.com,9737147433,0,0
GUJARAT,Botad,SUNFRAA RENEWABLES LLP,partner@sunfraa.com,6354296570,0,0
GUJARAT,Botad,SUNCENTER SOLAR ENERGY,suncentersolarenergy@gmail.com,8905055513,0,0
GUJARAT,Botad,SUNCARE ENERTECH PVT LTD,suncaresolar3@gmail.com,7405450545,0,0
GUJARAT,Botad,SUNBYTE ENERGY SOLUTIONS LLP,info.sunbyteenergy@gmail.com,7698971717,0,0
GUJARAT,Botad,SUNBUY RENEWABLES PVT LTD,darshan@sunbuy.in,9328281611,0,0
GUJARAT,Botad,SUNBURST GREEN ENERGY LLP,office@sunburstgreen.com,9879514559,0,0
GUJARAT,Botad,SUNBLOOM ENERGY PRIVATE LIMITED,info@sunbloomenergy.com,9662874669,0,0
GUJARAT,Botad,SUNARC ELECTRICALS,sunarcelectricals@gmail.com,9687025729,0,0
GUJARAT,Botad,SUN VISION SOLAR,info@sunvisionsolar.in,9924112225,0,0
GUJARAT,Botad,SUN TECH ENERGY SOLUTION,suntech.rutvij@gmail.com,8320301975,0,0
GUJARAT,Botad,SUN SPARKLE ENERGY,sunsparkleenergy@gmail.com,9016093505,0,0
GUJARAT,Botad,SUN MICRA RENEWABLE ENERGY,info@sunmicra.co.in,7990662677,0,0
GUJARAT,Botad,SUN LIGHT SOLAR,sunlightsolar0106@gmail.com,9726215972,0,0
GUJARAT,Botad,SUN ENERGY,sunenergybharat@gmail.com,9427352326,0,0
GUJARAT,Botad,SUMERU SOLUTION,sumerusolution22@gmail.com,8866426625,0,0
GUJARAT,Botad,SUKOON POWER TECHNOLOGY,sukoonpowertech@gmail.com,9712946594,0,0
GUJARAT,Botad,SUKARM,sukarmsolar@gmail.com,9925045163,0,0
GUJARAT,Botad,SUCCESS TECHNOCRAT,khatri292@gmail.com,9624001021,0,0
GUJARAT,Botad,STRONG SUN SOLAR ENERGY,strongsunsolarenergy@gmail.com,7622011292,0,0
GUJARAT,Botad,STEELHACKS INDUSTRIES,unisolsolar2000@yahoo.com,9825049997,0,0
GUJARAT,Botad,STARLUMEN ENERGY LLP,sales.starlumen@gmail.com,8758737125,0,0
GUJARAT,Botad,STAR ENERGY SYSTEMS,starenergyindia@gmail.com,9825014314,0,0
GUJARAT,Botad,STAR ELECTRICALS,starhalol389350@gmail.com,9909118137,0,0
GUJARAT,Botad,STANDARD ENGINEERS & CONTRACTORS,standardelectricals7177@gmail.com,8140080726,0,0
GUJARAT,Botad,SSB ICONIC LLP,s2belectricals@gmail.com,9016903767,0,0
GUJARAT,Botad,SRI BALAJI SUN ENERGY,info@sribalajienergy.com,7878375444,0,0
GUJARAT,Botad,SPY AUTOMATION,spyautomation61@gmail.com,7227000497,0,0
GUJARAT,Botad,SPIKE ENERGY,vspikeenergy@gmail.com,9662485355,0,0
GUJARAT,Botad,SPEED O ENERGY,INFO.SPEEDOENERGY@GMAIL.COM,7016826003,0,0
GUJARAT,Botad,SPARQ ENERTECH PVT LTD,info@sparqenertech.com,9558971268,0,0
GUJARAT,Botad,SPARCO MULTIPLAST PVT LTD,info@sparcoenergy.com,9409269062,0,0
GUJARAT,Botad,SP TECHNOLOGY,Sptechnology2023@gmail.com,9586267664,0,0
GUJARAT,Botad,SP POWERTECH,sppowertech44@gmail.com,9408129713,0,0
GUJARAT,Botad,SP EPC SOLUTIONS,psbuma@gmail.com,9537824788,0,0
GUJARAT,Botad,SP ENGINEERING,sp.engineering2k19@gmail.com,6353577489,0,0
GUJARAT,Botad,SOULTRUST SOLAR,soultrustsolar@gmail.com,9099663390,0,0
GUJARAT,Botad,SOR ENTERPRISE,sorsolar@yahoo.com,9824428293,0,0
GUJARAT,Botad,SOORYABHUMI ENERGY,sooryabhumienergy2024@gmail.com,8155887304,0,0
GUJARAT,Botad,SONIK SOLAR POWER SOLUTION,Sonikpanchal27@gmail.com,8200291250,0,0
GUJARAT,Botad,SOMNATH ENERGY,somnath.solarenergy@gmail.com,7600250096,0,0
GUJARAT,Botad,SOM ENERGY SYSTEMS,info@somenergysystems.com,8401909576,0,0
GUJARAT,Botad,SOLYUG RENEWABLES,info@solyugrenewables.com,9099562009,0,0
GUJARAT,Botad,SOLWAVE SOLAR,solwave4solar@gmail.com,9409344465,0,0
GUJARAT,Botad,SOLVEIG SOLAR PRIVATE LIMITED,solveigsolar@gmail.com,9724362544,0,0
GUJARAT,Botad,SOLNCE ENERGY PRIVATE LIMITED,NATIONALPORTALSOLNCE@GMAIL.COM,7990480061,0,0
GUJARAT,Botad,SOLINE SOLAR PRIVATE LIMITED,info@soline.in,9898535056,0,0
GUJARAT,Botad,SOLEXY SOLAR POWER PVT. LTD.,ssepl1962@gmail.com,9810725280,0,0
GUJARAT,Botad,SOLEX GREEN ENERGY PRIVATE LIMITED,pravin.d@solex.in,9376820081,0,0
GUJARAT,Botad,SOLEX ENERGY LIMITED,solexcd@gmail.com,6354605180,0,0
GUJARAT,Botad,SOLEAF ENERGY,infosolarsoleaf@gmail.com,7600008915,0,0
GUJARAT,Botad,SOLARWISE-NEXG PRIVATE LIMITED,solarwise69@gmail.com,9910803171,0,0
GUJARAT,Botad,SOLARWAVE ENERGY,solarwaveenergy2@gmail.com,7490083005,0,0
GUJARAT,Botad,SOLARTRONICS ENERGY,info.solartronics@gmail.com,9426424973,0,0
GUJARAT,Botad,SOLART,solart.sunfuel@gmail.com,8866506193,0,0
GUJARAT,Botad,SOLARSYS GREENTECH PRIVATE LIMITED,deepak@solarsysgreentech.in,8488976829,0,0
GUJARAT,Botad,SOLARMAX ENERGY PRIVATE LIMITED,info@solarmaxenergy.in,9409222221,0,0
GUJARAT,Botad,SOLARLOGIX PRIVATE LIMITED,contact@solarlogix.in,7979053489,0,0
GUJARAT,Botad,SOLARIZE RENEWABLES PVT. LTD.,info@solarizerenewables.com,9081999400,0,0
GUJARAT,Botad,SOLARISE TECHNOLOGIES,solarisetechnologies1@gmail.com,6351562596,0,0
GUJARAT,Botad,SOLARIS TECHNO,solaristechno@gmail.com,8767917570,0,0
GUJARAT,Botad,SOLARIS 360,info@solaris360.com,9998117531,0,0
GUJARAT,Botad,SOLARINA RENEWABLE PRIVATE LIMITED,solarinarenewable@gmail.com,9824351021,0,0
GUJARAT,Botad,SOLARBERG SOLUTIONS,sureshbavishiya@gmail.com,9879200821,0,0
GUJARAT,Botad,SOLARATIVE ENERGY SOLUTION,pavan.solarative@gmail.com,9327151411,0,0
GUJARAT,Botad,SOLARAM POWER INFRASTRUCTURE PRIVATE LIMITED,solarampower@gmail.com,9898041008,0,0
GUJARAT,Botad,SOLAR4U ENTERPRISE,solar4uenterprise1@gmail.com,9510708411,0,0
GUJARAT,Botad,SOLAR TECHNOLOGY,info@solartechnology.in,9998063204,0,0
GUJARAT,Botad,SOLAR SUNPOWER,solarsunpower2020@gmail.com,8238835771,0,0
GUJARAT,Botad,SOLAR ONLINE SKP,onlinesk044@gmail.com,8238539443,0,0
GUJARAT,Botad,SOLAR GREEN DEVELOPERS,solargreendevelopers@gmail.com,9924507751,0,0
GUJARAT,Botad,SOLAR EXPERT,solarexpert35@gmail.com,9426167233,0,0
GUJARAT,Botad,SOLAR ENERGY,solarpioneer19@gmail.com,9033868265,0,0
GUJARAT,Botad,SOLAR EDITION,solaredition18@gmail.com,7990909838,0,0
GUJARAT,Botad,SOLAR EARTH RENEWABLES PRIVATE LIMITED,ser@solarearth.in,7990378370,0,0
GUJARAT,Botad,SOLAR EARTH,solarearth7@gmail.com,7990378370,0,0
GUJARAT,Botad,SOLAR CLEAN ENERGY LIMITED,socleanenergy@gmail.com,9712666866,0,0
GUJARAT,Botad,SOL ENERGY,solenergyn@gmail.com,7621852735,0,0
GUJARAT,Botad,SOHAM TECHNO SOLUTIONS,stssolar.document@gmail.com,9274349757,0,0
GUJARAT,Botad,SOHAM SOLAR SOLUTION,sohamsolarsolution@yahoo.com,9601751327,0,0
GUJARAT,Botad,SOHAM ENTERPRISE,sachinpatel3132@gmail.com,9924142513,0,0
GUJARAT,Botad,SODHA ELECTRIC SERVICE,sohail.sodha@gmail.com,8000093095,0,0
GUJARAT,Botad,SNS ENERGY PVT. LTD.,sujitsharma@snsenergy.co.in,7043136049,0,0
GUJARAT,Botad,SNAP SOLAR,snapsolar7@gmail.com,7572851098,0,0
GUJARAT,Botad,SN GROUP OF COMPANY,sngroupofcompany2022@gmail.com,9725324439,0,0
GUJARAT,Botad,SMIT SOLAR SOLUTIONS,smitsolarsolutions@gmail.com,9924793020,0,0
GUJARAT,Botad,SMIT ENGINEERING SOLUTION,smitengineering10@gmail.com,9033381684,0,0
GUJARAT,Botad,SMART ROOF SOLAR SOLUTION PVT. LTD.,enquiry@gosmartroof.com,9971481718,0,0
GUJARAT,Botad,SKYWIN SOLAR,skywinsolar@gmail.com,7984435493,0,0
GUJARAT,Botad,SKYVOLT POWER TECHNOLOGIES LLP,skyvoltpower25@gmail.com,9909798222,0,0
GUJARAT,Botad,SKYLINE SOLAR SYSTEM,skylinesolarsystem@gmail.com,9106430159,0,0
GUJARAT,Botad,SKYLIGHT SOLAR,skylightsolar03@gmail.com,9510905126,0,0
GUJARAT,Botad,SKYLARK ENERGY SOLUTIONS,satyajeetjhala7227@icloud.com,9726200054,0,0
GUJARAT,Botad,SKYLAR INDIA,darshansolarkheda@gmail.com,8530252952,0,0
GUJARAT,Botad,SKY WINGS SOLAR ENERGY,skywingssolar@gmail.com,9974839830,0,0
GUJARAT,Botad,SKY TECH ENERGY,info.skytechenergy@gmail.com,6355092898,0,0
GUJARAT,Botad,SKY SUN ENTERPRISE,skysunenterprise@gmail.com,9408931070,0,0
GUJARAT,Botad,SKY RISE SOLAR,skyrisesolar@gmail.com,9328009285,0,0
GUJARAT,Botad,SKY RENEWABLE,piush123.pp@gmail.com,9638166779,0,0
GUJARAT,Botad,SKY POWER ENERGY,skypowerenergy03@gmail.com,8849719837,0,0
GUJARAT,Botad,SKY POWER,skypowersvp@gmail.com,9723070267,0,0
GUJARAT,Botad,SKY LARK SOLAR PRIVATE LIMITED,skylarksolar7@gmail.com,7016360083,0,0
GUJARAT,Botad,SKY ENTERPRISE,skyenterprise.re@gmail.com,9428164222,0,0
GUJARAT,Botad,SKY BLUE SOLAR PVT .LTD,Skybluesolarpvtltd@gmail.com,9104566242,0,0
GUJARAT,Botad,SIYAVAR ENERGY,SIYAVARENERGY@GMAIL.COM,9773131455,0,0
GUJARAT,Botad,SITARAM CORPORATION,sitaramcorporation2025@gmail.com,8141427041,0,0
GUJARAT,Botad,SIMMS ENGINEERING PVT LTD,simms_eng@yahoo.co.in,9825142376,0,0
GUJARAT,Botad,SILVER CYPHER TECHNOLOGIES,silvercyphersolar@gmail.com,8460699699,0,0
GUJARAT,Botad,SILVER CONSUMER ELECTRICALS LIMITED (FORMERLY KNOWN AS SILVER CONSUMER ELECTRICALS PRIVATE LIMITED),kevin.patel@silverpumps.com,7486059400,0,0
GUJARAT,Botad,SIGNAL AUTOMATION,solarservices1188@gmail.com,9978215636,0,0
GUJARAT,Botad,SIGMA SUN ENERGY,info.sigmasunenergy@gmail.com,9726764498,0,0
GUJARAT,Botad,SIGMA ENGINEERING,sigma_engg@yahoo.co.in,9825205934,0,0
GUJARAT,Botad,SIDDHIVINAYAK ENGINEERING COMPANY,shreeganeshaquva@gmail.com,9904954348,0,0
GUJARAT,Botad,SIDDHI ELECTRICAL ENGINEER AND CONTRACTOR,siddhielectrical77@gmail.com,9662061492,0,0
GUJARAT,Botad,SHYAM SOLAR ENERGY,vschohla@GMAIL.COM,8140796593,0,0
GUJARAT,Botad,SHYAM ENTERPRISE,shyamsolarenergy10@gmail.com,8000145645,0,0
GUJARAT,Botad,SHRI SAI ELECTRICAL,rooftop@shrisaielectrical.co.in,6353970979,0,0
GUJARAT,Botad,SHRI RAM SOLAR ENERGY LLP,admin@shriramsolarenergy.com,9712912421,0,0
GUJARAT,Botad,SHRI KHODIYAR ENTERPRISE,shrikhodiyar1978@gmail.com,9727358029,0,0
GUJARAT,Botad,SHRI KHATRI BATTERY SERVICE,khatribattery@gmail.com,9426029459,0,0
GUJARAT,Botad,SHREYISHA ENGINEERING,shreyishaengineering@gmail.com,8460445802,0,0
GUJARAT,Botad,SHREEMAD ENGINEERS,shreemadbg@gmail.com,9913721961,0,0
GUJARAT,Botad,SHREEJI SOLAR SYSTEM,shreejisolars@gmail.com,9265296741,0,0
GUJARAT,Botad,SHREEJI SOLAR SOLUTION,npparikh@hotmail.com,9879537250,0,0
GUJARAT,Botad,SHREEJI SOLAR ENERGY SYSTEMS,snpatel2605@gmail.com,9712914272,0,0
GUJARAT,Botad,SHREEJI SOLAR,info.shreejisolar@gmail.com,9904351125,0,0
GUJARAT,Botad,SHREEJI SALES - KARAMSAD,shreejisales125@gmail.com,9586548051,0,0
GUJARAT,Botad,SHREEJI POWER SOLUTIONS,shreejiss@yahoo.com,9824338633,0,0
GUJARAT,Botad,SHREEJI MARKETING - TALOD,rajuksales@gmail.com,9974612008,0,0
GUJARAT,Botad,SHREEJI ENTERPRISES - WADI,Sandipgandhi113@gmail.com,9825077605,0,0
GUJARAT,Botad,SHREEJI ENTERPRISES - BHAYLI,shreejie1@gmail.com,9099710184,0,0
GUJARAT,Botad,SHREEJI ENTERPRISE - MANJALPUR,shreejienergy844@gmail.com,7041803421,0,0
GUJARAT,Botad,SHREEJI ENERGY SOLUTION,shreejienergysolution@gmail.com,8460595980,0,0
GUJARAT,Botad,SHREEJI ELECTRICALS,shreejiele@gmail.com,9825089343,0,0
GUJARAT,Botad,SHREE VISHNU SALES AGENCY,shreevishnusalesagency@gmail.com,9825324608,0,0
GUJARAT,Botad,SHREE UMIYA CORPORATION,shreeumiyacorp@gmail.com,8866731185,0,0
GUJARAT,Botad,SHREE SURYA SOLAR SOLUTION,shreesurya2016@gmail.com,8000720006,0,0
GUJARAT,Botad,SHREE SOLAR VENTURE PVT LTD,shreesolarventure@gmail.com,9571211118,0,0
GUJARAT,Botad,SHREE SOLAR POWER,nileshsorthiya2@gmail.com,9727620417,0,0
GUJARAT,Botad,SHREE SOLAR,dinkarparekh1983@gmail.com,9104030777,0,0
GUJARAT,Botad,SHREE SAI SOLAR,Hiteshrane37@gmail.com,9879268362,0,0
GUJARAT,Botad,SHREE SAI ENTERPRISE,shreesaienterprise75@gmail.com,8128171111,0,0
GUJARAT,Botad,SHREE RAM SOLAR RAJKOT,vikeshchovatiya@gmail.com,9898921527,0,0
GUJARAT,Botad,SHREE RADHE ELECTRICALS,shreeradhesolar24@gmail.com,9974842981,0,0
GUJARAT,Botad,SHREE OFFICE SOLUTIONS PRIVATE LIMITED,rajranipa.sospl@gmail.com,9898084466,0,0
GUJARAT,Botad,SHREE MARUTI ELECTRIFICATION ENGINEERS,shreemarutieleCtrificationengi@gmail.com,7016480100,0,0
GUJARAT,Botad,SHREE LALGHAR CORPORATION,shreelalgharcorporation@gmail.com,8200149120,0,0
GUJARAT,Botad,SHREE KRISHNA SALES AND SERVICES,info@skss.co.in,9998990694,0,0
GUJARAT,Botad,SHREE KRISHNA ENERGY,shreekrishna.energy@gmail.com,9979559334,0,0
GUJARAT,Botad,SHREE KHODIYAR SOLAR PRIVATE LIMITED,sk.solar@yahoo.com,9825820612,0,0
GUJARAT,Botad,SHREE KHODIYAR SOLAR & ENTERPRISE,s60358186@gmail.com,9313405580,0,0
GUJARAT,Botad,SHREE HARI SALES & SERVICES,shreeharisales16@gmail.com,7698916121,0,0
GUJARAT,Botad,SHREE HARGANGESHWAR WATER CARE,shreehargangeshwarenergy@gmail.com,8128362108,0,0
GUJARAT,Botad,SHREE GOR SOLAR,shreegorsolar@gmail.com,6361983041,0,0
GUJARAT,Botad,SHREE GOKUL ENTERPRISE,shreegokulenterprise123@gmail.com,8160000871,0,0
GUJARAT,Botad,SHREE GAUTAM RENEWABLES AND CLEAN ENERGIES,shreegautam.energy@gmail.com,9408188809,0,0
GUJARAT,Botad,SHREE GANGESHWAR ENGINEERING PRIVATE LIMITED,shreegangeshwarengineering@gmail.com,9157974445,0,0
GUJARAT,Botad,SHREE GAJANAND SOLAR,gajanandsolar@gmail.com,8347972590,0,0
GUJARAT,Botad,SHREE GAJANAND ENERGIES,magicwithparth@gmail.com,6351126699,0,0
GUJARAT,Botad,SHREE ENERGY SOLUTIONS,shreeenergysolution8@gmail.com,9904335293,0,0
GUJARAT,Botad,SHREE CHAMUNDESHVARI TRADING,hareshdodiya75@gmail.com,9327523737,0,0
GUJARAT,Botad,SHREE BRAHMANI ELECTRICALS,shreebrahmanisolar@gmail.com,9909995675,0,0
GUJARAT,Botad,SHREE AMBIKA AGENCIES,niravambika@rediffmail.com,9426158047,0,0
GUJARAT,Botad,SHOOLIN WATT PRIVATE LIMITED,shoolinwattpvtltd@gmail.com,9909967894,0,0
GUJARAT,Botad,SHIVRON INDUSTRY,shivronind.contr@gmail.com,9925248752,0,0
GUJARAT,Botad,SHIVIK ENTERPRISE,shivikenterprise@gmail.com,9512839262,0,0
GUJARAT,Botad,SHIVHARDHA SHD PROJECTS,shivhardha@gmail.com,9898692603,0,0
GUJARAT,Botad,SHIVDHARA SALES,shivdharasales8060@gmail.com,7433004040,0,0
GUJARAT,Botad,SHIVAS SOLAR,shivassolar4418@gmail.com,9537611795,0,0
GUJARAT,Botad,SHIVAM SOLAR AND SERVICES,Parmardivyraj.77@gmail.com,8320732424,0,0
GUJARAT,Botad,SHIVAM SOLAR,solar.shivam2020@gmail.com,7575007551,0,0
GUJARAT,Botad,SHIVAM ENTERPRISE,ERJAYPATHAK1@GMAIL.COM,9376099001,0,0
GUJARAT,Botad,SHIVAM ENERGY TECH,shivamenergytech2023@gmail.com,9687001450,0,0
GUJARAT,Botad,SHIVA SOLAR ENERGY,admin@shivasolarenergy.com,9624220197,0,0
GUJARAT,Botad,SHIV TRADERS,shivtraders7233@gmail.com,9998820863,0,0
GUJARAT,Botad,SHIV SALES AGENCY,ghadiyabhaisolar08@gmail.com,9428798679,0,0
GUJARAT,Botad,SHIV ENTERPRISE,shiventerprisesolor@gmail.com,7600438578,0,0
GUJARAT,Botad,SHINE SOLAR,shinesolar.marketing@gmail.com,7622023355,0,0
GUJARAT,Botad,SHAYONAAM ENTERPRISE,shayonaam12@gmail.com,9638766943,0,0
GUJARAT,Botad,SHAURYAM ENTERPRISE,shauryamsolarenterprise@gmail.com,9173645491,0,0
GUJARAT,Botad,SHATRAS AGRI,shatrasagri@gmail.com,9714616040,0,0
GUJARAT,Botad,SHARVA SOLAR,sharvasolar@gmail.com,9909449650,0,0
GUJARAT,Botad,SHANTI CORPORATION,info.shanticorporation@gmail.com,8980524444,0,0
GUJARAT,Botad,SHAKTI SOLAR SERVICE,ktptl52@gmail.com,9737854634,0,0
GUJARAT,Botad,SHAKTI GREEN ENERGY SERVICES,shakti.green25@gmail.com,9898860648,0,0
GUJARAT,Botad,SHAKTI GREEN ENERGY,shaktigreenenergy96@gmail.com,7405252123,0,0
GUJARAT,Botad,SHAKTI ENTERPRISE,shaktienterprise0507@gmail.com,8866124840,0,0
GUJARAT,Botad,SHAILEE PROJECTS PRIVATE LIMITED,shaileeprojects99@gmail.com,7600755058,0,0
GUJARAT,Botad,SGK SOLAR,sgksolarrjt@gmail.com,9313885348,0,0
GUJARAT,Botad,SEVENTH SKY RENEWABLE LLP,seventhskyrenewable@gmail.com,7874524574,0,0
GUJARAT,Botad,SEVEN SOLAR ENERGY,divyang@sevensolarenergy.com,9825554277,0,0
GUJARAT,Botad,SERVOTECH POWER SYSTEMS LIMITED,pmsuryaghar@servotechindia.com,9266918120,0,0
GUJARAT,Botad,SCORP ENERGY PRIVATE LIMITED,mohit@scorpenergy.com,9925345121,0,0
GUJARAT,Botad,SC SOLAR SOLUTION,info@scsolarsolution.in,8780378144,0,0
GUJARAT,Botad,SAVIOR SOLAR ENERGY,saviorsolarenergy@outlook.com,8980517729,0,0
GUJARAT,Botad,SAVEGRID ENERGY,savegridenergy@gmail.com,6355785758,0,0
GUJARAT,Botad,SAVARIYA CORPORATION,savariyacorporation@gmail.com,9274166507,0,0
GUJARAT,Botad,SATYAY SOLAR,satyaysolar@gmail.com,9157716540,0,0
GUJARAT,Botad,SATYASARA ENERGY PRIVATE LIMITED,satyasaraenergy@gmail.com,9909365808,0,0
GUJARAT,Botad,SATYAM SOLAR,satyamsolar823@gmail.com,9227941770,0,0
GUJARAT,Botad,SATYAM ELECTRICALS,satyamelectrical@yahoo.com,9824256257,0,0
GUJARAT,Botad,SATYAKRISHNA LIGHTING,SATYAKRISHNALIGHTING@GMAIL.COM,9428369990,0,0
GUJARAT,Botad,SATTVA ENERGIES,sattvaenergies@gmail.com,8401156604,0,0
GUJARAT,Botad,SAT GREENTECH PRIVATE LIMITED,satgreentech25@gmail.com,8758957741,0,0
GUJARAT,Botad,SASA ENERGY LLP,sasaenergyllp@gmail.com,9099207722,0,0
GUJARAT,Botad,SARVAYOGAM SOLAR PRIVATE LIMITED,sarvayogamsolar@gmail.com,6356633355,0,0
GUJARAT,Botad,SARJAN CONSTRUCTION PVT LTD,info.solardiv@sarjanconstruction.com,8000052226,0,0
GUJARAT,Botad,SARDAR SOLAR ENERGY PRIVATE LIMITED,sardarsolarenergypvtltd015@gmail.com,9664915598,0,0
GUJARAT,Botad,SANTKRUPA ELECTRICALS,santkrupaelectricals19@gmail.com,8849254993,0,0
GUJARAT,Botad,SANJEE ENTERPRISE,sanjee.enterprise@gmail.com,9157353735,0,0
GUJARAT,Botad,SANJAY SOLAR,sbheaters@gmail.com,7016893192,0,0
GUJARAT,Botad,SANGANI ENTERPRISE,sanganienterprise1610@gmail.com,8347958992,0,0
GUJARAT,Botad,SANGAM ELECTRONICS CO,info.sangamsolar@gmail.com,9825929552,0,0
GUJARAT,Botad,SAMRUDDH SOLAR,samruddhsolar1@gmail.com,7859827859,0,0
GUJARAT,Botad,SAMRUDDDHI ENTERPRISE,samruddhienterprise22@gmail.com,9033676399,0,0
GUJARAT,Botad,SAMPTEL ENERGY PRIVATE LIMITED,project@samptelenergy.com,9727755187,0,0
GUJARAT,Botad,SAMAR SOLAR,samarsolar183@gmail.com,7046164346,0,0
GUJARAT,Botad,SAMAR ENERGY SOLUTIONS,samarenergysolutions@gmail.com,9662727432,0,0
GUJARAT,Botad,SAICAB TECH PVT LTD,info@saicabtech.com,8511130328,0,0
GUJARAT,Botad,SAHJANAND ENTERPRISE,sahjanandeprise@gmail.com,9737671777,0,0
GUJARAT,Botad,SAHAJ SOLAR PRIVATE LIMITED,bparmar@sahajsolar.com,7573006832,0,0
GUJARAT,Botad,SAFVI ELECTRICALS SOLUTIONS,safvielectricalssolutions2013@gmail.com,9374754648,0,0
GUJARAT,Botad,SAFFRON RENEWTECH,saffronrenewtech24@gmail.com,7600507557,0,0
GUJARAT,Botad,SAFECON INDUSTRIAL MAINTENANCE & ENGINEERING SERVICES,safeconservices2013@gmail.com,9925854491,0,0
GUJARAT,Botad,SADGURU SOLAR SYSTEMS,sadgurusolarsystems@gmail.com,9687621666,0,0
GUJARAT,Botad,SADGURU ELECTRICALS,sadguruelectricals23@gmail.com,9714715649,0,0
GUJARAT,Botad,SAAN ELECTRICAL,saanelectrical@gmail.com,9033735490,0,0
GUJARAT,Botad,S P MULTI ENGINEERING SERVICES,spmultiengineeringservices@gmail.com,9104556095,0,0
GUJARAT,Botad,S MEERA ELECTRICALS,s.meeraelectricals@gmail.com,9328249939,0,0
GUJARAT,Botad,S DIPAK AND CO,sdipaksolar@gmail.com,9898664858,0,0
GUJARAT,Botad,RVV SOLAR PRIVATE LIMITED,rvvsolarpvtltd@gmail.com,8160825026,0,0
GUJARAT,Botad,RV INFOTECH,rvinfotech2020@gmail.com,8141560037,0,0
GUJARAT,Botad,RUPABHAI MAGANBHAI PATEL,RMP.GEMPORTAL@GMAIL.COM,9426004861,0,0
GUJARAT,Botad,RUDRASOL ENERGY PRIVATE LIMITED,rudrasolenergy@gmail.com,9408397604,0,0
GUJARAT,Botad,RUDRAKSH SOLAR POWER,rudrakshsolarpower@gmail.com,9016203365,0,0
GUJARAT,Botad,RUDRAKSH ELECTRICALS,rudrakshelectricals4@gmail.com,6353460657,0,0
GUJARAT,Botad,RUDRA SOLAR ENERGY,info.rudrasolar@gmail.com,9427903084,0,0
GUJARAT,Botad,RUDRA SOLAR AND ELECTRICAL,rudrasolar2019@gmail.com,9510514672,0,0
GUJARAT,Botad,RUDRA ENTERPRISE,rudraenterprise1110@gmail.com,8758462848,0,0
GUJARAT,Botad,RUDRA ELECTRICALS,ravi.sabhani@rudraelectricals.co.in,9722643233,0,0
GUJARAT,Botad,RSV POWER ENGINEERING,rsv.power.engineering@gmail.com,9033590507,0,0
GUJARAT,Botad,ROYAL ENTERPRISE,royalenterprise.vadodara@gmail.com,6352205345,0,0
GUJARAT,Botad,ROLEX GREEN ENERGY,ghediyamilan@gmail.com,9429476592,0,0
GUJARAT,Botad,RK RENEWABLE ENERGY & ENGINEERING WORKS,rkrenewable.engineering2020@gmail.com,9824961523,0,0
GUJARAT,Botad,RITUDHAN SOLAR POWER,ritudhansolarpower@gmail.com,9879111390,0,0
GUJARAT,Botad,RISING SUN ENERGY,risingsunenergy2018@gmail.com,7405303305,0,0
GUJARAT,Botad,RISING GREEN ENERGY,rgesolar@gmail.com,9033119375,0,0
GUJARAT,Botad,RISING ENERGY SOLUTIONS,risingenergy@yahoo.com,7990391839,0,0
GUJARAT,Botad,RISHAV POWERTECH LLP,rishavpowertech@gmail.com,9898203470,0,0
GUJARAT,Botad,RIMPLE CORPORATION LLP,rimpleco@gmail.com,6351076702,0,0
GUJARAT,Botad,RIGHT POWER INFRA PVT LTD,darshana@right-infra.com,9898661067,0,0
GUJARAT,Botad,RIDDLE ENERGY PVT. LTD.,riddleenergy2101@gmail.com,9879556196,0,0
GUJARAT,Botad,RIA SOLAR,riasolar2021@gmail.com,8320210323,0,0
GUJARAT,Botad,RIA POWER,riapower24@gmail.com,8758463929,0,0
GUJARAT,Botad,RG SOLAR SOLUTIONS,info@rgsolarsolutions.com,7718719713,0,0
GUJARAT,Botad,REVA RENEWABLES,revarenewables@gmail.com,6358844490,0,0
GUJARAT,Botad,RESONAGE GREEN ENERGY PRIVATE LIMITED,rgepl2024gujarat@gmail.com,9879402000,0,0
GUJARAT,Botad,RENEWABLE SUN SOLAR,renewablesunsolar@gmail.com,7600201198,0,0
GUJARAT,Botad,RENEW ENERGIES,information.renew@gmail.com,7405507073,0,0
GUJARAT,Botad,RENEVIK SOLAR SOLUTIONS PRIVATE LIMITED,sejal.c@vikasaryagroup.com,9327572645,0,0
GUJARAT,Botad,RENEURJA ENERGY,reneurjaenergy@gmail.com,8460611110,0,0
GUJARAT,Botad,RENESYS POWER SYSTEMS PRIVATE LIMITED,project@renesys.in,7069751110,0,0
GUJARAT,Botad,RENAISSANCE CORPORATE SOLUTIONS PVT. LTD.,rcplsolar@gmail.com,9572032363,0,0
GUJARAT,Botad,RELIGHT ENERGY LLP,relightenergy.info@gmail.com,8000194738,0,0
GUJARAT,Botad,RELIABLE CONSULTING ENGINEERS,jaymin.fajalia@onlinerce.com,9327168907,0,0
GUJARAT,Botad,REKSON ELECTROTECH,REKSONELECTROTECH37@GMAIL.COM,9904994494,0,0
GUJARAT,Botad,REGAL ELECTRICALS,balochvikarali60@gmail.com,8141028100,0,0
GUJARAT,Botad,REFLECTION SOLAR & ENERGY PRIVATE LIMITED,piyushraval.1984@gmail.com,9725019493,0,0
GUJARAT,Botad,REFLECT SOLAR,reflect.solar.energy@gmail.com,9998419211,0,0
GUJARAT,Botad,REEWA SOLAR ENERGY,reewasolarenergy@gmail.com,9879353053,0,0
GUJARAT,Botad,REDSUN SOLAR INDUSTRIES,info@redsunin.com,9825632875,0,0
GUJARAT,Botad,RECARE ELECTRICAL LLP,projects.recare@gmail.com,7600184425,0,0
GUJARAT,Botad,REAL MULTIPLE SOLUTIONS,rmssolar.bhavnagar@rediffmail.com,9099722722,0,0
GUJARAT,Botad,RE360,gogreen@re360.in,8258976667,0,0
GUJARAT,Botad,RD ENERGY SOLUTIONS,rdenergysolutions@outlook.com,8866226473,0,0
GUJARAT,Botad,RAYS RENEWABLE ENERGY,raysrenewableenergy@gmail.com,7069175139,0,0
GUJARAT,Botad,RAYOLT ENERGY LLP,info@rayolt.com,9998745706,0,0
GUJARAT,Botad,RAYNEX POWER SOLUTION,raynexps@gmail.com,8758239470,0,0
GUJARAT,Botad,RAYCAL POWER INFRA PVT LTD,darshan@raycal.in,6358196472,0,0
GUJARAT,Botad,RAYBOTIX TECHNOLOGIES PVT LTD,info@raybotix.com,9978100900,0,0
GUJARAT,Botad,RAY ENERGY,info.rayenergy@gmail.com,8401481453,0,0
GUJARAT,Botad,RAVIJA ENTERPRISES,ravijaenterprises09@gmail.com,6356956938,0,0
GUJARAT,Botad,RARA-AVIS RENEWABLE ENERGY PRIVATE LIMITED,info@raraavisenergy.com,7043374434,0,0
GUJARAT,Botad,RANJAN INDUSTRIES,ranjan28496@gmail.com,9924818113,0,0
GUJARAT,Botad,RAMSUN ENERGY,ramsunenergy09@gmail.com,7984300271,0,0
GUJARAT,Botad,RAMESH POWER POINTS,rameshpowerpoint@gmail.com,9825225585,0,0
GUJARAT,Botad,RAMDEV SOLAR SYSTEM,ramdevsolarsytem@gmail.com,8758911969,0,0
GUJARAT,Botad,RAMAA SOLAR,ramaasolar@gmail.com,8866697632,0,0
GUJARAT,Botad,RAJDEEP SOLAR ENERGY PVT. LTD.,dharmesh@rajdeepsolarnergy.com,9099089749,0,0
GUJARAT,Botad,RAJAVI ELECTRICAL SERVICES,rajvielectricalservices@gmail.com,9723613718,0,0
GUJARAT,Botad,RAJANJI ENTERPRISE,RAJANJI72.LV@GMAIL.COM,8849116749,0,0
GUJARAT,Botad,RAJANI MOTORS,rajanimotors21@gmail.com,7227807262,0,0
GUJARAT,Botad,RAJ ELECTRICALS,solar.rajelectricals@gmail.com,9998656539,0,0
GUJARAT,Botad,RAICHURA ENERGY,raichuraenergy@gmail.com,9879152830,0,0
GUJARAT,Botad,RAGHURAM SOLAR POWER GREEN ENERGY LLP,raghuramsolar9@gmail.com,7575019877,0,0
GUJARAT,Botad,RADIANT SOLAR SYSTEMS,bhargavec40@gmail.com,9408503198,0,0
GUJARAT,Botad,RADIANT SOLAR SOLUTIONS,paresh@radiantsolarsolution.com,9979632096,0,0
GUJARAT,Botad,RADIANT SOLAR ENERGY,info@radiantsolarenergy.co.in,9512337513,0,0
GUJARAT,Botad,RADIANT INDIA,RADIANTINDIA007@GMAIL.COM,9163559963,0,0
GUJARAT,Botad,RADIANT GREENS SOLAR,info@radiantgreens.in,8140316334,0,0
GUJARAT,Botad,RADIANT GREEN SOLUTIONS,davda.manthan@yahoo.in,9978911803,0,0
GUJARAT,Botad,RADHASWAMI CORPOPRATION,radhaswamicorporation1@gmail.com,9687607072,0,0
GUJARAT,Botad,RABBIT ELECTRICAL AND SOLAR PVT. LTD.,respvtltd24@gmai.com,9727646420,0,0
GUJARAT,Botad,RAASON ENERTECH LLP,info@raasonenertech.com,9624768483,0,0
GUJARAT,Botad,R. K. CONSTRUCTION,rkconstruction101@gmail.com,9106065865,0,0
GUJARAT,Botad,R V SOLAR,rvsolarvijapur@gmail.com,9726801070,0,0
GUJARAT,Botad,R N SALES CORPORATION,r.tech.2000@gmail.com,9574472134,0,0
GUJARAT,Botad,R K ENTERPRICE,jayswal.ravi@ymail.com,9722252875,0,0
GUJARAT,Botad,R K BHABHOR,rkbhabhor78@gmail.com,9909161378,0,0
GUJARAT,Botad,R C ELECTRICALS,info@rcelectricals.in,9824757160,0,0
GUJARAT,Botad,R B RENEWABLES LLP,info@brrenewables.com,9898985672,0,0
GUJARAT,Botad,QORX ENERGY,qorxenergy1366@gmail.com,9904000629,0,0
GUJARAT,Botad,PYRAMID PROJECTS,pyramidsolarindia@gmail.com,9726430137,0,0
GUJARAT,Botad,PV RENEWABLES,keyurdudhat871@gmail.com,9714872871,0,0
GUJARAT,Botad,PV RAYS ENERGY,pvraysenergy@gmail.com,9898097222,0,0
GUJARAT,Botad,PURNIMA SOLAR ENERGY,rpateldeesa@gmail.com,9824320856,0,0
GUJARAT,Botad,PURMA ENERGY PVT LTD,purmaenergy@gmail.com,7069628193,0,0
GUJARAT,Botad,PROTON POWER SERVICE,sprotonpower@gmail.com,9033765370,0,0
GUJARAT,Botad,PROSTARM INFO SYSTEMS LIMITED,mktg.ahm@prostarm.com,9316466272,0,0
GUJARAT,Botad,PROSPER ENTERPRISE,prosperenterprise07@gmail.com,9824420913,0,0
GUJARAT,Botad,PRODES CONSULTING ENGINEERS PRIVATE LIMITED,rajiv.ranjan.prakash786@gmail.com,8690444556,0,0
GUJARAT,Botad,PRIYANKA ENTERPRISE,enterpriseriya8002@gmail.com,9913032779,0,0
GUJARAT,Botad,PRIVA ENTERPRISE,vickysheth1987@gmail.com,9825241949,0,0
GUJARAT,Botad,PRISM ECOENERGIA PRIVATE LIMITED,info@prismecoenergia.com,9704710101,0,0
GUJARAT,Botad,PRISHA CORPORATION,prishacorporation183@gmail.com,9825505023,0,0
GUJARAT,Botad,PRINIX POWER OPC PRIVATE LIMITED,prinixpower@gmail.com,7600755058,0,0
GUJARAT,Botad,PRINCE ELECTRICAL,princeelectrical20@gmail.com,8866507173,0,0
GUJARAT,Botad,PRIME ENERGY,primeenergy321@gmail.com,9512022199,0,0
GUJARAT,Botad,PRIDE SOLAR ENERGY LLP,Pridesolarenergyllp@outlook.com,9664975264,0,0
GUJARAT,Botad,PRATYUSH RENEWABLE ENERGY PRIVATE LIMITED,pratyushrenewables@gmail.com,8780737839,0,0
GUJARAT,Botad,PRATIKSHA ENTERPRISE,pratikshaenterprise1006@gmail.com,8238516417,0,0
GUJARAT,Botad,PRASHANT ENTERPRISE,prashantenterprise.solar@gmail.com,9409337000,0,0
GUJARAT,Botad,PRANIL CORPORATION,riddhistart@yahoo.co.in,9825411575,0,0
GUJARAT,Botad,PRANIK POWER INFRA PRIVATE LIMITED,solar.pranik@gmail.com,9925237347,0,0
GUJARAT,Botad,PRAKASH PUMP INDUSTRIES,prakashpumpindustries@gmail.com,9687222263,0,0
GUJARAT,Botad,PRAHAR SOLAR SOLUTIONS,info.praharsolar@gmail.com,9016360702,0,0
GUJARAT,Botad,PRAGATI URZA PRIVATE LIMITED,pragatiurza@gmail.com,8347009697,0,0
GUJARAT,Botad,PRAGATI ENTERPRISE,pragatienterprise1985@gmail.com,9825254567,0,0
GUJARAT,Botad,POWERTRONICS TECHNOLOGY,powertronics1990@gmail.com,9974772070,0,0
GUJARAT,Botad,POWERTRAC INDUSTRIES LIMITED,info@powertracsolar.com,7573014610,0,0
GUJARAT,Botad,POWERTECH ENGINEERS SURAT,sanatbarot@gmail.com,9377625242,0,0
GUJARAT,Botad,POWERSOL,office@re.digital,9016681762,0,0
GUJARAT,Botad,POWERON ELECTRICAL,poweron.electricalservice@gmail.com,7990528002,0,0
GUJARAT,Botad,POWERMAC TECHNOLOGY,info@powermacgroup.com,9099939972,0,0
GUJARAT,Botad,POWER TECH ENERGY SOLUTUIONS,epc@ptes.in,6357502081,0,0
GUJARAT,Botad,POWER SYSTEM,powersystem2k11@gmail.com,9898068224,0,0
GUJARAT,Botad,POWER RISE,powerrise16@gmail.com,8460145311,0,0
GUJARAT,Botad,POWER PLUS ENERGY,powerplussolarenergy@gmail.com,9998183339,0,0
GUJARAT,Botad,POWER PLUS,powerplusbhabhar@gmail.com,8128435584,0,0
GUJARAT,Botad,POWER PACK SOLUTIONS,powerpacksolutions12195@gmail.com,9725787004,0,0
GUJARAT,Botad,POWER GENESYS ENERGY SOLUTIONS PRIVATE LIMITED,subbu@powergenesys.com,8618279431,0,0
GUJARAT,Botad,POOJA ELECTRICALS,PE9711@gmail.com,8758668166,0,0
GUJARAT,Botad,POOJA ELECTRICALS,poojaelectrical21@gmail.com,7434034056,0,0
GUJARAT,Botad,POINTER INSTRUMENTS SERVICES,pointer1729@gmail.com,9033543187,0,0
GUJARAT,Botad,PLUGIN ELECTRICAL,info@pluginelectrical.in,9512020316,0,0
GUJARAT,Botad,PIXON GREEN ENERGY PRIVATE LIMITED,tender@pixonenergy.in,7229035912,0,0
GUJARAT,Botad,PHOTOVOLTAIC SOLAR,info@photovoltaicsolar.in,8866488000,0,0
GUJARAT,Botad,PHOTONICS WATERTECH PRIVATE LIMITED,vasant@photonicslights.com,6353704460,0,0
GUJARAT,Botad,PHOENIX RENEWABLE ENERGY,PHOENIXRE6@GMAIL.COM,9586110114,0,0
GUJARAT,Botad,PHOENIX CREATIONS LIMITED,phoenixcreations2011@gmail.com,9978578599,0,0
GUJARAT,Botad,PETLAD SOJITRA TALUKA SAURAURJA UTPADAK SAHKARI MANDALI LIMITED,pssumandali@gmail.com,8140968999,0,0
GUJARAT,Botad,PEGASUS POWER AND INFRA LLP,info@pegasusllp.com,8160259454,0,0
GUJARAT,Botad,PEAKSUN ENERGY PRIVATE LIMITED,info@peaksunenergy.co.in,7486089901,0,0
GUJARAT,Botad,PDF ENGINEERS PRIVATE LIMITED,project2.pepl@gmail.com,8803910391,0,0
GUJARAT,Botad,PAVAN ENERGY,pavanenergy1209@gmail.com,7016265112,0,0
GUJARAT,Botad,PATEL JOYATABHAI GALABHAI,pateljoytabhai1134@gmail.com,9724674544,0,0
GUJARAT,Botad,PATEL ELECTRONICS,hardikpatelelec@gmail.com,9377767508,0,0
GUJARAT,Botad,PATEL ELECTRICALS,info.patelelectricals@gmail.com,9998896555,0,0
GUJARAT,Botad,PASHAVA ENERGY PRIVATE LIMITED,pashavaenergy@yahoo.com,9909904332,0,0
GUJARAT,Botad,PARTHKUMAR VIKRAMBHAI KAMANIYA,kpv2322@gmail.com,9313098584,0,0
GUJARAT,Botad,PARTH SALES,parthsalessolar@gmail.com,9712426671,0,0
GUJARAT,Botad,PAROT RENEWABLES LIMITED,gn@parotrenewables.com,9274692942,0,0
GUJARAT,Botad,PARMAR ENTERPRISE,parmarenterprise2024@gmail.com,9574944345,0,0
GUJARAT,Botad,PARK SHELDRAKE,parksheldrake@gmail.com,7862991878,0,0
GUJARAT,Botad,PARISHRAM INFOENERGY,parishraminfoenergy@gmail.com,9909433132,0,0
GUJARAT,Botad,PARESH S. VAIDYA,parvaidya2012@gmail.com,9879529203,0,0
GUJARAT,Botad,PARECHA ENTERPRISES,sagarmparecha999@gmail.com,9537704244,0,0
GUJARAT,Botad,PARAS TECHNOCRAT PVT. LTD,info@parastechnocrat.in,7621983131,0,0
GUJARAT,Botad,PANCHAMRUT ENTERPRISE,panchamrut2019@gmail.com,7016103662,0,0
GUJARAT,Botad,P.M.BAROT GREEN ENERGY,jaybarotkdbm@gmail.com,9327129667,0,0
GUJARAT,Botad,P C LINK ENTERPRISE,pclinkenterprise@gmail.com,8238053941,0,0
GUJARAT,Botad,P AND N ENGINEERING AND MARKETING,pandnsolarenergy@gmail.com,7622023251,0,0
GUJARAT,Botad,OXEN ENERGIES,oxenenergies@gmail.com,8866699444,0,0
GUJARAT,Botad,ORTEX CORPORATION,ortexcorporation@gmail.com,9276103457,0,0
GUJARAT,Botad,OORJA ELECTRIC,oorjaforeveryone@gmail.com,9067598727,0,0
GUJARAT,Botad,ONIX RENEWABLE LIMITED,naman.viradiya@onixrenewable.in,9586043661,0,0
GUJARAT,Botad,ONETIME SOLAR SYSTEM,onetimesolarsystem@gmail.com,9925296957,0,0
GUJARAT,Botad,OMKARA INFOTECH,omkarinfotechlakhani@gmail.com,9428847854,0,0
GUJARAT,Botad,OMEGA ELECTRICALS,omele452@gmail.com,9979888452,0,0
GUJARAT,Botad,OM SOLAR SYSTEMS,omsolarsystems.rjt@gmail.com,8141405557,0,0
GUJARAT,Botad,OM SOLAR,VIPULKUMARPATEL43@YAHOO.IN,9714384884,0,0
GUJARAT,Botad,OM SHANTI SOLAR GROUP,omshantisolar@gmail.com,8530122612,0,0
GUJARAT,Botad,OM SHANTI MACHINERIES EXIM,grandosolar@gmail.com,9824868078,0,0
GUJARAT,Botad,OM SALES ENTERPRISE,rahul.redrenbardoli@gmail.com,9428631515,0,0
GUJARAT,Botad,OM ELECTRICALS SERVICES,omelectricals2104@gmail.com,9998004891,0,0
GUJARAT,Botad,OM ELECTRICALS,jaydratsinhzala09@gmail.com,9265589234,0,0
GUJARAT,Botad,ODHAV ENTERPRISE,odhaventerpriseindia@gmail.com,9033231303,0,0
GUJARAT,Botad,OCTA ENTERPRISE,octaenterprise7@gmail.com,8469023543,0,0
GUJARAT,Botad,OCEANIC POWER ENGINEERS PRIVATE LIMITED,oceanicpower.in@gmail.com,7778065600,0,0
GUJARAT,Botad,NYALKARAN RENEWABLE ENERGY,nyalkaranrenewableenergy@gmail.com,9998473073,0,0
GUJARAT,Botad,NYALKARAN ENERGY LLP,kaushik@nyalkaranenergy.com,9825412783,0,0
GUJARAT,Botad,NVVP GREEN ENERGY PRIVATE LIMITED,nvvpgreenepl@gmail.com,9979941234,0,0
GUJARAT,Botad,NUJUM INDUSTRIES PRIVATE LIMITED,thenujum@gmail.com,9375188422,0,0
GUJARAT,Botad,NU SOLAR INFRACON PRIVATE LIMITED,nu.solar.infracon@gmail.com,9033181196,0,0
GUJARAT,Botad,NRS SOLAR SOLUTION,info.nrssolarsolution@gmail.com,8488953026,0,0
GUJARAT,Botad,NORTHGREEN ENERGY PVT LTD,solar@northgreenenergy.com,9099931707,0,0
GUJARAT,Botad,NJ ELECTRICALS,njelectricals.21@gmail.com,9886309619,0,0
GUJARAT,Botad,NIVAN ENERGY,nivanenergy@gmail.com,9998820905,0,0
GUJARAT,Botad,NISHRAY SOLAR,mkshahexport@gmail.com,9825409639,0,0
GUJARAT,Botad,NIRAJ TRADERS,nirajtraders@yahoo.com,9825030321,0,0
GUJARAT,Botad,NINE TECH AUTOMATION,ninetechautomation09@gmail.com,9313375388,0,0
GUJARAT,Botad,NILKANTH ENTERPRISE,nilkanthenterprise96@gmail.com,9157369603,0,0
GUJARAT,Botad,NILKANTH ENGINEERING,nilkanthengineering9@gmail.com,8155928825,0,0
GUJARAT,Botad,NILESH ENGINEERS,nileshengineers57@gmail.com,9033005732,0,0
GUJARAT,Botad,NIHAL ENTERPRISE,rehanadonakiya786@gmail.com,8733978072,0,0
GUJARAT,Botad,NIDHI ELECTRICALS,thakkarumang82@gmail.com,9409322020,0,0
GUJARAT,Botad,NEWYORK ENGINEERING CO.,akashenergysolar@gmail.com,9824206059,0,0
GUJARAT,Botad,NEW RESEARCH TECHNOLOGY,nrtsolar@gmail.com,9427809253,0,0
GUJARAT,Botad,NETWORK SOLUTION,network.solution.raj@gmail.com,9227707042,0,0
GUJARAT,Botad,NES ENERGY SOLUTIONS,info.nesenergy@gmail.com,9825071551,0,0
GUJARAT,Botad,NEOTERIX SOLUTION PVT. LTD.,neoterixsolutions@gmail.com,9414010579,0,0
GUJARAT,Botad,NEOCENT SOLAR SYSTEM LLP,m.neocent@gmail.com,9974710486,0,0
GUJARAT,Botad,NEETY EURO ASIA SOLAR ENERGY,falgun@nease.in,9909595442,0,0
GUJARAT,Botad,NEELKANTHESHWAR SOLAR ENERGY,neelkantheshwarsolarenergy@gmail.com,8460048549,0,0
GUJARAT,Botad,NAYRA ELECTRONICS,info.nayraelectronics@gmail.com,9054244430,0,0
GUJARAT,Botad,NAVKALP GROUPS,navkalprenewable@gmail.com,8460109090,0,0
GUJARAT,Botad,NAVI ENERGY,contact@navienergy.in,9979435742,0,0
GUJARAT,Botad,NATURE CARE ADVISORS,naturecare.gujarat@gmail.com,8469991098,0,0
GUJARAT,Botad,NAMAH SOLAR ENERGY,namahsolar@gmail.com,6351500821,0,0
GUJARAT,Botad,NAKSHATRA INFOSYS,nakshatrainfosys178@gmail.com,9909697193,0,0
GUJARAT,Botad,NAKSH POWER,bhumikarana1989@gmail.com,8141113593,0,0
GUJARAT,Botad,N J ENERGY,nj.energy9@gmail.com,7487022943,0,0
GUJARAT,Botad,MS SOLAR SPARK,mssolarspark7@gmail.com,9825590311,0,0
GUJARAT,Botad,MS SOLAR,shersiyamujahid@gmail.com,9725097291,0,0
GUJARAT,Botad,MOVA GREEN ENERGY,movagreenenergy1112@gmail.com,7778033298,0,0
GUJARAT,Botad,MOTHER ELECTRICALS,motherelectricals@yahoo.com,8128105018,0,0
GUJARAT,Botad,MNS GLOBAL ENGINEERING AND SERVICES,mnsglobalengineeringservices@gmail.com,9727207075,0,0
GUJARAT,Botad,MK ENTERPRISE,mkenterprise061@gmail.com,8780069239,0,0
GUJARAT,Botad,MK ELECTRICALS,digant.shah10@gmail.com,9825349554,0,0
GUJARAT,Botad,MJR INDUSTRIES PRIVATE LIMITED,mjrindustriespvtltd@gmail.com,9426998993,0,0
GUJARAT,Botad,MITTALS GREEN ENERGY PRIVATE LIMITED,info@mittalsgreenenergy.com,8053004999,0,0
GUJARAT,Botad,MITRAYA ELECTRICAL,mitrayaelectrical@gmail.com,7016415834,0,0
GUJARAT,Botad,MITRA SOLAR ENERGY,mitrasolarenergy@gmail.com,9725777143,0,0
GUJARAT,Botad,MITCON CONSULTANCY AND ENGINEERING SERVICES LTD,tendercell@mitconindia.com,7447420680,0,0
GUJARAT,Botad,MICROVISE SOLUTIONS,info@microviseindia.com,7778092462,0,0
GUJARAT,Botad,MH POWER SYSTEM,info.mhpowersystem@gmail.com,9016581006,0,0
GUJARAT,Botad,MFINS SERVICES PVT. LTD.,vidya@m-fins.in,8356843342,0,0
GUJARAT,Botad,MESHWA ENTERPRISE,meshwaelectricals@gmail.com,9574409148,0,0
GUJARAT,Botad,MERIDIAN INTERNATIONAL,ghetiya.ashish@gmail.com,7990847552,0,0
GUJARAT,Botad,MEKTECH SOLUTION,mektechsolution@gmail.com,7984595405,0,0
GUJARAT,Botad,MEHUL ELECTRIC,fivestarsolar2025@gmail.com,7984547908,0,0
GUJARAT,Botad,MEERASUN ENERGY,meerasunenergy@gmail.com,9016680239,0,0
GUJARAT,Botad,MEERA SUN ENERGIES,info@meerasunenergies.com,8200447359,0,0
GUJARAT,Botad,MEENA SOLAR,ripalsonpal@gmail.com,8408944904,0,0
GUJARAT,Botad,MECPOWER SOLUTIONS LIMITED,tender@mecpower.in,9328911577,0,0
GUJARAT,Botad,MEAN RAYS RENEWABLE POWER PRIVATE LIMITED,sales.meanrays@gmail.com,9898251352,0,0
GUJARAT,Botad,MD ENERGIES,mdenergies01@gmail.com,9099260004,0,0
GUJARAT,Botad,MBTION ENGINEERING,mbtionengineering@gmail.com,8320565108,0,0
GUJARAT,Botad,MAXSUN ENERGY PRIVATE LIMITED,maxsunsolarenergy@gmail.com,7990361324,0,0
GUJARAT,Botad,MAXIM ENERGY,maximenergy21@gmail.com,9265123804,0,0
GUJARAT,Botad,MAXIFLUENCE TECHNOVATE LLP,info@maxifluencetechnovate.com,9662298809,0,0
GUJARAT,Botad,MATRIX ENTERPRISE,matrixsolar41@gmail.com,8905314234,0,0
GUJARAT,Botad,MATCH ELECTRONICS AND EXPORT,matchsolarenergy@gmail.com,9879538585,0,0
GUJARAT,Botad,MARUTI SOLAR SYSTEMS,dinesh.navar@gmail.com,9409080149,0,0
GUJARAT,Botad,MARUTI SOLAR PUMP SYSTEM,patelsandip0226@gmail.com,9426849250,0,0
GUJARAT,Botad,MARUTI ENTERPRISE,marutienterprise148@gmail.com,7698803938,0,0
GUJARAT,Botad,MARUTI ENTERPRISE,maruti.enterprise0915@hotmail.com,8866239646,0,0
GUJARAT,Botad,MARUTI ENERGY,marutienrgy@gmail.com,9033408939,0,0
GUJARAT,Botad,MARUTI ELECTRICALS,info.maruti16@yahoo.com,9727474683,0,0
GUJARAT,Botad,MANAN SOLAR,manansolar2022@gmail.com,9714352719,0,0
GUJARAT,Botad,MAKE INSIDE SOLUTIONS,info@makeinside.co.in,9898302030,0,0
GUJARAT,Botad,MAHISAGAR SOLAR ENERGY,mahisagarsolarenergy23@gmail.com,8200154972,0,0
GUJARAT,Botad,MAHEK SOLAR POWER,mahek.tech1@gmail.com,9925805953,0,0
GUJARAT,Botad,MAHAVEER ENTRPRISE,me.solarmaster@gmail.com,7878647771,0,0
GUJARAT,Botad,MAHALAXMI ELECTRICALS - AHEMDABAD,mahalaxmi.electricals_07@yahoo.com,8238914975,0,0
GUJARAT,Botad,MAHAKALI POWER,mahakalipower9252@gmail.com,9687209519,0,0
GUJARAT,Botad,MAHADEV SOLAR ENTERPRISE,mahadevsolar2526@gmail.com,8758610449,0,0
GUJARAT,Botad,MAHADEV SOLAR ENETERPRISE,mahadevsolarjamnagar@gmail.com,9978999939,0,0
GUJARAT,Botad,MAHADEV SALES AGENCY,mahadevsolarproject@gmail.com,7393939139,0,0
GUJARAT,Botad,MAGLARE TECHNOLOGIES PVT.LTD.,info@maglare.com,8460183838,0,0
GUJARAT,Botad,MADYSON ELECTRICAL,madyson.electrical41@gmail.com,9998864567,0,0
GUJARAT,Botad,MADHAV GREEN ENERGY,madhavgreene@gmail.com,9408102358,0,0
GUJARAT,Botad,MADHAV ENTERPRISE,madhavsolarshop@gmail.com,7990485674,0,0
GUJARAT,Botad,MADHAV ENERGY SOLUTION,info.madhavenergy@gmail.com,9408354018,0,0
GUJARAT,Botad,MADHAV ELECTRICAL,madhavelectrical23@gmail.com,9426755766,0,0
GUJARAT,Botad,MAA MOGAL ENTERPRISE,maamogale1999@gmail.com,8401237990,0,0
GUJARAT,Botad,M/S. BRAMHA VISHNU MAHESH INFRASTRUCTURE,BVM.INFRASTRUCTURE@REDIFFMAIL.COM,9099980199,0,0
GUJARAT,Botad,M SUN ENERGY,msunenergy30@gmail.com,9104145599,0,0
GUJARAT,Botad,M S ENERGY,msenergy2021@gmail.com,7265939104,0,0
GUJARAT,Botad,M R ENTERPRISE,mrenterprisesolar@gmail.com,9924370232,0,0
GUJARAT,Botad,M M PARMAR,sunlightenergy09@outlook.com,9227092099,0,0
GUJARAT,Botad,M AND P POWER SOLUTIONS,mnppowersolutions2021@gmail.com,9537006733,0,0
GUJARAT,Botad,LUCRATIVE ENERGY PRIVATE LIMITED,lucrativein24@gmail.com,9408152427,0,0
GUJARAT,Botad,LUCIDUS ENERGY PRIVATE LIMITED,lucidusenergy21@gmail.com,9327990722,0,0
GUJARAT,Botad,LOGICTECH SOLAR AND AUTOMATION PVT LTD,logictechsolar@gmail.com,9429580846,0,0
GUJARAT,Botad,LOBEL SOLAR POWER SYSTEM,info@lobelpower.com,9327007854,0,0
GUJARAT,Botad,LIGHTRIC POWER SOLUTION,lightricpower@gmail.com,6355768984,0,0
GUJARAT,Botad,LIFE MAGIC MARVELL STORE PRIVATE LIMITED,lifemagicmarvel@gmail.com,9098698493,0,0
GUJARAT,Botad,LED LIGHT HOUSE,ledlighthouse161921@gmail.com,9624132754,0,0
GUJARAT,Botad,LAXMI HI TECH,laxmihitech36@gmail.com,7046494649,0,0
GUJARAT,Botad,LA CARTE RETAILERS PVT LTD,lacarte09@gmail.com,9909920700,0,0
GUJARAT,Botad,L L ELECTRICALS,llelect89@yahoo.com,9879078908,0,0
GUJARAT,Botad,L G ELECTRICALS,lgelectricals29@gmail.com,9825949200,0,0
GUJARAT,Botad,KVP SOLAR AND SOLUTION,kvpsolarandsolution.22@gmail.com,9033343105,0,0
GUJARAT,Botad,KUTCH SOLAR AND EV,kutchsolarev@gmail.com,9725436751,0,0
GUJARAT,Botad,KUNTHU CONSULTANTS PVT LTD,neelesh@kunthusolar.com,7405992700,0,0
GUJARAT,Botad,KT SOLAR ENERGY,KTSOLARENERGY14418@GMAIL.COM,9033092122,0,0
GUJARAT,Botad,KSHETRAPAL GREEN ENERGY,kshetrapalgreenenergy@gmail.com,7874098869,0,0
GUJARAT,Botad,KRIVI ENERGY PRIVATE LIMITED,solar@krivienergy.com,9326275972,0,0
GUJARAT,Botad,KRIVA TECHNOLOGIES,krivasolartechnologies@gmail.com,7227074480,0,0
GUJARAT,Botad,KRITA GREEN ENERGY,admin@kritagreenenergy.in,9824998266,0,0
GUJARAT,Botad,KRISHNA ENTERPRISE,krishnaenterprise4568@gmail.com,9712658209,0,0
GUJARAT,Botad,KRISHIVA INNOVATIVES,info@krishivainnovatives.com,9409435861,0,0
GUJARAT,Botad,KRISHIV ENTERPRISE,jevinpansuriya4@gmail.com,7359294060,0,0
GUJARAT,Botad,KRISHA SOLAR & AGRO INDUSTRIES,krishasolarandagro21@gmail.com,9574856582,0,0
GUJARAT,Botad,KREYA ENTERPRISES,kreyaentp@gmail.com,6359233332,0,0
GUJARAT,Botad,KP GREEN ENGINEERING LIMITED,imam.syed@kpgroup.co,9104677596,0,0
GUJARAT,Botad,KOTSON PROJECTS PRIVATE LIMITED,kotsonprojects@gmail.com,9978909595,0,0
GUJARAT,Botad,KOTHIYA ELECTRIC CONTRACTOR,kothiyaelectric@gmail.com,9913212056,0,0
GUJARAT,Botad,KONARK,heykonark@gmail.com,7016013500,0,0
GUJARAT,Botad,KK SOLAR TECHNOLOGY,kksolartechnology@gmail.com,9586118331,0,0
GUJARAT,Botad,KK ENTERPRISE,LATHIYA410@GMAIL.COM,9925590208,0,0
GUJARAT,Botad,KITE SOLAR ENERGY,kitesolarenergy@gmail.com,6352523489,0,0
GUJARAT,Botad,KIRTAN MARKETING,kirtanmarketing@gmail.com,9714440026,0,0
GUJARAT,Botad,KIRTAN BATTERIES,kirtanbatteries26@gmail.com,7043337333,0,0
GUJARAT,Botad,KIRAN SOLAR TECH PT. LT,info@kiransolartech.com,9800932333,0,0
GUJARAT,Botad,KHUSHI SOLAR,khushisolar13.info@gmail.com,7600094866,0,0
GUJARAT,Botad,KHUSHI IRRIGATION AND SOLAR,khushi.irrigationandsolar@gmail.com,9638370303,0,0
GUJARAT,Botad,KHODIYAR ENTERPRISE,k_enter_m@rediffmail.com,9825162853,0,0
GUJARAT,Botad,KHODIYAR ELECTRICAL,khodiyarelectrical9199@gmail.com,6355714181,0,0
GUJARAT,Botad,KHANAK SYSTEM,khanaksystem@yahoo.com,9824751581,0,0
GUJARAT,Botad,KESHWALA ENGINEERING CO.,RKESHWALA26@GMAIL.COM,7575082097,0,0
GUJARAT,Botad,KASTBHANJAN SOLAR,kastbhanjansolar@gmail.com,9099863647,0,0
GUJARAT,Botad,KASHYAP INFRAPROJECTS PVT. LTD.,info@kashyap.in,9898031010,0,0
GUJARAT,Botad,KARMA POWER,karmapower001@gmail.com,8849370511,0,0
GUJARAT,Botad,KARM ENTERPRISE,KARMSOLAR24@GMAIL.COM,9586363071,0,0
GUJARAT,Botad,KANHA ENTERPRISE,kanhaenterprise4161@gmail.com,6355636703,0,0
GUJARAT,Botad,KAMAXI ELECTRICAL ENGINEERS,dharmesh@kamaxielectricals.com,9974744036,0,0
GUJARAT,Botad,KALPTARU RENEWABLE POWER PVT LTD,support@kalptaru.co,7600780720,0,0
GUJARAT,Botad,KAIZEN UNIVERSAL PRIVATE LIMITED,ketan@kaizen.in,9825119674,0,0
GUJARAT,Botad,KAIZEN NOW,kaizennowahd@gmail.com,9978985558,0,0
GUJARAT,Botad,KAGI RENEWABLE ENERGY,info.kagirenew@gmail.com,8401935902,0,0
GUJARAT,Botad,KAASHIVA POWER INNOVATIONS PVT LTD,nikunjprajapati@kaashiva.com,7227854857,0,0
GUJARAT,Botad,KAARVI GREEN ENERGY,kaarvienergy01@gmail.com,9824094291,0,0
GUJARAT,Botad,K T ELECTRICALS,ktthakkar567@gmail.com,8905168423,0,0
GUJARAT,Botad,K P ENTERPRISE,kpenterprise39@gmail.com,9974383839,0,0
GUJARAT,Botad,K K SOLAR SOLUTIONS,kksolarsolutions@gmail.com,9537279900,0,0
GUJARAT,Botad,JUPISOL POWER INDIA PRIVATE LIMITED,spatel@jupisolpower.com,9879284007,0,0
GUJARAT,Botad,JOYSTICK BIO HEALTH,jstvalsad@gmail.com,9714163052,0,0
GUJARAT,Botad,JJV CORPORATION,info@jjvcorporation.in,9016987377,0,0
GUJARAT,Botad,JIYAAN SOLAR COMPANY,jiyaansolar.co@gmail.com,8160645436,0,0
GUJARAT,Botad,JIGS ELECTRICAL,jigselectrical@gmail.com,9979129392,0,0
GUJARAT,Botad,JIGAR SYSTEM TECHNOLOGY,jigar@jigarsystems.com,9511768710,0,0
GUJARAT,Botad,JD SOLAR,jdsolar5005@gmail.com,9157590905,0,0
GUJARAT,Botad,JD INFRA ENERGY PRIVATE LIMITED,jdinfraenergy0725@gmail.com,9714061118,0,0
GUJARAT,Botad,JAYVEER ELECTRICAL PRIVATE LIMITED,jayveerelectrical@gmail.com,9601679621,0,0
GUJARAT,Botad,JAYRAJ SOLAR LLP,tejas@jayrajsolar.com,9033963450,0,0
GUJARAT,Botad,JAYKAMAL ENERGY,JAYKAMAL.ENERGY@GMAIL.COM,9726862780,0,0
GUJARAT,Botad,JAYDEV ENERGY,jaydevenergy83@gmail.com,9824885237,0,0
GUJARAT,Botad,JAY SARDAR SOLAR PVT.LTD.,jaysardarsolar@gmail.com,8141500062,0,0
GUJARAT,Botad,JAY SARDAR SOLAR POWER PRIVATE LIMITED,dbchaudhary108@gmail.com,9737550593,0,0
GUJARAT,Botad,JAY KHODIYAR IMPEX,pareshramoliya310@gmail.com,9537164431,0,0
GUJARAT,Botad,JAY ELECTRICALS,jayelec2021@gmail.com,9427261002,0,0
GUJARAT,Botad,JAY DADA SOLAR,jaydadasolar@gmail.com,6353659868,0,0
GUJARAT,Botad,JAY AMBE ELECTRICALS,jayambeelectricals091@gmail.com,6355252020,0,0
GUJARAT,Botad,JASMIN J BAMBHAROLIYA,jasmin.bambharolia14@gmail.com,8140916256,0,0
GUJARAT,Botad,JANSA SOLAR SOLUTIONS PVT LTD,jansa@kalptaru.co.in,9998000769,0,0
GUJARAT,Botad,JANGID SOLAR ENERGY PVT LTD,info@jsepl.in,6358931609,0,0
GUJARAT,Botad,JANETA SOLAR,info.janetasolar90@gmail.com,8734829145,0,0
GUJARAT,Botad,JALESHWAR GREEN ENERGY,info.jaleshwargreen@gmail.com,8140023662,0,0
GUJARAT,Botad,JALARK SOLAR SOLUTIONS OPC PVT LTD,infojalark@gmail.com,9426661857,0,0
GUJARAT,Botad,JAISHANAVI SOLAR,rishikeshthakkar@gmail.com,9974143899,0,0
GUJARAT,Botad,JAIMAX SUNBIM PVT LTD,jaimaxsunbim@gmail.com,8980024055,0,0
GUJARAT,Botad,JAI INDUSTRIES,jaielectronic@yahoo.com,9828104233,0,0
GUJARAT,Botad,JAGRUTI TRADERS,jagrutitraders.solar@gmail.com,8980498030,0,0
GUJARAT,Botad,JAGDAMBA TRADERS,jagdambatraders.padra@gmail.com,7284841054,0,0
GUJARAT,Botad,JAGDAMBA ENTERPRISE,adarshrajput542@gmail.com,9316321978,0,0
GUJARAT,Botad,JAAC TECHNO SERVICES PVT LTD,Jwalant.raval@jaacservice.com,9824000545,0,0
GUJARAT,Botad,J K MACHINE TOOLS (GUJARAT) PVT. LTD.,jk.solarium@gmail.com,9328290518,0,0
GUJARAT,Botad,J D ELECTRICAL AND TRADING,jdelectrical26@gmail.com,8320397049,0,0
GUJARAT,Botad,J B POWER SOLAR,jbpowersolar@gmail.com,9173390835,0,0
GUJARAT,Botad,IZZY ENERGY SOLUTION,izzyenergysolution@gmail.com,9909236062,0,0
GUJARAT,Botad,ISHITA ENGINEERING,ishitaengineering13@gmail.com,8866649177,0,0
GUJARAT,Botad,ISHA SALES,ishasolar027@gmail.com,9824739373,0,0
GUJARAT,Botad,INSTANT TECHNOLOGY,info@instantgroup.live,8200782232,0,0
GUJARAT,Botad,INSTANT ELECTRIC SERVICES,instantelectricservices@gmail.com,9909415407,0,0
GUJARAT,Botad,INRAYS TECHNOLOGY,inraystechnology@gmail.com,9898878734,0,0
GUJARAT,Botad,INQILAB ENGINEERING PRIVATE LIMITED,inqilabengineering@gmail.com,9099598998,0,0
GUJARAT,Botad,INOX SOLAR ENERGY,inoxsolarenergy@gmail.com,9904604047,0,0
GUJARAT,Botad,INFLUX SOLAR SOLUTIONS,influxsolarsolution@gmail.com,6352563582,0,0
GUJARAT,Botad,INFINITY RENEWABLE ENERGY,anand.infinityrenewableenergy@gmail.com,9913784000,0,0
GUJARAT,Botad,INFINITY POWER,infinitypower1026@gmail.com,8758875751,0,0
GUJARAT,Botad,INFINITE URJA LLP,info@infiniteurja.in,8000049380,0,0
GUJARAT,Botad,INFINITE ENERGY ANS TECHNOLOGY,planning@infiniteenergy.co.in,9099971778,0,0
GUJARAT,Botad,IMPULSE SYSTEM,info@impulsesystem.in,9426471057,0,0
GUJARAT,Botad,IMMIX SOLUTION,immixsolution@gmail.com,9265493249,0,0
GUJARAT,Botad,IMAGINE POWERTREE PRIVATE LIMITED,imagine.powertree@gmail.com,9586121111,0,0
GUJARAT,Botad,IDEAL RENEWABLE LLP,idealrenewable@gmail.com,9979083323,0,0
GUJARAT,Botad,IDEAL ELECTRICAL,idealelectric7@gmail.com,9638324167,0,0
GUJARAT,Botad,ICONIC SOLAR ENERGY,iconicsolarenergy26@gmail.com,7698504095,0,0
GUJARAT,Botad,ICON ENERGY,info@iconenergy.in,9909999162,0,0
GUJARAT,Botad,I-TECH STORE,info.itechsolar@gmail.com,9879603933,0,0
GUJARAT,Botad,I SQUARE SOLAR,work.srbudheliya@gmail.com,9722272775,0,0
GUJARAT,Botad,I K SOLAR ENERGY,iksolarenergy2302@gmail.com,6353941652,0,0
GUJARAT,Botad,I CARE ENGINEERING,icareengr@gmail.com,9978920284,0,0
GUJARAT,Botad,HYSUN SOLAR PRIVATE LIMITED,prajapatiomaram62@gmail.com,7573999961,0,0
GUJARAT,Botad,HORIZON POWER SOLUTIONS,horizonpowersolutions2024@gmail.com,9909009525,0,0
GUJARAT,Botad,HIYASHA SOLAR SYSTEMS LLP,hiyashasolarsystems@gmail.com,9727097250,0,0
GUJARAT,Botad,HIYA ELECTRO ENGINEERS,hiyaelectroengineers@gmail.com,8128672333,0,0
GUJARAT,Botad,HITECH SOLAR,jayesh@hitechsolar.in,7600059073,0,0
GUJARAT,Botad,HIRANYA,chintan6310@gmail.com,9909009425,0,0
GUJARAT,Botad,HIPANAX ENERGY,hipanaxenergy@outlook.com,9727063026,0,0
GUJARAT,Botad,HINDUSTAN SOLAR AND POWER PACK,hindustansolar86@gmail.com,7016087359,0,0
GUJARAT,Botad,HIMSON ENERGY,himson.energy@gmail.com,9825242728,0,0
GUJARAT,Botad,HILL LIGHTING,rndungrani@gmail.com,9328385858,0,0
GUJARAT,Botad,HI TECH SOLAR SOLUTION,hitechsolarsolu@gmail.com,8140535380,0,0
GUJARAT,Botad,HI TECH ENERGY,hitechenergy17@gmail.com,9924388540,0,0
GUJARAT,Botad,HET CONSULTANCY,hetconsultancy01@gmail.com,9586618784,0,0
GUJARAT,Botad,HEMALI ELECTRICALS,hemali_elect@rocketmail.com,9979874161,0,0
GUJARAT,Botad,HELIOS SELENE,sales@heliosselene.in,7600132252,0,0
GUJARAT,Botad,HELIOPATH SOLAR TECHNOLOGIES,enquiry.heliopath@gmail.com,8238664332,0,0
GUJARAT,Botad,HEER SOLAR ENERGY,heersolarenergy@gmail.com,9427063399,0,0
GUJARAT,Botad,HAVTON INDIA,ravivarmora0803@gmail.com,9265496953,0,0
GUJARAT,Botad,HATKESH ENGINEERING,hatkeshengineering@gmail.com,9898105579,0,0
GUJARAT,Botad,HARSH ENTERPRISE,harshenterprise.ele@gmail.com,9586703597,0,0
GUJARAT,Botad,HARIPRIY INDUSTRIES,haripriyindustries@gmail.com,9725022146,0,0
GUJARAT,Botad,HARI INFRA PROJECTS,info@hariindia.in,9998037067,0,0
GUJARAT,Botad,HAPPY ENTERPRISE,divyeshchavda007@gmail.com,9510887781,0,0
GUJARAT,Botad,HANU ENTERPRISE,hanuenterprise2023@gmail.com,9067322910,0,0
GUJARAT,Botad,HADAF GREEN ENERGY PRIVATE LIMITED,hadafgreenenergy@gmail.com,8320986239,0,0
GUJARAT,Botad,H.K ENERGY,hkenergy001@gmail.com,9586401312,0,0
GUJARAT,Botad,H S ENTERPRISE,hiralpatel3031@gmail.com,9773257603,0,0
GUJARAT,Botad,H K SOLAR ENERGY,hkenergy16@gmail.com,9714516576,0,0
GUJARAT,Botad,H AND S ENGINEERING,HSENGINEERING9698@GMAIL.COM,8980818699,0,0
GUJARAT,Botad,H & M COMPANY,info@hmcompany.in,9157768561,0,0
GUJARAT,Botad,GWE INFRA PROJECTS PRIVATE LIMITED,dhaval.gwe@gmail.com,9726198989,0,0
GUJARAT,Botad,GURUKRUPA SOLAR AND AGRO INDUSTRIES,vishal@vishal-group.com,9328854525,0,0
GUJARAT,Botad,GURUKRUPA ENTERPRISE,gurukrupaenterprise.head9@gmail.com,8320627280,0,0
GUJARAT,Botad,GURU RENEWABLE,gururenewable@gmail.com,9687672620,0,0
GUJARAT,Botad,GSL ENERGY,gslenergy09@gmail.com,8320945187,0,0
GUJARAT,Botad,GS POWERTECH,info.gspowertech@gmail.com,7567438385,0,0
GUJARAT,Botad,GROWW SOLAR ENERGY,growwsolarenergy8@gmail.com,7874707545,0,0
GUJARAT,Botad,GROWTECH ENERGY,growtechenergy91@gmail.com,9998435528,0,0
GUJARAT,Botad,GROW ENERGY SOLAR SOLUTION,growenergysolarsolution@gmail.com,7778999695,0,0
GUJARAT,Botad,GROW EARTH RENEWABLE TECHNOLOGIES,divyesh@growearthsolar.com,9104495364,0,0
GUJARAT,Botad,GRIDSOL ENERGY,GRIDSOLENERGY@GMAIL.COM,9724634747,0,0
GUJARAT,Botad,GREYANAS INDUSTRIES PRIVATE LIMITED,greyanassolar@gmail.com,9408715033,0,0
GUJARAT,Botad,GREENTECH ENERGY,bhuvapiyush89@gmail.com,7990053035,0,0
GUJARAT,Botad,GREENNETIC RENEWABLE PRIVATE LIMITED,sales.greenneticrenewable@gmail.com,8320563819,0,0
GUJARAT,Botad,GREENLEAF SOLAR ENERGY,info.greenleaf1@gmail.com,9313945225,0,0
GUJARAT,Botad,GREENLAND,greenlandsolar.np@gmail.com,9825545043,0,0
GUJARAT,Botad,GREENLAND,greenlandsolar.projects@gmail.com,9825545043,0,0
GUJARAT,Botad,GREENEXCEL ENERGY SOLUTION PVT LTD,info@greenexcelenergy.com,9898949719,0,0
GUJARAT,Botad,GREENERGY SOLAR SOLUTIONS,greenergysolarsolutions26@gmail.com,9409215712,0,0
GUJARAT,Botad,GREENERGEE,greenergee@vikasaryagroup.com,9374635103,0,0
GUJARAT,Botad,GREENEABLE SOLAR SOLUTION,greeneablesolar@gmail.com,6357555660,0,0
GUJARAT,Botad,GREENCUBE ENERGIES PRIVATE LIMITED,nirankush@gcepl.in,9106836019,0,0
GUJARAT,Botad,GREENBRILLIANCE RENEWABLE ENERGY LLP,jay.patel@gbreenergy.com,9879611302,0,0
GUJARAT,Botad,GREENARCH SOLAR PRIVATE LIMITED,greenarchsolar@gmail.com,9879262766,0,0
GUJARAT,Botad,GREEN WATT SOLAR ENERGY,greenwattsolarenergy2022@gmail.com,9898383910,0,0
GUJARAT,Botad,GREEN SUN SOLAR,greensunsolar07@gmail.com,7600649582,0,0
GUJARAT,Botad,GREEN SUN ENERGY,teamgreensun@gmail.com,9274525232,0,0
GUJARAT,Botad,GREEN SOLAR ENERGY ENTERPRISES,greensolar.ahmedabad@gmail.com,9712909823,0,0
GUJARAT,Botad,GREEN SOLAR ENERGY,info@greenssolar.in,9687222261,0,0
GUJARAT,Botad,GREEN SOLAR ENERGY,greensolarenergygse@gmail.com,8866566056,0,0
GUJARAT,Botad,GREEN POWER SOLUTION,darjihardik777@gmail.com,8141216635,0,0
GUJARAT,Botad,GREEN POWER ENERGY,info.greenenergy07@gmail.com,8780002027,0,0
GUJARAT,Botad,GREEN LIGHT ENERGY,glenergy2024@gmail.com,9998754265,0,0
GUJARAT,Botad,GREEN IMPAQ SOLAR ENERGY,greenimpaqsolarenergypm@mail.com,9974414600,0,0
GUJARAT,Botad,GREEN EVER SYSTEMS PRIVATE LIMITED,greeneversystems@gmail.com,8866167111,0,0
GUJARAT,Botad,GREEN ENERGY-VALSAD,solar@greenenergy.ind.in,8866249369,0,0
GUJARAT,Botad,GREEN ENERGY SOLAR,ges.solar24@gmail.com,8866993164,0,0
GUJARAT,Botad,GREEN E SOLAR,greene.vb@hotmail.com,9925751589,0,0
GUJARAT,Botad,GREAT SOLUTION,greatsolution07@gmail.com,9924131317,0,0
GUJARAT,Botad,GRACE RENEWABLE ENERGY PVT LTD,project1@gracerenew.com,7573027788,0,0
GUJARAT,Botad,GRACE OF THE SUN ENERGY,gotssolar@gmail.com,8320258395,0,0
GUJARAT,Botad,GOVINDJI POWER,priyankvaghani86@gmail.com,9726643435,0,0
GUJARAT,Botad,GOPI TECHNOLOGIES,epc@gopitechnologies.com,8866077344,0,0
GUJARAT,Botad,GOLDSUN SOLAR,dhruvpadasumbiya@gmail.com,9409016021,0,0
GUJARAT,Botad,GOLDEN SOLAR POWER,goldensolarp@gmail.com,9558887494,0,0
GUJARAT,Botad,GLOBAL SOLAR SOLUTION,moxakboda111@gmail.com,8460820618,0,0
GUJARAT,Botad,GITANJALI DEVELOPERS,dhavalparmar.dp39@gmail.com,8200332871,0,0
GUJARAT,Botad,GIR ENTERPRISES,ankitbhaiankit88@gmail.com,8686869015,0,0
GUJARAT,Botad,GHANPRIYA ENERGY SOLUTION PRIVATE LIMITED,subsidy@ghanpriyaenergy.com,9958676060,0,0
GUJARAT,Botad,GHADIYA RENEWABLE ENERGY,KALPESHPATEL8914@GMAIL.COM,9714000952,0,0
GUJARAT,Botad,GESTIC SELICON ENERGY,shivammourya0987@gmail.com,9157621253,0,0
GUJARAT,Botad,GENESIS ELECTRICAL,genesiselectricalindia@gmail.com,8200480623,0,0
GUJARAT,Botad,GENESIS CLEAN ENERGY,genesiscleanenergy1@gmail.com,9714125515,0,0
GUJARAT,Botad,GEER AGRO WORKS,geeragro@gmail.com,9898799789,0,0
GUJARAT,Botad,GAYATRI SOLAR ENERGY,info@gayatrisolarenergy.com,8866778940,0,0
GUJARAT,Botad,GAYATRI CONSTRUCTION,chetansinh270@gmail.com,7408636363,0,0
GUJARAT,Botad,GARUDA POWER,garudapower26@gmail.com,9016555765,0,0
GUJARAT,Botad,GANESH GREEN BHARAT LIMITED,sales@ganeshgreen.com,9519518951,0,0
GUJARAT,Botad,GANESH CORPORATION,ganeshcorporation3003@gmail.com,9979856236,0,0
GUJARAT,Botad,GALO ENERGY PRIVATE LIMITED,info@galo.co.in,9773988289,0,0
GUJARAT,Botad,GALAXY ENTERPRISE,galaxyenterprise265@gmail.com,9998017765,0,0
GUJARAT,Botad,GAJGATI STEEL AND ENERGY PVT LTD.,sales@gajgati.com,7990480061,0,0
GUJARAT,Botad,G-POWER PLUS,gpowerplus.in@gmail.com,9898420613,0,0
GUJARAT,Botad,FRS ENTERPRISE,frsenterprise1@gmail.com,7990366078,0,0
GUJARAT,Botad,FRIENDLY FOOTPRINTS LLP,infosolar.ff@gmail.com,7874833399,0,0
GUJARAT,Botad,FRELIT ENERGY PRIVATE LIMITED,frelitenergy@gmail.com,9512700130,0,0
GUJARAT,Botad,FOURSUN SOLAR,project@foursunsolar.co.in,7435023502,0,0
GUJARAT,Botad,FOURCELL ENERGY PRIVATE LIMITED,fourcellenergy@gmail.com,9377776564,0,0
GUJARAT,Botad,FORTUNE TECHNOLOGIST,fortunetechnologist@gmail.com,9427597246,0,0
GUJARAT,Botad,FOREXT GREEN ENERGY PRIVATE LIMITED,Forextgreen@gmail.com,9227145384,0,0
GUJARAT,Botad,FLORIAN VENTURE PVT.LTD.,florianventurepvt.ltd@gmail.com,9081684444,0,0
GUJARAT,Botad,FATHUN RENEWABLE ENERGY (FORMERLY KNOWN AS KENVUE ENERGY),fathunrenewable@gmail.com,9898589612,0,0
GUJARAT,Botad,FASTRISE ENTERPRISE PRIVATE LIMITED,FASTRISEENTERPRISE@GMAIL.COM,7862079768,0,0
GUJARAT,Botad,FARMSON ENERGY,info.pv@farmsonsolar.com,9687692733,0,0
GUJARAT,Botad,F Z ENERGY,info@fzenergy.in,9227153030,0,0
GUJARAT,Botad,F SOLAR ROOFTOP,fsolarrooftop@gmail.com,8469525856,0,0
GUJARAT,Botad,EXPERT POWER SOLUTION,info.expertpowersolution@gmail.com,8780287091,0,0
GUJARAT,Botad,EXIDE INDUSTRIES LIMITED,pramit.mukherjee@exide.co.in,6291226448,0,0
GUJARAT,Botad,EWC SOLAR PRIVITED LIMITED (FORMERLY KNOWN AS ENERGY POWER SYSTEMS),ewcsolarpvtltd@gmail.com,8141150688,0,0
GUJARAT,Botad,EWALK ENERGY,info.ewalkenergy@gmail.com,9054927675,0,0
GUJARAT,Botad,EWAA SOLAR TECHNOLOGY PRIVATE LIMITED,info@ewaasolartech.com,6356008400,0,0
GUJARAT,Botad,EVOTAR TECHNOLOGIES PRIVATE LIMITED,info@evotartech.com,6358999573,0,0
GUJARAT,Botad,EVOLUTION,evolutiongujarat@gmail.com,9773296801,0,0
GUJARAT,Botad,EVITUS ENERGY SOLUTIONS,evitusenergysolutions@gmail.com,8156006133,0,0
GUJARAT,Botad,EVERSHINE ENERGY,contact@evershineenergy.com,8460167441,0,0
GUJARAT,Botad,EVERGREEN RENEWABLE TECHNOLOGIES,ashishpanchal888@gmail.com,7359743295,0,0
GUJARAT,Botad,EVAANTA ENERGY,info@evaantaenergy.com,9712326261,0,0
GUJARAT,Botad,EUROLITE SOLAR,harshil.patel@euroliteindia.com,7490007847,0,0
GUJARAT,Botad,EURO PREMIUM SOLAR SYSTEM (INDIA) PRIVATE LIMITED,info@europremiumsolar.com,7622023253,0,0
GUJARAT,Botad,ETERNAL SOLAR ENERGY,hiren.p.rathod@gmail.com,9879203040,0,0
GUJARAT,Botad,ERA ENVIRO SOLUTIONS,info.eraenviro@gmail.com,9227849825,0,0
GUJARAT,Botad,EQUINOX SOLAR PRIVATE LIMITED,info@equinoxsolar.in,7573044078,0,0
GUJARAT,Botad,ENWATECH SOLUTION PVT.LTD,enwatechsolutionpvtltd@gmail.com,9427269089,0,0
GUJARAT,Botad,ENERZYTECH INDUSTRIES PRIVATE LIMITED,deep.bhojani@enerzytech.com,9727139999,0,0
GUJARAT,Botad,ENERGY O & M SERVICES PVT LTD,dhirajsummit@gmail.com,9512775551,0,0
GUJARAT,Botad,ENERGETIC SOLAR,energeticsolar03@gmail.com,9537137427,0,0
GUJARAT,Botad,EMPYREAL SOLAR,liaison@empyreAlsolar.in,9099526261,0,0
GUJARAT,Botad,EMISSIONS FREE WORLD PVT LTD,emissionsfreeworld@gmail.com,8320097477,0,0
GUJARAT,Botad,EMERALD ENTERPRISE,emerald.vadodara@outlook.com,9173591485,0,0
GUJARAT,Botad,EMDERS ENTERPRISE,info.emders@gmail.com,7016614013,0,0
GUJARAT,Botad,ELLINZA ENERGY,ELLINZAENERGY@GMAIL.COM,9725001682,0,0
GUJARAT,Botad,ELLENCE ENERGY LLP,dhaval@ellenceenergy.com,9054073345,0,0
GUJARAT,Botad,ELIOS ENERGY,info@eliosenergy.co.in,7016192219,0,0
GUJARAT,Botad,ELECTROMECH DEVICES MANUFACTURING COMPANY,edmc.rpr@gmail.com,7000189225,0,0
GUJARAT,Botad,EFFORTS SOLAR PRIVATE LIMITED (FORMERLY KNOWN AS EFFORTS ENTERPRISES),admin@effortsgroup.in,9067817117,0,0
GUJARAT,Botad,EFFICIENT ENERTECH PVT LTD,info@efficientenergyindia.com,9925624989,0,0
GUJARAT,Botad,EFARM INTERNATIONAL PRIVATE LIMITED,info@efarmenergy.com,9723610012,0,0
GUJARAT,Botad,ECOWATT ENERGY,ecowattenergy18@gmail.com,9978638437,0,0
GUJARAT,Botad,ECOVIBE RENEWTECH ENERGY,ecoviberenewtechenergy@gmail.com,8401168101,0,0
GUJARAT,Botad,ECOLUX SOLAR,ecoluxsolar007@gmail.com,8980088806,0,0
GUJARAT,Botad,ECLIPTIC SOLAR,davevishalkumar@gmail.com,9825023276,0,0
GUJARAT,Botad,EARTHTECH INNOVATIONS PRIVATE LIMITED,earthtechinnovations@gmail.com,8490850276,0,0
GUJARAT,Botad,EARTH SOLARISM,earthsolarism@gmail.com,9724990231,0,0
GUJARAT,Botad,EARTH SOLAR ENERGY,EARTHSOLARE@GMAIL.COM,8200115874,0,0
GUJARAT,Botad,EARTH SOLAR,earthsollar@gmail.com,9879911777,0,0
GUJARAT,Botad,E-TECH SOLUTION & SOLAR,etechsolution.solar@gmail.com,9099563174,0,0
GUJARAT,Botad,E-POWER SOLAR ENERGY,epowerenergyinfo@gmail.com,9484784798,0,0
GUJARAT,Botad,DWARKESH SOLAR ENERGY,nileshchavda1881@gmail.com,8000799990,0,0
GUJARAT,Botad,DUDANI RENEWABLES LLP,dudanirenewables@gmail.com,9429744710,0,0
GUJARAT,Botad,DREAM MART,dreammart108@gmail.com,9099975489,0,0
GUJARAT,Botad,DRASHTI LIGHT CARE,drashti3411@gmail.com,9825430097,0,0
GUJARAT,Botad,DIWAKAR SOLAR ENTERPRISE,info.diwakarsolar@gmail.com,9104746612,0,0
GUJARAT,Botad,DIVY SOLAR TECHNOLOGY,divysolartechnology@gmail.com,9978551782,0,0
GUJARAT,Botad,DIVU ENTERPRISE,divuenterprise2023@gmail.com,7383114133,0,0
GUJARAT,Botad,DIVINE SOLAR ENERGY,divinesolarenergy33@gmail.com,7069853208,0,0
GUJARAT,Botad,DIVINE ENERGY,divineenergy42@gmail.com,6354051676,0,0
GUJARAT,Botad,DISHACHI ENERGY,dishachienergy@gmail.com,9898762600,0,0
GUJARAT,Botad,DIMAN SOLAR PVT LTD (FORMERLY KNOWN AS DIMAN OVERSEAS PVT LTD),info@dimansolar.com,9909928959,0,0
GUJARAT,Botad,DHWANIL LIGHT ZONE,patelrikin3054@gmail.com,9409505790,0,0
GUJARAT,Botad,DHVANI ENERGY,dhvanisolar@gmail.com,9537928064,0,0
GUJARAT,Botad,DHRUVIN ELECTRICALS,kirtipatel86665@gmail.com,9974814614,0,0
GUJARAT,Botad,DHRUVA ENTERPRISE,dhruvaenterprise123@gmail.com,9978124597,0,0
GUJARAT,Botad,DHRUV ENTERPRISE,dhruv.enterprise@aol.com,9825123335,0,0
GUJARAT,Botad,DHM SOLAR POWER PVT LTD,dhmsolarpower@gmail.com,8980508730,0,0
GUJARAT,Botad,DHAVAL ELECTRIC SOLUTION,dhavalelectricsolution@gmail.com,8490990138,0,0
GUJARAT,Botad,DHARMANANDAN SOLAR ENERGY,mayurdhariyaparmar@gmail.com,9016367556,0,0
GUJARAT,Botad,DGR ENERGY PRIVATE LIMITED,dgrenergygroup@gmail.com,8128603082,0,0
GUJARAT,Botad,DEVASYAM ENTERPRISE LLP,abpatel4318@gmail.com,9106684467,0,0
GUJARAT,Botad,DEV TECHNO,devtechno14@gmail.com,9898242190,0,0
GUJARAT,Botad,DEV ENTERPRISE,deventerprise424@gmail.com,9428121408,0,0
GUJARAT,Botad,DEV ELECTRICALS,develectricals2024@gmail.com,9974821967,0,0
GUJARAT,Botad,DESIGNLUX PRIVATE LIMITED,info@designlux.in,9825868523,0,0
GUJARAT,Botad,DESAI'S SOLAR ENERGY,desaisolarenergy@gmail.com,9429021070,0,0
GUJARAT,Botad,DELUXE ENTERPRISE,infodeluxeenterprise@gmail.com,9429040663,0,0
GUJARAT,Botad,DELTA SOLAR ENERGY,deltasolarenergy1@gmail.com,9427539663,0,0
GUJARAT,Botad,DEK AND MAVERICKS GREEN ENERGY LIMITED,lalji.goltar@dmgel.in,8780289470,0,0
GUJARAT,Botad,DEEP ENERGY,dipenvyas25@gmail.com,8866212187,0,0
GUJARAT,Botad,DAY LIGHT SOLAR ENRGY,daylightsolarahm@gmail.com,8401605515,0,0
GUJARAT,Botad,D.K. & CO.,dkandcompanyrajkot@gmail.com,9925008040,0,0
GUJARAT,Botad,D.J.SOLAR & GENERAL,djsolar111@gmail.com,8401183303,0,0
GUJARAT,Botad,D SUN SOLAR,dsunsolar429@gmail.com,9904131777,0,0
GUJARAT,Botad,D S POWER SOLUTION,vipulas094@gmail.com,9106304356,0,0
GUJARAT,Botad,D R ENTERPRISE,DRENTERPRISE3029@GMAIL.COM,7990689506,0,0
GUJARAT,Botad,CYMENS ENTERPRISE,jaymakwana2062@gmail.com,9157133330,0,0
GUJARAT,Botad,CYBRID INFRATECH PRIVATE LIMITED,DEEPAK@CYBRIDINFRA.COM,9925299942,0,0
GUJARAT,Botad,CYBRIA SOLUTIONS,jagdish@cybriasolutions.com,9925026091,0,0
GUJARAT,Botad,CTONE METAL INDUSTRIES,hasmukhjoshi82@gmail.com,9909517156,0,0
GUJARAT,Botad,CROMPTON GREAVES CONSUMER ELECTRICALS LIMITED,solar.rooftop@crompton.co.in,9599589665,0,0
GUJARAT,Botad,CREASUN ENERGY,creasunenergy25@gmail.com,9624120591,0,0
GUJARAT,Botad,COSMIC SOLAR EPC PVT LTD,cosmicsolarepc@gmail.com,7984721299,0,0
GUJARAT,Botad,COSMIC POWER TECH,cosmicpowertech@gmail.com,9313720672,0,0
GUJARAT,Botad,COSMIC ENTERPRISE,cosmicenergy13.info@gmail.com,9429213406,0,0
GUJARAT,Botad,CONVEX SOLAR,convexsolar92@gmail.com,9737710095,0,0
GUJARAT,Botad,CONNECT POWER PRIVATE LIMITED,hannan@connect-power.in,9898195122,0,0
GUJARAT,Botad,CONCEPT SOLAR ENERGY,conceptsolarenergy21@gmail.com,9662414865,0,0
GUJARAT,Botad,COMPUTER SHOP,pradeep_deputy@yahoo.com,7043402514,0,0
GUJARAT,Botad,COMPASS ENERGIES,abhishek@compassenergies.in,9974458840,0,0
GUJARAT,Botad,COMET EVSOL,cometevsol@gmail.com,8780440726,0,0
GUJARAT,Botad,CMPLUS QUALITY SERVICES PRIVATE LIMITED,chandramauli_india@yahoo.com,9868881112,0,0
GUJARAT,Botad,CITIZEN SOLAR PVT. LTD.,tsjain@citizensolar.com,9825144499,0,0
GUJARAT,Botad,CHUDASAMA TEMUBHA BALVANTSINH,adityasolar1987@gmail.com,8200459492,0,0
GUJARAT,Botad,CHEHAR ENERGY,cheharenergy@gmail.com,9998077796,0,0
GUJARAT,Botad,CHARLES SOLAR POWER ENERGY,charlessolarpowerenergy1990@gmail.com,7016170076,0,0
GUJARAT,Botad,CHAMUNDA ELECTRICAL,chamundaelectrical1@gmail.coml,9723603864,0,0
GUJARAT,Botad,CHALAKNESI ENERGY,CHALAKNESHIENERGY@GMAIL.COM,9408539887,0,0
GUJARAT,Botad,CER ROOFTOP PVT LTD,susanta.hota@cer-inc.com,8586971731,0,0
GUJARAT,Botad,CELESTRA SOLAR PVT LTD,info@celestrasolar.com,9998805002,0,0
GUJARAT,Botad,CELESTIAL RENEWABLE ENERGY,celestialrenewableenergy@gmail.com,9099033033,0,0
GUJARAT,Botad,CAPITAL WELDING,freexindia@gmail.com,9499602041,0,0
GUJARAT,Botad,C J ENTERPRISE,cjenterprise93@gmail.com,9429670026,0,0
GUJARAT,Botad,BURAK ENERGY,burakenergy7@gmail.com,9173110729,0,0
GUJARAT,Botad,BSN ELECTRICS PRIVATE LIMITED,bsnelectrics162018@gmail.com,9925249658,0,0
GUJARAT,Botad,BSAFAL RENEWABLE ENERGIES PVT LTD,nita.maru@bsrepl.com,9723706665,0,0
GUJARAT,Botad,BRITI ENERGY,britienergy2021@gmail.com,8460227728,0,0
GUJARAT,Botad,BRIHASPATHI TECHNOLOGIES PVT LTD,ramu@brihaspathi.com,9989999197,0,0
GUJARAT,Botad,BRIGHT SUN SOLAR SOLUTIONS,brightsun2029@gmai.com,9033398401,0,0
GUJARAT,Botad,BRAHMADIP ENTERPRISE,brahmadip.solar@yahoo.com,9427230047,0,0
GUJARAT,Botad,BOND SOLAR,bondsolar9@gmail.com,9998118505,0,0
GUJARAT,Botad,BNG GREEN ENERGY SOLUTION,bng.greenenergy@gmail.com,9727777171,0,0
GUJARAT,Botad,BLUTH SERVICES LLP,contact@bluthservices.com,8630697093,0,0
GUJARAT,Botad,BLEO ENERGY,bleoenergy@gmail.com,9924982211,0,0
GUJARAT,Botad,BK GROUP & ASSOCIATES,irfansama2704@gmail.com,9879933662,0,0
GUJARAT,Botad,BISON ENGINEERS,bisonengineers19@gmail.com,7573984542,0,0
GUJARAT,Botad,BILIPATRA ENTERPRISE,prajapatijalpesh24@gmail.com,9427928892,0,0
GUJARAT,Botad,BHUMI POLYMERS PRIVATE LIMITED (FORMERLY KNOWN AS BHUMI POLYMERS PRIVATE LIMITES),solar@bhumipolymers.com,9099084938,0,0
GUJARAT,Botad,BHUMI GREEN POWER,bhumigreenpower@gmail.com,9824956161,0,0
GUJARAT,Botad,BHSQUARE SOLAR INSTALLATION SERVICES,harshwork2422@gmail.com,9909431526,0,0
GUJARAT,Botad,BHAVI SOLAR AND ELECTRICALS,chaudharid04@gmail.com,9099754254,0,0
GUJARAT,Botad,BHAVANI ELECTRICALS,beplpatan@gmail.com,9824014075,0,0
GUJARAT,Botad,BHAUTIK ENGINEERING CO.,vegadabhautik2410@gmail.com,9825690528,0,0
GUJARAT,Botad,BHASKAR SOLAR ENTERPRISE,info.bhaskarsolar@gmail.com,8980451231,0,0
GUJARAT,Botad,BHASKAR RAY ENERGY,bhaskarray018@gmail.com,9426975552,0,0
GUJARAT,Botad,BHARTI SOLAR,bhartisolar1@gmail.com,8160804583,0,0
GUJARAT,Botad,BHAKTINANDAN POWER PVTLTD,bhaktinandanpower@gmail.com,9724031529,0,0
GUJARAT,Botad,BHAGVATI SOLAR POWER,info@bhagvatisolarpower.com,7770007502,0,0
GUJARAT,Botad,BHAGAT SOLAR ENERGY,bhujbhagatsolarenergy@gmail.com,9930432027,0,0
GUJARAT,Botad,BEYOND ENERGY,beyondenergy2025@gmail.com,8849608389,0,0
GUJARAT,Botad,BESIGNATURE SOLAR ENERGY PVT.LTD,signaturesolar975@gmail.com,7265996001,0,0
GUJARAT,Botad,BENCHMARK AGENCIES PRIVATE LIMITED,tarang@benchmarkagencies.com,8200267346,0,0
GUJARAT,Botad,BELIEVER RENEWAL ENERGY,bre.solar20@gmail.com,7434972242,0,0
GUJARAT,Botad,BELIEVE TECH ENERGY SERVICES,infobtes@gmail.com,9499631316,0,0
GUJARAT,Botad,BELIEF GREEN TECH PVT LTD,mandaviyakanji@gmail.com,6351555029,0,0
GUJARAT,Botad,BELIANCE ENERGY INDIA PVT.LTD.,belianceenergy@gmail.com,8511651364,0,0
GUJARAT,Botad,BEACON ELECTROTECH LLP,info@beaconelectrotech.com,8460314011,0,0
GUJARAT,Botad,BAPA SITARAM RENEWABLE ENERGY,BSREVADODARA@GMAIL.COM,9925557878,0,0
GUJARAT,Botad,BANSIDHAR SOLAR ENERGY,banshidharsolarenergy@gmail.com,9726035143,0,0
GUJARAT,Botad,BANAS POWER,banaspower2020@gmail.com,9998418825,0,0
GUJARAT,Botad,BALA SOLAR,balasolar@yahoo.com,9879188034,0,0
GUJARAT,Botad,BAHUBALI CONSTRUCTION,pintudabhi626@gmail.com,8490005005,0,0
GUJARAT,Botad,BADAL INDUSTRIES,badalindustries@gmail.com,9824594844,0,0
GUJARAT,Botad,BACKBONE ELECTRICALS,backbone.electricals@gmail.com,6356044325,0,0
GUJARAT,Botad,B-SOLAR CONSULTANT AND ENGINEER PVT LTD,md@bsolar.in,8000888019,0,0
GUJARAT,Botad,AZOLE POWER,azolepower9998@gmail.com,9998743101,0,0
GUJARAT,Botad,AYKKA TECHNOVISION PRIVATE LIMITED,aykka@outlook.in,9586508907,0,0
GUJARAT,Botad,AYAN SOLAR ENERGY,ayansolar25@gmail.com,7623886775,0,0
GUJARAT,Botad,AXIS ENERTECH,meet@axisenertech.com,9428028009,0,0
GUJARAT,Botad,AWAAS SEWA PRIVATE LIMITED,ADMIN@AWAAS.IN,9099189893,0,0
GUJARAT,Botad,AVINYA POWER SOLUTION,avinyapowersolution@gmail.com,9099317212,0,0
GUJARAT,Botad,AVI APPLIANCES PVT. LTD.,design01@avi-products.com,9913759764,0,0
GUJARAT,Botad,AVEE ENERGY,dhavalpatel1973@yahoo.in,9898233244,0,0
GUJARAT,Botad,AVATAR SOLAR PVT LTD,bharat@avatarsolar.com,9687055273,0,0
GUJARAT,Botad,AVANTA,info@avantasolar.com,9586355511,0,0
GUJARAT,Botad,ATRI ENERGY,atrienergy@gmail.com,7622838008,0,0
GUJARAT,Botad,ATLAS MATRIX PVT LTD,atlassolar01@gmail.com,9016955068,0,0
GUJARAT,Botad,ATHARV ENERTECH,montu.dedakiya@gmail.com,9998943833,0,0
GUJARAT,Botad,ASV ENERGY SOLUTIONS,vikas30.asv@gmail.com,7879064335,0,0
GUJARAT,Botad,ASTHA ENTERPRISE,asthaenterprise8010@gmail.com,9925668010,0,0
GUJARAT,Botad,ASHISH ELECTROMECH,ashishelectromech@gmail.com,9426048587,0,0
GUJARAT,Botad,ASHIRWAD ELECTRICALS,ashirwad.ele2022@gmail.com,9904614125,0,0
GUJARAT,Botad,ASHAPURA SOLAR POWER,ashapurasolarpower2025@gmail.com,7778095905,0,0
GUJARAT,Botad,ASCENT ENERGY,ascentenergys@gmail.com,8799447675,0,0
GUJARAT,Botad,ARYAVEER ENERGY INCORPORATION,aryaveerenergyincorporation@gmail.com,9712987874,0,0
GUJARAT,Botad,ARRAYCOM INDIA LIMITED,solar@arraycom.co.in,9909941004,0,0
GUJARAT,Botad,ARRAY ENERGY SOLUTION,ceo.arrayenergysolution@gmail.com,9979898440,0,0
GUJARAT,Botad,ARKURJA INNOVATIONS PRIVATE LIMITED,arkurjarenewables@gmail.com,7383188631,0,0
GUJARAT,Botad,ARKTEC RENEWABLE ENERGY LLP,arktecrenewableenergy@gmail.com,8160038659,0,0
GUJARAT,Botad,ARK SOLAR ENERGY SOLUTIONS,arksolarenergy3@gmail.com,7874463444,0,0
GUJARAT,Botad,ARJUN ENTERPRISE,arjunenter2013@gmail.com,8780886508,0,0
GUJARAT,Botad,ARJAN SOLAR,info@arjansolar.com,9638064824,0,0
GUJARAT,Botad,ARIHAA SOLAR PVT LTD,ashish.arihaasolar@gmail.com,9825877888,0,0
GUJARAT,Botad,ARCHER RENEWABLE PRIVATE LIMITED,info@archersolar.in,8000041003,0,0
GUJARAT,Botad,ARBUDA SOLAR,manan.chaudhari@hotmail.com,9638732097,0,0
GUJARAT,Botad,AQUILINE ENERGY SOLUTION,aquilineenergysolution@gmail.com,7016762587,0,0
GUJARAT,Botad,APOLLO SOLAR POWER,dhavalsavani@icloud.com,9099006748,0,0
GUJARAT,Botad,APOLLO GREEN ENEGRY,apollogreenenergy2024@gmail.com,9825249415,0,0
GUJARAT,Botad,APN SOLAR ENERGY PVT LTD,nationalportal@apnsolar.com,9702034043,0,0
GUJARAT,Botad,AONE RENEWABLE ENERGY,md.aonerenewableenergy@gmail.com,7435061657,0,0
GUJARAT,Botad,ANK SOLAR ENERGY,anksolarenergy@gmail.com,9724816510,0,0
GUJARAT,Botad,ANGEL SOLTECH,angelsoltech@gmail.com,8511029776,0,0
GUJARAT,Botad,ANGEL PUMPS PVT.LTD.,solar1@pumpsangel.com,9904809409,0,0
GUJARAT,Botad,ANANYA SOLAR TECHNOLOGIES,sales.ananyasolar@gmail.com,7573850419,0,0
GUJARAT,Botad,ANANYA SOLAR ENTERPRISE,ananyasolarenterprise@gmail.com,9537638499,0,0
GUJARAT,Botad,ANANYA RENEWABLE ENERGY LLP,energy.ananyarenewable@gmail.com,9327003360,0,0
GUJARAT,Botad,ANANY URJA PRIVATE LIMITED,ananyurjapvtltd@outlook.com,8866442477,0,0
GUJARAT,Botad,ANANT SOLAR ENRGY,anantsolarenergy@gmail.com,9904198764,0,0
GUJARAT,Botad,ANANT SOLAR,anantsolar4242@gmail.com,8401714242,0,0
GUJARAT,Botad,ANANT ENERGY,anantenergy1910@gmai.com,9773476431,0,0
GUJARAT,Botad,ANAND AND ANAND ASSOCIATES,yogeshanandk@gmail.com,9426546256,0,0
GUJARAT,Botad,AMUL ENTERPRISE,amulenterprise92@gmail.com,9898618448,0,0
GUJARAT,Botad,AMRUTAM RENEWABLE ENERGY,info@amrenergy.in,9016352248,0,0
GUJARAT,Botad,AMRUT ENGINEERS,amrutengineersbhuj@gmail.com,9033492711,0,0
GUJARAT,Botad,AMPLE SOLAR PVT LTD,ravi@amplesolar.in,9979792403,0,0
GUJARAT,Botad,ALPHA ENTERPRISE,maulik.solar@gmail.com,9725957991,0,0
GUJARAT,Botad,ALFA SOLAR ENERGY,alfasolarenergy2020@gmail.com,9825374250,0,0
GUJARAT,Botad,ALAYNA GREEN ENERGY,taharkhantna@gmail.com,6353439659,0,0
GUJARAT,Botad,AKUNTHA PROJECTS PVT LTD,ravi@akuntha.com,9426402423,0,0
GUJARAT,Botad,AKSHAR SOLAR ENERGY,aksharsolarenergy@gmail.com,8200328133,0,0
GUJARAT,Botad,AKHANDDEEP SOLAR SOLUTION,akhanddeepsolar@gmail.com,9978643099,0,0
GUJARAT,Botad,AKHAND SHAKTI SOLAR,apparanjape@gmail.com,9427003484,0,0
GUJARAT,Botad,AK GREEN ENERGY,akgreenenergy49@gmail.com,9974846833,0,0
GUJARAT,Botad,AILIS ENERGY PRIVATE LIMITED,suryagujarat@ailisenergy.com,8401541048,0,0
GUJARAT,Botad,AHAD SOLARTECH,ahad.solartech@gmail.com,9724259440,0,0
GUJARAT,Botad,AHAD ENERGY,info@ahadenergy.in,9737673768,0,0
GUJARAT,Botad,AGARIA ENTERPRISE,mahammadikbalagariya@gmail.com,8200605756,0,0
GUJARAT,Botad,AEW SMART SERVICES PVT. LTD.,netmetering@aewsmart.com,8851047092,0,0
GUJARAT,Botad,AEROVOLT ENERGY PRIVATE LIMITED,aerovoltenergy@gmail.com,9558002201,0,0
GUJARAT,Botad,AEILUS RENEWABLE ENERGY,aeilusrenewableenergy@gmail.com,8866581528,0,0
GUJARAT,Botad,ADVANCED ELETRICAL SOLUTIONS,info.aessolar@gmail.com,7574880300,0,0
GUJARAT,Botad,ADVANCE ENERGY SOLUTION,info.advanceenergysolution@gmail.com,8799359849,0,0
GUJARAT,Botad,ADITYAURJA,info.adityaurjasolar@gmail.com,7359935517,0,0
GUJARAT,Botad,ADARSH ANUKAMPA SERVICES,info@adarshindia.net,9825389314,0,0
GUJARAT,Botad,ACTIVE POWER INFRA,activepowerinfra@gmail.com,7228828738,0,0
GUJARAT,Botad,ACCURATE INFOTECH,accurateinfotech1@gmail.com,8866445623,0,0
GUJARAT,Botad,ACCLIMATE SYSTEMS PRIVATE LIMITED,acclimatesystem@gmail.com,7878538141,0,0
GUJARAT,Botad,AC DC PROJECTS,acdcprojects1@gmail.com,8200193182,0,0
GUJARAT,Botad,ABS SOLAR ENERGY,abssolar16@gmail.com,7574010721,0,0
GUJARAT,Botad,ABR ENERGY,abrenergy2019@gmail.com,9375208266,0,0
GUJARAT,Botad,ABHI ENERGETIC PVT LTD,abhi_electrical13@yahoo.com,9824345369,0,0
GUJARAT,Botad,AATREY SOLUTIONS,aatreysolutions@gmail.com,7698120241,0,0
GUJARAT,Botad,AATREY ASSOCIATES PRIVATE LIMITED,aatreyassociates@gmail.com,9824089144,0,0
GUJARAT,Botad,AASHA SOLAR ENERGY,aashasolarenergy1@gmail.com,7016775306,0,0
GUJARAT,Botad,AARSUN ENERGY SOLUTIONS,aarsunenergy@gmail.com,8200328869,0,0
GUJARAT,Botad,AAROHI SOLAR ENERGY,pram8384@gmail.com,8347341291,0,0
GUJARAT,Botad,AARISH POWER,harshpatel5268@gmail.com,7600621060,0,0
GUJARAT,Botad,AARAMBH RENEWABLE,aarambhrenewable@gamil.com,8487861888,0,0
GUJARAT,Botad,AAPLUG SYSTEM,aaplugsystem@gmail.com,7434066394,0,0
GUJARAT,Botad,AANJNEY ENTERPRISE,aanjneysolar@gmail.com,6353161531,0,0
GUJARAT,Botad,AANGI SOLAR,aangisolar@gmail.com,8000848307,0,0
GUJARAT,Botad,AAMOKSH ELECTRICALS PRIVATE LIMITED,hardik.pandya4166@gmail.com,9998367462,0,0
GUJARAT,Botad,AAKASH ENTERPRISES,Enterprise.aakash2010@gmail.com,8735074986,0,0
GUJARAT,Botad,AAJIVAN SOLAR POWER,aajivansolarpower@gmail.com,9106798337,0,0
GUJARAT,Botad,AAI SHREE KHODIYAR FEBRICATION,ASKF2024@GMAIL.COM,9725001682,0,0
GUJARAT,Botad,AADITYA SOLAR,adityasolarnarmada@gmail.com,9265740687,0,0
GUJARAT,Botad,AA SOLAR,enquiry.aasolar@gmail.com,7984392322,0,0
GUJARAT,Botad,A S SOLAR ENTERPRISE,assolarenterprise@gmail.com,9510572504,0,0
GUJARAT,Botad,A S RENEWABLE ENERGY PRIVATE LIMITED,info@asre.co.in,9067207226,0,0
GUJARAT,Botad,A J INFRATECH AND SOLAR,aryanpatelvisnagar@gmail.com,9429083193,0,0
GUJARAT,Botad,A D ENERGY SOLUTIONS,adenergysolutions64@gmail.com,9924503387,0,0
GUJARAT,Botad,7 STAR SOLAR ENERGY,7STAR51751@GMAIL.COM,9624899019,0,0
GUJARAT,Botad,5 RAYS ENERGY,5raysenergy@gmail.com,9979595404,0,0
GUJARAT,Botad,4SUN POWER,4sunpower.ahd@gmail.com,8000859548,0,0
GUJARAT,Botad,24R ENERGY,abhinav.24renergy@gmail.com,9898881359,0,0
