state,district,company_name,emails,contact_numbers,total_installed_capacity_kwp,no_of_installations
GUJARAT,chhotaudepur,STANDARD ENGINEERS & CONTRACTORS,standardelectricals7177@gmail.com,8140080726,373,86
GUJARAT,chhotaudepur,ARIS SOLAR,arissolartech@gmail.com,9662336115,213,56
GUJARAT,chhotaudepur,JIYANSH ENERGY SOLUTIONS,mvp.jes.24@gmail.com,9924700866,165,41
GUJARAT,chhotaudepur,REGAL ELECTRICALS,balochvikarali60@gmail.com,8141028100,107,26
GUJARAT,chhotaudepur,BHARAT ENERGY,bharatenergy8889@gmail.com,9714131394,89,21
GUJARAT,chhotaudepur,OCEANIC POWER ENGINEERS PRIVATE LIMITED,oceanicpower.in@gmail.com,7778065600,83,20
GUJARAT,chhotaudepur,SURYASE ENERGY,suryaseenergy@gmail.com,9662047390,64,19
GUJARAT,chhotaudepur,MECPOWER SOLUTIONS LIMITED,tender@mecpower.in,9328911577,66,19
GUJARAT,chhotaudepur,SKYVIEW POWER,skyviewpower17@gmail.com,8140055305,60,16
GUJARAT,chhotaudepur,JAGDAMBA TRADERS,jagdambatraders.padra@gmail.com,7284841054,58,16
GUJARAT,chhotaudepur,ENWATECH SOLUTION PVT.LTD,enwatechsolutionpvtltd@gmail.com,9427269089,43,11
GUJARAT,chhotaudepur,EARTH WISE ENERGIES,earthwiseenergies@gmail.com,9033330463,44,11
GUJARAT,chhotaudepur,SUNCELL SOLAR LLP,suncellsolarenergy@gmail.com,9512668884,39,10
GUJARAT,chhotaudepur,LIGHTRIC POWER SOLUTION,lightricpower@gmail.com,6355768984,29,8
GUJARAT,chhotaudepur,APS ROOFTOP SOLAR PRIVATE LIMITED,info@apsrooftopsolar.co.in,7966009900,29,8
GUJARAT,chhotaudepur,MJR INDUSTRIES PRIVATE LIMITED,mjrindustriespvtltd@gmail.com,9426998993,27,7
GUJARAT,chhotaudepur,MEERASUN ENERGY,meerasunenergy@gmail.com,9016680239,23,7
GUJARAT,chhotaudepur,SHIV TRADERS,shivtraders7233@gmail.com,9998820863,19,6
GUJARAT,chhotaudepur,AC DC PROJECTS,acdcprojects1@gmail.com,8200193182,26,6
GUJARAT,chhotaudepur,VEDANTA SOLAR,info.vedantasolar@gmail.com,8140233119,18,5
GUJARAT,chhotaudepur,SURYAKAMAL INFRA PVT.LTD.,sales@suryakamalinfra.com,9727756866,22,5
GUJARAT,chhotaudepur,SOLAR CLEAN ENERGY,socleanenergy@gmail.com,6354418196,17,5
GUJARAT,chhotaudepur,POWER TECH ENERGY SOLUTUIONS,epc@ptes.in,6357502081,18,5
GUJARAT,chhotaudepur,M AND P POWER SOLUTIONS,mnppowersolutions2021@gmail.com,9537006733,22,5
GUJARAT,chhotaudepur,KSQUARE ENERGY PVT LTD,projects@ksquareenergy.com,9725218150,19,5
GUJARAT,chhotaudepur,INFRAX RENEWABLE LIMITED,pmsg@infraxrenewable.com,9033260985,16,5
GUJARAT,chhotaudepur,SUNBEAM SOLAR ENERGY,ceo.sunbeamsolarenergy@gmail.com,9662412871,13,4
GUJARAT,chhotaudepur,SHREE GANESH ELECTRICALS,shreeganesh6857@gmail.com,9898956262,13,4
GUJARAT,chhotaudepur,NYALKARAN RENEWABLE ENERGY,nyalkaranrenewableenergy@gmail.com,9998473073,14,4
GUJARAT,chhotaudepur,MAHEK ENTERPRISE,mahekenterprise02@gmail.com,9723128039,16,4
GUJARAT,chhotaudepur,FRELIT ENERGY PRIVATE LIMITED,frelitenergy@gmail.com,9512700130,16,4
GUJARAT,chhotaudepur,CAPTAIN POLYPLAST LIMITED,solar@captainpolyplast.in,9313925889,13,4
GUJARAT,chhotaudepur,BHANU PV SOLAR PVT LTD,bhanupvsolarpvtltd@gmail.com,9510398989,16,4
GUJARAT,chhotaudepur,YELLOW RAY SOLAR,yellowraysolar@gmail.com,9427443581,9,3
GUJARAT,chhotaudepur,SUNSAFE INFRA PRIVATE LIMITED,sunsafe.np@gmail.com,7227050091,10,3
GUJARAT,chhotaudepur,SUNBUY RENEWABLES PVT LTD,darshan@sunbuy.in,9328281611,13,3
GUJARAT,chhotaudepur,SOLMECH ENERGY,solmechenergy@gmail.com,9998930960,15,3
GUJARAT,chhotaudepur,SHREEJI ENTERPRISE - MANJALPUR,shreejienergy844@gmail.com,7041803421,12,3
GUJARAT,chhotaudepur,SAHJANAND ENTERPRISE,sahjanandeprise@gmail.com,9737671777,9,3
GUJARAT,chhotaudepur,RUDRASOL ENERGY PRIVATE LIMITED,rudrasolenergy@gmail.com,9408397604,9,3
GUJARAT,chhotaudepur,MADHAV ENERGY SOLUTION,info.madhavenergy@gmail.com,9408354018,10,3
GUJARAT,chhotaudepur,KARMAA SOLAR LLP,dipen@karmaasolar.com,9724666479,11,3
GUJARAT,chhotaudepur,GREEN ENERGY - RAJKOT,greenenergy123@gmail.com,9428010202,14,3
GUJARAT,chhotaudepur,EFFORTS SOLAR PRIVATE LIMITED (FORMERLY KNOWN AS EFFORTS ENTERPRISES),admin@effortsgroup.in,9067817117,14,3
GUJARAT,chhotaudepur,DHVANI ENERGY,dhvanisolar@gmail.com,9537928064,11,3
GUJARAT,chhotaudepur,BHASKAR SOLAR ENTERPRISE,info.bhaskarsolar@gmail.com,8980451231,9,3
GUJARAT,chhotaudepur,AXIS ENERTECH,meet@axisenertech.com,9428028009,7,3
GUJARAT,chhotaudepur,ZAVICH INFRASTRUCTURE AND POWER PVT LTD,zavichinfra@gmail.com,9106129608,6,2
GUJARAT,chhotaudepur,TECHNOCELL INDUSTRIAL SERVICES,skg23aqua@yahoo.in,9979348446,9,2
GUJARAT,chhotaudepur,SOLARIUM GREEN ENERGY LIMITED,np@solariumenergy.in,9687133338,9,2
GUJARAT,chhotaudepur,SHREEJI ELECTRICAL - VADSAR,shreejielectrical13@gmail.com,9624542806,6,2
GUJARAT,chhotaudepur,SARDAR SOLAR ENERGY PRIVATE LIMITED,sardarsolarenergypvtltd015@gmail.com,9664915598,10,2
GUJARAT,chhotaudepur,RUDRA SOLAR ENERGY,info.rudrasolar@gmail.com,9427903084,10,2
GUJARAT,chhotaudepur,PROSPER ENTERPRISE,prosperenterprise07@gmail.com,9824420913,6,2
GUJARAT,chhotaudepur,NEXUS RENEWTECH,nexusrenewtech@gmail.com,8849277955,13,2
GUJARAT,chhotaudepur,NAVKAR POWER SOLUTIONS,contact@navkarpower.co.in,9879613334,9,2
GUJARAT,chhotaudepur,JANTA RENEWABLE ENRGY,jantarenewableenergy@gmail.com,9898897373,6,2
GUJARAT,chhotaudepur,JAISHANAVI SOLAR,rishikeshthakkar@gmail.com,9974143899,7,2
GUJARAT,chhotaudepur,INFRAX INTERNATIONAL,info@infraxsolar.com,7778002780,7,2
GUJARAT,chhotaudepur,HEAVEN GREEN ENERGY LTD. (FORMERLY KNOWN AS HEAVEN SOLAR ENERGY PVT LTD),heavensolarenergy@gmail.com,9979532167,6,2
GUJARAT,chhotaudepur,GREENCLEAN POWER SOLUTION,greencleanpowersolution@gmail.com,9909047056,9,2
GUJARAT,chhotaudepur,GALAXY ENTERPRISE,galaxyenterprise265@gmail.com,9998017765,9,2
GUJARAT,chhotaudepur,EMISSIONS FREE WORLD PVT LTD,emissionsfreeworld@gmail.com,8320097477,8,2
GUJARAT,chhotaudepur,CRYSTASOL ENERGY SOLUTIONS PRIVATE LIMITED,n.s.pathak18@gmail.com,7069335544,7,2
GUJARAT,chhotaudepur,CONNECT POWER PRIVATE LIMITED,hannan@connect-power.in,9898195122,8,2
GUJARAT,chhotaudepur,BAPA SITARAM SOLAR POWER PVT LTD,bapasitaramsolarpower@gmail.com,8511362222,6,2
GUJARAT,chhotaudepur,ASCENT ENERGY,ascentenergys@gmail.com,8799447675,8,2
GUJARAT,chhotaudepur,YELLOWFELLOW ENERGIES LLP,viraj@yellowfellow.in,8200955676,4,1
GUJARAT,chhotaudepur,YELLOWCREST ENERGY LLP,yellowcrestenergy@gmail.com,9904675445,7,1
GUJARAT,chhotaudepur,VITRAG TECHNO PRIVATE LIMITED,ad.vitragsolar@gmail.com,7778882668,3,1
GUJARAT,chhotaudepur,VIRAJBHAI VISUBHAI KHACHAR,gchauhan17388@gmail.com,9898986662,3,1
GUJARAT,chhotaudepur,SYNNOVE POWER TECHNOLOGY,synnovepowertechnology@gmail.com,9033346701,3,1
GUJARAT,chhotaudepur,SUCCESS TECHNOCRAT,khatri292@gmail.com,9624001021,4,1
GUJARAT,chhotaudepur,SOLAR SMART PVT LTD,solarsmart2021@gmail.com,7284000580,3,1
GUJARAT,chhotaudepur,SOLAR EVERGREEN,nileshkhatri2251@gmail.com,9998564678,4,1
GUJARAT,chhotaudepur,SOLAR CLEAN ENERGY LIMITED,socleanenergy@gmail.com,9712666866,5,1
GUJARAT,chhotaudepur,SOLAR ACE,project.solarace@gmail.com,9909037803,3,1
GUJARAT,chhotaudepur,SMIT ENGINEERING SOLUTION,smitengineering10@gmail.com,9033381684,4,1
GUJARAT,chhotaudepur,SHREEM SOLARIUM PVT LTD,shreemsolarium@gmail.com,7016455944,3,1
GUJARAT,chhotaudepur,SHREEJI ENTERPRISES - WADI,Sandipgandhi113@gmail.com,9825077605,3,1
GUJARAT,chhotaudepur,SANELITE SOLAR PVT LTD,bhavesh.modi@sanelitesolar.com,9374021722,4,1
GUJARAT,chhotaudepur,RITUDHAN SOLAR POWER,ritudhansolarpower@gmail.com,9879111390,4,1
GUJARAT,chhotaudepur,RIGHTWAY ELECTRICALS,rightwayelectricals@gmail.com,9537519905,4,1
GUJARAT,chhotaudepur,RADHE ELECTRICAL,radheelectrical24@gmail.com,9601294783,3,1
GUJARAT,chhotaudepur,PRANIL CORPORATION,riddhistart@yahoo.co.in,9825411575,3,1
GUJARAT,chhotaudepur,OCTA ENTERPRISE,octaenterprise7@gmail.com,8469023543,3,1
GUJARAT,chhotaudepur,MNS GLOBAL ENGINEERING AND SERVICES,mnsglobalengineeringservices@gmail.com,9727207075,3,1
GUJARAT,chhotaudepur,MAHISAGAR SOLAR ENERGY,mahisagarsolarenergy23@gmail.com,8200154972,3,1
GUJARAT,chhotaudepur,LOBEL SOLAR POWER SYSTEM,info@lobelpower.com,9327007854,0,1
GUJARAT,chhotaudepur,LABDHI ENTERPRISE,labdhi1touchsolution@gmail.com,7405069474,3,1
GUJARAT,chhotaudepur,JALARK SOLAR SOLUTIONS OPC PVT LTD,infojalark@gmail.com,9426661857,3,1
GUJARAT,chhotaudepur,INTEGRITY DESIGN ENGINEERING,neelpathak19@gmail.com,9638888049,3,1
GUJARAT,chhotaudepur,INFINITE URJA LLP,info@infiniteurja.in,8000049380,4,1
GUJARAT,chhotaudepur,HARSH COMMUNICATION,harshcomm.solar@gmail.com,9137373727,3,1
GUJARAT,chhotaudepur,GROWSUN RENEWABLE LLP,info.growsunrenewablellp@gmail.com,9925590193,3,1
GUJARAT,chhotaudepur,GROW ENERGY SOLAR SOLUTION,growenergysolarsolution@gmail.com,7778999695,3,1
GUJARAT,chhotaudepur,GREENBRILLIANCE RENEWABLE ENERGY LLP,jay.patel@gbreenergy.com,9879611302,3,1
GUJARAT,chhotaudepur,GREEN FEEDS,greenfeedsolar@gmail.com,9426780778,4,1
GUJARAT,chhotaudepur,GREEN ERA SYSTEM,greenerasystem@gmail.com,8320221647,4,1
GUJARAT,chhotaudepur,FRIENDLY FOOTPRINTS LLP,infosolar.ff@gmail.com,7874833399,2,1
GUJARAT,chhotaudepur,EUROLITE SOLAR,harshil.patel@euroliteindia.com,7490007847,5,1
GUJARAT,chhotaudepur,EMERALD ENTERPRISE,emerald.vadodara@outlook.com,9173591485,7,1
GUJARAT,chhotaudepur,COMET EVSOL,cometevsol@gmail.com,8780440726,3,1
GUJARAT,chhotaudepur,AYAN SOLAR ENERGY,ayansolar25@gmail.com,7623886775,3,1
GUJARAT,chhotaudepur,AUSTRALIAN PREMIUM SOLAR INDIA PVT LTD,systems@australianpremiumsolar.co.in,7966006600,3,1
GUJARAT,chhotaudepur,ARRAY ENERGY SOLUTION,ceo.arrayenergysolution@gmail.com,9979898440,5,1
GUJARAT,chhotaudepur,ARCHER RENEWABLE PRIVATE LIMITED,info@archersolar.in,8000041003,3,1
GUJARAT,chhotaudepur,AARISH POWER,harshpatel5268@gmail.com,7600621060,4,1
GUJARAT,chhotaudepur,ZY ENTERPRISE,zyenterprise12@gmail.com,8460313094,0,0
GUJARAT,chhotaudepur,ZUNROOF TECH PVT LTD,gosolar@zunroof.com,9205893368,0,0
GUJARAT,chhotaudepur,ZODIAC ENERGY LIMITED,info@zodiacenergy.com,7861852582,0,0
GUJARAT,chhotaudepur,ZMR ENERGY INCORPORATION,zmrenergyincorporation@gmail.com,9924818113,0,0
GUJARAT,chhotaudepur,ZENITH SUNSPARK,zenithsunspark@gmail.com,8140946909,0,0
GUJARAT,chhotaudepur,ZEEPO ELECTRICAL SERVICES PRIVATE LIMITED,zeepoelectricalservices@gmail.com,9664823942,0,0
GUJARAT,chhotaudepur,ZALA HAKUBHA NARSISINH,solar.hakubha1508@gmail.com,9925103777,0,0
GUJARAT,chhotaudepur,YUVARAYS SOLAR,yuvarayssolar@gmail.com,9824624497,0,0
GUJARAT,chhotaudepur,YUVAAN ENERGY PRIVATE LIMITED,sales@yuvaanenergy.com,9825045890,0,0
GUJARAT,chhotaudepur,YUG SOLAR,yugsolar@gmail.com,6359410052,0,0
GUJARAT,chhotaudepur,YOGI BATTERY CENTRE,yogipowersystem@yahoo.co.in,9824088156,0,0
GUJARAT,chhotaudepur,YOG ENTERPRISE,yogenterprise.vallabhipur@gmail.com,7600790079,0,0
GUJARAT,chhotaudepur,YASHVI ENTERPRISE,yashvientsami@gmail.com,8849331593,0,0
GUJARAT,chhotaudepur,YASHONAND ELECTRO SERVICE PVT LTD,yashonand2022@gmail.com,9157197171,0,0
GUJARAT,chhotaudepur,YAGNIKKUMAR VALLABHBHAI SAVALIYA,yagniks1999@gmail.com,9409326590,0,0
GUJARAT,chhotaudepur,Y CAME SYSTEMS,ycamesystem009@gmail.com,8320408867,0,0
GUJARAT,chhotaudepur,WISEN ENERGY LLP,info@wisenenergyllp.com,9016979007,0,0
GUJARAT,chhotaudepur,WISE GOAL SERVICES PRIVATE LIMITED,hr.wisegoal@gmail.com,7567161902,0,0
GUJARAT,chhotaudepur,WHITESUN GREEN ENERGY PRIVATE LIMITED,rakesh.bhudia14@hotmail.com,8511740671,0,0
GUJARAT,chhotaudepur,WHITEDESERT POWER PROJECTS PVT. LTD.,wdplnkt@gmail.com,9427760723,0,0
GUJARAT,chhotaudepur,VSG ENTERPRISE,SURYAKANTGORASIYA3024@GMAIL.COM,9979632447,0,0
GUJARAT,chhotaudepur,VRUND ENERGY,vrundenergy@gmail.com,9574779572,0,0
GUJARAT,chhotaudepur,VRAJ ENTERPRISE,vrajsolarsolutions@gmail.com,8140000903,0,0
GUJARAT,chhotaudepur,VRAJ BATTERIES AND POWER SOLUTION,ramkapadia68@gmail.com,9925084825,0,0
GUJARAT,chhotaudepur,VR ENERGY,vrenergy4@gmail.com,9924390293,0,0
GUJARAT,chhotaudepur,VOLTEX SOLUTION,info.voltexsolution@gmail.com,9104629229,0,0
GUJARAT,chhotaudepur,VOLTECH ELECTRICALS,voltechelectricals156@gmail.com,7567771900,0,0
GUJARAT,chhotaudepur,VOLT'S LEGACY ENERGY SOLUTION,contact@voltslegacy.com,9998765059,0,0
GUJARAT,chhotaudepur,VOLLT SOLAR ENERGY,volltsolar@gmail.com,8128550011,0,0
GUJARAT,chhotaudepur,VMD SOLAR ENERGY PRIVATE LIMITED,info@vmdsolarenergy.com,9974095302,0,0
GUJARAT,chhotaudepur,VIYA ELECTRIC PRIVATE LIMITED,info@viyaelectric.com,9033092026,0,0
GUJARAT,chhotaudepur,VIVAN ENERGY,vivanenergy09@gmail.com,9979890230,0,0
GUJARAT,chhotaudepur,VIVAAN INFRA,info@vivaaninfra.in,9909916448,0,0
GUJARAT,chhotaudepur,VISWAN ENERGY SOLUTIONS,viswanenergy@gmail.com,8866641649,0,0
GUJARAT,chhotaudepur,VISION SOLAR,visionenergy196@gmail.com,6351131196,0,0
GUJARAT,chhotaudepur,VISION INFOSYS,info@vision-infosys.in,9825061749,0,0
GUJARAT,chhotaudepur,VISHWASH ENTERPRISE,vishwashenterprise2422@gmail.com,6355098324,0,0
GUJARAT,chhotaudepur,VISHWAKARMA ELECTRICALS,info.vishwakarmaelectricals@gmail.com,9426730030,0,0
GUJARAT,chhotaudepur,VISHWA SOLAR EXPERT,vishwasolar68@gmail.com,9724968018,0,0
GUJARAT,chhotaudepur,VISHVAM POWER PRIVATE LIMITED,vishvampowerpl@gmail.com,9723191446,0,0
GUJARAT,chhotaudepur,VISAKA GREEN PRIVATE LIMITED,vsolar@visaka.in,8770905614,0,0
GUJARAT,chhotaudepur,VIRTA ENTERPRISE,INFO.VIRTAENTERPRISE@GMAIL.COM,7698432673,0,0
GUJARAT,chhotaudepur,VINARA SOLUTIONS,vinarasolutions@gmail.com,8320754771,0,0
GUJARAT,chhotaudepur,VIMAL ELECTRONICS,kcpatel@vimalelectronics.com,9099777176,0,0
GUJARAT,chhotaudepur,VIJAY SOLAR ENERGY,vijaysolarenergy940@gmail.com,6351211549,0,0
GUJARAT,chhotaudepur,VIJAY ELECTRIC COMPANY,vijayelectricco@rediffmail.com,8200337720,0,0
GUJARAT,chhotaudepur,VIDHYUT URJA,vidhyut.urja10@gmail.com,9664845692,0,0
GUJARAT,chhotaudepur,VIDHYUT SOLAR,vidhyutsolarenergy@gmail.com,8347838900,0,0
GUJARAT,chhotaudepur,VIDE ENERGY,ankita.videenergy@gmail.com,9712668268,0,0
GUJARAT,chhotaudepur,VIBRANT SOLAR SYSTEMS,sales.vibrantsolar@gmail.com,9408330692,0,0
GUJARAT,chhotaudepur,VIABLE SOLAR,viable.solar9990@gmail.com,9913344841,0,0
GUJARAT,chhotaudepur,VIA ELECTRIC,hello.viaelectric@gmail.com,9925203764,0,0
GUJARAT,chhotaudepur,VERTEX SOLAR SOLUTIONS PVT LTD,vertexnad@gmail.com,8758614088,0,0
GUJARAT,chhotaudepur,VENUS ENTERPRISE,venusenergy2228@gmail.com,7990678583,0,0
GUJARAT,chhotaudepur,VENTURE SOLAR SOLUTION,info@venturesolarsolution.com,9979632050,0,0
GUJARAT,chhotaudepur,VEERASOL TECHNOLOGY,info@veerasol.com,9558899931,0,0
GUJARAT,chhotaudepur,VEER SOLAR GREEN ENERGY,veersolar2024@gmail.com,8347173977,0,0
GUJARAT,chhotaudepur,VEE SECURE,veesecure.in@gmail.com,9825070982,0,0
GUJARAT,chhotaudepur,VEDA ENTERPRISE,info.vedaenterprise@gmail.com,8401103393,0,0
GUJARAT,chhotaudepur,VECTON ENERGY,vectonenergy@gmail.com,8000140159,0,0
GUJARAT,chhotaudepur,VCL ENERGY,vclenergy777@gmail.com,9825492605,0,0
GUJARAT,chhotaudepur,VASUSENA SOLAR ENERGY,vasusenasolarenergy07@gmail.com,9265356623,0,0
GUJARAT,chhotaudepur,VASHRAMBHAI LAKHABHAI GHED,satrang.com@gmail.com,9624152555,0,0
GUJARAT,chhotaudepur,VASANI SOLAR SOLUTION,vasani.solar.solution@gmail.com,9998404646,0,0
GUJARAT,chhotaudepur,VARUN ENGINEERING,varunpatel2027@gmail.com,9727854101,0,0
GUJARAT,chhotaudepur,VARRCHASVA ENERGY PRIVATE LIMITED,vaibhav@varrchasva.com,9100520101,0,0
GUJARAT,chhotaudepur,VARIZONE SOLAR PRIVATE LIMITED,varizonesolar@gmail.com,9426111113,0,0
GUJARAT,chhotaudepur,VARDHAN SALES,vardhansolar91@gmail.com,9512020935,0,0
GUJARAT,chhotaudepur,VALAM ENTERPRISE,valamenterprise007@gmail.com,9824881693,0,0
GUJARAT,chhotaudepur,VAKRATUND INNOVATION PRIVATE LIMITED,operation@vakratundinnovation.com,6351039120,0,0
GUJARAT,chhotaudepur,VAIJNATH GLOBAL,vaijnathglobal@gmail.com,9106991946,0,0
GUJARAT,chhotaudepur,VAGHASIA HITESH B,vaghasia_hitesh@yahoo.com,9979773121,0,0
GUJARAT,chhotaudepur,VAATI POWER,vaatipower@gmail.com,9510010005,0,0
GUJARAT,chhotaudepur,VA PATEL INFRA PRIVATE LIMITED,mayurdhavajsinhgohil00@gmail.com,9428269204,0,0
GUJARAT,chhotaudepur,V-GUARD INDUSTRIES LIMITED,solar@vguard.in,9895550313,0,0
GUJARAT,chhotaudepur,V SOLAR,vsolar8521@gmail.com,7698297821,0,0
GUJARAT,chhotaudepur,V POWER SOLAR SERVICES,vpowersolarservices@gmail.com,9904254440,0,0
GUJARAT,chhotaudepur,UVR TECHSOL PRIVATE LIMITED,uvrtechsol@gmail.com,9227106799,0,0
GUJARAT,chhotaudepur,UTSAV TECHNO ENTERPRISE,utsavtechnoenterprise@gmail.com,7046612340,0,0
GUJARAT,chhotaudepur,URJASTROT PRIVATE LIMITED,urjastrotenterprise@gmail.com,7621010012,0,0
GUJARAT,chhotaudepur,URJA GLOBAL LIMITED,bhagwan.verma@urjaglobal.in,7290005823,0,0
GUJARAT,chhotaudepur,URJA ELECTRICALS,urja.electricals.dhg@gmail.com,8469551508,0,0
GUJARAT,chhotaudepur,URJA ASSISTANCE,gujarat@urjaassistance.com,9724806341,0,0
GUJARAT,chhotaudepur,URATOM SOLAR INDIA PVT LTD,pv@uratom.com,9925099249,0,0
GUJARAT,chhotaudepur,UPVOLTAGE SOLUTIONS LLP,upvoltagesolutions@gmail.com,7990618259,0,0
GUJARAT,chhotaudepur,UNIVERSE ENTERPRISE,muljinakum1103@gmail.com,7878789968,0,0
GUJARAT,chhotaudepur,UNITY ENERGY SOLUTION,unityenergysolution@gmail.com,9099094027,0,0
GUJARAT,chhotaudepur,UNIQUE SOLAR SERVICE,UNIQUESOLARSERVICERAJKOT@GMAIL.COM,7046082382,0,0
GUJARAT,chhotaudepur,UNIQUE ELECTRICAL,sales.epc2016@gmail.com,9099000148,0,0
GUJARAT,chhotaudepur,UNICORN ENTERPRISE,unicornsolarvyara@gmail.com,8200121328,0,0
GUJARAT,chhotaudepur,UNICORN ELECTRICALS AND PROJECTS,unicornelectricals20@gmail.com,9510968626,0,0
GUJARAT,chhotaudepur,UNICON ENERGY,info@uniconenergy.com,9974545444,0,0
GUJARAT,chhotaudepur,UMIYA ENTERPRISE - NARODA,umiyaenterprise1981@gmail.com,9725033295,0,0
GUJARAT,chhotaudepur,UMA POWER SOLUTIONS,umapowersolution@gmail.com,9638953281,0,0
GUJARAT,chhotaudepur,ULTRAVIOLET SOLAR PVT.LTD.,info@uvrays.co.in,7878699099,0,0
GUJARAT,chhotaudepur,ULTRASUN ENERGY,info@ultrasunenergy.com,9909911071,0,0
GUJARAT,chhotaudepur,ULTRA RAYS ENERGY SOLUTION,ultrarays2019@gmail.com,7984482472,0,0
GUJARAT,chhotaudepur,UKEL AUTOMATION LLP,ukelautomation@gmail.com,9998008889,0,0
GUJARAT,chhotaudepur,UJALA COMPANY,ujalasolarcompany@gmail.com,7874157474,0,0
GUJARAT,chhotaudepur,UDB ENERGY PVT. LTD.,udbenergypvtltd@gmail.com,7077014714,0,0
GUJARAT,chhotaudepur,U R ENERGY INDIA PVT LTD,india@urenergyglobal.com,9512040442,0,0
GUJARAT,chhotaudepur,TVARIT ENERGY LLP,meet@tvritenergy.in,8511600853,0,0
GUJARAT,chhotaudepur,TULAJA ENTERPRISE,tulajaenterprise@gmail.com,9904866630,0,0
GUJARAT,chhotaudepur,TROM INDUSTRIES LIMITED,marketing@tromsolar.in,9081017444,0,0
GUJARAT,chhotaudepur,TRIZONE POWER,trizonepower05@gmail.com,9638052084,0,0
GUJARAT,chhotaudepur,TRINITY RENEWABLE ENERGY,info.trinityrenewableenergy@gmail.com,9227000392,0,0
GUJARAT,chhotaudepur,TRIDENT POWER,trident.power24@gmail.com,7698264402,0,0
GUJARAT,chhotaudepur,TRADE X,tradex.solarenergy22@gmail.com,9106834748,0,0
GUJARAT,chhotaudepur,TOUCHCORE CONSULTANCY,touchcore27@gmail.com,9909284285,0,0
GUJARAT,chhotaudepur,TOPCON SOLAR ENERGY,topconsolarenergy@gmail.com,9081773500,0,0
GUJARAT,chhotaudepur,TIRUPATI SOLAR,tirupatisolar@hotmail.com,7043343509,0,0
GUJARAT,chhotaudepur,THE WOLT TECHNIQUES,director@woltsolarproducts.com,9904238777,0,0
GUJARAT,chhotaudepur,THE SOLAR HOUSE,thesolarhouse9@gmail.com,8485950999,0,0
GUJARAT,chhotaudepur,THE SHIVSHAKTI ENTERPRISE,Shivshakti2688@gmail.com,9913418634,0,0
GUJARAT,chhotaudepur,THE MOON KNIGHT,themoonknight913@gmail.com,9081313777,0,0
GUJARAT,chhotaudepur,THE MECHTECH SOLUTIONS,themechtechsolutions@gmail.com,9714928728,0,0
GUJARAT,chhotaudepur,TERAIYA ENTERPRISE,teraiyaenterprise@gmail.com,8780802225,0,0
GUJARAT,chhotaudepur,TEJ ENERGY LLP,director@tejenergy.com,9426856508,0,0
GUJARAT,chhotaudepur,TECHSUNBIO GREEN ENERGY PRIVATE LIMITED,info@techsunbio.com,9925336536,0,0
GUJARAT,chhotaudepur,TECHNOVATIVE GREEN ENERGY SOLUTIONS,technovativesolar@gmail.com,6354031108,0,0
GUJARAT,chhotaudepur,TECHNOGOODS ENTERPRISES,TechnoGoods@outlook.com,9904709693,0,0
GUJARAT,chhotaudepur,TECHNOCRATS ENGINEERS,technocratsengineers007@gmail.com,9974214007,0,0
GUJARAT,chhotaudepur,TECHNO POWER,technopower0001@gmail.com,8200360798,0,0
GUJARAT,chhotaudepur,TECHNO ELECTRONICS,sales@technopower.co.in,9825236894,0,0
GUJARAT,chhotaudepur,TATVAM INDUSTRIES,parth.tatvam@protonmail.com,7990101643,0,0
GUJARAT,chhotaudepur,TATSAT NRGS,tatsatnrgs@gmail.com,7984576567,0,0
GUJARAT,chhotaudepur,TARUN AND CO,taruncopwr@gmail.com,9879534866,0,0
GUJARAT,chhotaudepur,TARA SOLAR ENERGY,tara.solar.2111@gmail.com,9408966600,0,0
GUJARAT,chhotaudepur,TAPTI SOLAR,taptisolar@gmail.com,9157028811,0,0
GUJARAT,chhotaudepur,TAJ ELECTRICALS,tajelectricals.daman@gmail.com,9824790965,0,0
GUJARAT,chhotaudepur,TAIYO SOLAR SYTEM INTEGRATOR LLP,info@taiyosolar.co.in,9825324580,0,0
GUJARAT,chhotaudepur,SYSTEM RENEWABLE ENERGY,nbagwan8@gmail.com,9662361740,0,0
GUJARAT,chhotaudepur,SYSTEM LEVEL SOLUTIONS INDIA PVT LTD,sales@getsunsights.com,7486992856,0,0
GUJARAT,chhotaudepur,SYNCHRO ENERGY,synchroenergy389@gmail.com,9974737316,0,0
GUJARAT,chhotaudepur,SWEV INDIA PVT LIMITED,swevindia@gmail.com,7984328691,0,0
GUJARAT,chhotaudepur,SWASTIK SOLAR SYSTEM,swastiksolar07@gmail.com,9712412011,0,0
GUJARAT,chhotaudepur,SWARG INDUSTRIES PVT LTD,info@swargworld.com,9824999527,0,0
GUJARAT,chhotaudepur,SWAMI INTEGRATOR AND CONSULTANTS LLP,sanjib@swamisolar.com,8980800743,0,0
GUJARAT,chhotaudepur,SWAMI ENERGY,jigar.swamienergy@gmail.com,9725451293,0,0
GUJARAT,chhotaudepur,SUTARIAS SOLUTIONS PRIVATE LTD,sspl.hasmukh@gmail.com,9099510408,0,0
GUJARAT,chhotaudepur,SURYOSA SOLAR PRIVATE LIMITED,info@suryosa.com,9998018314,0,0
GUJARAT,chhotaudepur,SURYATRIC SOLAR PVT LTD,info.suryatrick@gmail.com,9979652010,0,0
GUJARAT,chhotaudepur,SURYASTRA GREEN INITIATIVES PRIVATE LIMITED,suryastraindia@gmail.com,8128007602,0,0
GUJARAT,chhotaudepur,SURYASIDDHI ENERGY SOLUTION PRIVATE LIMITED,suryasiddhienergysolutions@gmail.com,8460641891,0,0
GUJARAT,chhotaudepur,SURYANCE SOLAR,suryancesolar@gmail.com,9664504655,0,0
GUJARAT,chhotaudepur,SURYAMANI SOLAR,suryamanisolar@gmail.com,8140000257,0,0
GUJARAT,chhotaudepur,SURYAMAAN ENERGY,info.suryamaan@gmail.com,9722243637,0,0
GUJARAT,chhotaudepur,SURYAM INTERNATIONAL PRIVATE LIMITED,marketing@groupsurya.co.in,8093011632,0,0
GUJARAT,chhotaudepur,SURYAM ENERGY,dhavalpatel7037@gmail.com,8320698043,0,0
GUJARAT,chhotaudepur,SURYADEV SOLAR,suryadevsolar4@gmail.com,9327175676,0,0
GUJARAT,chhotaudepur,SURYADEV SALES & SERVICE,suryadev2k20@gmail.com,7016946571,0,0
GUJARAT,chhotaudepur,SURYABHUMI SOLAR ENERGY,suryabhumisolarenergy@gmail.com,8866019146,0,0
GUJARAT,chhotaudepur,SURYA URJA SYSTEMS,suryaurjasystems@gmail.com,9824276142,0,0
GUJARAT,chhotaudepur,SURYA SOLAR AND WATERS,rooftop@suryasolarwaters.com,9033266039,0,0
GUJARAT,chhotaudepur,SURYA SHAKTI SOLAR,suryashaktisolar09@gmail.com,7567992734,0,0
GUJARAT,chhotaudepur,SURYA SHAKTI,suryashaktisolar.18@gmail.com,8488010488,0,0
GUJARAT,chhotaudepur,SURYA INTERNATIONAL,suryavishnu159@yahoo.com,9825802298,0,0
GUJARAT,chhotaudepur,SURYA ENTERPRISE,suryaenterprise8324@gmail.com,9687975891,0,0
GUJARAT,chhotaudepur,SUREWORTH SOLAR,Sureworthsolar@gmail.com,7698763040,0,0
GUJARAT,chhotaudepur,SURESHBHAI SADURBHAI BARBACHIYA,surechbarbachiya41@gmail.com,9879299136,0,0
GUJARAT,chhotaudepur,SURAYAY NAMAH ENERGY PRIVATE LIMITED,rahul@surayaynamahenergy.com,9554055565,0,0
GUJARAT,chhotaudepur,SURAJGEMA POWER,SURAJGEMAPOWER@GMAIL.COM,8460515124,0,0
GUJARAT,chhotaudepur,SUPER WATT POWER SOLUTIONS LLP,power.superwatt@gmail.com,9920320366,0,0
GUJARAT,chhotaudepur,SUNWAY SOLAR,sunwaysolar02@gmail.com,7698832340,0,0
GUJARAT,chhotaudepur,SUNWAVE ENERGY,sunwave.energy123@gmail.com,7046070468,0,0
GUJARAT,chhotaudepur,SUNVINE RENEWABLE,sunvinerenewable@gmail.com,8000050580,0,0
GUJARAT,chhotaudepur,SUNTRAC SOLAR,suntrac.jh@gmail.com,9979363442,0,0
GUJARAT,chhotaudepur,SUNSPOT ENERGY LLP,info.sunspotenergy@gmail.com,8866110577,0,0
GUJARAT,chhotaudepur,SUNSPOT,msn.sunspot@gmail.com,6356810701,0,0
GUJARAT,chhotaudepur,SUNSPARK SOLAR SOLUTIONS (FORMERLY KNOWN AS SUSSPARK SOLAR SOLUTIONS ),sunsparksolarsolutions23@gmail.com,9664693254,0,0
GUJARAT,chhotaudepur,SUNSOLAR SOLUTIONS (INDIA) PRIVATE LIMITED,jigar@sunsolarsolutions.co.in,9638189589,0,0
GUJARAT,chhotaudepur,SUNSNATCH SOLUTIONS LLP,monark.sunsnatch@gmail.com,7698536878,0,0
GUJARAT,chhotaudepur,SUNSKY SOLAR,trdesai@sunskysolar.co.in,9727518665,0,0
GUJARAT,chhotaudepur,SUNSHREE SOLAR,sunshreesolar@gmail.com,9157838777,0,0
GUJARAT,chhotaudepur,SUNSHINE SOLAR,sunshinesolarsurat@gmail.com,9537733133,0,0
GUJARAT,chhotaudepur,SUNSHAPE ENERGY,sunshapeenergy@gmail.com,9913783302,0,0
GUJARAT,chhotaudepur,SUNSETLIFE SOLAR PRIVATE LIMITED,sunsetlifesolar@gmail.com,9574427119,0,0
GUJARAT,chhotaudepur,SUNSAI SOLAR SYSTEMS,solar@sunsai.co.in,9925808788,0,0
GUJARAT,chhotaudepur,SUNSAFE INFRA SERVICES,INFO@SUNSAFE.IN,9033673308,0,0
GUJARAT,chhotaudepur,SUNRUN GREEN ENERGY,sunrungreenenergy@gmail.com,6354883949,0,0
GUJARAT,chhotaudepur,SUNROOF ELECTRICAL ENERGY,sunroofenergy100@gmail.com,9687893989,0,0
GUJARAT,chhotaudepur,SUNRISE INDIA,satyanarayantiwari2022@gmail.com,7208291414,0,0
GUJARAT,chhotaudepur,SUNRISE ENTERPRISE,sunriseenterprise6388@gmail.com,9904889087,0,0
GUJARAT,chhotaudepur,SUNREST INFRA ENERGY,sunrestinfraenergy@gmail.com,9638063381,0,0
GUJARAT,chhotaudepur,SUNRAYS ENERGY,keyursheth.14@gmail.com,9978724010,0,0
GUJARAT,chhotaudepur,SUNRAISE INDUSTRIES,info@sunraiseindustries.com,9722106810,0,0
GUJARAT,chhotaudepur,SUNPRIDE ENERGY,chiragpatel2592@gmail.com,9726880980,0,0
GUJARAT,chhotaudepur,SUNPOWER ENERGY,sunpowerenergy.solar@gmail.com,7405095299,0,0
GUJARAT,chhotaudepur,SUNPLUG TECHNOLOGIES LLP,hnchavda87@gmail.com,9427020496,0,0
GUJARAT,chhotaudepur,SUNNOVATIVE SOLAR ENERGY SOLUTION PVT LTD,ravi@sunnovative.com,8153819531,0,0
GUJARAT,chhotaudepur,SUNLIGHT SOLAR ENTERPRISE,bhaveshparmar4793@gmail.com,8320866769,0,0
GUJARAT,chhotaudepur,SUNLIGHT INFRA ENERGY PRIVATE LIMITED,tender@sunlights.in,9998374580,0,0
GUJARAT,chhotaudepur,SUNLIGHT GREEN ENERGY,sunlightgreenmeh@gmail.com,8460043385,0,0
GUJARAT,chhotaudepur,SUNLIGHT ENERGY SOLUTIONS,sunlightenergysolutions01@gmail.com,9824668001,0,0
GUJARAT,chhotaudepur,SUNLAND SOLAR ENERGY,sunlandsolarenergy@gmail.com,8141810505,0,0
GUJARAT,chhotaudepur,SUNISTIC SOLAR ENERGY LLP,info@sunisticsolarenergy.com,9909507507,0,0
GUJARAT,chhotaudepur,SUNIFY SOLAR LLP,sunifysolar@gmail.com,8141455505,0,0
GUJARAT,chhotaudepur,SUNGOLD ENTERPRISE,sungoldenterprise123@gmail.com,9737147433,0,0
GUJARAT,chhotaudepur,SUNFRAA RENEWABLES LLP,partner@sunfraa.com,6354296570,0,0
GUJARAT,chhotaudepur,SUNCENTER SOLAR ENERGY,suncentersolarenergy@gmail.com,8905055513,0,0
GUJARAT,chhotaudepur,SUNCARE ENERTECH PVT LTD,suncaresolar3@gmail.com,7405450545,0,0
GUJARAT,chhotaudepur,SUNBYTE ENERGY SOLUTIONS LLP,info.sunbyteenergy@gmail.com,7698971717,0,0
GUJARAT,chhotaudepur,SUNBURST GREEN ENERGY LLP,office@sunburstgreen.com,9879514559,0,0
GUJARAT,chhotaudepur,SUNBOOST PRIVATE LTD,info@sunboostenergy.com,9104227788,0,0
GUJARAT,chhotaudepur,SUNBLOOM ENERGY PRIVATE LIMITED,info@sunbloomenergy.com,9662874669,0,0
GUJARAT,chhotaudepur,SUNARC ELECTRICALS,sunarcelectricals@gmail.com,9687025729,0,0
GUJARAT,chhotaudepur,SUN VISION SOLAR,info@sunvisionsolar.in,9924112225,0,0
GUJARAT,chhotaudepur,SUN TECH ENERGY SOLUTION,suntech.rutvij@gmail.com,8320301975,0,0
GUJARAT,chhotaudepur,SUN SPARKLE ENERGY,sunsparkleenergy@gmail.com,9016093505,0,0
GUJARAT,chhotaudepur,SUN MICRA RENEWABLE ENERGY,info@sunmicra.co.in,7990662677,0,0
GUJARAT,chhotaudepur,SUN LIGHT SOLAR,sunlightsolar0106@gmail.com,9726215972,0,0
GUJARAT,chhotaudepur,SUN ENERGY,sunenergybharat@gmail.com,9427352326,0,0
GUJARAT,chhotaudepur,SUMERU SOLUTION,sumerusolution22@gmail.com,8866426625,0,0
GUJARAT,chhotaudepur,SUKOON POWER TECHNOLOGY,sukoonpowertech@gmail.com,9712946594,0,0
GUJARAT,chhotaudepur,SUKARM,sukarmsolar@gmail.com,9925045163,0,0
GUJARAT,chhotaudepur,STRONG SUN SOLAR ENERGY,strongsunsolarenergy@gmail.com,7622011292,0,0
GUJARAT,chhotaudepur,STEELHACKS INDUSTRIES,unisolsolar2000@yahoo.com,9825049997,0,0
GUJARAT,chhotaudepur,STARLUMEN ENERGY LLP,sales.starlumen@gmail.com,8758737125,0,0
GUJARAT,chhotaudepur,STAR ENERGY SYSTEMS,starenergyindia@gmail.com,9825014314,0,0
GUJARAT,chhotaudepur,STAR ELECTRICALS,starhalol389350@gmail.com,9909118137,0,0
GUJARAT,chhotaudepur,SSB ICONIC LLP,s2belectricals@gmail.com,9016903767,0,0
GUJARAT,chhotaudepur,SRI BALAJI SUN ENERGY,info@sribalajienergy.com,7878375444,0,0
GUJARAT,chhotaudepur,SPY AUTOMATION,spyautomation61@gmail.com,7227000497,0,0
GUJARAT,chhotaudepur,SPIKE ENERGY,vspikeenergy@gmail.com,9662485355,0,0
GUJARAT,chhotaudepur,SPEED O ENERGY,INFO.SPEEDOENERGY@GMAIL.COM,7016826003,0,0
GUJARAT,chhotaudepur,SPARQ ENERTECH PVT LTD,info@sparqenertech.com,9558971268,0,0
GUJARAT,chhotaudepur,SPARCO MULTIPLAST PVT LTD,info@sparcoenergy.com,9409269062,0,0
GUJARAT,chhotaudepur,SP TECHNOLOGY,Sptechnology2023@gmail.com,9586267664,0,0
GUJARAT,chhotaudepur,SP POWERTECH,sppowertech44@gmail.com,9408129713,0,0
GUJARAT,chhotaudepur,SP EPC SOLUTIONS,psbuma@gmail.com,9537824788,0,0
GUJARAT,chhotaudepur,SP ENGINEERING,sp.engineering2k19@gmail.com,6353577489,0,0
GUJARAT,chhotaudepur,SOULTRUST SOLAR,soultrustsolar@gmail.com,9099663390,0,0
GUJARAT,chhotaudepur,SOULSHINE RENEWABLE ENERGY,epc.soulshine@gmail.com,9913895893,0,0
GUJARAT,chhotaudepur,SOR ENTERPRISE,sorsolar@yahoo.com,9824428293,0,0
GUJARAT,chhotaudepur,SOORYABHUMI ENERGY,sooryabhumienergy2024@gmail.com,8155887304,0,0
GUJARAT,chhotaudepur,SONIK SOLAR POWER SOLUTION,Sonikpanchal27@gmail.com,8200291250,0,0
GUJARAT,chhotaudepur,SOMNATH ENERGY,somnath.solarenergy@gmail.com,7600250096,0,0
GUJARAT,chhotaudepur,SOM ENERGY SYSTEMS,info@somenergysystems.com,8401909576,0,0
GUJARAT,chhotaudepur,SOLYUG RENEWABLES,info@solyugrenewables.com,9099562009,0,0
GUJARAT,chhotaudepur,SOLVEIG SOLAR PRIVATE LIMITED,solveigsolar@gmail.com,9724362544,0,0
GUJARAT,chhotaudepur,SOLSKIN ENERGY LLP,solskinenergy@gmail.com,8128988878,0,0
GUJARAT,chhotaudepur,SOLNCE ENERGY PRIVATE LIMITED,NATIONALPORTALSOLNCE@GMAIL.COM,7990480061,0,0
GUJARAT,chhotaudepur,SOLISTA ENERGY,solistaenergy8@gmail.com,9106194946,0,0
GUJARAT,chhotaudepur,SOLIS ENERGY SYSTEM,bhargavpaneliya@solisenergysystem.com,9601270077,0,0
GUJARAT,chhotaudepur,SOLINE SOLAR PRIVATE LIMITED,info@soline.in,9898535056,0,0
GUJARAT,chhotaudepur,SOLEXY SOLAR POWER PVT. LTD.,ssepl1962@gmail.com,9810725280,0,0
GUJARAT,chhotaudepur,SOLEX GREEN ENERGY PRIVATE LIMITED,pravin.d@solex.in,9376820081,0,0
GUJARAT,chhotaudepur,SOLEX ENERGY LIMITED,solexcd@gmail.com,6354605180,0,0
GUJARAT,chhotaudepur,SOLEOS GREEN ENERGY PRIVATE LIMITED,pruthvi@soleos.in,9512448900,0,0
GUJARAT,chhotaudepur,SOLEAF ENERGY,infosolarsoleaf@gmail.com,7600008915,0,0
GUJARAT,chhotaudepur,SOLARWISE-NEXG PRIVATE LIMITED,solarwise69@gmail.com,9910803171,0,0
GUJARAT,chhotaudepur,SOLARWAVE ENERGY,solarwaveenergy2@gmail.com,7490083005,0,0
GUJARAT,chhotaudepur,SOLARTRONICS ENERGY,info.solartronics@gmail.com,9426424973,0,0
GUJARAT,chhotaudepur,SOLART,solart.sunfuel@gmail.com,8866506193,0,0
GUJARAT,chhotaudepur,SOLARSYS GREENTECH PRIVATE LIMITED,deepak@solarsysgreentech.in,8488976829,0,0
GUJARAT,chhotaudepur,SOLARPLUS ENERGY SOLUTIONS,esolarplus@gmail.com,9327269583,0,0
GUJARAT,chhotaudepur,SOLARMAX ENERGY PRIVATE LIMITED,info@solarmaxenergy.in,9409222221,0,0
GUJARAT,chhotaudepur,SOLARLOGIX PRIVATE LIMITED,contact@solarlogix.in,7979053489,0,0
GUJARAT,chhotaudepur,SOLARIZE RENEWABLES PVT. LTD.,info@solarizerenewables.com,9081999400,0,0
GUJARAT,chhotaudepur,SOLARISE TECHNOLOGIES,solarisetechnologies1@gmail.com,6351562596,0,0
GUJARAT,chhotaudepur,SOLARIS TECHNO,solaristechno@gmail.com,8767917570,0,0
GUJARAT,chhotaudepur,SOLARIS 360,info@solaris360.com,9998117531,0,0
GUJARAT,chhotaudepur,SOLARINA RENEWABLE PRIVATE LIMITED,solarinarenewable@gmail.com,9824351021,0,0
GUJARAT,chhotaudepur,SOLARBERG SOLUTIONS,sureshbavishiya@gmail.com,9879200821,0,0
GUJARAT,chhotaudepur,SOLARATIVE ENERGY SOLUTION,pavan.solarative@gmail.com,9327151411,0,0
GUJARAT,chhotaudepur,SOLARAM POWER INFRASTRUCTURE PRIVATE LIMITED,solarampower@gmail.com,9898041008,0,0
GUJARAT,chhotaudepur,SOLAR4U ENTERPRISE,solar4uenterprise1@gmail.com,9510708411,0,0
GUJARAT,chhotaudepur,SOLAR TECHNOLOGY,info@solartechnology.in,9998063204,0,0
GUJARAT,chhotaudepur,SOLAR SUNPOWER,solarsunpower2020@gmail.com,8238835771,0,0
GUJARAT,chhotaudepur,SOLAR ONLINE SKP,onlinesk044@gmail.com,8238539443,0,0
GUJARAT,chhotaudepur,SOLAR GREEN DEVELOPERS,solargreendevelopers@gmail.com,9924507751,0,0
GUJARAT,chhotaudepur,SOLAR ENERGY,solarpioneer19@gmail.com,9033868265,0,0
GUJARAT,chhotaudepur,SOLAR EDITION,solaredition18@gmail.com,7990909838,0,0
GUJARAT,chhotaudepur,SOLAR EARTH RENEWABLES PRIVATE LIMITED,ser@solarearth.in,7990378370,0,0
GUJARAT,chhotaudepur,SOLAR EARTH,solarearth7@gmail.com,7990378370,0,0
GUJARAT,chhotaudepur,SOL MAX SOLUTION,mpboricha111@gmail.com,9429343757,0,0
GUJARAT,chhotaudepur,SOL ENERGY,solenergyn@gmail.com,7621852735,0,0
GUJARAT,chhotaudepur,SOHAM SOLAR SOLUTION,sohamsolarsolution@yahoo.com,9601751327,0,0
GUJARAT,chhotaudepur,SOHAM ENTERPRISE,sachinpatel3132@gmail.com,9924142513,0,0
GUJARAT,chhotaudepur,SODHA ELECTRIC SERVICE,sohail.sodha@gmail.com,8000093095,0,0
GUJARAT,chhotaudepur,SNS ENERGY PVT. LTD.,sujitsharma@snsenergy.co.in,7043136049,0,0
GUJARAT,chhotaudepur,SNAP SOLAR,snapsolar7@gmail.com,7572851098,0,0
GUJARAT,chhotaudepur,SN GROUP OF COMPANY,sngroupofcompany2022@gmail.com,9725324439,0,0
GUJARAT,chhotaudepur,SMIT SOLAR SOLUTIONS,smitsolarsolutions@gmail.com,9924793020,0,0
GUJARAT,chhotaudepur,SMART SOLAR ENERGY,smartsolarenergy8542@gmail.com,7435907512,0,0
GUJARAT,chhotaudepur,SMART ROOF SOLAR SOLUTION PVT. LTD.,enquiry@gosmartroof.com,9971481718,0,0
GUJARAT,chhotaudepur,SMART ENERGY SOLUTIONS,smartenergysolutions99@gmail.com,8511495982,0,0
GUJARAT,chhotaudepur,SKYWIN SOLAR,skywinsolar@gmail.com,7984435493,0,0
GUJARAT,chhotaudepur,SKYVOLT POWER TECHNOLOGIES LLP,skyvoltpower25@gmail.com,9909798222,0,0
GUJARAT,chhotaudepur,SKYLINE SOLAR SYSTEM,skylinesolarsystem@gmail.com,9106430159,0,0
GUJARAT,chhotaudepur,SKYLIGHT SOLAR,skylightsolar03@gmail.com,9510905126,0,0
GUJARAT,chhotaudepur,SKYLAR INDIA,darshansolarkheda@gmail.com,8530252952,0,0
GUJARAT,chhotaudepur,SKY WINGS SOLAR ENERGY,skywingssolar@gmail.com,9974839830,0,0
GUJARAT,chhotaudepur,SKY TECH ENERGY,info.skytechenergy@gmail.com,6355092898,0,0
GUJARAT,chhotaudepur,SKY SUN ENTERPRISE,skysunenterprise@gmail.com,9408931070,0,0
GUJARAT,chhotaudepur,SKY RISE SOLAR,skyrisesolar@gmail.com,9328009285,0,0
GUJARAT,chhotaudepur,SKY RENEWABLE,piush123.pp@gmail.com,9638166779,0,0
GUJARAT,chhotaudepur,SKY POWER ENERGY,skypowerenergy03@gmail.com,8849719837,0,0
GUJARAT,chhotaudepur,SKY POWER,skypowersvp@gmail.com,9723070267,0,0
GUJARAT,chhotaudepur,SKY LARK SOLAR PRIVATE LIMITED,skylarksolar7@gmail.com,7016360083,0,0
GUJARAT,chhotaudepur,SKY ENTERPRISE,skyenterprise.re@gmail.com,9428164222,0,0
GUJARAT,chhotaudepur,SIYAVAR ENERGY,SIYAVARENERGY@GMAIL.COM,9773131455,0,0
GUJARAT,chhotaudepur,SITARAM CORPORATION,sitaramcorporation2025@gmail.com,8141427041,0,0
GUJARAT,chhotaudepur,SIMMS ENGINEERING PVT LTD,simms_eng@yahoo.co.in,9825142376,0,0
GUJARAT,chhotaudepur,SILVER CYPHER TECHNOLOGIES,silvercyphersolar@gmail.com,8460699699,0,0
GUJARAT,chhotaudepur,SILVER CONSUMER ELECTRICALS LIMITED (FORMERLY KNOWN AS SILVER CONSUMER ELECTRICALS PRIVATE LIMITED),kevin.patel@silverpumps.com,7486059400,0,0
GUJARAT,chhotaudepur,SIGNAL AUTOMATION,solarservices1188@gmail.com,9978215636,0,0
GUJARAT,chhotaudepur,SIGMA SUN ENERGY,info.sigmasunenergy@gmail.com,9726764498,0,0
GUJARAT,chhotaudepur,SIGMA ENGINEERING,sigma_engg@yahoo.co.in,9825205934,0,0
GUJARAT,chhotaudepur,SIDOM SYNERGY PRIVATE LIMITED,sidomsynergy@gmail.com,9408454029,0,0
GUJARAT,chhotaudepur,SIDDHIVINAYAK ENGINEERING COMPANY,shreeganeshaquva@gmail.com,9904954348,0,0
GUJARAT,chhotaudepur,SIDDHI ELECTRICAL ENGINEER AND CONTRACTOR,siddhielectrical77@gmail.com,9662061492,0,0
GUJARAT,chhotaudepur,SHYAM SOLAR ENERGY,vschohla@GMAIL.COM,8140796593,0,0
GUJARAT,chhotaudepur,SHYAM ENTERPRISE,shyamsolarenergy10@gmail.com,8000145645,0,0
GUJARAT,chhotaudepur,SHRI SAI ELECTRICAL,rooftop@shrisaielectrical.co.in,6353970979,0,0
GUJARAT,chhotaudepur,SHRI RAM SOLAR ENERGY LLP,admin@shriramsolarenergy.com,9712912421,0,0
GUJARAT,chhotaudepur,SHRI MARUTI ENTERPRISE,tdoshi76@gmail.com,9428358150,0,0
GUJARAT,chhotaudepur,SHRI KHODIYAR ENTERPRISE,shrikhodiyar1978@gmail.com,9727358029,0,0
GUJARAT,chhotaudepur,SHRI KHATRI BATTERY SERVICE,khatribattery@gmail.com,9426029459,0,0
GUJARAT,chhotaudepur,SHREYISHA ENGINEERING,shreyishaengineering@gmail.com,8460445802,0,0
GUJARAT,chhotaudepur,SHREEMAD ENGINEERS,shreemadbg@gmail.com,9913721961,0,0
GUJARAT,chhotaudepur,SHREEJI SOLAR SYSTEM,shreejisolars@gmail.com,9265296741,0,0
GUJARAT,chhotaudepur,SHREEJI SOLAR SOLUTION,npparikh@hotmail.com,9879537250,0,0
GUJARAT,chhotaudepur,SHREEJI SOLAR ENERGY SYSTEMS,snpatel2605@gmail.com,9712914272,0,0
GUJARAT,chhotaudepur,SHREEJI SOLAR & SERVICES,NILVADERA141@GMAIL.COM,9106331904,0,0
GUJARAT,chhotaudepur,SHREEJI SOLAR,info.shreejisolar@gmail.com,9904351125,0,0
GUJARAT,chhotaudepur,SHREEJI SALES - KARAMSAD,shreejisales125@gmail.com,9586548051,0,0
GUJARAT,chhotaudepur,SHREEJI POWER SOLUTIONS,shreejiss@yahoo.com,9824338633,0,0
GUJARAT,chhotaudepur,SHREEJI MARKETING - TALOD,rajuksales@gmail.com,9974612008,0,0
GUJARAT,chhotaudepur,SHREEJI GRIN SOLAR,shrijigreensolar@gmail.com,7203005770,0,0
GUJARAT,chhotaudepur,SHREEJI ENTERPRISES - BHAYLI,shreejie1@gmail.com,9099710184,0,0
GUJARAT,chhotaudepur,SHREEJI ENTERPRISE-SURAT,epc.solar@shreejiconstruction.com,9825108890,0,0
GUJARAT,chhotaudepur,SHREEJI ENERGY SOLUTION,shreejienergysolution@gmail.com,8460595980,0,0
GUJARAT,chhotaudepur,SHREEJI ELECTRICALS,shreejiele@gmail.com,9825089343,0,0
GUJARAT,chhotaudepur,SHREEJI ELECTRICAL - ISANPUR,shreejielec312@yahoo.com,9408197081,0,0
GUJARAT,chhotaudepur,SHREE VISHNU SALES AGENCY,shreevishnusalesagency@gmail.com,9825324608,0,0
GUJARAT,chhotaudepur,SHREE UMIYA CORPORATION,shreeumiyacorp@gmail.com,8866731185,0,0
GUJARAT,chhotaudepur,SHREE SURYA SOLAR SOLUTION,shreesurya2016@gmail.com,8000720006,0,0
GUJARAT,chhotaudepur,SHREE SOLAR VENTURE PVT LTD,shreesolarventure@gmail.com,9571211118,0,0
GUJARAT,chhotaudepur,SHREE SOLAR POWER,nileshsorthiya2@gmail.com,9727620417,0,0
GUJARAT,chhotaudepur,SHREE SOLAR,dinkarparekh1983@gmail.com,9104030777,0,0
GUJARAT,chhotaudepur,SHREE SAI SOLAR,Hiteshrane37@gmail.com,9879268362,0,0
GUJARAT,chhotaudepur,SHREE SAI ENTERPRISE,shreesaienterprise75@gmail.com,8128171111,0,0
GUJARAT,chhotaudepur,SHREE RAM SOLAR RAJKOT,vikeshchovatiya@gmail.com,9898921527,0,0
GUJARAT,chhotaudepur,SHREE RAM SOLAR,shreeramsolar12@gmail.com,9726671212,0,0
GUJARAT,chhotaudepur,SHREE RADHE ELECTRICALS,shreeradhesolar24@gmail.com,9974842981,0,0
GUJARAT,chhotaudepur,SHREE OFFICE SOLUTIONS PRIVATE LIMITED,rajranipa.sospl@gmail.com,9898084466,0,0
GUJARAT,chhotaudepur,SHREE MARUTI ELECTRIFICATION ENGINEERS,shreemarutieleCtrificationengi@gmail.com,7016480100,0,0
GUJARAT,chhotaudepur,SHREE LALGHAR CORPORATION,shreelalgharcorporation@gmail.com,8200149120,0,0
GUJARAT,chhotaudepur,SHREE KRISHNA SALES AND SERVICES,info@skss.co.in,9998990694,0,0
GUJARAT,chhotaudepur,SHREE KRISHNA ENERGY,shreekrishna.energy@gmail.com,9979559334,0,0
GUJARAT,chhotaudepur,SHREE KHODIYAR SOLAR PRIVATE LIMITED,sk.solar@yahoo.com,9825820612,0,0
GUJARAT,chhotaudepur,SHREE KHODIYAR SOLAR & ENTERPRISE,s60358186@gmail.com,9313405580,0,0
GUJARAT,chhotaudepur,SHREE HARI SOLAR,patelravit1@gmail.com,9819049759,0,0
GUJARAT,chhotaudepur,SHREE HARI SALES & SERVICES,shreeharisales16@gmail.com,7698916121,0,0
GUJARAT,chhotaudepur,SHREE HARGANGESHWAR WATER CARE,shreehargangeshwarenergy@gmail.com,8128362108,0,0
GUJARAT,chhotaudepur,SHREE GOR SOLAR,shreegorsolar@gmail.com,6361983041,0,0
GUJARAT,chhotaudepur,SHREE GOKUL ENTERPRISE,shreegokulenterprise123@gmail.com,8160000871,0,0
GUJARAT,chhotaudepur,SHREE GAUTAM RENEWABLES AND CLEAN ENERGIES,shreegautam.energy@gmail.com,9408188809,0,0
GUJARAT,chhotaudepur,SHREE GANGESHWAR ENGINEERING PRIVATE LIMITED,shreegangeshwarengineering@gmail.com,9157974445,0,0
GUJARAT,chhotaudepur,SHREE GAJANAND SOLAR,gajanandsolar@gmail.com,8347972590,0,0
GUJARAT,chhotaudepur,SHREE GAJANAND ENERGIES,magicwithparth@gmail.com,6351126699,0,0
GUJARAT,chhotaudepur,SHREE ENERGY SOLUTIONS,shreeenergysolution8@gmail.com,9904335293,0,0
GUJARAT,chhotaudepur,SHREE CHAMUNDESHVARI TRADING,hareshdodiya75@gmail.com,9327523737,0,0
GUJARAT,chhotaudepur,SHREE BRAHMANI ELECTRICALS,shreebrahmanisolar@gmail.com,9909995675,0,0
GUJARAT,chhotaudepur,SHREE AMBIKA AGENCIES,niravambika@rediffmail.com,9426158047,0,0
GUJARAT,chhotaudepur,SHOOLIN WATT PRIVATE LIMITED,shoolinwattpvtltd@gmail.com,9909967894,0,0
GUJARAT,chhotaudepur,SHIVRON INDUSTRY,shivronind.contr@gmail.com,9925248752,0,0
GUJARAT,chhotaudepur,SHIVIK ENTERPRISE,shivikenterprise@gmail.com,9512839262,0,0
GUJARAT,chhotaudepur,SHIVHARDHA SHD PROJECTS,shivhardha@gmail.com,9898692603,0,0
GUJARAT,chhotaudepur,SHIVDHARA SALES,shivdharasales8060@gmail.com,7433004040,0,0
GUJARAT,chhotaudepur,SHIVAY SOLAR ENERGY PRIVATE LIMITED,sanjay1482@gmail.com,7490013700,0,0
GUJARAT,chhotaudepur,SHIVAS SOLAR,shivassolar4418@gmail.com,9537611795,0,0
GUJARAT,chhotaudepur,SHIVAM SOLAR AND SERVICES,Parmardivyraj.77@gmail.com,8320732424,0,0
GUJARAT,chhotaudepur,SHIVAM PHOTOVOLTICS PVT LTD,tenders@spvpl.com,9426023829,0,0
GUJARAT,chhotaudepur,SHIVAM ENERGY TECH,shivamenergytech2023@gmail.com,9687001450,0,0
GUJARAT,chhotaudepur,SHIVAM ELECTRICAL,kaushaldave2@gmail.com,9687575600,0,0
GUJARAT,chhotaudepur,SHIVA SOLAR ENERGY,admin@shivasolarenergy.com,9624220197,0,0
GUJARAT,chhotaudepur,SHIV SALES AGENCY,ghadiyabhaisolar08@gmail.com,9428798679,0,0
GUJARAT,chhotaudepur,SHIV POWER,shivpowerimpex@gmail.com,9825511115,0,0
GUJARAT,chhotaudepur,SHIV ENTERPRISE,shiventerprisesolor@gmail.com,7600438578,0,0
GUJARAT,chhotaudepur,SHINE SOLAR,shinesolar.marketing@gmail.com,7622023355,0,0
GUJARAT,chhotaudepur,SHINE ENERGY SOLUTION,info@shineenergysolution.in,9687959342,0,0
GUJARAT,chhotaudepur,SHAYONAAM ENTERPRISE,shayonaam12@gmail.com,9638766943,0,0
GUJARAT,chhotaudepur,SHAURYAM ENTERPRISE,shauryamsolarenterprise@gmail.com,9173645491,0,0
GUJARAT,chhotaudepur,SHATRAS AGRI,shatrasagri@gmail.com,9714616040,0,0
GUJARAT,chhotaudepur,SHASHWAT SOLAR SYSTEM,shashwatsolarsystem@gmail.com,9574919117,0,0
GUJARAT,chhotaudepur,SHARVA SOLAR,sharvasolar@gmail.com,9909449650,0,0
GUJARAT,chhotaudepur,SHANTI CORPORATION,info.shanticorporation@gmail.com,8980524444,0,0
GUJARAT,chhotaudepur,SHAKTI SOLAR SERVICE,ktptl52@gmail.com,9737854634,0,0
GUJARAT,chhotaudepur,SHAKTI GREEN ENERGY SERVICES,shakti.green25@gmail.com,9898860648,0,0
GUJARAT,chhotaudepur,SHAKTI GREEN ENERGY,shaktigreenenergy96@gmail.com,7405252123,0,0
GUJARAT,chhotaudepur,SHAKTI ENTERPRISE,shaktienterprise082025@gmal.com,8511288555,0,0
GUJARAT,chhotaudepur,SHAKTI ENTERPRISE,shaktienterprise0507@gmail.com,8866124840,0,0
GUJARAT,chhotaudepur,SHAILEE PROJECTS PRIVATE LIMITED,shaileeprojects99@gmail.com,7600755058,0,0
GUJARAT,chhotaudepur,SGK SOLAR,sgksolarrjt@gmail.com,9313885348,0,0
GUJARAT,chhotaudepur,SEVENTH SKY RENEWABLE LLP,seventhskyrenewable@gmail.com,7874524574,0,0
GUJARAT,chhotaudepur,SEVEN SOLAR ENERGY,divyang@sevensolarenergy.com,9825554277,0,0
GUJARAT,chhotaudepur,SERVOTECH POWER SYSTEMS LIMITED,pmsuryaghar@servotechindia.com,9266918120,0,0
GUJARAT,chhotaudepur,SCION POWER,scionpower@yahoo.com,7043511106,0,0
GUJARAT,chhotaudepur,SAVIOR SOLAR ENERGY,saviorsolarenergy@outlook.com,8980517729,0,0
GUJARAT,chhotaudepur,SAVEGRID ENERGY,savegridenergy@gmail.com,6355785758,0,0
GUJARAT,chhotaudepur,SAVARIYA CORPORATION,savariyacorporation@gmail.com,9274166507,0,0
GUJARAT,chhotaudepur,SAURASHTRA SOLAR SERVICES LLP,SaurashtraSolar.Gujrat@gmail.com,9925448033,0,0
GUJARAT,chhotaudepur,SAUR SOLAR SOLUTION LLP,piyushpatel1974@gmail.com,9909417258,0,0
GUJARAT,chhotaudepur,SATYAY SOLAR,satyaysolar@gmail.com,9157716540,0,0
GUJARAT,chhotaudepur,SATYASARA ENERGY PRIVATE LIMITED,satyasaraenergy@gmail.com,9909365808,0,0
GUJARAT,chhotaudepur,SATYAM SOLAR,satyamsolar823@gmail.com,9227941770,0,0
GUJARAT,chhotaudepur,SATYAM SALES,kishanagroagencyamreli@gmail.com,9825360183,0,0
GUJARAT,chhotaudepur,SATYAM ELECTRICALS,satyamelectrical@yahoo.com,9824256257,0,0
GUJARAT,chhotaudepur,SATYAKRISHNA LIGHTING,SATYAKRISHNALIGHTING@GMAIL.COM,9428369990,0,0
GUJARAT,chhotaudepur,SATTVA ENERGIES,sattvaenergies@gmail.com,8401156604,0,0
GUJARAT,chhotaudepur,SAT GREENTECH PRIVATE LIMITED,satgreentech25@gmail.com,8758957741,0,0
GUJARAT,chhotaudepur,SASA ENERGY LLP,sasaenergyllp@gmail.com,9099207722,0,0
GUJARAT,chhotaudepur,SARVAYOGAM SOLAR PRIVATE LIMITED,sarvayogamsolar@gmail.com,6356633355,0,0
GUJARAT,chhotaudepur,SARJAN CONSTRUCTION PVT LTD,info.solardiv@sarjanconstruction.com,8000052226,0,0
GUJARAT,chhotaudepur,SANTKRUPA ELECTRICALS,santkrupaelectricals19@gmail.com,8849254993,0,0
GUJARAT,chhotaudepur,SANJEE ENTERPRISE,sanjee.enterprise@gmail.com,9157353735,0,0
GUJARAT,chhotaudepur,SANJAY SOLAR,sbheaters@gmail.com,7016893192,0,0
GUJARAT,chhotaudepur,SANGANI ENTERPRISE,sanganienterprise1610@gmail.com,8347958992,0,0
GUJARAT,chhotaudepur,SANGAM ELECTRONICS CO,info.sangamsolar@gmail.com,9825929552,0,0
GUJARAT,chhotaudepur,SAMRUDDH SOLAR,samruddhsolar1@gmail.com,7859827859,0,0
GUJARAT,chhotaudepur,SAMRUDDDHI ENTERPRISE,samruddhienterprise22@gmail.com,9033676399,0,0
GUJARAT,chhotaudepur,SAMPTEL ENERGY PRIVATE LIMITED,project@samptelenergy.com,9727755187,0,0
GUJARAT,chhotaudepur,SAMAR SOLAR,samarsolar183@gmail.com,7046164346,0,0
GUJARAT,chhotaudepur,SAICAB TECH PVT LTD,info@saicabtech.com,8511130328,0,0
GUJARAT,chhotaudepur,SAHAYOG ENERGY,sahayogenergy@gmail.com,9429124424,0,0
GUJARAT,chhotaudepur,SAHAJ SOLAR PRIVATE LIMITED,bparmar@sahajsolar.com,7573006832,0,0
GUJARAT,chhotaudepur,SAFVI ELECTRICALS SOLUTIONS,safvielectricalssolutions2013@gmail.com,9374754648,0,0
GUJARAT,chhotaudepur,SAFFRON RENEWTECH,saffronrenewtech24@gmail.com,7600507557,0,0
GUJARAT,chhotaudepur,SAFECON INDUSTRIAL MAINTENANCE & ENGINEERING SERVICES,safeconservices2013@gmail.com,9925854491,0,0
GUJARAT,chhotaudepur,SADGURU SOLAR SYSTEMS,sadgurusolarsystems@gmail.com,9687621666,0,0
GUJARAT,chhotaudepur,SADGURU ELECTRICALS,sadguruelectricals23@gmail.com,9714715649,0,0
GUJARAT,chhotaudepur,SAAN ELECTRICAL,saanelectrical@gmail.com,9033735490,0,0
GUJARAT,chhotaudepur,S P MULTI ENGINEERING SERVICES,spmultiengineeringservices@gmail.com,9104556095,0,0
GUJARAT,chhotaudepur,S MEERA ELECTRICALS,s.meeraelectricals@gmail.com,9328249939,0,0
GUJARAT,chhotaudepur,S DIPAK AND CO,sdipaksolar@gmail.com,9898664858,0,0
GUJARAT,chhotaudepur,RVV SOLAR PRIVATE LIMITED,rvvsolarpvtltd@gmail.com,8160825026,0,0
GUJARAT,chhotaudepur,RVMOVALIYA CONSTRUCTION CO,rvmovaliya.solarenergy@gmail.com,9724543742,0,0
GUJARAT,chhotaudepur,RV INFOTECH,rvinfotech2020@gmail.com,8141560037,0,0
GUJARAT,chhotaudepur,RUTVIK ENGINEERING PRIVATE LIMITED,rutvikengpvtltd@gmail.com,9824030144,0,0
GUJARAT,chhotaudepur,RUPABHAI MAGANBHAI PATEL,RMP.GEMPORTAL@GMAIL.COM,9426004861,0,0
GUJARAT,chhotaudepur,RUDRAKSH SOLAR POWER,rudrakshsolarpower@gmail.com,9016203365,0,0
GUJARAT,chhotaudepur,RUDRAKSH ELECTRICALS,rudrakshelectricals4@gmail.com,6353460657,0,0
GUJARAT,chhotaudepur,RUDRA SOLAR AND ELECTRICAL,rudrasolar2019@gmail.com,9510514672,0,0
GUJARAT,chhotaudepur,RUDRA ENTERPRISE,rudraenterprise1110@gmail.com,8758462848,0,0
GUJARAT,chhotaudepur,RSV POWER ENGINEERING,rsv.power.engineering@gmail.com,9033590507,0,0
GUJARAT,chhotaudepur,ROYAL ENTERPRISE,royalenterprise.vadodara@gmail.com,6352205345,0,0
GUJARAT,chhotaudepur,ROSHNI ENTERPRISE,resolar444@gmail.com,9227104121,0,0
GUJARAT,chhotaudepur,ROLEX GREEN ENERGY,ghediyamilan@gmail.com,9429476592,0,0
GUJARAT,chhotaudepur,RK SUN POWER LLP,rksunpowertrading@gmail.com,9913785000,0,0
GUJARAT,chhotaudepur,RK RENEWABLE ENERGY & ENGINEERING WORKS,rkrenewable.engineering2020@gmail.com,9824961523,0,0
GUJARAT,chhotaudepur,RISING SUN ENERGY,risingsunenergy2018@gmail.com,7405303305,0,0
GUJARAT,chhotaudepur,RISING GREEN ENERGY,rgesolar@gmail.com,9033119375,0,0
GUJARAT,chhotaudepur,RISING ENERGY SOLUTIONS,risingenergy@yahoo.com,7990391839,0,0
GUJARAT,chhotaudepur,RISHAV POWERTECH LLP,rishavpowertech@gmail.com,9898203470,0,0
GUJARAT,chhotaudepur,RIMPLE CORPORATION LLP,rimpleco@gmail.com,6351076702,0,0
GUJARAT,chhotaudepur,RIGHT POWER INFRA PVT LTD,darshana@right-infra.com,9898661067,0,0
GUJARAT,chhotaudepur,RIDHAM ENTERPRISE,ridhamenterprise770@gmail.com,6351158633,0,0
GUJARAT,chhotaudepur,RIDDLE ENERGY PVT. LTD.,riddleenergy2101@gmail.com,9879556196,0,0
GUJARAT,chhotaudepur,RIA SOLAR,riasolar2021@gmail.com,8320210323,0,0
GUJARAT,chhotaudepur,RIA POWER,riapower24@gmail.com,8758463929,0,0
GUJARAT,chhotaudepur,RG SOLAR SOLUTIONS,info@rgsolarsolutions.com,7718719713,0,0
GUJARAT,chhotaudepur,REVA RENEWABLES,revarenewables@gmail.com,6358844490,0,0
GUJARAT,chhotaudepur,RESONAGE GREEN ENERGY PRIVATE LIMITED,rgepl2024gujarat@gmail.com,9879402000,0,0
GUJARAT,chhotaudepur,RENEWZA ENERGY,renewzaenergy@gmail.com,8511148225,0,0
GUJARAT,chhotaudepur,RENEWIX INNOVATIONS PVT LTD,hello@renewix.in,9998980947,0,0
GUJARAT,chhotaudepur,RENEWABLE SUN SOLAR,renewablesunsolar@gmail.com,7600201198,0,0
GUJARAT,chhotaudepur,RENEW ENERGIES,information.renew@gmail.com,7405507073,0,0
GUJARAT,chhotaudepur,RENEVIK SOLAR SOLUTIONS PRIVATE LIMITED,sejal.c@vikasaryagroup.com,9327572645,0,0
GUJARAT,chhotaudepur,RENEURJA ENERGY,reneurjaenergy@gmail.com,8460611110,0,0
GUJARAT,chhotaudepur,RENESYS POWER SYSTEMS PRIVATE LIMITED,project@renesys.in,7069751110,0,0
GUJARAT,chhotaudepur,RENAISSANCE CORPORATE SOLUTIONS PVT. LTD.,rcplsolar@gmail.com,9572032363,0,0
GUJARAT,chhotaudepur,RELIGHT ENERGY LLP,relightenergy.info@gmail.com,8000194738,0,0
GUJARAT,chhotaudepur,RELIABLE ELECTRIX,reliableelectrix@gmail.com,9925448033,0,0
GUJARAT,chhotaudepur,RELIABLE CONSULTING ENGINEERS,jaymin.fajalia@onlinerce.com,9327168907,0,0
GUJARAT,chhotaudepur,REKSON ELECTROTECH,REKSONELECTROTECH37@GMAIL.COM,9904994494,0,0
GUJARAT,chhotaudepur,REFLECTION SOLAR & ENERGY PRIVATE LIMITED,piyushraval.1984@gmail.com,9725019493,0,0
GUJARAT,chhotaudepur,REFLECT SOLAR,reflect.solar.energy@gmail.com,9998419211,0,0
GUJARAT,chhotaudepur,REEWA SOLAR ENERGY,reewasolarenergy@gmail.com,9879353053,0,0
GUJARAT,chhotaudepur,REDSUN SOLAR INDUSTRIES,info@redsunin.com,9825632875,0,0
GUJARAT,chhotaudepur,REDREN ENERGY PVT LTD,rooftop@redren.in,9104591041,0,0
GUJARAT,chhotaudepur,RECARE ELECTRICAL LLP,projects.recare@gmail.com,7600184425,0,0
GUJARAT,chhotaudepur,REAL MULTIPLE SOLUTIONS,rmssolar.bhavnagar@rediffmail.com,9099722722,0,0
GUJARAT,chhotaudepur,RE360,gogreen@re360.in,8258976667,0,0
GUJARAT,chhotaudepur,RD ENERGY SOLUTIONS,rdenergysolutions@outlook.com,8866226473,0,0
GUJARAT,chhotaudepur,RAYS RENEWABLE ENERGY,raysrenewableenergy@gmail.com,7069175139,0,0
GUJARAT,chhotaudepur,RAYOLT ENERGY LLP,info@rayolt.com,9998745706,0,0
GUJARAT,chhotaudepur,RAYCAL POWER INFRA PVT LTD,darshan@raycal.in,6358196472,0,0
GUJARAT,chhotaudepur,RAY ENERGY,info.rayenergy@gmail.com,8401481453,0,0
GUJARAT,chhotaudepur,RAVIJA ENTERPRISES,ravijaenterprises09@gmail.com,6356956938,0,0
GUJARAT,chhotaudepur,RARA-AVIS RENEWABLE ENERGY PRIVATE LIMITED,info@raraavisenergy.com,7043374434,0,0
GUJARAT,chhotaudepur,RANJAN INDUSTRIES,ranjan28496@gmail.com,9924818113,0,0
GUJARAT,chhotaudepur,RAMSUN ENERGY,ramsunenergy09@gmail.com,7984300271,0,0
GUJARAT,chhotaudepur,RAMESH POWER POINTS,rameshpowerpoint@gmail.com,9825225585,0,0
GUJARAT,chhotaudepur,RAMDEV SOLAR SYSTEM,ramdevsolarsytem@gmail.com,8758911969,0,0
GUJARAT,chhotaudepur,RAMAA SOLAR,ramaasolar@gmail.com,8866697632,0,0
GUJARAT,chhotaudepur,RAJKOT E-BIKES AND SOLAR,rajkotebikesandsolar@gmail.com,8306020890,0,0
GUJARAT,chhotaudepur,RAJDEEP SOLAR ENERGY PVT. LTD.,dharmesh@rajdeepsolarnergy.com,9099089749,0,0
GUJARAT,chhotaudepur,RAJAVI ELECTRICAL SERVICES,rajvielectricalservices@gmail.com,9723613718,0,0
GUJARAT,chhotaudepur,RAJANJI ENTERPRISE,RAJANJI72.LV@GMAIL.COM,8849116749,0,0
GUJARAT,chhotaudepur,RAJANI MOTORS,rajanimotors21@gmail.com,7227807262,0,0
GUJARAT,chhotaudepur,RAJ ELECTRICALS,solar.rajelectricals@gmail.com,9998656539,0,0
GUJARAT,chhotaudepur,RAICHURA ENERGY,raichuraenergy@gmail.com,9879152830,0,0
GUJARAT,chhotaudepur,RAGHURAM SOLAR POWER GREEN ENERGY LLP,raghuramsolar9@gmail.com,7575019877,0,0
GUJARAT,chhotaudepur,RADIANT SOLAR SYSTEMS,bhargavec40@gmail.com,9408503198,0,0
GUJARAT,chhotaudepur,RADIANT SOLAR SOLUTIONS,paresh@radiantsolarsolution.com,9979632096,0,0
GUJARAT,chhotaudepur,RADIANT SOLAR ENERGY,info@radiantsolarenergy.co.in,9512337513,0,0
GUJARAT,chhotaudepur,RADIANT INDIA,RADIANTINDIA007@GMAIL.COM,9163559963,0,0
GUJARAT,chhotaudepur,RADIANT GREENS SOLAR,info@radiantgreens.in,8140316334,0,0
GUJARAT,chhotaudepur,RADIANT GREEN SOLUTIONS,davda.manthan@yahoo.in,9978911803,0,0
GUJARAT,chhotaudepur,RADHASWAMI CORPOPRATION,radhaswamicorporation1@gmail.com,9687607072,0,0
GUJARAT,chhotaudepur,RABBIT ELECTRICAL AND SOLAR PVT. LTD.,respvtltd24@gmai.com,9727646420,0,0
GUJARAT,chhotaudepur,RAASON ENERTECH LLP,info@raasonenertech.com,9624768483,0,0
GUJARAT,chhotaudepur,R. K. CONSTRUCTION,rkconstruction101@gmail.com,9106065865,0,0
GUJARAT,chhotaudepur,R V SOLAR,rvsolarvijapur@gmail.com,9726801070,0,0
GUJARAT,chhotaudepur,R N SALES CORPORATION,r.tech.2000@gmail.com,9574472134,0,0
GUJARAT,chhotaudepur,R K ENTERPRICE,jayswal.ravi@ymail.com,9722252875,0,0
GUJARAT,chhotaudepur,R K BHABHOR,rkbhabhor78@gmail.com,9909161378,0,0
GUJARAT,chhotaudepur,R C ELECTRICALS,info@rcelectricals.in,9824757160,0,0
GUJARAT,chhotaudepur,R B RENEWABLES LLP,info@brrenewables.com,9898985672,0,0
GUJARAT,chhotaudepur,QORX ENERGY,qorxenergy1366@gmail.com,9904000629,0,0
GUJARAT,chhotaudepur,PYRAMID PROJECTS,pyramidsolarindia@gmail.com,9726430137,0,0
GUJARAT,chhotaudepur,PV RENEWABLES,keyurdudhat871@gmail.com,9714872871,0,0
GUJARAT,chhotaudepur,PV RAYS ENERGY,pvraysenergy@gmail.com,9898097222,0,0
GUJARAT,chhotaudepur,PURNIMA SOLAR ENERGY,rpateldeesa@gmail.com,9824320856,0,0
GUJARAT,chhotaudepur,PURMA ENERGY PVT LTD,purmaenergy@gmail.com,7069628193,0,0
GUJARAT,chhotaudepur,PRUTHVIRAJSINH SINDHA,pruthvisindha89@gmail.com,9328106806,0,0
GUJARAT,chhotaudepur,PROTON POWER SERVICE,sprotonpower@gmail.com,9033765370,0,0
GUJARAT,chhotaudepur,PROSTARM INFO SYSTEMS LIMITED,mktg.ahm@prostarm.com,9316466272,0,0
GUJARAT,chhotaudepur,PROMECH SOLAR ENERGY,promechsolarenergy@gmail.com,9662026679,0,0
GUJARAT,chhotaudepur,PRODES CONSULTING ENGINEERS PRIVATE LIMITED,rajiv.ranjan.prakash786@gmail.com,8690444556,0,0
GUJARAT,chhotaudepur,PRIYANKA ENTERPRISE,enterpriseriya8002@gmail.com,9913032779,0,0
GUJARAT,chhotaudepur,PRIVA ENTERPRISE,vickysheth1987@gmail.com,9825241949,0,0
GUJARAT,chhotaudepur,PRISM ECOENERGIA PRIVATE LIMITED,info@prismecoenergia.com,9704710101,0,0
GUJARAT,chhotaudepur,PRISHA CORPORATION,prishacorporation183@gmail.com,9825505023,0,0
GUJARAT,chhotaudepur,PRINIX POWER OPC PRIVATE LIMITED,prinixpower@gmail.com,7600755058,0,0
GUJARAT,chhotaudepur,PRINCE ELECTRICAL,princeelectrical20@gmail.com,8866507173,0,0
GUJARAT,chhotaudepur,PRIME ENERGY,primeenergy321@gmail.com,9512022199,0,0
GUJARAT,chhotaudepur,PRIDE SOLAR ENERGY LLP,Pridesolarenergyllp@outlook.com,9664975264,0,0
GUJARAT,chhotaudepur,PRAYOSHAM SOLAR ENERGY,jayrajp880@gmail.com,9574242883,0,0
GUJARAT,chhotaudepur,PRAYOSHA CORPORATION,prayoshacorporation.india@gmail.com,9825390162,0,0
GUJARAT,chhotaudepur,PRATYUSH RENEWABLE ENERGY PRIVATE LIMITED,pratyushrenewables@gmail.com,8780737839,0,0
GUJARAT,chhotaudepur,PRATIKSHA ENTERPRISE,pratikshaenterprise1006@gmail.com,8238516417,0,0
GUJARAT,chhotaudepur,PRASHANT ENTERPRISE,prashantenterprise.solar@gmail.com,9409337000,0,0
GUJARAT,chhotaudepur,PRANIK POWER INFRA PRIVATE LIMITED,solar.pranik@gmail.com,9925237347,0,0
GUJARAT,chhotaudepur,PRAKASH PUMP INDUSTRIES,prakashpumpindustries@gmail.com,9687222263,0,0
GUJARAT,chhotaudepur,PRAJAPATI ONLINE,prajapationline@gmail.com,9824002369,0,0
GUJARAT,chhotaudepur,PRAHAR SOLAR SOLUTIONS,info.praharsolar@gmail.com,9016360702,0,0
GUJARAT,chhotaudepur,PRAGATI URZA PRIVATE LIMITED,pragatiurza@gmail.com,8347009697,0,0
GUJARAT,chhotaudepur,PRAGATI ENTERPRISE,pragatienterprise1985@gmail.com,9825254567,0,0
GUJARAT,chhotaudepur,PRACHI GREEN GREEN ENERGY PVT LTD,prachigreenenergy@gmail.com,9737830854,0,0
GUJARAT,chhotaudepur,POWERTRONICS TECHNOLOGY,powertronics1990@gmail.com,9974772070,0,0
GUJARAT,chhotaudepur,POWERTRAC INDUSTRIES LIMITED,info@powertracsolar.com,7573014610,0,0
GUJARAT,chhotaudepur,POWERTECH ENGINEERS SURAT,sanatbarot@gmail.com,9377625242,0,0
GUJARAT,chhotaudepur,POWERSOL,office@re.digital,9016681762,0,0
GUJARAT,chhotaudepur,POWERSHINE ENERGY,powershineenergy1993@gmail.com,9723096888,0,0
GUJARAT,chhotaudepur,POWERON ELECTRICAL,poweron.electricalservice@gmail.com,7990528002,0,0
GUJARAT,chhotaudepur,POWERMAC TECHNOLOGY,info@powermacgroup.com,9099939972,0,0
GUJARAT,chhotaudepur,POWER SYSTEM,powersystem2k11@gmail.com,9898068224,0,0
GUJARAT,chhotaudepur,POWER SOLAR,hpenterprise1436@gmail.com,8490007316,0,0
GUJARAT,chhotaudepur,POWER RISE,powerrise16@gmail.com,8460145311,0,0
GUJARAT,chhotaudepur,POWER PLUS ENERGY,powerplussolarenergy@gmail.com,9998183339,0,0
GUJARAT,chhotaudepur,POWER PLUS,powerplusbhabhar@gmail.com,8128435584,0,0
GUJARAT,chhotaudepur,POWER PACK SOLUTIONS,powerpacksolutions12195@gmail.com,9725787004,0,0
GUJARAT,chhotaudepur,POWER GENESYS ENERGY SOLUTIONS PRIVATE LIMITED,subbu@powergenesys.com,8618279431,0,0
GUJARAT,chhotaudepur,POOJA ELECTRICALS,PE9711@gmail.com,8758668166,0,0
GUJARAT,chhotaudepur,POOJA ELECTRICALS,poojaelectrical21@gmail.com,7434034056,0,0
GUJARAT,chhotaudepur,POINTER INSTRUMENTS SERVICES,pointer1729@gmail.com,9033543187,0,0
GUJARAT,chhotaudepur,PLUGIN ELECTRICAL,info@pluginelectrical.in,9512020316,0,0
GUJARAT,chhotaudepur,PIXON GREEN ENERGY PRIVATE LIMITED,tender@pixonenergy.in,7229035912,0,0
GUJARAT,chhotaudepur,PHOTOVOLTAIC SOLAR,info@photovoltaicsolar.in,8866488000,0,0
GUJARAT,chhotaudepur,PHOTONICS WATERTECH PRIVATE LIMITED,vasant@photonicslights.com,6353704460,0,0
GUJARAT,chhotaudepur,PHOENIX RENEWABLE ENERGY,PHOENIXRE6@GMAIL.COM,9586110114,0,0
GUJARAT,chhotaudepur,PHOENIX CREATIONS LIMITED,phoenixcreations2011@gmail.com,9978578599,0,0
GUJARAT,chhotaudepur,PETLAD SOJITRA TALUKA SAURAURJA UTPADAK SAHKARI MANDALI LIMITED,pssumandali@gmail.com,8140968999,0,0
GUJARAT,chhotaudepur,PERFECT RENEWTECH PRIVATE LIMITED,info@perfectrenewtech.com,9965200700,0,0
GUJARAT,chhotaudepur,PEGASUS POWER AND INFRA LLP,info@pegasusllp.com,8160259454,0,0
GUJARAT,chhotaudepur,PEAKSUN ENERGY PRIVATE LIMITED,info@peaksunenergy.co.in,7486089901,0,0
GUJARAT,chhotaudepur,PDF ENGINEERS PRIVATE LIMITED,project2.pepl@gmail.com,8803910391,0,0
GUJARAT,chhotaudepur,PAVAN ENERGY,pavanenergy1209@gmail.com,7016265112,0,0
GUJARAT,chhotaudepur,PATIDAR ENTERPRISE,patidarenterprise13@gmail.com,8980312782,0,0
GUJARAT,chhotaudepur,PATEL JOYATABHAI GALABHAI,pateljoytabhai1134@gmail.com,9724674544,0,0
GUJARAT,chhotaudepur,PATEL GREEN ENERGY SALES AND SERVICE,patelgreenenergyinfo@gmail.com,9427412983,0,0
GUJARAT,chhotaudepur,PATEL ELECTRONICS,hardikpatelelec@gmail.com,9377767508,0,0
GUJARAT,chhotaudepur,PATEL ELECTRICALS,info.patelelectricals@gmail.com,9998896555,0,0
GUJARAT,chhotaudepur,PASHAVA ENERGY PRIVATE LIMITED,pashavaenergy@yahoo.com,9909904332,0,0
GUJARAT,chhotaudepur,PARTHKUMAR VIKRAMBHAI KAMANIYA,kpv2322@gmail.com,9313098584,0,0
GUJARAT,chhotaudepur,PARTH SALES,parthsalessolar@gmail.com,9712426671,0,0
GUJARAT,chhotaudepur,PAROT RENEWABLES LIMITED,gn@parotrenewables.com,9274692942,0,0
GUJARAT,chhotaudepur,PARMAR ENTERPRISE,parmarenterprise2024@gmail.com,9574944345,0,0
GUJARAT,chhotaudepur,PARK SHELDRAKE,parksheldrake@gmail.com,7862991878,0,0
GUJARAT,chhotaudepur,PARISHRAM INFOENERGY,parishraminfoenergy@gmail.com,9909433132,0,0
GUJARAT,chhotaudepur,PARESH S. VAIDYA,parvaidya2012@gmail.com,9879529203,0,0
GUJARAT,chhotaudepur,PARECHA ENTERPRISES,sagarmparecha999@gmail.com,9537704244,0,0
GUJARAT,chhotaudepur,PARAS TECHNOCRAT PVT. LTD,info@parastechnocrat.in,7621983131,0,0
GUJARAT,chhotaudepur,PANCHAMRUT ENTERPRISE,panchamrut2019@gmail.com,7016103662,0,0
GUJARAT,chhotaudepur,PAHAL SOLAR EPC LLP,avinash@pahalsolar.com,9512323223,0,0
GUJARAT,chhotaudepur,P.M.BAROT GREEN ENERGY,jaybarotkdbm@gmail.com,9327129667,0,0
GUJARAT,chhotaudepur,P V ENERGY,pvenergy999@gmail.com,9924195999,0,0
GUJARAT,chhotaudepur,P C LINK ENTERPRISE,pclinkenterprise@gmail.com,8238053941,0,0
GUJARAT,chhotaudepur,P AND N ENGINEERING AND MARKETING,pandnsolarenergy@gmail.com,7622023251,0,0
GUJARAT,chhotaudepur,OXEN ENERGIES,oxenenergies@gmail.com,8866699444,0,0
GUJARAT,chhotaudepur,ORTEX CORPORATION,ortexcorporation@gmail.com,9276103457,0,0
GUJARAT,chhotaudepur,OORJA ELECTRIC,oorjaforeveryone@gmail.com,9067598727,0,0
GUJARAT,chhotaudepur,ONIX RENEWABLE LIMITED,naman.viradiya@onixrenewable.in,9586043661,0,0
GUJARAT,chhotaudepur,ONEVOLT GREEN PVT LTD,onevoltgreens@gmail.com,9925292721,0,0
GUJARAT,chhotaudepur,ONETIME SOLAR SYSTEM,onetimesolarsystem@gmail.com,9925296957,0,0
GUJARAT,chhotaudepur,OMKARA INFOTECH,omkarinfotechlakhani@gmail.com,9428847854,0,0
GUJARAT,chhotaudepur,OMEGA POWER,omegapower2018@gmail.com,7990226349,0,0
GUJARAT,chhotaudepur,OMEGA ELECTRICALS,omele452@gmail.com,9979888452,0,0
GUJARAT,chhotaudepur,OM SOLAR,VIPULKUMARPATEL43@YAHOO.IN,9714384884,0,0
GUJARAT,chhotaudepur,OM SHANTI SOLAR GROUP,omshantisolar@gmail.com,8530122612,0,0
GUJARAT,chhotaudepur,OM SHANTI MACHINERIES EXIM,grandosolar@gmail.com,9824868078,0,0
GUJARAT,chhotaudepur,OM SALES ENTERPRISE,rahul.redrenbardoli@gmail.com,9428631515,0,0
GUJARAT,chhotaudepur,OM ELECTRICALS SERVICES,omelectricals2104@gmail.com,9998004891,0,0
GUJARAT,chhotaudepur,OM ELECTRICALS,jaydratsinhzala09@gmail.com,9265589234,0,0
GUJARAT,chhotaudepur,ODHAV ENTERPRISE,odhaventerpriseindia@gmail.com,9033231303,0,0
GUJARAT,chhotaudepur,NVVP GREEN ENERGY PRIVATE LIMITED,nvvpgreenepl@gmail.com,9979941234,0,0
GUJARAT,chhotaudepur,NUJUM INDUSTRIES PRIVATE LIMITED,thenujum@gmail.com,9375188422,0,0
GUJARAT,chhotaudepur,NU SOLAR INFRACON PRIVATE LIMITED,nu.solar.infracon@gmail.com,9033181196,0,0
GUJARAT,chhotaudepur,NRS SOLAR SOLUTION,info.nrssolarsolution@gmail.com,8488953026,0,0
GUJARAT,chhotaudepur,NP RENEWABLE ENERGY,nprenewableenergy@gmail.com,7016917174,0,0
GUJARAT,chhotaudepur,NORTHGREEN ENERGY PVT LTD,solar@northgreenenergy.com,9099931707,0,0
GUJARAT,chhotaudepur,NJ ELECTRICALS,njelectricals.21@gmail.com,9886309619,0,0
GUJARAT,chhotaudepur,NIVAN ENERGY,nivanenergy@gmail.com,9998820905,0,0
GUJARAT,chhotaudepur,NISHRAY SOLAR,mkshahexport@gmail.com,9825409639,0,0
GUJARAT,chhotaudepur,NIRAJ TRADERS,nirajtraders@yahoo.com,9825030321,0,0
GUJARAT,chhotaudepur,NINE TECH AUTOMATION,ninetechautomation09@gmail.com,9313375388,0,0
GUJARAT,chhotaudepur,NILKANTH ENTERPRISE,nilkanthenterprise96@gmail.com,9157369603,0,0
GUJARAT,chhotaudepur,NILESH ENGINEERS,nileshengineers57@gmail.com,9033005732,0,0
GUJARAT,chhotaudepur,NIL ENGINEERING,nil.engineering@yahoo.com,9228387183,0,0
GUJARAT,chhotaudepur,NIHAL ENTERPRISE,rehanadonakiya786@gmail.com,8733978072,0,0
GUJARAT,chhotaudepur,NIDHI ELECTRICALS,thakkarumang82@gmail.com,9409322020,0,0
GUJARAT,chhotaudepur,NEWYORK ENGINEERING CO.,akashenergysolar@gmail.com,9824206059,0,0
GUJARAT,chhotaudepur,NEW RESEARCH TECHNOLOGY,nrtsolar@gmail.com,9427809253,0,0
GUJARAT,chhotaudepur,NETWORKS TRADING AND CONSTRUCTION PVT LTD,netccopvtltd@gmail.com,9319106152,0,0
GUJARAT,chhotaudepur,NES ENERGY SOLUTIONS,info.nesenergy@gmail.com,9825071551,0,0
GUJARAT,chhotaudepur,NEOVOLT GREEN ENERGIES,neovoltgreen@gmail.com,8511138558,0,0
GUJARAT,chhotaudepur,NEOTERIX SOLUTION PVT. LTD.,neoterixsolutions@gmail.com,9414010579,0,0
GUJARAT,chhotaudepur,NEOCENT SOLAR SYSTEM LLP,m.neocent@gmail.com,9974710486,0,0
GUJARAT,chhotaudepur,NEETY EURO ASIA SOLAR ENERGY,falgun@nease.in,9909595442,0,0
GUJARAT,chhotaudepur,NEELKANTHESHWAR SOLAR ENERGY,neelkantheshwarsolarenergy@gmail.com,8460048549,0,0
GUJARAT,chhotaudepur,ND ENERGY INDIA PRIVATE LIMITED,ndenergyindia@gmail.com,8000001124,0,0
GUJARAT,chhotaudepur,NAYRA ELECTRONICS,info.nayraelectronics@gmail.com,9054244430,0,0
GUJARAT,chhotaudepur,NAVKALP GROUPS,navkalprenewable@gmail.com,8460109090,0,0
GUJARAT,chhotaudepur,NAVI ENERGY,contact@navienergy.in,9979435742,0,0
GUJARAT,chhotaudepur,NATURE CARE ADVISORS,naturecare.gujarat@gmail.com,8469991098,0,0
GUJARAT,chhotaudepur,NATIONAL ELECTRICALS AND ELECTRONICS CORPORATION,ashokpatel@neec.in,9429136631,0,0
GUJARAT,chhotaudepur,NAMAH SOLAR ENERGY,namahsolar@gmail.com,6351500821,0,0
GUJARAT,chhotaudepur,NAKSHATRA INFOSYS,nakshatrainfosys178@gmail.com,9909697193,0,0
GUJARAT,chhotaudepur,NAKSH POWER,bhumikarana1989@gmail.com,8141113593,0,0
GUJARAT,chhotaudepur,N J ENERGY,nj.energy9@gmail.com,7487022943,0,0
GUJARAT,chhotaudepur,MS SOLAR SPARK,mssolarspark7@gmail.com,9825590311,0,0
GUJARAT,chhotaudepur,MS SOLAR,shersiyamujahid@gmail.com,9725097291,0,0
GUJARAT,chhotaudepur,MOVA GREEN ENERGY,movagreenenergy1112@gmail.com,7778033298,0,0
GUJARAT,chhotaudepur,MOTHER ELECTRICALS,motherelectricals@yahoo.com,8128105018,0,0
GUJARAT,chhotaudepur,MK ENTERPRISE,mkenterprise061@gmail.com,8780069239,0,0
GUJARAT,chhotaudepur,MK ELECTRICALS,digant.shah10@gmail.com,9825349554,0,0
GUJARAT,chhotaudepur,MK ELECTRICAL AND CO,mkelectrical.co@gmail.com,8866525483,0,0
GUJARAT,chhotaudepur,MITTALS GREEN ENERGY PRIVATE LIMITED,info@mittalsgreenenergy.com,8053004999,0,0
GUJARAT,chhotaudepur,MITRAYA ELECTRICAL,mitrayaelectrical@gmail.com,7016415834,0,0
GUJARAT,chhotaudepur,MITRAY ENGINEERING,mitray.engineering@gmail.com,7621895796,0,0
GUJARAT,chhotaudepur,MITRA SOLAR ENERGY,mitrasolarenergy@gmail.com,9725777143,0,0
GUJARAT,chhotaudepur,MITCON CONSULTANCY AND ENGINEERING SERVICES LTD,tendercell@mitconindia.com,7447420680,0,0
GUJARAT,chhotaudepur,MICROVISE SOLUTIONS,info@microviseindia.com,7778092462,0,0
GUJARAT,chhotaudepur,MH POWER SYSTEM,info.mhpowersystem@gmail.com,9016581006,0,0
GUJARAT,chhotaudepur,MFINS SERVICES PVT. LTD.,vidya@m-fins.in,8356843342,0,0
GUJARAT,chhotaudepur,MESHWA ENTERPRISE,meshwaelectricals@gmail.com,9574409148,0,0
GUJARAT,chhotaudepur,MERIDIAN INTERNATIONAL,ghetiya.ashish@gmail.com,7990847552,0,0
GUJARAT,chhotaudepur,MEKTECH SOLUTION,mektechsolution@gmail.com,7984595405,0,0
GUJARAT,chhotaudepur,MEHUL ELECTRIC,fivestarsolar2025@gmail.com,7984547908,0,0
GUJARAT,chhotaudepur,MEGHAL POWER,meghalpower23@gmail.com,9712726390,0,0
GUJARAT,chhotaudepur,MEERA SUN ENERGIES,info@meerasunenergies.com,8200447359,0,0
GUJARAT,chhotaudepur,MEENA SOLAR,ripalsonpal@gmail.com,8408944904,0,0
GUJARAT,chhotaudepur,MEAN RAYS RENEWABLE POWER PRIVATE LIMITED,sales.meanrays@gmail.com,9898251352,0,0
GUJARAT,chhotaudepur,MD ENERGIES,mdenergies01@gmail.com,9099260004,0,0
GUJARAT,chhotaudepur,MBTION ENGINEERING,mbtionengineering@gmail.com,8320565108,0,0
GUJARAT,chhotaudepur,MAXSUN ENERGY PRIVATE LIMITED,maxsunsolarenergy@gmail.com,7990361324,0,0
GUJARAT,chhotaudepur,MAXIM ENERGY,maximenergy21@gmail.com,9265123804,0,0
GUJARAT,chhotaudepur,MAXIFLUENCE TECHNOVATE LLP,info@maxifluencetechnovate.com,9662298809,0,0
GUJARAT,chhotaudepur,MATRIX ENTERPRISE,matrixsolar41@gmail.com,8905314234,0,0
GUJARAT,chhotaudepur,MARUTI SUNSOLREN,marutisunsolren@gmail.com,8238145153,0,0
GUJARAT,chhotaudepur,MARUTI SOLAR SYSTEMS,dinesh.navar@gmail.com,9409080149,0,0
GUJARAT,chhotaudepur,MARUTI SOLAR PUMP SYSTEM,patelsandip0226@gmail.com,9426849250,0,0
GUJARAT,chhotaudepur,MARUTI ENTERPRISE,marutienterprise148@gmail.com,7698803938,0,0
GUJARAT,chhotaudepur,MARUTI ENTERPRISE,maruti.enterprise0915@hotmail.com,8866239646,0,0
GUJARAT,chhotaudepur,MARUTI ENERGY,marutienrgy@gmail.com,9033408939,0,0
GUJARAT,chhotaudepur,MANYAH ENERGY PVTLTD,manyahenergy@gmail.com,9925065224,0,0
GUJARAT,chhotaudepur,MANGROLIYA NIKUNJ J.,nikunjmangroliya54@gmail.com,8866685082,0,0
GUJARAT,chhotaudepur,MANAN SOLAR,manansolar2022@gmail.com,9714352719,0,0
GUJARAT,chhotaudepur,MAKKWANA INDUSTRIES,rooftopindia@gmail.com,9879398464,0,0
GUJARAT,chhotaudepur,MAKE INSIDE SOLUTIONS,info@makeinside.co.in,9898302030,0,0
GUJARAT,chhotaudepur,MAHEK SOLAR POWER,mahek.tech1@gmail.com,9925805953,0,0
GUJARAT,chhotaudepur,MAHAVEER ENTRPRISE,me.solarmaster@gmail.com,7878647771,0,0
GUJARAT,chhotaudepur,MAHALAXMI ELECTRICALS - AHEMDABAD,mahalaxmi.electricals_07@yahoo.com,8238914975,0,0
GUJARAT,chhotaudepur,MAHAKALI POWER,mahakalipower9252@gmail.com,9687209519,0,0
GUJARAT,chhotaudepur,MAHADEV SOLAR ENTERPRISE,mahadevsolar2526@gmail.com,8758610449,0,0
GUJARAT,chhotaudepur,MAHADEV SOLAR ENETERPRISE,mahadevsolarjamnagar@gmail.com,9978999939,0,0
GUJARAT,chhotaudepur,MAHADEV SALES AGENCY,mahadevsolarproject@gmail.com,7393939139,0,0
GUJARAT,chhotaudepur,MAGLARE TECHNOLOGIES PVT.LTD.,info@maglare.com,8460183838,0,0
GUJARAT,chhotaudepur,MADYSON ELECTRICAL,madyson.electrical41@gmail.com,9998864567,0,0
GUJARAT,chhotaudepur,MADHVAN POLYPLAST PVT. LTD.,cmp.madhavanpolyplast@gmail.com,9104306162,0,0
GUJARAT,chhotaudepur,MADHULI CORPORATION,madhulicorporation@gmail.com,9904990630,0,0
GUJARAT,chhotaudepur,MADHAV SOLAR ENERGY LIMITED (FORMERLY KNOWN AS MADHAV ENTERPRISE - SURAT),info@madhavsolarenergy.com,8849299212,0,0
GUJARAT,chhotaudepur,MADHAV GREEN ENERGY,madhavgreene@gmail.com,9408102358,0,0
GUJARAT,chhotaudepur,MADHAV ENTERPRISE,madhavsolarshop@gmail.com,7990485674,0,0
GUJARAT,chhotaudepur,MADHAV ELECTRICAL,madhavelectrical23@gmail.com,9426755766,0,0
GUJARAT,chhotaudepur,MAA MOGAL ENTERPRISE,maamogale1999@gmail.com,8401237990,0,0
GUJARAT,chhotaudepur,M SUN ENERGY,msunenergy30@gmail.com,9104145599,0,0
GUJARAT,chhotaudepur,M R ENTERPRISE,mrenterprisesolar@gmail.com,9924370232,0,0
GUJARAT,chhotaudepur,M M PARMAR,sunlightenergy09@outlook.com,9227092099,0,0
GUJARAT,chhotaudepur,LUCRATIVE ENERGY PRIVATE LIMITED,lucrativein24@gmail.com,9408152427,0,0
GUJARAT,chhotaudepur,LUCIDUS ENERGY PRIVATE LIMITED,lucidusenergy21@gmail.com,9327990722,0,0
GUJARAT,chhotaudepur,LOGICTECH SOLAR AND AUTOMATION PVT LTD,logictechsolar@gmail.com,9429580846,0,0
GUJARAT,chhotaudepur,LIPO TECHNOLOGY PRIVATE LIMITED,kalpesh@lipotechnology.in,9722266550,0,0
GUJARAT,chhotaudepur,LIFE MAGIC MARVELL STORE PRIVATE LIMITED,lifemagicmarvel@gmail.com,9098698493,0,0
GUJARAT,chhotaudepur,LGM ENERGY AND INFRACON LLP,lgmenergyandinfraconllp@gmail.com,7574000906,0,0
GUJARAT,chhotaudepur,LED LIGHT HOUSE,ledlighthouse161921@gmail.com,9624132754,0,0
GUJARAT,chhotaudepur,LAXMI HI TECH,laxmihitech36@gmail.com,7046494649,0,0
GUJARAT,chhotaudepur,LAKSH POWER TECH,lakshpowertech777@gmail.com,9825692073,0,0
GUJARAT,chhotaudepur,LA CARTE RETAILERS PVT LTD,lacarte09@gmail.com,9909920700,0,0
GUJARAT,chhotaudepur,L L ELECTRICALS,llelect89@yahoo.com,9879078908,0,0
GUJARAT,chhotaudepur,L G ELECTRICALS,lgelectricals29@gmail.com,9825949200,0,0
GUJARAT,chhotaudepur,KVP SOLAR AND SOLUTION,kvpsolarandsolution.22@gmail.com,9033343105,0,0
GUJARAT,chhotaudepur,KUTCH SOLAR AND EV,kutchsolarev@gmail.com,9725436751,0,0
GUJARAT,chhotaudepur,KUNTHU CONSULTANTS PVT LTD,neelesh@kunthusolar.com,7405992700,0,0
GUJARAT,chhotaudepur,KSHETRAPAL GREEN ENERGY,kshetrapalgreenenergy@gmail.com,7874098869,0,0
GUJARAT,chhotaudepur,KRIVI ENERGY PRIVATE LIMITED,solar@krivienergy.com,9326275972,0,0
GUJARAT,chhotaudepur,KRIVA TECHNOLOGIES,krivasolartechnologies@gmail.com,7227074480,0,0
GUJARAT,chhotaudepur,KRITA GREEN ENERGY,admin@kritagreenenergy.in,9824998266,0,0
GUJARAT,chhotaudepur,KRISHNA ENTERPRISE,krishnaenterprise4568@gmail.com,9712658209,0,0
GUJARAT,chhotaudepur,KRISHIVA INNOVATIVES,info@krishivainnovatives.com,9409435861,0,0
GUJARAT,chhotaudepur,KRISHIV ENTERPRISE,jevinpansuriya4@gmail.com,7359294060,0,0
GUJARAT,chhotaudepur,KRISHA SOLAR & AGRO INDUSTRIES,krishasolarandagro21@gmail.com,9574856582,0,0
GUJARAT,chhotaudepur,KREYA ENTERPRISES,kreyaentp@gmail.com,6359233332,0,0
GUJARAT,chhotaudepur,KP GREEN ENGINEERING LIMITED,imam.syed@kpgroup.co,9104677596,0,0
GUJARAT,chhotaudepur,KP GREEN ENERGY,kpgreenenergy46@gmail.com,7048370774,0,0
GUJARAT,chhotaudepur,KOTSON PROJECTS PRIVATE LIMITED,kotsonprojects@gmail.com,9978909595,0,0
GUJARAT,chhotaudepur,KOTHIYA ELECTRIC CONTRACTOR,kothiyaelectric@gmail.com,9913212056,0,0
GUJARAT,chhotaudepur,KOSOL ENERGIE PVT. LTD.,bharat@sunray.co.in,8799696356,0,0
GUJARAT,chhotaudepur,KONARK,heykonark@gmail.com,7016013500,0,0
GUJARAT,chhotaudepur,KOMAL ELECTRIC,chetanramprasadi@gmail.com,9825047503,0,0
GUJARAT,chhotaudepur,KK SOLAR TECHNOLOGY,kksolartechnology@gmail.com,9586118331,0,0
GUJARAT,chhotaudepur,KK ENTERPRISE,LATHIYA410@GMAIL.COM,9925590208,0,0
GUJARAT,chhotaudepur,KITE SOLAR ENERGY,kitesolarenergy@gmail.com,6352523489,0,0
GUJARAT,chhotaudepur,KIRTAN MARKETING,kirtanmarketing@gmail.com,9714440026,0,0
GUJARAT,chhotaudepur,KIRTAN BATTERIES,kirtanbatteries26@gmail.com,7043337333,0,0
GUJARAT,chhotaudepur,KIRAN SOLAR TECH PT. LT,info@kiransolartech.com,9800932333,0,0
GUJARAT,chhotaudepur,KIRAN ENERGIES,kiranenergies@gmail.com,9898953656,0,0
GUJARAT,chhotaudepur,KHUSHI SOLAR,khushisolar13.info@gmail.com,7600094866,0,0
GUJARAT,chhotaudepur,KHUSHI IRRIGATION AND SOLAR,khushi.irrigationandsolar@gmail.com,9638370303,0,0
GUJARAT,chhotaudepur,KHODIYAR ENTERPRISE,k_enter_m@rediffmail.com,9825162853,0,0
GUJARAT,chhotaudepur,KHODIYAR ELECTRICAL,khodiyarelectrical9199@gmail.com,6355714181,0,0
GUJARAT,chhotaudepur,KHODAL CORPORATION,khodalcorporation10@gmail.com,9974129558,0,0
GUJARAT,chhotaudepur,KHANAK SYSTEM,khanaksystem@yahoo.com,9824751581,0,0
GUJARAT,chhotaudepur,KESHWALA ENGINEERING CO.,RKESHWALA26@GMAIL.COM,7575082097,0,0
GUJARAT,chhotaudepur,KESHRI NANDANAM ENERGY,keshrinandanamenergy@gmail.com,8200147522,0,0
GUJARAT,chhotaudepur,KASTBHANJAN SOLAR,kastbhanjansolar@gmail.com,9099863647,0,0
GUJARAT,chhotaudepur,KASHYAP INFRAPROJECTS PVT. LTD.,info@kashyap.in,9898031010,0,0
GUJARAT,chhotaudepur,KARTAVY AGROTECH,kartavysolar@gmail.com,9426465233,0,0
GUJARAT,chhotaudepur,KARMA POWER,karmapower001@gmail.com,8849370511,0,0
GUJARAT,chhotaudepur,KARM ENTERPRISE,KARMSOLAR24@GMAIL.COM,9586363071,0,0
GUJARAT,chhotaudepur,KANHA ENTERPRISE,kanhaenterprise4161@gmail.com,6355636703,0,0
GUJARAT,chhotaudepur,KAMAXI ELECTRICAL ENGINEERS,dharmesh@kamaxielectricals.com,9974744036,0,0
GUJARAT,chhotaudepur,KALPTARU RENEWABLE POWER PVT LTD,support@kalptaru.co,7600780720,0,0
GUJARAT,chhotaudepur,KAIZEN UNIVERSAL PRIVATE LIMITED,ketan@kaizen.in,9825119674,0,0
GUJARAT,chhotaudepur,KAIZEN NOW,kaizennowahd@gmail.com,9978985558,0,0
GUJARAT,chhotaudepur,KAGI RENEWABLE ENERGY,info.kagirenew@gmail.com,8401935902,0,0
GUJARAT,chhotaudepur,KAASHIVA POWER INNOVATIONS PVT LTD,nikunjprajapati@kaashiva.com,7227854857,0,0
GUJARAT,chhotaudepur,KAARVI GREEN ENERGY,kaarvienergy01@gmail.com,9824094291,0,0
GUJARAT,chhotaudepur,K T ELECTRICALS,ktthakkar567@gmail.com,8905168423,0,0
GUJARAT,chhotaudepur,K P ENTERPRISE,kpenterprise39@gmail.com,9974383839,0,0
GUJARAT,chhotaudepur,K K SOLAR SOLUTIONS,kksolarsolutions@gmail.com,9537279900,0,0
GUJARAT,chhotaudepur,JUPISOL POWER INDIA PRIVATE LIMITED,spatel@jupisolpower.com,9879284007,0,0
GUJARAT,chhotaudepur,JOYSTICK BIO HEALTH,jstvalsad@gmail.com,9714163052,0,0
GUJARAT,chhotaudepur,JJV CORPORATION,info@jjvcorporation.in,9016987377,0,0
GUJARAT,chhotaudepur,JJ PV SOLAR PRIVATE LIMITED,rajesh@jjpvsolar.com,9904809006,0,0
GUJARAT,chhotaudepur,JIYAAN SOLAR COMPANY,jiyaansolar.co@gmail.com,8160645436,0,0
GUJARAT,chhotaudepur,JIGS ELECTRICAL,jigselectrical@gmail.com,9979129392,0,0
GUJARAT,chhotaudepur,JIGAR SYSTEM TECHNOLOGY,jigar@jigarsystems.com,9511768710,0,0
GUJARAT,chhotaudepur,JD SOLAR,jdsolar5005@gmail.com,9157590905,0,0
GUJARAT,chhotaudepur,JD INFRA ENERGY PRIVATE LIMITED,jdinfraenergy0725@gmail.com,9714061118,0,0
GUJARAT,chhotaudepur,JAYVEER ELECTRICAL PRIVATE LIMITED,jayveerelectrical@gmail.com,9601679621,0,0
GUJARAT,chhotaudepur,JAYRAJ SOLAR LLP,tejas@jayrajsolar.com,9033963450,0,0
GUJARAT,chhotaudepur,JAYKAMAL ENERGY,JAYKAMAL.ENERGY@GMAIL.COM,9726862780,0,0
GUJARAT,chhotaudepur,JAYDEV ENERGY,jaydevenergy83@gmail.com,9824885237,0,0
GUJARAT,chhotaudepur,JAY SARDAR SOLAR PVT.LTD.,jaysardarsolar@gmail.com,8141500062,0,0
GUJARAT,chhotaudepur,JAY SARDAR SOLAR POWER PRIVATE LIMITED,dbchaudhary108@gmail.com,9737550593,0,0
GUJARAT,chhotaudepur,JAY KHODIYAR IMPEX,pareshramoliya310@gmail.com,9537164431,0,0
GUJARAT,chhotaudepur,JAY ELECTRICALS,jayelec2021@gmail.com,9427261002,0,0
GUJARAT,chhotaudepur,JAY DADA SOLAR,jaydadasolar@gmail.com,6353659868,0,0
GUJARAT,chhotaudepur,JAY AMBE GREEN ENERGY,jayambegreenenergy@gmail.com,9824328725,0,0
GUJARAT,chhotaudepur,JAY AMBE ELECTRICALS,jayambeelectricals091@gmail.com,6355252020,0,0
GUJARAT,chhotaudepur,JAY ADITYA SOLAR,darshit.dj619@gmail.com,8160931631,0,0
GUJARAT,chhotaudepur,JASMIN J BAMBHAROLIYA,jasmin.bambharolia14@gmail.com,8140916256,0,0
GUJARAT,chhotaudepur,JANSA SOLAR SOLUTIONS PVT LTD,jansa@kalptaru.co.in,9998000769,0,0
GUJARAT,chhotaudepur,JANGID SOLAR ENERGY PVT LTD,info@jsepl.in,6358931609,0,0
GUJARAT,chhotaudepur,JANETA SOLAR,info.janetasolar90@gmail.com,8734829145,0,0
GUJARAT,chhotaudepur,JALESHWAR GREEN ENERGY,info.jaleshwargreen@gmail.com,8140023662,0,0
GUJARAT,chhotaudepur,JAIMAX SUNBIM PVT LTD,jaimaxsunbim@gmail.com,8980024055,0,0
GUJARAT,chhotaudepur,JAI SOMNATH ENTERPRISE,msjaisomnathenterprise@gmail.com,9979990909,0,0
GUJARAT,chhotaudepur,JAI INDUSTRIES,jaielectronic@yahoo.com,9828104233,0,0
GUJARAT,chhotaudepur,JAGRUTI TRADERS,jagrutitraders.solar@gmail.com,8980498030,0,0
GUJARAT,chhotaudepur,JAGDAMBA ENTERPRISE,adarshrajput542@gmail.com,9316321978,0,0
GUJARAT,chhotaudepur,JAFFINS ENTERPRISE,solarbhavnagar@gmail.com,9375465252,0,0
GUJARAT,chhotaudepur,JAAC TECHNO SERVICES PVT LTD,jwalant.raval@jaacservices.com,9824000545,0,0
GUJARAT,chhotaudepur,JAAC TECHNO SERVICES PVT LTD,Jwalant.raval@jaacservice.com,9824000545,0,0
GUJARAT,chhotaudepur,J S COMPANY,jscompany9@gmail.com,7990307424,0,0
GUJARAT,chhotaudepur,J K MACHINE TOOLS (GUJARAT) PVT. LTD.,jk.solarium@gmail.com,9328290518,0,0
GUJARAT,chhotaudepur,J D ELECTRICAL AND TRADING,jdelectrical26@gmail.com,8320397049,0,0
GUJARAT,chhotaudepur,J B POWER SOLAR,jbpowersolar@gmail.com,9173390835,0,0
GUJARAT,chhotaudepur,IZZY ENERGY SOLUTION,izzyenergysolution@gmail.com,9909236062,0,0
GUJARAT,chhotaudepur,ISHITA ENGINEERING,ishitaengineering13@gmail.com,8866649177,0,0
GUJARAT,chhotaudepur,ISHA SALES,ishasolar027@gmail.com,9824739373,0,0
GUJARAT,chhotaudepur,INSTANT TECHNOLOGY,info@instantgroup.live,8200782232,0,0
GUJARAT,chhotaudepur,INSTANT ELECTRIC SERVICES,instantelectricservices@gmail.com,9909415407,0,0
GUJARAT,chhotaudepur,INRAYS TECHNOLOGY,inraystechnology@gmail.com,9898878734,0,0
GUJARAT,chhotaudepur,INQILAB ENGINEERING PRIVATE LIMITED,inqilabengineering@gmail.com,9099598998,0,0
GUJARAT,chhotaudepur,INOX SOLAR ENERGY,inoxsolarenergy@gmail.com,9904604047,0,0
GUJARAT,chhotaudepur,INFLUX SOLAR SOLUTIONS,influxsolarsolution@gmail.com,6352563582,0,0
GUJARAT,chhotaudepur,INFINITY SOLAR - SURAT,infinity.solar01@gmail.com,8866860686,0,0
GUJARAT,chhotaudepur,INFINITY SOLAR - RAJKOT,infinitysolar2022@gmail.com,7201070799,0,0
GUJARAT,chhotaudepur,INFINITY RENEWABLE ENERGY,anand.infinityrenewableenergy@gmail.com,9913784000,0,0
GUJARAT,chhotaudepur,INFINITY POWER,infinitypower1026@gmail.com,8758875751,0,0
GUJARAT,chhotaudepur,INFINITY ELECTRICALS,info.infinityelectricals@gmail.com,7600458468,0,0
GUJARAT,chhotaudepur,INFINITE ENERGY ANS TECHNOLOGY,planning@infiniteenergy.co.in,9099971778,0,0
GUJARAT,chhotaudepur,IMPULSE SYSTEM,info@impulsesystem.in,9426471057,0,0
GUJARAT,chhotaudepur,IMMIX SOLUTION,immixsolution@gmail.com,9265493249,0,0
GUJARAT,chhotaudepur,IMAGINE POWERTREE PRIVATE LIMITED,imagine.powertree@gmail.com,9586121111,0,0
GUJARAT,chhotaudepur,IDEAL RENEWABLE LLP,idealrenewable@gmail.com,9979083323,0,0
GUJARAT,chhotaudepur,IDEAL ELECTRICAL,idealelectric7@gmail.com,9638324167,0,0
GUJARAT,chhotaudepur,ICONIC SOLAR ENERGY,iconicsolarenergy26@gmail.com,7698504095,0,0
GUJARAT,chhotaudepur,ICON ENERGY,info@iconenergy.in,9909999162,0,0
GUJARAT,chhotaudepur,I-TECH STORE,info.itechsolar@gmail.com,9879603933,0,0
GUJARAT,chhotaudepur,I SQUARE SOLAR,work.srbudheliya@gmail.com,9722272775,0,0
GUJARAT,chhotaudepur,I K SOLAR ENERGY,iksolarenergy2302@gmail.com,6353941652,0,0
GUJARAT,chhotaudepur,I CARE ENGINEERING,icareengr@gmail.com,9978920284,0,0
GUJARAT,chhotaudepur,HYSUN SOLAR PRIVATE LIMITED,prajapatiomaram62@gmail.com,7573999961,0,0
GUJARAT,chhotaudepur,HORIZON POWER SOLUTIONS,horizonpowersolutions2024@gmail.com,9909009525,0,0
GUJARAT,chhotaudepur,HIYASHA SOLAR SYSTEMS LLP,hiyashasolarsystems@gmail.com,9727097250,0,0
GUJARAT,chhotaudepur,HIYA ELECTRO ENGINEERS,hiyaelectroengineers@gmail.com,8128672333,0,0
GUJARAT,chhotaudepur,HITECH SOLAR,jayesh@hitechsolar.in,7600059073,0,0
GUJARAT,chhotaudepur,HIRANYA,chintan6310@gmail.com,9909009425,0,0
GUJARAT,chhotaudepur,HIPANAX ENERGY,hipanaxenergy@outlook.com,9727063026,0,0
GUJARAT,chhotaudepur,HINDUSTAN SOLAR AND POWER PACK,hindustansolar86@gmail.com,7016087359,0,0
GUJARAT,chhotaudepur,HIMSON ENERGY,himson.energy@gmail.com,9825242728,0,0
GUJARAT,chhotaudepur,HILTON RENEWABLES,hiltonrenewables.amr@gmail.com,8181080800,0,0
GUJARAT,chhotaudepur,HILL LIGHTING,rndungrani@gmail.com,9328385858,0,0
GUJARAT,chhotaudepur,HI TECH SOLAR SOLUTION,hitechsolarsolu@gmail.com,8140535380,0,0
GUJARAT,chhotaudepur,HI TECH ENERGY,hitechenergy17@gmail.com,9924388540,0,0
GUJARAT,chhotaudepur,HEMALI ELECTRICALS,hemali_elect@rocketmail.com,9979874161,0,0
GUJARAT,chhotaudepur,HELIOPATH SOLAR TECHNOLOGIES,enquiry.heliopath@gmail.com,8238664332,0,0
GUJARAT,chhotaudepur,HEER SOLAR ENERGY,heersolarenergy@gmail.com,9427063399,0,0
GUJARAT,chhotaudepur,HAVTON INDIA,ravivarmora0803@gmail.com,9265496953,0,0
GUJARAT,chhotaudepur,HATKESH ENGINEERING,hatkeshengineering@gmail.com,9898105579,0,0
GUJARAT,chhotaudepur,HARSIDDHI ENGINEERING WORKS,harsiddiengineering@yahoo.com,9428342940,0,0
GUJARAT,chhotaudepur,HARSH ENTERPRISE,harshenterprise.ele@gmail.com,9586703597,0,0
GUJARAT,chhotaudepur,HARISH ENGINEERING WORKS,harish.engg91@gmail.com,9428618859,0,0
GUJARAT,chhotaudepur,HARIPRIY INDUSTRIES,haripriyindustries@gmail.com,9725022146,0,0
GUJARAT,chhotaudepur,HARIOM ENGINEERING,hariomsolarbotad@gmail.com,8140771766,0,0
GUJARAT,chhotaudepur,HARIOM ELECTRICS,manoj.patiwala.in@gmail.com,8140438508,0,0
GUJARAT,chhotaudepur,HARI OM SOLAR ENERGY,prajapativr697@gmail.com,9428490890,0,0
GUJARAT,chhotaudepur,HARI INFRA PROJECTS,info@hariindia.in,9998037067,0,0
GUJARAT,chhotaudepur,HARI ELECTRICAL & SOLAR,harielectrical18@gmail.com,7990453967,0,0
GUJARAT,chhotaudepur,HAPPY ENTERPRISE,divyeshchavda007@gmail.com,9510887781,0,0
GUJARAT,chhotaudepur,HANU ENTERPRISE,hanuenterprise2023@gmail.com,9067322910,0,0
GUJARAT,chhotaudepur,HADAF GREEN ENERGY PRIVATE LIMITED,hadafgreenenergy@gmail.com,8320986239,0,0
GUJARAT,chhotaudepur,H.K ENERGY,hkenergy001@gmail.com,9586401312,0,0
GUJARAT,chhotaudepur,H S ENTERPRISE,hiralpatel3031@gmail.com,9773257603,0,0
GUJARAT,chhotaudepur,H K SOLAR ENERGY,hkenergy16@gmail.com,9714516576,0,0
GUJARAT,chhotaudepur,H AND S ENGINEERING,HSENGINEERING9698@GMAIL.COM,8980818699,0,0
GUJARAT,chhotaudepur,H & M COMPANY,info@hmcompany.in,9157768561,0,0
GUJARAT,chhotaudepur,GWE INFRA PROJECTS PRIVATE LIMITED,dhaval.gwe@gmail.com,9726198989,0,0
GUJARAT,chhotaudepur,GURUKRUPA SOLAR AND AGRO INDUSTRIES,vishal@vishal-group.com,9328854525,0,0
GUJARAT,chhotaudepur,GURUKRUPA ENTERPRISE,gurukrupaenterprise.head9@gmail.com,8320627280,0,0
GUJARAT,chhotaudepur,GURU RENEWABLE,gururenewable@gmail.com,9687672620,0,0
GUJARAT,chhotaudepur,GUJARAT SOLAR ENERGY,gujaratsolarenergy010@gmail.com,9898472919,0,0
GUJARAT,chhotaudepur,GSL ENERGY,gslenergy09@gmail.com,8320945187,0,0
GUJARAT,chhotaudepur,GS POWERTECH,info.gspowertech@gmail.com,7567438385,0,0
GUJARAT,chhotaudepur,GROWW SOLAR ENERGY,growwsolarenergy8@gmail.com,7874707545,0,0
GUJARAT,chhotaudepur,GROWTECH ENERGY,growtechenergy91@gmail.com,9998435528,0,0
GUJARAT,chhotaudepur,GROW EARTH RENEWABLE TECHNOLOGIES,divyesh@growearthsolar.com,9104495364,0,0
GUJARAT,chhotaudepur,GRIWA INTERNATIONAL LLP,prakashkoriya17@gmail.com,8200988481,0,0
GUJARAT,chhotaudepur,GREYANAS INDUSTRIES PRIVATE LIMITED,greyanassolar@gmail.com,9408715033,0,0
GUJARAT,chhotaudepur,GREENTECH ENERGY,bhuvapiyush89@gmail.com,7990053035,0,0
GUJARAT,chhotaudepur,GREENNETIC RENEWABLE PRIVATE LIMITED,sales.greenneticrenewable@gmail.com,8320563819,0,0
GUJARAT,chhotaudepur,GREENLEAF SOLAR ENERGY,info.greenleaf1@gmail.com,9313945225,0,0
GUJARAT,chhotaudepur,GREENLAND,greenlandsolar.np@gmail.com,9825545043,0,0
GUJARAT,chhotaudepur,GREENLAND,greenlandsolar.projects@gmail.com,9825545043,0,0
GUJARAT,chhotaudepur,GREENEXCEL ENERGY SOLUTION PVT LTD,info@greenexcelenergy.com,9898949719,0,0
GUJARAT,chhotaudepur,GREENERGY SOLAR SOLUTIONS,greenergysolarsolutions26@gmail.com,9409215712,0,0
GUJARAT,chhotaudepur,GREENERGEE,greenergee@vikasaryagroup.com,9374635103,0,0
GUJARAT,chhotaudepur,GREENERA ENERTECH PVT LTD,greenera.solarenergy@gmail.com,9427726620,0,0
GUJARAT,chhotaudepur,GREENCUBE ENERGIES PRIVATE LIMITED,nirankush@gcepl.in,9106836019,0,0
GUJARAT,chhotaudepur,GREENARCH SOLAR PRIVATE LIMITED,greenarchsolar@gmail.com,9879262766,0,0
GUJARAT,chhotaudepur,GREEN WATT SOLAR ENERGY,greenwattsolarenergy2022@gmail.com,9898383910,0,0
GUJARAT,chhotaudepur,GREEN SUN ENERGY,teamgreensun@gmail.com,9274525232,0,0
GUJARAT,chhotaudepur,GREEN SOLAR ENERGY ENTERPRISES,greensolar.ahmedabad@gmail.com,9712909823,0,0
GUJARAT,chhotaudepur,GREEN SOLAR ENERGY,info@greenssolar.in,9687222261,0,0
GUJARAT,chhotaudepur,GREEN POWER SOLUTION,darjihardik777@gmail.com,8141216635,0,0
GUJARAT,chhotaudepur,GREEN POWER ENERGY,info.greenenergy07@gmail.com,8780002027,0,0
GUJARAT,chhotaudepur,GREEN LIGHT ENERGY,glenergy2024@gmail.com,9998754265,0,0
GUJARAT,chhotaudepur,GREEN IMPAQ SOLAR ENERGY,greenimpaqsolarenergypm@mail.com,9974414600,0,0
GUJARAT,chhotaudepur,GREEN HOUSE SOLAR POWER SOLUTIONS,info@greenhousesolar.in,7990068891,0,0
GUJARAT,chhotaudepur,GREEN EVER SYSTEMS PRIVATE LIMITED,greeneversystems@gmail.com,8866167111,0,0
GUJARAT,chhotaudepur,GREEN ENERGY-VALSAD,solar@greenenergy.ind.in,8866249369,0,0
GUJARAT,chhotaudepur,GREEN ENERGY SOLAR,ges.solar24@gmail.com,8866993164,0,0
GUJARAT,chhotaudepur,GREEN E SOLAR,greene.vb@hotmail.com,9925751589,0,0
GUJARAT,chhotaudepur,GREAT SOLUTION,greatsolution07@gmail.com,9924131317,0,0
GUJARAT,chhotaudepur,GRACE RENEWABLE ENERGY PVT LTD,project1@gracerenew.com,7573027788,0,0
GUJARAT,chhotaudepur,GRACE OF THE SUN ENERGY,gotssolar@gmail.com,8320258395,0,0
GUJARAT,chhotaudepur,GOVINDJI POWER,priyankvaghani86@gmail.com,9726643435,0,0
GUJARAT,chhotaudepur,GOVARDHAN TRADERS,govardhantraders2512@gmail.com,7600029983,0,0
GUJARAT,chhotaudepur,GOPI TECHNOLOGIES,epc@gopitechnologies.com,8866077344,0,0
GUJARAT,chhotaudepur,GOPAL ENTERPRISE,gokulbharvad@gmail.com,9727756664,0,0
GUJARAT,chhotaudepur,GOLDSUN SOLAR,dhruvpadasumbiya@gmail.com,9409016021,0,0
GUJARAT,chhotaudepur,GOLDI SOLAR PRIVATE LIMITED,info@goldisolar.com,7211134134,0,0
GUJARAT,chhotaudepur,GLOBAL SOLAR SOLUTION,moxakboda111@gmail.com,8460820618,0,0
GUJARAT,chhotaudepur,GLOBAL SOLAR ENERGY,globalsolar99@gmail.com,8866190358,0,0
GUJARAT,chhotaudepur,GLOBAL ENTERPRISE,globalsolarent@gmail.com,9924900304,0,0
GUJARAT,chhotaudepur,GITANJALI DEVELOPERS,dhavalparmar.dp39@gmail.com,8200332871,0,0
GUJARAT,chhotaudepur,GIR ENTERPRISES,ankitbhaiankit88@gmail.com,8686869015,0,0
GUJARAT,chhotaudepur,GHANSHYAM SOLAR ENERGY,ghanshyam.solar.energy@gmail.com,9510734317,0,0
GUJARAT,chhotaudepur,GHANPRIYA ENERGY SOLUTION PRIVATE LIMITED,subsidy@ghanpriyaenergy.com,9958676060,0,0
GUJARAT,chhotaudepur,GHADIYA RENEWABLE ENERGY,KALPESHPATEL8914@GMAIL.COM,9714000952,0,0
GUJARAT,chhotaudepur,GESTIC SELICON ENERGY,shivammourya0987@gmail.com,9157621253,0,0
GUJARAT,chhotaudepur,GENESIS ELECTRICAL,genesiselectricalindia@gmail.com,8200480623,0,0
GUJARAT,chhotaudepur,GEETANJALI INDUSTRIES,jaskoenergy@gmail.com,8866200620,0,0
GUJARAT,chhotaudepur,GEER AGRO WORKS,geeragro@gmail.com,9898799789,0,0
GUJARAT,chhotaudepur,GAYATRI SOLAR ENERGY,info@gayatrisolarenergy.com,8866778940,0,0
GUJARAT,chhotaudepur,GAYATRI CONSTRUCTION,chetansinh270@gmail.com,7408636363,0,0
GUJARAT,chhotaudepur,GARUDA POWER,garudapower26@gmail.com,9016555765,0,0
GUJARAT,chhotaudepur,GANESH GREEN BHARAT LIMITED,sales@ganeshgreen.com,9519518951,0,0
GUJARAT,chhotaudepur,GANESH CORPORATION,ganeshcorporation3003@gmail.com,9979856236,0,0
GUJARAT,chhotaudepur,GALO ENERGY PRIVATE LIMITED,info@galo.co.in,9773988289,0,0
GUJARAT,chhotaudepur,GALAXY ENERGY SOLUTION,galaxyenergysolution@protonmail.com,9428158678,0,0
GUJARAT,chhotaudepur,GAJGATI STEEL AND ENERGY PVT LTD.,sales@gajgati.com,7990480061,0,0
GUJARAT,chhotaudepur,G-POWER PLUS,gpowerplus.in@gmail.com,9898420613,0,0
GUJARAT,chhotaudepur,FOURSUN SOLAR,project@foursunsolar.co.in,7435023502,0,0
GUJARAT,chhotaudepur,FOURCELL ENERGY PRIVATE LIMITED,fourcellenergy@gmail.com,9377776564,0,0
GUJARAT,chhotaudepur,FORTUNE TECHNOLOGIST,fortunetechnologist@gmail.com,9427597246,0,0
GUJARAT,chhotaudepur,FOREXT GREEN ENERGY PRIVATE LIMITED,Forextgreen@gmail.com,9227145384,0,0
GUJARAT,chhotaudepur,FLORIAN VENTURE PVT.LTD.,florianventurepvt.ltd@gmail.com,9081684444,0,0
GUJARAT,chhotaudepur,FLAME SOLREN PRIVATE LIMITED,operations@flamesolren.com,8849478907,0,0
GUJARAT,chhotaudepur,FERUS ENERGIES CO,info@ferusenergies.com,9913341342,0,0
GUJARAT,chhotaudepur,FATHUN RENEWABLE ENERGY (FORMERLY KNOWN AS KENVUE ENERGY),fathunrenewable@gmail.com,9898589612,0,0
GUJARAT,chhotaudepur,FASTRISE ENTERPRISE PRIVATE LIMITED,FASTRISEENTERPRISE@GMAIL.COM,7862079768,0,0
GUJARAT,chhotaudepur,F Z ENERGY,info@fzenergy.in,9227153030,0,0
GUJARAT,chhotaudepur,F SOLAR ROOFTOP,fsolarrooftop@gmail.com,8469525856,0,0
GUJARAT,chhotaudepur,F H WORK SOLUTION,fhwork17@gmail.com,8160404419,0,0
GUJARAT,chhotaudepur,EXPERT POWER SOLUTION,info.expertpowersolution@gmail.com,8780287091,0,0
GUJARAT,chhotaudepur,EXIDE INDUSTRIES LIMITED,pramit.mukherjee@exide.co.in,6291226448,0,0
GUJARAT,chhotaudepur,EWC SOLAR PRIVITED LIMITED (FORMERLY KNOWN AS ENERGY POWER SYSTEMS),ewcsolarpvtltd@gmail.com,8141150688,0,0
GUJARAT,chhotaudepur,EWALK ENERGY,info.ewalkenergy@gmail.com,9054927675,0,0
GUJARAT,chhotaudepur,EWAA SOLAR TECHNOLOGY PRIVATE LIMITED,info@ewaasolartech.com,6356008400,0,0
GUJARAT,chhotaudepur,EVOTAR TECHNOLOGIES PRIVATE LIMITED,info@evotartech.com,6358999573,0,0
GUJARAT,chhotaudepur,EVITUS ENERGY SOLUTIONS,evitusenergysolutions@gmail.com,8156006133,0,0
GUJARAT,chhotaudepur,EVERSHINE ENERGY,contact@evershineenergy.com,8460167441,0,0
GUJARAT,chhotaudepur,EVERGREEN RENEWABLE TECHNOLOGIES,ashishpanchal888@gmail.com,7359743295,0,0
GUJARAT,chhotaudepur,EVAANTA ENERGY,info@evaantaenergy.com,9712326261,0,0
GUJARAT,chhotaudepur,EURO PREMIUM SOLAR SYSTEM (INDIA) PRIVATE LIMITED,info@europremiumsolar.com,7622023253,0,0
GUJARAT,chhotaudepur,ETERNAL SOLAR ENERGY,hiren.p.rathod@gmail.com,9879203040,0,0
GUJARAT,chhotaudepur,ETECH ENERGY,admin@etechenergy.com,9328509877,0,0
GUJARAT,chhotaudepur,ERA ENVIRO SOLUTIONS,info.eraenviro@gmail.com,9227849825,0,0
GUJARAT,chhotaudepur,EQUINOX SOLAR PRIVATE LIMITED,info@equinoxsolar.in,7573044078,0,0
GUJARAT,chhotaudepur,ENJOY TECHNOLOGY,care.enjoytechnology@gmail.com,9727718887,0,0
GUJARAT,chhotaudepur,ENERZYTECH INDUSTRIES PRIVATE LIMITED,deep.bhojani@enerzytech.com,9727139999,0,0
GUJARAT,chhotaudepur,ENERSOL SOLUTIONS LLP,karan@enersol.co.in,7069555533,0,0
GUJARAT,chhotaudepur,ENERGY O & M SERVICES PVT LTD,dhirajsummit@gmail.com,9512775551,0,0
GUJARAT,chhotaudepur,ENERGETIC SOLAR,energeticsolar03@gmail.com,9537137427,0,0
GUJARAT,chhotaudepur,EMPYREAL SOLAR,liaison@empyreAlsolar.in,9099526261,0,0
GUJARAT,chhotaudepur,EMDERS ENTERPRISE,info.emders@gmail.com,7016614013,0,0
GUJARAT,chhotaudepur,ELLENCE ENERGY LLP,dhaval@ellenceenergy.com,9054073345,0,0
GUJARAT,chhotaudepur,ELECTROMECH DEVICES MANUFACTURING COMPANY,edmc.rpr@gmail.com,7000189225,0,0
GUJARAT,chhotaudepur,EFFICIENT ENERTECH PVT LTD,info@efficientenergyindia.com,9925624989,0,0
GUJARAT,chhotaudepur,EFARM INTERNATIONAL PRIVATE LIMITED,info@efarmenergy.com,9723610012,0,0
GUJARAT,chhotaudepur,ECOWATT ENERGY,ecowattenergy18@gmail.com,9978638437,0,0
GUJARAT,chhotaudepur,ECOVIBE RENEWTECH ENERGY,ecoviberenewtechenergy@gmail.com,8401168101,0,0
GUJARAT,chhotaudepur,ECOLUX SOLAR,ecoluxsolar007@gmail.com,8980088806,0,0
GUJARAT,chhotaudepur,ECLIPTIC SOLAR,davevishalkumar@gmail.com,9825023276,0,0
GUJARAT,chhotaudepur,EARTHWAVE TECHNOLOGY PRIVATE LIMITED,EARTHWAVETECHNOLOGY@GMAIL.COM,9426373334,0,0
GUJARAT,chhotaudepur,EARTHTECH INNOVATIONS PRIVATE LIMITED,earthtechinnovations@gmail.com,8490850276,0,0
GUJARAT,chhotaudepur,EARTH SOLARISM,earthsolarism@gmail.com,9724990231,0,0
GUJARAT,chhotaudepur,EARTH SOLAR ENERGY,EARTHSOLARE@GMAIL.COM,8200115874,0,0
GUJARAT,chhotaudepur,EARTH SOLAR,earthsollar@gmail.com,9879911777,0,0
GUJARAT,chhotaudepur,E-TECH SOLUTION & SOLAR,etechsolution.solar@gmail.com,9099563174,0,0
GUJARAT,chhotaudepur,E-POWER SOLAR ENERGY,epowerenergyinfo@gmail.com,9484784798,0,0
GUJARAT,chhotaudepur,DWARKESH SOLAR ENERGY,nileshchavda1881@gmail.com,8000799990,0,0
GUJARAT,chhotaudepur,DUDANI RENEWABLES LLP,dudanirenewables@gmail.com,9429744710,0,0
GUJARAT,chhotaudepur,DREAM MART,dreammart108@gmail.com,9099975489,0,0
GUJARAT,chhotaudepur,DRAYS ENERGY SOLUTIONS,draysenergy@gmail.com,7802893258,0,0
GUJARAT,chhotaudepur,DRASHTI LIGHT CARE,drashti3411@gmail.com,9825430097,0,0
GUJARAT,chhotaudepur,DIWAKAR SOLAR ENTERPRISE,info.diwakarsolar@gmail.com,9104746612,0,0
GUJARAT,chhotaudepur,DIVY SOLAR TECHNOLOGY,divysolartechnology@gmail.com,9978551782,0,0
GUJARAT,chhotaudepur,DIVU ENTERPRISE,divuenterprise2023@gmail.com,7383114133,0,0
GUJARAT,chhotaudepur,DIVINE SOLAR ENERGY,divinesolarenergy33@gmail.com,7069853208,0,0
GUJARAT,chhotaudepur,DIVINE ENERGY,divineenergy42@gmail.com,6354051676,0,0
GUJARAT,chhotaudepur,DINESHBHAI CHATURBHAI NANDANA,nandanadinesh62@gmail.com,6351782902,0,0
GUJARAT,chhotaudepur,DIMAN SOLAR PVT LTD (FORMERLY KNOWN AS DIMAN OVERSEAS PVT LTD),info@dimansolar.com,9909928959,0,0
GUJARAT,chhotaudepur,DIGI SOLAR ENERGY,digisolarenergy@gmail.com,9687818686,0,0
GUJARAT,chhotaudepur,DHWANIL LIGHT ZONE,patelrikin3054@gmail.com,9409505790,0,0
GUJARAT,chhotaudepur,DHRUVIN ELECTRICALS,kirtipatel86665@gmail.com,9974814614,0,0
GUJARAT,chhotaudepur,DHRUVA ENTERPRISE,dhruvaenterprise123@gmail.com,9978124597,0,0
GUJARAT,chhotaudepur,DHRUV ENTERPRISE,dhruv.enterprise@aol.com,9825123335,0,0
GUJARAT,chhotaudepur,DHM SOLAR POWER PVT LTD,dhmsolarpower@gmail.com,8980508730,0,0
GUJARAT,chhotaudepur,DHAVAL ELECTRIC SOLUTION,dhavalelectricsolution@gmail.com,8490990138,0,0
GUJARAT,chhotaudepur,DHARMANANDAN SOLAR ENERGY,mayurdhariyaparmar@gmail.com,9016367556,0,0
GUJARAT,chhotaudepur,DEVYAMI GREEN SOLUTIONS,greensolutions@devyami.com,9925128619,0,0
GUJARAT,chhotaudepur,DEVDEEP ELECTRICALS,devdeepelectricals@gmail.com,9726879009,0,0
GUJARAT,chhotaudepur,DEVASYAM ENTERPRISE LLP,abpatel4318@gmail.com,9106684467,0,0
GUJARAT,chhotaudepur,DEV TECHNO,devtechno14@gmail.com,9898242190,0,0
GUJARAT,chhotaudepur,DEV ENTERPRISE,deventerprise424@gmail.com,9428121408,0,0
GUJARAT,chhotaudepur,DEV ELECTRICALS,develectricals2024@gmail.com,9974821967,0,0
GUJARAT,chhotaudepur,DESIGNLUX PRIVATE LIMITED,info@designlux.in,9825868523,0,0
GUJARAT,chhotaudepur,DESAI'S SOLAR ENERGY,desaisolarenergy@gmail.com,9429021070,0,0
GUJARAT,chhotaudepur,DELUXE ENTERPRISE,infodeluxeenterprise@gmail.com,9429040663,0,0
GUJARAT,chhotaudepur,DELTA SOLAR ENERGY,deltasolarenergy1@gmail.com,9427539663,0,0
GUJARAT,chhotaudepur,DELICATE SOLAR PRIVATE LIMITED,gabanijemish3@gmail.com,8238340836,0,0
GUJARAT,chhotaudepur,DEK AND MAVERICKS GREEN ENERGY LIMITED,lalji.goltar@dmgel.in,8780289470,0,0
GUJARAT,chhotaudepur,DAY LIGHT SOLAR ENRGY,daylightsolarahm@gmail.com,8401605515,0,0
GUJARAT,chhotaudepur,D.K. & CO.,dkandcompanyrajkot@gmail.com,9925008040,0,0
GUJARAT,chhotaudepur,D.J.SOLAR & GENERAL,djsolar111@gmail.com,8401183303,0,0
GUJARAT,chhotaudepur,D-LIGHT SOLAR ENERGY LLP,epc@dlightsolarenergy.in,9898511535,0,0
GUJARAT,chhotaudepur,D SUN SOLAR,dsunsolar429@gmail.com,9904131777,0,0
GUJARAT,chhotaudepur,D S POWER SOLUTION,vipulas094@gmail.com,9106304356,0,0
GUJARAT,chhotaudepur,D R ENTERPRISE,DRENTERPRISE3029@GMAIL.COM,7990689506,0,0
GUJARAT,chhotaudepur,CYMENS ENTERPRISE,jaymakwana2062@gmail.com,9157133330,0,0
GUJARAT,chhotaudepur,CYBRID INFRATECH PRIVATE LIMITED,DEEPAK@CYBRIDINFRA.COM,9925299942,0,0
GUJARAT,chhotaudepur,CYBRIA SOLUTIONS,jagdish@cybriasolutions.com,9925026091,0,0
GUJARAT,chhotaudepur,CTONE METAL INDUSTRIES,hasmukhjoshi82@gmail.com,9909517156,0,0
GUJARAT,chhotaudepur,CROMPTON GREAVES CONSUMER ELECTRICALS LIMITED,solar.rooftop@crompton.co.in,9599589665,0,0
GUJARAT,chhotaudepur,CREST ENERGY SOLUTIONS,crestenergysolutions@gmail.com,9327415839,0,0
GUJARAT,chhotaudepur,CREASUN ENERGY,creasunenergy25@gmail.com,9624120591,0,0
GUJARAT,chhotaudepur,COSMIC SOLAR EPC PVT LTD,cosmicsolarepc@gmail.com,7984721299,0,0
GUJARAT,chhotaudepur,COSMIC POWER TECH,cosmicpowertech@gmail.com,9313720672,0,0
GUJARAT,chhotaudepur,COSMIC ENTERPRISE,cosmicenergy13.info@gmail.com,9429213406,0,0
GUJARAT,chhotaudepur,CORWIND RENERGY LLP,corwind.renergy@gmail.com,9428490118,0,0
GUJARAT,chhotaudepur,CONVEX SOLAR,convexsolar92@gmail.com,9737710095,0,0
GUJARAT,chhotaudepur,CONCEPT SOLAR ENERGY,conceptsolarenergy21@gmail.com,9662414865,0,0
GUJARAT,chhotaudepur,COMPUTER SHOP,pradeep_deputy@yahoo.com,7043402514,0,0
GUJARAT,chhotaudepur,COMPASS ENERGIES,abhishek@compassenergies.in,9974458840,0,0
GUJARAT,chhotaudepur,CMPLUS QUALITY SERVICES PRIVATE LIMITED,chandramauli_india@yahoo.com,9868881112,0,0
GUJARAT,chhotaudepur,CITIZEN SOLAR PVT. LTD.,tsjain@citizensolar.com,9825144499,0,0
GUJARAT,chhotaudepur,CHUDASAMA TEMUBHA BALVANTSINH,adityasolar1987@gmail.com,8200459492,0,0
GUJARAT,chhotaudepur,CHOKSI ENERGY SOLUTIONS,nainishkchoksi@gmail.com,9879200767,0,0
GUJARAT,chhotaudepur,CHEMITEX EXPORTS PVT LTD,shrijichem@hotmail.com,9099940535,0,0
GUJARAT,chhotaudepur,CHEHAR ENERGY,cheharenergy@gmail.com,9998077796,0,0
GUJARAT,chhotaudepur,CHARLES SOLAR POWER ENERGY,charlessolarpowerenergy1990@gmail.com,7016170076,0,0
GUJARAT,chhotaudepur,CHAMUNDA ELECTRICAL,chamundaelectrical1@gmail.coml,9723603864,0,0
GUJARAT,chhotaudepur,CHALAKNESI ENERGY,CHALAKNESHIENERGY@GMAIL.COM,9408539887,0,0
GUJARAT,chhotaudepur,CEYONE SOLAR,ceyonesolar@gmail.com,7567091000,0,0
GUJARAT,chhotaudepur,CER ROOFTOP PVT LTD,susanta.hota@cer-inc.com,8586971731,0,0
GUJARAT,chhotaudepur,CELESTRA SOLAR PVT LTD,info@celestrasolar.com,9998805002,0,0
GUJARAT,chhotaudepur,CELESTIAL RENEWABLE ENERGY,celestialrenewableenergy@gmail.com,9099033033,0,0
GUJARAT,chhotaudepur,CAPITAL WELDING,freexindia@gmail.com,9499602041,0,0
GUJARAT,chhotaudepur,C J ENTERPRISE,cjenterprise93@gmail.com,9429670026,0,0
GUJARAT,chhotaudepur,BURAK ENERGY,burakenergy7@gmail.com,9173110729,0,0
GUJARAT,chhotaudepur,BSN ELECTRICS PRIVATE LIMITED,bsnelectrics162018@gmail.com,9925249658,0,0
GUJARAT,chhotaudepur,BSAFAL RENEWABLE ENERGIES PVT LTD,nita.maru@bsrepl.com,9723706665,0,0
GUJARAT,chhotaudepur,BRITI ENERGY,britienergy2021@gmail.com,8460227728,0,0
GUJARAT,chhotaudepur,BRIHASPATHI TECHNOLOGIES PVT LTD,ramu@brihaspathi.com,9989999197,0,0
GUJARAT,chhotaudepur,BRIGHT SUN SOLAR SOLUTIONS,brightsun2029@gmai.com,9033398401,0,0
GUJARAT,chhotaudepur,BRAHMADIP ENTERPRISE,brahmadip.solar@yahoo.com,9427230047,0,0
GUJARAT,chhotaudepur,BOND SOLAR,bondsolar9@gmail.com,9998118505,0,0
GUJARAT,chhotaudepur,BLUTH SERVICES LLP,contact@bluthservices.com,8630697093,0,0
GUJARAT,chhotaudepur,BK GROUP & ASSOCIATES,irfansama2704@gmail.com,9879933662,0,0
GUJARAT,chhotaudepur,BISON ENGINEERS,bisonengineers19@gmail.com,7573984542,0,0
GUJARAT,chhotaudepur,BILIPATRA ENTERPRISE,prajapatijalpesh24@gmail.com,9427928892,0,0
GUJARAT,chhotaudepur,BHUMI POLYMERS PRIVATE LIMITED (FORMERLY KNOWN AS BHUMI POLYMERS PRIVATE LIMITES),solar@bhumipolymers.com,9099084938,0,0
GUJARAT,chhotaudepur,BHUMI GREEN POWER,bhumigreenpower@gmail.com,9824956161,0,0
GUJARAT,chhotaudepur,BHSQUARE SOLAR INSTALLATION SERVICES,harshwork2422@gmail.com,9909431526,0,0
GUJARAT,chhotaudepur,BHAVYA ENTERPRISE,bhavyaenterprise19@gmail.com,9824089718,0,0
GUJARAT,chhotaudepur,BHAVI URJA,bhaviurja@gmail.com,9377359007,0,0
GUJARAT,chhotaudepur,BHAVI SOLAR AND ELECTRICALS,chaudharid04@gmail.com,9099754254,0,0
GUJARAT,chhotaudepur,BHAVANI ELECTRICALS,beplpatan@gmail.com,9824014075,0,0
GUJARAT,chhotaudepur,BHAUTIK ENGINEERING CO.,vegadabhautik2410@gmail.com,9825690528,0,0
GUJARAT,chhotaudepur,BHASKAR RAY ENERGY,bhaskarray018@gmail.com,9426975552,0,0
GUJARAT,chhotaudepur,BHARTI SOLAR,bhartisolar1@gmail.com,8160804583,0,0
GUJARAT,chhotaudepur,BHANU ENTERPRISES,akkothari1964@gmail.com,9263635946,0,0
GUJARAT,chhotaudepur,BHANJAN ENTERPRISE,bhanjansolar@gmail.com,9574003537,0,0
GUJARAT,chhotaudepur,BHAKTINANDAN POWER PVTLTD,bhaktinandanpower@gmail.com,9724031529,0,0
GUJARAT,chhotaudepur,BHAGWATI ELECTRICALS,bhagwatielectricals99091@gmail.com,7990883575,0,0
GUJARAT,chhotaudepur,BHAGVATI SOLAR POWER,info@bhagvatisolarpower.com,7770007502,0,0
GUJARAT,chhotaudepur,BHAGAT SOLAR ENERGY,bhujbhagatsolarenergy@gmail.com,9930432027,0,0
GUJARAT,chhotaudepur,BEYOND ENERGY,beyondenergy2025@gmail.com,8849608389,0,0
GUJARAT,chhotaudepur,BESIGNATURE SOLAR ENERGY PVT.LTD,signaturesolar975@gmail.com,7265996001,0,0
GUJARAT,chhotaudepur,BELIEVER RENEWAL ENERGY,bre.solar20@gmail.com,7434972242,0,0
GUJARAT,chhotaudepur,BELIEVE TECH ENERGY SERVICES,infobtes@gmail.com,9499631316,0,0
GUJARAT,chhotaudepur,BELIEF GREEN TECH PVT LTD,mandaviyakanji@gmail.com,6351555029,0,0
GUJARAT,chhotaudepur,BELIANCE ENERGY INDIA PVT.LTD.,belianceenergy@gmail.com,8511651364,0,0
GUJARAT,chhotaudepur,BEACON ELECTROTECH LLP,info@beaconelectrotech.com,8460314011,0,0
GUJARAT,chhotaudepur,BAPA SITARAM RENEWABLE ENERGY,BSREVADODARA@GMAIL.COM,9925557878,0,0
GUJARAT,chhotaudepur,BANSIDHAR SOLAR ENERGY,banshidharsolarenergy@gmail.com,9726035143,0,0
GUJARAT,chhotaudepur,BANAS POWER,banaspower2020@gmail.com,9998418825,0,0
GUJARAT,chhotaudepur,BALA SOLAR,balasolar@yahoo.com,9879188034,0,0
GUJARAT,chhotaudepur,BAHUBALI CONSTRUCTION,pintudabhi626@gmail.com,8490005005,0,0
GUJARAT,chhotaudepur,BACKBONE ELECTRICALS,backbone.electricals@gmail.com,6356044325,0,0
GUJARAT,chhotaudepur,B-SOLAR CONSULTANT AND ENGINEER PVT LTD,md@bsolar.in,8000888019,0,0
GUJARAT,chhotaudepur,AZOLE POWER,azolepower9998@gmail.com,9998743101,0,0
GUJARAT,chhotaudepur,AYKKA TECHNOVISION PRIVATE LIMITED,aykka@outlook.in,9586508907,0,0
GUJARAT,chhotaudepur,AWAAS SEWA PRIVATE LIMITED,ADMIN@AWAAS.IN,9099189893,0,0
GUJARAT,chhotaudepur,AVIRAT ENERGY PVT LTD,aviratenergy@gmail.com,9697443344,0,0
GUJARAT,chhotaudepur,AVINYA POWER SOLUTION,avinyapowersolution@gmail.com,9099317212,0,0
GUJARAT,chhotaudepur,AVI APPLIANCES PVT. LTD.,design01@avi-products.com,9913759764,0,0
GUJARAT,chhotaudepur,AVEE ENERGY,dhavalpatel1973@yahoo.in,9898233244,0,0
GUJARAT,chhotaudepur,AVATAR SOLAR PVT LTD,bharat@avatarsolar.com,9687055273,0,0
GUJARAT,chhotaudepur,AVANTA,info@avantasolar.com,9586355511,0,0
GUJARAT,chhotaudepur,ATRI ENERGY,atrienergy@gmail.com,7622838008,0,0
GUJARAT,chhotaudepur,ATLAS MATRIX PVT LTD,atlassolar01@gmail.com,9016955068,0,0
GUJARAT,chhotaudepur,ATHARV ENERTECH,montu.dedakiya@gmail.com,9998943833,0,0
GUJARAT,chhotaudepur,ASV ENERGY SOLUTIONS,vikas30.asv@gmail.com,7879064335,0,0
GUJARAT,chhotaudepur,ASTHA ENTERPRISE,asthaenterprise8010@gmail.com,9925668010,0,0
GUJARAT,chhotaudepur,ASHISH ELECTROMECH,ashishelectromech@gmail.com,9426048587,0,0
GUJARAT,chhotaudepur,ASHAPURA SOLAR POWER,ashapurasolarpower2025@gmail.com,7778095905,0,0
GUJARAT,chhotaudepur,ARYA ELECTRICALS,arya.electricals2013@gmail.com,9428266003,0,0
GUJARAT,chhotaudepur,ARRAYCOM INDIA LIMITED,solar@arraycom.co.in,9909941004,0,0
GUJARAT,chhotaudepur,ARKURJA INNOVATIONS PRIVATE LIMITED,arkurjarenewables@gmail.com,7383188631,0,0
GUJARAT,chhotaudepur,ARKTEC RENEWABLE ENERGY LLP,arktecrenewableenergy@gmail.com,8160038659,0,0
GUJARAT,chhotaudepur,ARKAY SOLAR ENERGY LLP,arkaysolar02@gmail.com,9737636600,0,0
GUJARAT,chhotaudepur,ARKAY ICONIC PRIVATE LIMITED,arkaysolar@gmail.com,8401236600,0,0
GUJARAT,chhotaudepur,ARK SOLAR ENERGY SOLUTIONS,arksolarenergy3@gmail.com,7874463444,0,0
GUJARAT,chhotaudepur,ARJUN ENTERPRISE,arjunenter2013@gmail.com,8780886508,0,0
GUJARAT,chhotaudepur,ARJAN SOLAR,info@arjansolar.com,9638064824,0,0
GUJARAT,chhotaudepur,ARIHAA SOLAR PVT LTD,ashish.arihaasolar@gmail.com,9825877888,0,0
GUJARAT,chhotaudepur,ARETE ELECTROPOWER PVT LTD,projects@arelectropower.com,9099940283,0,0
GUJARAT,chhotaudepur,ARENA AUTOMATION,arenaautomationb@gmail.com,9904018887,0,0
GUJARAT,chhotaudepur,ARBUDA SOLAR,manan.chaudhari@hotmail.com,9638732097,0,0
GUJARAT,chhotaudepur,AQUILINE ENERGY SOLUTION,aquilineenergysolution@gmail.com,7016762587,0,0
GUJARAT,chhotaudepur,APOLLO SOLAR POWER,dhavalsavani@icloud.com,9099006748,0,0
GUJARAT,chhotaudepur,APOLLO GREEN ENEGRY,apollogreenenergy2024@gmail.com,9825249415,0,0
GUJARAT,chhotaudepur,APN SOLAR ENERGY PVT LTD,nationalportal@apnsolar.com,9702034043,0,0
GUJARAT,chhotaudepur,AONE RENEWABLE ENERGY,md.aonerenewableenergy@gmail.com,7435061657,0,0
GUJARAT,chhotaudepur,ANUPAM SMART ENERGY SOLAR,anupamsmartenergy@gmail.com,9601719818,0,0
GUJARAT,chhotaudepur,ANK SOLAR ENERGY,anksolarenergy@gmail.com,9724816510,0,0
GUJARAT,chhotaudepur,ANGEL SOLTECH,angelsoltech@gmail.com,8511029776,0,0
GUJARAT,chhotaudepur,ANGEL PUMPS PVT.LTD.,solar1@pumpsangel.com,9904809409,0,0
GUJARAT,chhotaudepur,ANANYA SOLAR ENTERPRISE,ananyasolarenterprise@gmail.com,9537638499,0,0
GUJARAT,chhotaudepur,ANANYA RENEWABLE ENERGY LLP,energy.ananyarenewable@gmail.com,9327003360,0,0
GUJARAT,chhotaudepur,ANANT SOLAR ENRGY,anantsolarenergy@gmail.com,9904198764,0,0
GUJARAT,chhotaudepur,ANANT SOLAR,anantsolar4242@gmail.com,8401714242,0,0
GUJARAT,chhotaudepur,ANANT ENERGY,anantenergy1910@gmai.com,9773476431,0,0
GUJARAT,chhotaudepur,ANAND AND ANAND ASSOCIATES,yogeshanandk@gmail.com,9426546256,0,0
GUJARAT,chhotaudepur,AMUL ENTERPRISE,amulenterprise92@gmail.com,9898618448,0,0
GUJARAT,chhotaudepur,AMRUTAM RENEWABLE ENERGY,info@amrenergy.in,9016352248,0,0
GUJARAT,chhotaudepur,AMRUT ENGINEERS,amrutengineersbhuj@gmail.com,9033492711,0,0
GUJARAT,chhotaudepur,AMPLE SOLAR PVT LTD,ravi@amplesolar.in,9979792403,0,0
GUJARAT,chhotaudepur,AMPLE ELECTRICAL SYSTEMS,ample.info.in@gmail.com,9924391221,0,0
GUJARAT,chhotaudepur,AMPERE GREEN ENERGY,amperegreenenergy@gmail.com,9033116472,0,0
GUJARAT,chhotaudepur,AMAR JYOT SPRAY PUMP,ajagriandsolar@gmail.com,9722227299,0,0
GUJARAT,chhotaudepur,ALPHA ENTERPRISE,maulik.solar@gmail.com,9725957991,0,0
GUJARAT,chhotaudepur,ALFA SOLAR ENERGY PVT. LTD.,alfaenergypvtltd24@gmail.com,9825374299,0,0
GUJARAT,chhotaudepur,ALFA SOLAR ENERGY,alfasolarenergy2020@gmail.com,9825374250,0,0
GUJARAT,chhotaudepur,ALAYNA GREEN ENERGY,taharkhantna@gmail.com,6353439659,0,0
GUJARAT,chhotaudepur,AKUNTHA PROJECTS PVT LTD,ravi@akuntha.com,9426402423,0,0
GUJARAT,chhotaudepur,AKSHAR SOLAR ENERGY,aksharsolarenergy@gmail.com,8200328133,0,0
GUJARAT,chhotaudepur,AKSHAR ENERGY SOLUTIONS,aksharenergysolutions@gmail.com,9662042835,0,0
GUJARAT,chhotaudepur,AKHANDDEEP SOLAR SOLUTION,akhanddeepsolar@gmail.com,9978643099,0,0
GUJARAT,chhotaudepur,AKHAND SHAKTI SOLAR,apparanjape@gmail.com,9427003484,0,0
GUJARAT,chhotaudepur,AK GREEN ENERGY,akgreenenergy49@gmail.com,9974846833,0,0
GUJARAT,chhotaudepur,AIRSUN SOLAR ENERGY LLP,jatin@airsunsolarenergy.in,8799571627,0,0
GUJARAT,chhotaudepur,AILIS ENERGY PRIVATE LIMITED,suryagujarat@ailisenergy.com,8401541048,0,0
GUJARAT,chhotaudepur,AHAD SOLARTECH,ahad.solartech@gmail.com,9724259440,0,0
GUJARAT,chhotaudepur,AHAD ENERGY,info@ahadenergy.in,9737673768,0,0
GUJARAT,chhotaudepur,AGARIA ENTERPRISE,mahammadikbalagariya@gmail.com,8200605756,0,0
GUJARAT,chhotaudepur,AEW SMART SERVICES PVT. LTD.,netmetering@aewsmart.com,8851047092,0,0
GUJARAT,chhotaudepur,AEROVOLT ENERGY PRIVATE LIMITED,aerovoltenergy@gmail.com,9558002201,0,0
GUJARAT,chhotaudepur,ADVANCED ELETRICAL SOLUTIONS,info.aessolar@gmail.com,7574880300,0,0
GUJARAT,chhotaudepur,ADVANCE SOLAR,advancesolar139@gmail.com,7698756075,0,0
GUJARAT,chhotaudepur,ADVANCE ENERGY SOLUTION,info.advanceenergysolution@gmail.com,8799359849,0,0
GUJARAT,chhotaudepur,ADITYAURJA,info.adityaurjasolar@gmail.com,7359935517,0,0
GUJARAT,chhotaudepur,ADINSON ENERGY LLP,adinsonenergy2022@gmail.com,9724272728,0,0
GUJARAT,chhotaudepur,ACTIVE POWER INFRA,activepowerinfra@gmail.com,7228828738,0,0
GUJARAT,chhotaudepur,ACHYUT ENERGY,achyutenergy@gmail.com,9275382879,0,0
GUJARAT,chhotaudepur,ACCURATE INFOTECH,accurateinfotech1@gmail.com,8866445623,0,0
GUJARAT,chhotaudepur,ACCLIMATE SYSTEMS PRIVATE LIMITED,acclimatesystem@gmail.com,7878538141,0,0
GUJARAT,chhotaudepur,ABS SOLAR ENERGY,abssolar16@gmail.com,7574010721,0,0
GUJARAT,chhotaudepur,AATREY SOLUTIONS,aatreysolutions@gmail.com,7698120241,0,0
GUJARAT,chhotaudepur,AATREY ASSOCIATES PRIVATE LIMITED,aatreyassociates@gmail.com,9824089144,0,0
GUJARAT,chhotaudepur,AASHA SOLAR ENERGY,aashasolarenergy1@gmail.com,7016775306,0,0
GUJARAT,chhotaudepur,AARUSH ENTERPRISE,info@aarushsolar.com,9724302078,0,0
GUJARAT,chhotaudepur,AARSUN ENERGY SOLUTIONS,aarsunenergy@gmail.com,8200328869,0,0
GUJARAT,chhotaudepur,AAROHI SOLAR ENERGY,pram8384@gmail.com,8347341291,0,0
GUJARAT,chhotaudepur,AARKA SOLAR AND AUTOMATION,aarkasolarandautomation@gmail.com,8511330941,0,0
GUJARAT,chhotaudepur,AARAMBH RENEWABLE,aarambhrenewable@gamil.com,8487861888,0,0
GUJARAT,chhotaudepur,AANJNEY ENTERPRISE,aanjneysolar@gmail.com,6353161531,0,0
GUJARAT,chhotaudepur,AANGI SOLAR,aangisolar@gmail.com,8000848307,0,0
GUJARAT,chhotaudepur,AAMOKSH ELECTRICALS PRIVATE LIMITED,hardik.pandya4166@gmail.com,9998367462,0,0
GUJARAT,chhotaudepur,AAKASH ENTERPRISES,Enterprise.aakash2010@gmail.com,8735074986,0,0
GUJARAT,chhotaudepur,AAJIVAN SOLAR POWER,aajivansolarpower@gmail.com,9106798337,0,0
GUJARAT,chhotaudepur,AADITYA SOLAR,adityasolarnarmada@gmail.com,9265740687,0,0
GUJARAT,chhotaudepur,AA SOLAR,enquiry.aasolar@gmail.com,7984392322,0,0
GUJARAT,chhotaudepur,A S SOLAR ENTERPRISE,assolarenterprise@gmail.com,9510572504,0,0
GUJARAT,chhotaudepur,A S RENEWABLE ENERGY PRIVATE LIMITED,info@asre.co.in,9067207226,0,0
GUJARAT,chhotaudepur,A J INFRATECH AND SOLAR,aryanpatelvisnagar@gmail.com,9429083193,0,0
GUJARAT,chhotaudepur,A D ENERGY SOLUTIONS,adenergysolutions64@gmail.com,9924503387,0,0
GUJARAT,chhotaudepur,7 STAR SOLAR ENERGY,7STAR51751@GMAIL.COM,9624899019,0,0
GUJARAT,chhotaudepur,5 RAYS ENERGY,5raysenergy@gmail.com,9979595404,0,0
GUJARAT,chhotaudepur,4THVED AGROTECH,4thvedagro@gmail.com,9377126082,0,0
GUJARAT,chhotaudepur,4SUN POWER,4sunpower.ahd@gmail.com,8000859548,0,0
GUJARAT,chhotaudepur,24R ENERGY,abhinav.24renergy@gmail.com,9898881359,0,0
