state,district,company_name,emails,contact_numbers,total_installed_capacity_kwp,no_of_installations
GUJARAT,Devbhoomi Dwarka,CAPTAIN POLYPLAST LIMITED,solar@captainpolyplast.in,9313925889,320,90
GUJARAT,Devbhoomi Dwarka,SHIV SOLARTECH,info.shivsolartech@gmail.com,9825245956,250,77
GUJARAT,Devbhoomi Dwarka,AMAR JYOT SPRAY PUMP,ajagriandsolar@gmail.com,9722227299,318,75
GUJARAT,Devbhoomi Dwarka,VASTUSHILP SOLAR SOLUTION,vastushilpsolar@gmail.com,7016687155,192,50
GUJARAT,Devbhoomi Dwarka,RAJKOT E-BIKES AND SOLAR,rajkotebikesandsolar@gmail.com,8306020890,168,43
GUJARAT,Devbhoomi Dwarka,H.B.CHOPDA,hasmukhchopda@gmail.com,9797979261,155,43
GUJARAT,Devbhoomi Dwarka,SURYANCE SOLAR,suryancesolar@gmail.com,9664504655,150,41
GUJARAT,Devbhoomi Dwarka,SHREE GANGESHWAR ENGINEERING PRIVATE LIMITED,shreegangeshwarengineering@gmail.com,9157974445,144,41
GUJARAT,Devbhoomi Dwarka,VITRAG TECHNO PRIVATE LIMITED,ad.vitragsolar@gmail.com,7778882668,139,40
GUJARAT,Devbhoomi Dwarka,VITRAG ENTERPRISE,vitrag.enterprise@yahoo.com,8866709860,127,38
GUJARAT,Devbhoomi Dwarka,UNIVERSE ENTERPRISE,muljinakum1103@gmail.com,7878789968,133,38
GUJARAT,Devbhoomi Dwarka,SANJEE ENTERPRISE,sanjee.enterprise@gmail.com,9157353735,127,38
GUJARAT,Devbhoomi Dwarka,SAMRUDDDHI ENTERPRISE,samruddhienterprise22@gmail.com,9033676399,133,37
GUJARAT,Devbhoomi Dwarka,POWERSHINE ENERGY,powershineenergy1993@gmail.com,9723096888,137,37
GUJARAT,Devbhoomi Dwarka,KIRTAN MARKETING,kirtanmarketing@gmail.com,9714440026,127,37
GUJARAT,Devbhoomi Dwarka,GROWTECH ENERGY,growtechenergy91@gmail.com,9998435528,120,34
GUJARAT,Devbhoomi Dwarka,SOHAM TECHNO SOLUTIONS,stssolar.document@gmail.com,9274349757,121,33
GUJARAT,Devbhoomi Dwarka,SHREE SURYA SOLAR SOLUTION,shreesurya2016@gmail.com,8000720006,118,30
GUJARAT,Devbhoomi Dwarka,R. K. CONSTRUCTION,rkconstruction101@gmail.com,9106065865,107,30
GUJARAT,Devbhoomi Dwarka,SEVEN SOLAR ENERGY,divyang@sevensolarenergy.com,9825554277,85,26
GUJARAT,Devbhoomi Dwarka,SHREE KHODIYAR SOLAR PRIVATE LIMITED,sk.solar@yahoo.com,9825820612,83,24
GUJARAT,Devbhoomi Dwarka,AAI SHREE KHODIYAR FEBRICATION,ASKF2024@GMAIL.COM,9725001682,91,24
GUJARAT,Devbhoomi Dwarka,SAURASHTRA SOLAR SERVICES LLP,SaurashtraSolar.Gujrat@gmail.com,9925448033,78,22
GUJARAT,Devbhoomi Dwarka,TVARIT ENERGY LLP,meet@tvritenergy.in,8511600853,70,20
GUJARAT,Devbhoomi Dwarka,RELIABLE ELECTRIX,reliableelectrix@gmail.com,9925448033,60,18
GUJARAT,Devbhoomi Dwarka,GLOBAL SOLAR SOLUTION,moxakboda111@gmail.com,8460820618,58,18
GUJARAT,Devbhoomi Dwarka,ADINSON ENERGY LLP,adinsonenergy2022@gmail.com,9724272728,62,18
GUJARAT,Devbhoomi Dwarka,AUSTRALIAN PREMIUM SOLAR INDIA PVT LTD,systems@australianpremiumsolar.co.in,7966006600,60,17
GUJARAT,Devbhoomi Dwarka,INTIFY SOLAR PVT LTD,intifysolar@gmail.com,6358788735,54,16
GUJARAT,Devbhoomi Dwarka,JAY AMBE GREEN ENERGY,jayambegreenenergy@gmail.com,9824328725,53,15
GUJARAT,Devbhoomi Dwarka,GURUKRUPA SOLAR SOLUTION,gurukrupasolarsolution@gmail.com,8469952443,51,15
GUJARAT,Devbhoomi Dwarka,GLOBAL SOLAR ENERGY,globalsolar99@gmail.com,8866190358,55,15
GUJARAT,Devbhoomi Dwarka,ARIHAA SOLAR PVT LTD,ashish.arihaasolar@gmail.com,9825877888,47,14
GUJARAT,Devbhoomi Dwarka,FLAME SOLREN PRIVATE LIMITED,operations@flamesolren.com,8849478907,46,13
GUJARAT,Devbhoomi Dwarka,DEV TECHNO,devtechno14@gmail.com,9898242190,45,12
GUJARAT,Devbhoomi Dwarka,BHANU ENTERPRISES,akkothari1964@gmail.com,9263635946,37,12
GUJARAT,Devbhoomi Dwarka,SAFECON INDUSTRIAL MAINTENANCE & ENGINEERING SERVICES,safeconservices2013@gmail.com,9925854491,42,11
GUJARAT,Devbhoomi Dwarka,GLOBAL ENTERPRISE,globalsolarent@gmail.com,9924900304,41,11
GUJARAT,Devbhoomi Dwarka,INSOLATION POWER ENTERPRISES,info.insolationpower@gmail.com,7874570839,37,10
GUJARAT,Devbhoomi Dwarka,HARSIDDHI ENGINEERING WORKS,harsiddiengineering@yahoo.com,9428342940,37,10
GUJARAT,Devbhoomi Dwarka,RUDRAKSH SOLAR POWER,rudrakshsolarpower@gmail.com,9016203365,33,9
GUJARAT,Devbhoomi Dwarka,PRAKASH PUMP INDUSTRIES,prakashpumpindustries@gmail.com,9687222263,29,9
GUJARAT,Devbhoomi Dwarka,PARECHA ENTERPRISES,sagarmparecha999@gmail.com,9537704244,34,9
GUJARAT,Devbhoomi Dwarka,REKSON ELECTROTECH,REKSONELECTROTECH37@GMAIL.COM,9904994494,32,8
GUJARAT,Devbhoomi Dwarka,JAI SOMNATH ENTERPRISE,msjaisomnathenterprise@gmail.com,9979990909,26,8
GUJARAT,Devbhoomi Dwarka,UDB ENERGY PVT. LTD.,udbenergypvtltd@gmail.com,7077014714,22,7
GUJARAT,Devbhoomi Dwarka,SOLARIUM GREEN ENERGY LIMITED,np@solariumenergy.in,9687133338,28,7
GUJARAT,Devbhoomi Dwarka,RAICHURA ENERGY,raichuraenergy@gmail.com,9879152830,26,7
GUJARAT,Devbhoomi Dwarka,JJ PV SOLAR PRIVATE LIMITED,rajesh@jjpvsolar.com,9904809006,23,7
GUJARAT,Devbhoomi Dwarka,JIYAAN SOLAR COMPANY,jiyaansolar.co@gmail.com,8160645436,23,7
GUJARAT,Devbhoomi Dwarka,INFRAX RENEWABLE LIMITED,pmsg@infraxrenewable.com,9033260985,26,7
GUJARAT,Devbhoomi Dwarka,SHREE RAM SOLAR RAJKOT,vikeshchovatiya@gmail.com,9898921527,20,6
GUJARAT,Devbhoomi Dwarka,RADIANT GREEN SOLUTIONS,davda.manthan@yahoo.in,9978911803,19,6
GUJARAT,Devbhoomi Dwarka,KIRTAN BATTERIES,kirtanbatteries26@gmail.com,7043337333,22,6
GUJARAT,Devbhoomi Dwarka,AVIRAT ENERGY PVT LTD,aviratenergy@gmail.com,9697443344,28,6
GUJARAT,Devbhoomi Dwarka,SHREEJI ENTERPRISE - JETPUR,shreeji2017enterprise@gmail.com,9638012929,17,5
GUJARAT,Devbhoomi Dwarka,RUDRA ENTERPRISE,rudraenterprise1110@gmail.com,8758462848,16,5
GUJARAT,Devbhoomi Dwarka,KRISHIV ENTERPRISE,jevinpansuriya4@gmail.com,7359294060,19,5
GUJARAT,Devbhoomi Dwarka,KESHWALA ENGINEERING CO.,RKESHWALA26@GMAIL.COM,7575082097,16,5
GUJARAT,Devbhoomi Dwarka,GREENLEAF SOLAR ENERGY,info.greenleaf1@gmail.com,9313945225,22,5
GUJARAT,Devbhoomi Dwarka,ENVIRONMENT SOLUTIONS,environmentsolutions222@gmail.com,9824202220,19,5
GUJARAT,Devbhoomi Dwarka,EFFORTS SOLAR PRIVATE LIMITED (FORMERLY KNOWN AS EFFORTS ENTERPRISES),admin@effortsgroup.in,9067817117,19,5
GUJARAT,Devbhoomi Dwarka,TECHNOCRATS ENGINEERS,technocratsengineers007@gmail.com,9974214007,20,4
GUJARAT,Devbhoomi Dwarka,PATEL SOLAR,patelsolarmahuva@gmail.com,9825353092,15,4
GUJARAT,Devbhoomi Dwarka,GREEN SOLAR ENERGY,greensolarenergygse@gmail.com,8866566056,10,4
GUJARAT,Devbhoomi Dwarka,GREEN ENERGY - RAJKOT,greenenergy123@gmail.com,9428010202,12,4
GUJARAT,Devbhoomi Dwarka,ELLINZA ENERGY,ELLINZAENERGY@GMAIL.COM,9725001682,15,4
GUJARAT,Devbhoomi Dwarka,APS ROOFTOP SOLAR PRIVATE LIMITED,info@apsrooftopsolar.co.in,7966009900,14,4
GUJARAT,Devbhoomi Dwarka,URJASTROT PRIVATE LIMITED,urjastrotenterprise@gmail.com,7621010012,8,3
GUJARAT,Devbhoomi Dwarka,SHREEJI & SONS,shreejiandsolar2211@gmail.com,8140165509,10,3
GUJARAT,Devbhoomi Dwarka,SCION POWER,scionpower@yahoo.com,7043511106,11,3
GUJARAT,Devbhoomi Dwarka,SAVENERGY CORPORATION,savenergy31@gmail.com,9825006309,13,3
GUJARAT,Devbhoomi Dwarka,RAYS RENEWABLE ENERGY,raysrenewableenergy@gmail.com,7069175139,12,3
GUJARAT,Devbhoomi Dwarka,MADHVAN POLYPLAST PVT. LTD.,cmp.madhavanpolyplast@gmail.com,9104306162,9,3
GUJARAT,Devbhoomi Dwarka,JANTA RENEWABLE ENRGY,jantarenewableenergy@gmail.com,9898897373,10,3
GUJARAT,Devbhoomi Dwarka,INFLUX SOLAR SOLUTIONS,influxsolarsolution@gmail.com,6352563582,9,3
GUJARAT,Devbhoomi Dwarka,DEV ENTERPRISE,deventerprise424@gmail.com,9428121408,10,3
GUJARAT,Devbhoomi Dwarka,BNG GREEN ENERGY SOLUTION,bng.greenenergy@gmail.com,9727777171,10,3
GUJARAT,Devbhoomi Dwarka,BHANU PV SOLAR PVT LTD,bhanupvsolarpvtltd@gmail.com,9510398989,11,3
GUJARAT,Devbhoomi Dwarka,AXIS ENERTECH,meet@axisenertech.com,9428028009,11,3
GUJARAT,Devbhoomi Dwarka,VR ENERGY,vrenergy4@gmail.com,9924390293,7,2
GUJARAT,Devbhoomi Dwarka,VENTURE SOLAR SOLUTION,info@venturesolarsolution.com,9979632050,6,2
GUJARAT,Devbhoomi Dwarka,VEER SOLAR GREEN ENERGY,veersolar2024@gmail.com,8347173977,8,2
GUJARAT,Devbhoomi Dwarka,ULTRASUN ENERGY,info@ultrasunenergy.com,9909911071,6,2
GUJARAT,Devbhoomi Dwarka,SOLAR TECHNOLOGY,info@solartechnology.in,9998063204,7,2
GUJARAT,Devbhoomi Dwarka,SHYAM ENTERPRISE,shyamsolarenergy10@gmail.com,8000145645,6,2
GUJARAT,Devbhoomi Dwarka,SHREE MARUTI ELECTRIFICATION ENGINEERS,shreemarutieleCtrificationengi@gmail.com,7016480100,6,2
GUJARAT,Devbhoomi Dwarka,SHAYONAAM ENTERPRISE,shayonaam12@gmail.com,9638766943,9,2
GUJARAT,Devbhoomi Dwarka,ROLEX GREEN ENERGY,ghediyamilan@gmail.com,9429476592,6,2
GUJARAT,Devbhoomi Dwarka,PATIDAR ENTERPRISE,patidarenterprise13@gmail.com,8980312782,6,2
GUJARAT,Devbhoomi Dwarka,MITRAYA ELECTRICAL,mitrayaelectrical@gmail.com,7016415834,7,2
GUJARAT,Devbhoomi Dwarka,FERUS ENERGIES CO,info@ferusenergies.com,9913341342,7,2
GUJARAT,Devbhoomi Dwarka,DIVINE SOLAR ENERGY,divinesolarenergy33@gmail.com,7069853208,6,2
GUJARAT,Devbhoomi Dwarka,BELIANCE ENERGY INDIA PVT.LTD.,belianceenergy@gmail.com,8511651364,7,2
GUJARAT,Devbhoomi Dwarka,BACKBONE ELECTRICALS,backbone.electricals@gmail.com,6356044325,6,2
GUJARAT,Devbhoomi Dwarka,VOLTECH ELECTRICALS,voltechelectricals156@gmail.com,7567771900,4,1
GUJARAT,Devbhoomi Dwarka,TRADE X,tradex.solarenergy22@gmail.com,9106834748,5,1
GUJARAT,Devbhoomi Dwarka,SUNBOOST PRIVATE LTD,info@sunboostenergy.com,9104227788,3,1
GUJARAT,Devbhoomi Dwarka,SOORYABHUMI ENERGY,sooryabhumienergy2024@gmail.com,8155887304,3,1
GUJARAT,Devbhoomi Dwarka,SOLEOS GREEN ENERGY PRIVATE LIMITED,pruthvi@soleos.in,9512448900,3,1
GUJARAT,Devbhoomi Dwarka,SOLAR ACE,project.solarace@gmail.com,9909037803,3,1
GUJARAT,Devbhoomi Dwarka,SKYVIEW POWER,skyviewpower17@gmail.com,8140055305,3,1
GUJARAT,Devbhoomi Dwarka,SHRIJI ENERGY,shrijienergy@gmail.com,9909930405,3,1
GUJARAT,Devbhoomi Dwarka,SHIV SHAKTI ELECTROTECH PRIVATE LIMITED,purchase.sselectrotech@gmail.com,9099516178,3,1
GUJARAT,Devbhoomi Dwarka,SATYAM SALES,kishanagroagencyamreli@gmail.com,9825360183,3,1
GUJARAT,Devbhoomi Dwarka,RUDRA SOLAR ENERGY,info.rudrasolar@gmail.com,9427903084,4,1
GUJARAT,Devbhoomi Dwarka,RIDHAM ENTERPRISE,ridhamenterprise770@gmail.com,6351158633,3,1
GUJARAT,Devbhoomi Dwarka,RAMSUN ENERGY,ramsunenergy09@gmail.com,7984300271,3,1
GUJARAT,Devbhoomi Dwarka,NEWYORK ENGINEERING CO.,akashenergysolar@gmail.com,9824206059,3,1
GUJARAT,Devbhoomi Dwarka,ND ENERGY INDIA PRIVATE LIMITED,ndenergyindia@gmail.com,8000001124,3,1
GUJARAT,Devbhoomi Dwarka,MICROVISE SOLUTIONS,info@microviseindia.com,7778092462,2,1
GUJARAT,Devbhoomi Dwarka,MEGHAL POWER,meghalpower23@gmail.com,9712726390,3,1
GUJARAT,Devbhoomi Dwarka,KVP SOLAR AND SOLUTION,kvpsolarandsolution.22@gmail.com,9033343105,3,1
GUJARAT,Devbhoomi Dwarka,INFINITY SOLAR - RAJKOT,infinitysolar2022@gmail.com,7201070799,3,1
GUJARAT,Devbhoomi Dwarka,GREENTECH ENERGY,bhuvapiyush89@gmail.com,7990053035,3,1
GUJARAT,Devbhoomi Dwarka,FRELIT ENERGY PRIVATE LIMITED,frelitenergy@gmail.com,9512700130,3,1
GUJARAT,Devbhoomi Dwarka,EQUINOX SOLAR PRIVATE LIMITED,info@equinoxsolar.in,7573044078,3,1
GUJARAT,Devbhoomi Dwarka,DHAVAL ELECTRIC SOLUTION,dhavalelectricsolution@gmail.com,8490990138,4,1
GUJARAT,Devbhoomi Dwarka,BRITI ENERGY,britienergy2021@gmail.com,8460227728,3,1
GUJARAT,Devbhoomi Dwarka,BELIEF GREEN TECH PVT LTD,mandaviyakanji@gmail.com,6351555029,6,1
GUJARAT,Devbhoomi Dwarka,AMSUNTECH SOLAR,amsuntechsolar@gmail.com,8238150585,3,1
GUJARAT,Devbhoomi Dwarka,AKSHAR SOLAR ENERGY,aksharsolarenergy@gmail.com,8200328133,3,1
GUJARAT,Devbhoomi Dwarka,ZY ENTERPRISE,zyenterprise12@gmail.com,8460313094,0,0
GUJARAT,Devbhoomi Dwarka,ZUNROOF TECH PVT LTD,gosolar@zunroof.com,9205893368,0,0
GUJARAT,Devbhoomi Dwarka,ZODIAC ENERGY LIMITED,info@zodiacenergy.com,7861852582,0,0
GUJARAT,Devbhoomi Dwarka,ZMR ENERGY INCORPORATION,zmrenergyincorporation@gmail.com,9924818113,0,0
GUJARAT,Devbhoomi Dwarka,ZENITH SUNSPARK,zenithsunspark@gmail.com,8140946909,0,0
GUJARAT,Devbhoomi Dwarka,ZEEPO ELECTRICAL SERVICES PRIVATE LIMITED,zeepoelectricalservices@gmail.com,9664823942,0,0
GUJARAT,Devbhoomi Dwarka,ZAVICH INFRASTRUCTURE AND POWER PVT LTD,zavichinfra@gmail.com,9106129608,0,0
GUJARAT,Devbhoomi Dwarka,ZALA HAKUBHA NARSISINH,solar.hakubha1508@gmail.com,9925103777,0,0
GUJARAT,Devbhoomi Dwarka,YUVARAYS SOLAR,yuvarayssolar@gmail.com,9824624497,0,0
GUJARAT,Devbhoomi Dwarka,YUVAAN ENERGY PRIVATE LIMITED,sales@yuvaanenergy.com,9825045890,0,0
GUJARAT,Devbhoomi Dwarka,YUG SOLAR,yugsolar@gmail.com,6359410052,0,0
GUJARAT,Devbhoomi Dwarka,YOGI BATTERY CENTRE,yogipowersystem@yahoo.co.in,9824088156,0,0
GUJARAT,Devbhoomi Dwarka,YOG ENTERPRISE,yogenterprise.vallabhipur@gmail.com,7600790079,0,0
GUJARAT,Devbhoomi Dwarka,YELLOWFELLOW ENERGIES LLP,viraj@yellowfellow.in,8200955676,0,0
GUJARAT,Devbhoomi Dwarka,YELLOWCREST ENERGY LLP,yellowcrestenergy@gmail.com,9904675445,0,0
GUJARAT,Devbhoomi Dwarka,YELLOW RAY SOLAR,yellowraysolar@gmail.com,9427443581,0,0
GUJARAT,Devbhoomi Dwarka,YASHVI ENTERPRISE,yashvientsami@gmail.com,8849331593,0,0
GUJARAT,Devbhoomi Dwarka,YASHONAND ELECTRO SERVICE PVT LTD,yashonand2022@gmail.com,9157197171,0,0
GUJARAT,Devbhoomi Dwarka,YAMAS ENTERPRISE,doc.yamas@gmail.com,9727928830,0,0
GUJARAT,Devbhoomi Dwarka,YAGNIKKUMAR VALLABHBHAI SAVALIYA,yagniks1999@gmail.com,9409326590,0,0
GUJARAT,Devbhoomi Dwarka,Y CAME SYSTEMS,ycamesystem009@gmail.com,8320408867,0,0
GUJARAT,Devbhoomi Dwarka,WISEN ENERGY LLP,info@wisenenergyllp.com,9016979007,0,0
GUJARAT,Devbhoomi Dwarka,WISE GOAL SERVICES PRIVATE LIMITED,hr.wisegoal@gmail.com,7567161902,0,0
GUJARAT,Devbhoomi Dwarka,WHITESUN GREEN ENERGY PRIVATE LIMITED,rakesh.bhudia14@hotmail.com,8511740671,0,0
GUJARAT,Devbhoomi Dwarka,WHITEDESERT POWER PROJECTS PVT. LTD.,wdplnkt@gmail.com,9427760723,0,0
GUJARAT,Devbhoomi Dwarka,WEAGLE IMPEX,hello@rocketsolar.in,9613396134,0,0
GUJARAT,Devbhoomi Dwarka,VSG ENTERPRISE,SURYAKANTGORASIYA3024@GMAIL.COM,9979632447,0,0
GUJARAT,Devbhoomi Dwarka,VRUND ENERGY,vrundenergy@gmail.com,9574779572,0,0
GUJARAT,Devbhoomi Dwarka,VRAJ ENTERPRISE,vrajsolarsolutions@gmail.com,8140000903,0,0
GUJARAT,Devbhoomi Dwarka,VOLTEX SOLUTION,info.voltexsolution@gmail.com,9104629229,0,0
GUJARAT,Devbhoomi Dwarka,VOLT'S LEGACY ENERGY SOLUTION,contact@voltslegacy.com,9998765059,0,0
GUJARAT,Devbhoomi Dwarka,VOLLT SOLAR ENERGY,volltsolar@gmail.com,8128550011,0,0
GUJARAT,Devbhoomi Dwarka,VMD SOLAR ENERGY PRIVATE LIMITED,info@vmdsolarenergy.com,9974095302,0,0
GUJARAT,Devbhoomi Dwarka,VIYA ELECTRIC PRIVATE LIMITED,info@viyaelectric.com,9033092026,0,0
GUJARAT,Devbhoomi Dwarka,VIVAN ENERGY,vivanenergy09@gmail.com,9979890230,0,0
GUJARAT,Devbhoomi Dwarka,VIVAAN INFRA,info@vivaaninfra.in,9909916448,0,0
GUJARAT,Devbhoomi Dwarka,VISWAN ENERGY SOLUTIONS,viswanenergy@gmail.com,8866641649,0,0
GUJARAT,Devbhoomi Dwarka,VISION SOLAR,visionenergy196@gmail.com,6351131196,0,0
GUJARAT,Devbhoomi Dwarka,VISION INFOSYS,info@vision-infosys.in,9825061749,0,0
GUJARAT,Devbhoomi Dwarka,VISHWASH ENTERPRISE,vishwashenterprise2422@gmail.com,6355098324,0,0
GUJARAT,Devbhoomi Dwarka,VISHWAKARMA ELECTRICALS,info.vishwakarmaelectricals@gmail.com,9426730030,0,0
GUJARAT,Devbhoomi Dwarka,VISHWA SOLAR EXPERT,vishwasolar68@gmail.com,9724968018,0,0
GUJARAT,Devbhoomi Dwarka,VISHVAM POWER PRIVATE LIMITED,vishvampowerpl@gmail.com,9723191446,0,0
GUJARAT,Devbhoomi Dwarka,VISAKA GREEN PRIVATE LIMITED,vsolar@visaka.in,8770905614,0,0
GUJARAT,Devbhoomi Dwarka,VIRTA ENTERPRISE,INFO.VIRTAENTERPRISE@GMAIL.COM,7698432673,0,0
GUJARAT,Devbhoomi Dwarka,VIRAT CONSTRUCTION CO,info@viratconstruction.com,9909950605,0,0
GUJARAT,Devbhoomi Dwarka,VIRAJBHAI VISUBHAI KHACHAR,gchauhan17388@gmail.com,9898986662,0,0
GUJARAT,Devbhoomi Dwarka,VINARA SOLUTIONS,vinarasolutions@gmail.com,8320754771,0,0
GUJARAT,Devbhoomi Dwarka,VIMAL ELECTRONICS,kcpatel@vimalelectronics.com,9099777176,0,0
GUJARAT,Devbhoomi Dwarka,VIJAY SOLAR ENERGY,vijaysolarenergy940@gmail.com,6351211549,0,0
GUJARAT,Devbhoomi Dwarka,VIJAY ELECTRIC COMPANY,vijayelectricco@rediffmail.com,8200337720,0,0
GUJARAT,Devbhoomi Dwarka,VIDHYUT URJA,vidhyut.urja10@gmail.com,9664845692,0,0
GUJARAT,Devbhoomi Dwarka,VIDHYUT SOLAR,vidhyutsolarenergy@gmail.com,8347838900,0,0
GUJARAT,Devbhoomi Dwarka,VIDE ENERGY,ankita.videenergy@gmail.com,9712668268,0,0
GUJARAT,Devbhoomi Dwarka,VIBRANT SOLAR SYSTEMS,sales.vibrantsolar@gmail.com,9408330692,0,0
GUJARAT,Devbhoomi Dwarka,VIABLE SOLAR,viable.solar9990@gmail.com,9913344841,0,0
GUJARAT,Devbhoomi Dwarka,VIA ELECTRIC,hello.viaelectric@gmail.com,9925203764,0,0
GUJARAT,Devbhoomi Dwarka,VERTEX SOLAR SOLUTIONS PVT LTD,vertexnad@gmail.com,8758614088,0,0
GUJARAT,Devbhoomi Dwarka,VENUS ENTERPRISE,venusenergy2228@gmail.com,7990678583,0,0
GUJARAT,Devbhoomi Dwarka,VEERASOL TECHNOLOGY,info@veerasol.com,9558899931,0,0
GUJARAT,Devbhoomi Dwarka,VEE SECURE,veesecure.in@gmail.com,9825070982,0,0
GUJARAT,Devbhoomi Dwarka,VEDA ENTERPRISE,info.vedaenterprise@gmail.com,8401103393,0,0
GUJARAT,Devbhoomi Dwarka,VECTON ENERGY,vectonenergy@gmail.com,8000140159,0,0
GUJARAT,Devbhoomi Dwarka,VCL ENERGY,vclenergy777@gmail.com,9825492605,0,0
GUJARAT,Devbhoomi Dwarka,VASUSENA SOLAR ENERGY,vasusenasolarenergy07@gmail.com,9265356623,0,0
GUJARAT,Devbhoomi Dwarka,VASHRAMBHAI LAKHABHAI GHED,satrang.com@gmail.com,9624152555,0,0
GUJARAT,Devbhoomi Dwarka,VASANI SOLAR SOLUTION,vasani.solar.solution@gmail.com,9998404646,0,0
GUJARAT,Devbhoomi Dwarka,VARUN ENGINEERING,varunpatel2027@gmail.com,9727854101,0,0
GUJARAT,Devbhoomi Dwarka,VARRCHASVA ENERGY PRIVATE LIMITED,vaibhav@varrchasva.com,9100520101,0,0
GUJARAT,Devbhoomi Dwarka,VARIZONE SOLAR PRIVATE LIMITED,varizonesolar@gmail.com,9426111113,0,0
GUJARAT,Devbhoomi Dwarka,VARDHAN SALES,vardhansolar91@gmail.com,9512020935,0,0
GUJARAT,Devbhoomi Dwarka,VALAM ENTERPRISE,valamenterprise007@gmail.com,9824881693,0,0
GUJARAT,Devbhoomi Dwarka,VAKRATUND INNOVATION PRIVATE LIMITED,operation@vakratundinnovation.com,6351039120,0,0
GUJARAT,Devbhoomi Dwarka,VAIJNATH GLOBAL,vaijnathglobal@gmail.com,9106991946,0,0
GUJARAT,Devbhoomi Dwarka,VAGHASIA HITESH B,vaghasia_hitesh@yahoo.com,9979773121,0,0
GUJARAT,Devbhoomi Dwarka,VAATI POWER,vaatipower@gmail.com,9510010005,0,0
GUJARAT,Devbhoomi Dwarka,VA PATEL INFRA PRIVATE LIMITED,mayurdhavajsinhgohil00@gmail.com,9428269204,0,0
GUJARAT,Devbhoomi Dwarka,V-GUARD INDUSTRIES LIMITED,solar@vguard.in,9895550313,0,0
GUJARAT,Devbhoomi Dwarka,V SOLAR,vsolar8521@gmail.com,7698297821,0,0
GUJARAT,Devbhoomi Dwarka,V POWER SOLAR SERVICES,vpowersolarservices@gmail.com,9904254440,0,0
GUJARAT,Devbhoomi Dwarka,UVR TECHSOL PRIVATE LIMITED,uvrtechsol@gmail.com,9227106799,0,0
GUJARAT,Devbhoomi Dwarka,UTSAV TECHNO ENTERPRISE,utsavtechnoenterprise@gmail.com,7046612340,0,0
GUJARAT,Devbhoomi Dwarka,URJA GLOBAL LIMITED,bhagwan.verma@urjaglobal.in,7290005823,0,0
GUJARAT,Devbhoomi Dwarka,URJA ELECTRICALS,urja.electricals.dhg@gmail.com,8469551508,0,0
GUJARAT,Devbhoomi Dwarka,URATOM SOLAR INDIA PVT LTD,pv@uratom.com,9925099249,0,0
GUJARAT,Devbhoomi Dwarka,UPVOLTAGE SOLUTIONS LLP,upvoltagesolutions@gmail.com,7990618259,0,0
GUJARAT,Devbhoomi Dwarka,UNITY ENERGY SOLUTION,unityenergysolution@gmail.com,9099094027,0,0
GUJARAT,Devbhoomi Dwarka,UNIQUE SOLAR SERVICE,UNIQUESOLARSERVICERAJKOT@GMAIL.COM,7046082382,0,0
GUJARAT,Devbhoomi Dwarka,UNIQUE POWER SYSTEM,uniquepowerrajkot@gmail.com,9825224349,0,0
GUJARAT,Devbhoomi Dwarka,UNIQUE ELECTRICAL,sales.epc2016@gmail.com,9099000148,0,0
GUJARAT,Devbhoomi Dwarka,UNICORN ENTERPRISE,unicornsolarvyara@gmail.com,8200121328,0,0
GUJARAT,Devbhoomi Dwarka,UNICORN ELECTRICALS AND PROJECTS,unicornelectricals20@gmail.com,9510968626,0,0
GUJARAT,Devbhoomi Dwarka,UNICON ENERGY,info@uniconenergy.com,9974545444,0,0
GUJARAT,Devbhoomi Dwarka,UMIYA ENTERPRISE - NARODA,umiyaenterprise1981@gmail.com,9725033295,0,0
GUJARAT,Devbhoomi Dwarka,UMA POWER SOLUTIONS,umapowersolution@gmail.com,9638953281,0,0
GUJARAT,Devbhoomi Dwarka,ULTRAVIOLET SOLAR PVT.LTD.,info@uvrays.co.in,7878699099,0,0
GUJARAT,Devbhoomi Dwarka,ULTRA RAYS ENERGY SOLUTION,ultrarays2019@gmail.com,7984482472,0,0
GUJARAT,Devbhoomi Dwarka,UKEL AUTOMATION LLP,ukelautomation@gmail.com,9998008889,0,0
GUJARAT,Devbhoomi Dwarka,UJALA COMPANY,ujalasolarcompany@gmail.com,7874157474,0,0
GUJARAT,Devbhoomi Dwarka,U R ENERGY INDIA PVT LTD,india@urenergyglobal.com,9512040442,0,0
GUJARAT,Devbhoomi Dwarka,TULAJA ENTERPRISE,tulajaenterprise@gmail.com,9904866630,0,0
GUJARAT,Devbhoomi Dwarka,TROM INDUSTRIES LIMITED,marketing@tromsolar.in,9081017444,0,0
GUJARAT,Devbhoomi Dwarka,TRIZONE POWER,trizonepower05@gmail.com,9638052084,0,0
GUJARAT,Devbhoomi Dwarka,TRINITY RENEWABLE ENERGY,info.trinityrenewableenergy@gmail.com,9227000392,0,0
GUJARAT,Devbhoomi Dwarka,TRIDENT POWER,trident.power24@gmail.com,7698264402,0,0
GUJARAT,Devbhoomi Dwarka,TOUCHCORE CONSULTANCY,touchcore27@gmail.com,9909284285,0,0
GUJARAT,Devbhoomi Dwarka,TITAN ENERGY,info@titanenergy.in,9054825825,0,0
GUJARAT,Devbhoomi Dwarka,TIRUPATI SOLAR,tirupatisolar@hotmail.com,7043343509,0,0
GUJARAT,Devbhoomi Dwarka,THE WOLT TECHNIQUES,director@woltsolarproducts.com,9904238777,0,0
GUJARAT,Devbhoomi Dwarka,THE SHIVSHAKTI ENTERPRISE,Shivshakti2688@gmail.com,9913418634,0,0
GUJARAT,Devbhoomi Dwarka,THE MOON KNIGHT,themoonknight913@gmail.com,9081313777,0,0
GUJARAT,Devbhoomi Dwarka,THE MECHTECH SOLUTIONS,themechtechsolutions@gmail.com,9714928728,0,0
GUJARAT,Devbhoomi Dwarka,TERAIYA ENTERPRISE,teraiyaenterprise@gmail.com,8780802225,0,0
GUJARAT,Devbhoomi Dwarka,TEJ ENERGY LLP,director@tejenergy.com,9426856508,0,0
GUJARAT,Devbhoomi Dwarka,TECHSUNBIO GREEN ENERGY PRIVATE LIMITED,info@techsunbio.com,9925336536,0,0
GUJARAT,Devbhoomi Dwarka,TECHNOVATIVE GREEN ENERGY SOLUTIONS,technovativesolar@gmail.com,6354031108,0,0
GUJARAT,Devbhoomi Dwarka,TECHNOGOODS ENTERPRISES,TechnoGoods@outlook.com,9904709693,0,0
GUJARAT,Devbhoomi Dwarka,TECHNOCELL INDUSTRIAL SERVICES,skg23aqua@yahoo.in,9979348446,0,0
GUJARAT,Devbhoomi Dwarka,TECHNO POWER,technopower0001@gmail.com,8200360798,0,0
GUJARAT,Devbhoomi Dwarka,TECHNO ELECTRONICS,sales@technopower.co.in,9825236894,0,0
GUJARAT,Devbhoomi Dwarka,TATVAM INDUSTRIES,parth.tatvam@protonmail.com,7990101643,0,0
GUJARAT,Devbhoomi Dwarka,TATSAT NRGS,tatsatnrgs@gmail.com,7984576567,0,0
GUJARAT,Devbhoomi Dwarka,TARUN AND CO,taruncopwr@gmail.com,9879534866,0,0
GUJARAT,Devbhoomi Dwarka,TARA SOLAR ENERGY,tara.solar.2111@gmail.com,9408966600,0,0
GUJARAT,Devbhoomi Dwarka,TAPTI SOLAR,taptisolar@gmail.com,9157028811,0,0
GUJARAT,Devbhoomi Dwarka,TANAY SS LLP,tanayss.llp@gmail.com,7778910000,0,0
GUJARAT,Devbhoomi Dwarka,TAJ ELECTRICALS,tajelectricals.daman@gmail.com,9824790965,0,0
GUJARAT,Devbhoomi Dwarka,TAIYO SOLAR SYTEM INTEGRATOR LLP,info@taiyosolar.co.in,9825324580,0,0
GUJARAT,Devbhoomi Dwarka,SYSTEM RENEWABLE ENERGY,nbagwan8@gmail.com,9662361740,0,0
GUJARAT,Devbhoomi Dwarka,SYSTEM LEVEL SOLUTIONS INDIA PVT LTD,sales@getsunsights.com,7486992856,0,0
GUJARAT,Devbhoomi Dwarka,SYNNOVE POWER TECHNOLOGY,synnovepowertechnology@gmail.com,9033346701,0,0
GUJARAT,Devbhoomi Dwarka,SYNCHRO ENERGY,synchroenergy389@gmail.com,9974737316,0,0
GUJARAT,Devbhoomi Dwarka,SWEV INDIA PVT LIMITED,swevindia@gmail.com,7984328691,0,0
GUJARAT,Devbhoomi Dwarka,SWASTIK SOLAR SYSTEM,swastiksolar07@gmail.com,9712412011,0,0
GUJARAT,Devbhoomi Dwarka,SWARG INDUSTRIES PVT LTD,info@swargworld.com,9824999527,0,0
GUJARAT,Devbhoomi Dwarka,SWAMI INTEGRATOR AND CONSULTANTS LLP,sanjib@swamisolar.com,8980800743,0,0
GUJARAT,Devbhoomi Dwarka,SUTARIAS SOLUTIONS PRIVATE LTD,sspl.hasmukh@gmail.com,9099510408,0,0
GUJARAT,Devbhoomi Dwarka,SURYOSA SOLAR PRIVATE LIMITED,info@suryosa.com,9998018314,0,0
GUJARAT,Devbhoomi Dwarka,SURYATRIC SOLAR PVT LTD,info.suryatrick@gmail.com,9979652010,0,0
GUJARAT,Devbhoomi Dwarka,SURYASTRA GREEN INITIATIVES PRIVATE LIMITED,suryastraindia@gmail.com,8128007602,0,0
GUJARAT,Devbhoomi Dwarka,SURYASIDDHI ENERGY SOLUTION PRIVATE LIMITED,suryasiddhienergysolutions@gmail.com,8460641891,0,0
GUJARAT,Devbhoomi Dwarka,SURYASE ENERGY,suryaseenergy@gmail.com,9662047390,0,0
GUJARAT,Devbhoomi Dwarka,SURYAMANI SOLAR,suryamanisolar@gmail.com,8140000257,0,0
GUJARAT,Devbhoomi Dwarka,SURYAMAAN ENERGY,info.suryamaan@gmail.com,9722243637,0,0
GUJARAT,Devbhoomi Dwarka,SURYAM INTERNATIONAL PRIVATE LIMITED,marketing@groupsurya.co.in,8093011632,0,0
GUJARAT,Devbhoomi Dwarka,SURYAM ENERGY,dhavalpatel7037@gmail.com,8320698043,0,0
GUJARAT,Devbhoomi Dwarka,SURYAKAMAL INFRA PVT.LTD.,sales@suryakamalinfra.com,9727756866,0,0
GUJARAT,Devbhoomi Dwarka,SURYADEV SOLAR,suryadevsolar4@gmail.com,9327175676,0,0
GUJARAT,Devbhoomi Dwarka,SURYADEV SALES & SERVICE,suryadev2k20@gmail.com,7016946571,0,0
GUJARAT,Devbhoomi Dwarka,SURYABHUMI SOLAR ENERGY,suryabhumisolarenergy@gmail.com,8866019146,0,0
GUJARAT,Devbhoomi Dwarka,SURYA URJA SYSTEMS,suryaurjasystems@gmail.com,9824276142,0,0
GUJARAT,Devbhoomi Dwarka,SURYA SOLAR AND WATERS,rooftop@suryasolarwaters.com,9033266039,0,0
GUJARAT,Devbhoomi Dwarka,SURYA SHAKTI SOLAR,suryashaktisolar09@gmail.com,7567992734,0,0
GUJARAT,Devbhoomi Dwarka,SURYA SHAKTI,suryashaktisolar.18@gmail.com,8488010488,0,0
GUJARAT,Devbhoomi Dwarka,SURYA INTERNATIONAL,suryavishnu159@yahoo.com,9825802298,0,0
GUJARAT,Devbhoomi Dwarka,SURYA ENTERPRISE,suryaenterprise8324@gmail.com,9687975891,0,0
GUJARAT,Devbhoomi Dwarka,SUREWORTH SOLAR,Sureworthsolar@gmail.com,7698763040,0,0
GUJARAT,Devbhoomi Dwarka,SURESHBHAI SADURBHAI BARBACHIYA,surechbarbachiya41@gmail.com,9879299136,0,0
GUJARAT,Devbhoomi Dwarka,SURAYAY NAMAH ENERGY PRIVATE LIMITED,rahul@surayaynamahenergy.com,9554055565,0,0
GUJARAT,Devbhoomi Dwarka,SURAJGEMA POWER,SURAJGEMAPOWER@GMAIL.COM,8460515124,0,0
GUJARAT,Devbhoomi Dwarka,SUPER WATT POWER SOLUTIONS LLP,power.superwatt@gmail.com,9920320366,0,0
GUJARAT,Devbhoomi Dwarka,SUNWAY SOLAR,sunwaysolar02@gmail.com,7698832340,0,0
GUJARAT,Devbhoomi Dwarka,SUNWAVE ENERGY,sunwave.energy123@gmail.com,7046070468,0,0
GUJARAT,Devbhoomi Dwarka,SUNVINE RENEWABLE,sunvinerenewable@gmail.com,8000050580,0,0
GUJARAT,Devbhoomi Dwarka,SUNTRAC SOLAR,suntrac.jh@gmail.com,9979363442,0,0
GUJARAT,Devbhoomi Dwarka,SUNSPOT ENERGY LLP,info.sunspotenergy@gmail.com,8866110577,0,0
GUJARAT,Devbhoomi Dwarka,SUNSPOT,msn.sunspot@gmail.com,6356810701,0,0
GUJARAT,Devbhoomi Dwarka,SUNSPARK SOLAR SOLUTIONS (FORMERLY KNOWN AS SUSSPARK SOLAR SOLUTIONS ),sunsparksolarsolutions23@gmail.com,9664693254,0,0
GUJARAT,Devbhoomi Dwarka,SUNSOLAR SOLUTIONS (INDIA) PRIVATE LIMITED,jigar@sunsolarsolutions.co.in,9638189589,0,0
GUJARAT,Devbhoomi Dwarka,SUNSNATCH SOLUTIONS LLP,monark.sunsnatch@gmail.com,7698536878,0,0
GUJARAT,Devbhoomi Dwarka,SUNSKY SOLAR,trdesai@sunskysolar.co.in,9727518665,0,0
GUJARAT,Devbhoomi Dwarka,SUNSHREE SOLAR,sunshreesolar@gmail.com,9157838777,0,0
GUJARAT,Devbhoomi Dwarka,SUNSHINE SOLAR,sunshinesolarsurat@gmail.com,9537733133,0,0
GUJARAT,Devbhoomi Dwarka,SUNSHAPE ENERGY,sunshapeenergy@gmail.com,9913783302,0,0
GUJARAT,Devbhoomi Dwarka,SUNSETLIFE SOLAR PRIVATE LIMITED,sunsetlifesolar@gmail.com,9574427119,0,0
GUJARAT,Devbhoomi Dwarka,SUNSAI SOLAR SYSTEMS,solar@sunsai.co.in,9925808788,0,0
GUJARAT,Devbhoomi Dwarka,SUNSAFE INFRA SERVICES,INFO@SUNSAFE.IN,9033673308,0,0
GUJARAT,Devbhoomi Dwarka,SUNSAFE INFRA PRIVATE LIMITED,sunsafe.np@gmail.com,7227050091,0,0
GUJARAT,Devbhoomi Dwarka,SUNRUN GREEN ENERGY,sunrungreenenergy@gmail.com,6354883949,0,0
GUJARAT,Devbhoomi Dwarka,SUNROOF ELECTRICAL ENERGY,sunroofenergy100@gmail.com,9687893989,0,0
GUJARAT,Devbhoomi Dwarka,SUNRISE INDIA,satyanarayantiwari2022@gmail.com,7208291414,0,0
GUJARAT,Devbhoomi Dwarka,SUNRISE ENTERPRISE,sunriseenterprise6388@gmail.com,9904889087,0,0
GUJARAT,Devbhoomi Dwarka,SUNREST INFRA ENERGY,sunrestinfraenergy@gmail.com,9638063381,0,0
GUJARAT,Devbhoomi Dwarka,SUNRAYS ENERGY,keyursheth.14@gmail.com,9978724010,0,0
GUJARAT,Devbhoomi Dwarka,SUNRAISE INDUSTRIES,info@sunraiseindustries.com,9722106810,0,0
GUJARAT,Devbhoomi Dwarka,SUNPRIDE ENERGY,chiragpatel2592@gmail.com,9726880980,0,0
GUJARAT,Devbhoomi Dwarka,SUNPOWER ENERGY,sunpowerenergy.solar@gmail.com,7405095299,0,0
GUJARAT,Devbhoomi Dwarka,SUNPLUG TECHNOLOGIES LLP,hnchavda87@gmail.com,9427020496,0,0
GUJARAT,Devbhoomi Dwarka,SUNNOVATIVE SOLAR ENERGY SOLUTION PVT LTD,ravi@sunnovative.com,8153819531,0,0
GUJARAT,Devbhoomi Dwarka,SUNLIGHT SOLAR ENTERPRISE,bhaveshparmar4793@gmail.com,8320866769,0,0
GUJARAT,Devbhoomi Dwarka,SUNLIGHT INFRA ENERGY PRIVATE LIMITED,tender@sunlights.in,9998374580,0,0
GUJARAT,Devbhoomi Dwarka,SUNLIGHT GREEN ENERGY,sunlightgreenmeh@gmail.com,8460043385,0,0
GUJARAT,Devbhoomi Dwarka,SUNLIGHT ENERGY SOLUTIONS,sunlightenergysolutions01@gmail.com,9824668001,0,0
GUJARAT,Devbhoomi Dwarka,SUNLAND SOLAR ENERGY,sunlandsolarenergy@gmail.com,8141810505,0,0
GUJARAT,Devbhoomi Dwarka,SUNISTIC SOLAR ENERGY LLP,info@sunisticsolarenergy.com,9909507507,0,0
GUJARAT,Devbhoomi Dwarka,SUNIFY SOLAR LLP,sunifysolar@gmail.com,8141455505,0,0
GUJARAT,Devbhoomi Dwarka,SUNGOLD ENTERPRISE,sungoldenterprise123@gmail.com,9737147433,0,0
GUJARAT,Devbhoomi Dwarka,SUNFRAA RENEWABLES LLP,partner@sunfraa.com,6354296570,0,0
GUJARAT,Devbhoomi Dwarka,SUNCENTER SOLAR ENERGY,suncentersolarenergy@gmail.com,8905055513,0,0
GUJARAT,Devbhoomi Dwarka,SUNCARE ENERTECH PVT LTD,suncaresolar3@gmail.com,7405450545,0,0
GUJARAT,Devbhoomi Dwarka,SUNBYTE ENERGY SOLUTIONS LLP,info.sunbyteenergy@gmail.com,7698971717,0,0
GUJARAT,Devbhoomi Dwarka,SUNBUY RENEWABLES PVT LTD,darshan@sunbuy.in,9328281611,0,0
GUJARAT,Devbhoomi Dwarka,SUNBURST GREEN ENERGY LLP,office@sunburstgreen.com,9879514559,0,0
GUJARAT,Devbhoomi Dwarka,SUNBLOOM ENERGY PRIVATE LIMITED,info@sunbloomenergy.com,9662874669,0,0
GUJARAT,Devbhoomi Dwarka,SUNARC ELECTRICALS,sunarcelectricals@gmail.com,9687025729,0,0
GUJARAT,Devbhoomi Dwarka,SUN VISION SOLAR,info@sunvisionsolar.in,9924112225,0,0
GUJARAT,Devbhoomi Dwarka,SUN TECH ENERGY SOLUTION,suntech.rutvij@gmail.com,8320301975,0,0
GUJARAT,Devbhoomi Dwarka,SUN SPARKLE ENERGY,sunsparkleenergy@gmail.com,9016093505,0,0
GUJARAT,Devbhoomi Dwarka,SUN MICRA RENEWABLE ENERGY,info@sunmicra.co.in,7990662677,0,0
GUJARAT,Devbhoomi Dwarka,SUN LIGHT SOLAR,sunlightsolar0106@gmail.com,9726215972,0,0
GUJARAT,Devbhoomi Dwarka,SUN ENERGY,sunenergybharat@gmail.com,9427352326,0,0
GUJARAT,Devbhoomi Dwarka,SUMERU SOLUTION,sumerusolution22@gmail.com,8866426625,0,0
GUJARAT,Devbhoomi Dwarka,SUKOON POWER TECHNOLOGY,sukoonpowertech@gmail.com,9712946594,0,0
GUJARAT,Devbhoomi Dwarka,SUKARM,sukarmsolar@gmail.com,9925045163,0,0
GUJARAT,Devbhoomi Dwarka,SUCCESS TECHNOCRAT,khatri292@gmail.com,9624001021,0,0
GUJARAT,Devbhoomi Dwarka,STRONG SUN SOLAR ENERGY,strongsunsolarenergy@gmail.com,7622011292,0,0
GUJARAT,Devbhoomi Dwarka,STEELHACKS INDUSTRIES,unisolsolar2000@yahoo.com,9825049997,0,0
GUJARAT,Devbhoomi Dwarka,STARLUMEN ENERGY LLP,sales.starlumen@gmail.com,8758737125,0,0
GUJARAT,Devbhoomi Dwarka,STAR ENERGY SYSTEMS,starenergyindia@gmail.com,9825014314,0,0
GUJARAT,Devbhoomi Dwarka,STAR ELECTRICALS,starhalol389350@gmail.com,9909118137,0,0
GUJARAT,Devbhoomi Dwarka,STANDARD ENGINEERS & CONTRACTORS,standardelectricals7177@gmail.com,8140080726,0,0
GUJARAT,Devbhoomi Dwarka,SSB ICONIC LLP,s2belectricals@gmail.com,9016903767,0,0
GUJARAT,Devbhoomi Dwarka,SRI BALAJI SUN ENERGY,info@sribalajienergy.com,7878375444,0,0
GUJARAT,Devbhoomi Dwarka,SPY AUTOMATION,spyautomation61@gmail.com,7227000497,0,0
GUJARAT,Devbhoomi Dwarka,SPIKE ENERGY,vspikeenergy@gmail.com,9662485355,0,0
GUJARAT,Devbhoomi Dwarka,SPEED O ENERGY,INFO.SPEEDOENERGY@GMAIL.COM,7016826003,0,0
GUJARAT,Devbhoomi Dwarka,SPARQ ENERTECH PVT LTD,info@sparqenertech.com,9558971268,0,0
GUJARAT,Devbhoomi Dwarka,SPARCO MULTIPLAST PVT LTD,info@sparcoenergy.com,9409269062,0,0
GUJARAT,Devbhoomi Dwarka,SP TECHNOLOGY,Sptechnology2023@gmail.com,9586267664,0,0
GUJARAT,Devbhoomi Dwarka,SP POWERTECH,sppowertech44@gmail.com,9408129713,0,0
GUJARAT,Devbhoomi Dwarka,SP EPC SOLUTIONS,psbuma@gmail.com,9537824788,0,0
GUJARAT,Devbhoomi Dwarka,SP ENGINEERING,sp.engineering2k19@gmail.com,6353577489,0,0
GUJARAT,Devbhoomi Dwarka,SOULSHINE RENEWABLE ENERGY,epc.soulshine@gmail.com,9913895893,0,0
GUJARAT,Devbhoomi Dwarka,SOR ENTERPRISE,sorsolar@yahoo.com,9824428293,0,0
GUJARAT,Devbhoomi Dwarka,SONIK SOLAR POWER SOLUTION,Sonikpanchal27@gmail.com,8200291250,0,0
GUJARAT,Devbhoomi Dwarka,SOMNATH ENERGY,somnath.solarenergy@gmail.com,7600250096,0,0
GUJARAT,Devbhoomi Dwarka,SOM ENERGY SYSTEMS,info@somenergysystems.com,8401909576,0,0
GUJARAT,Devbhoomi Dwarka,SOLYUG RENEWABLES,info@solyugrenewables.com,9099562009,0,0
GUJARAT,Devbhoomi Dwarka,SOLVEIG SOLAR PRIVATE LIMITED,solveigsolar@gmail.com,9724362544,0,0
GUJARAT,Devbhoomi Dwarka,SOLSKIN ENERGY LLP,solskinenergy@gmail.com,8128988878,0,0
GUJARAT,Devbhoomi Dwarka,SOLNCE ENERGY PRIVATE LIMITED,NATIONALPORTALSOLNCE@GMAIL.COM,7990480061,0,0
GUJARAT,Devbhoomi Dwarka,SOLMECH ENERGY,solmechenergy@gmail.com,9998930960,0,0
GUJARAT,Devbhoomi Dwarka,SOLISTA ENERGY,solistaenergy8@gmail.com,9106194946,0,0
GUJARAT,Devbhoomi Dwarka,SOLIS ENERGY SYSTEM,bhargavpaneliya@solisenergysystem.com,9601270077,0,0
GUJARAT,Devbhoomi Dwarka,SOLINE SOLAR PRIVATE LIMITED,info@soline.in,9898535056,0,0
GUJARAT,Devbhoomi Dwarka,SOLEXY SOLAR POWER PVT. LTD.,ssepl1962@gmail.com,9810725280,0,0
GUJARAT,Devbhoomi Dwarka,SOLEX GREEN ENERGY PRIVATE LIMITED,pravin.d@solex.in,9376820081,0,0
GUJARAT,Devbhoomi Dwarka,SOLEX ENERGY LIMITED,solexcd@gmail.com,6354605180,0,0
GUJARAT,Devbhoomi Dwarka,SOLARWISE-NEXG PRIVATE LIMITED,solarwise69@gmail.com,9910803171,0,0
GUJARAT,Devbhoomi Dwarka,SOLARWAVE ENERGY,solarwaveenergy2@gmail.com,7490083005,0,0
GUJARAT,Devbhoomi Dwarka,SOLARTRONICS ENERGY,info.solartronics@gmail.com,9426424973,0,0
GUJARAT,Devbhoomi Dwarka,SOLART,solart.sunfuel@gmail.com,8866506193,0,0
GUJARAT,Devbhoomi Dwarka,SOLARSYS GREENTECH PRIVATE LIMITED,deepak@solarsysgreentech.in,8488976829,0,0
GUJARAT,Devbhoomi Dwarka,SOLARMAX ENERGY PRIVATE LIMITED,info@solarmaxenergy.in,9409222221,0,0
GUJARAT,Devbhoomi Dwarka,SOLARLOGIX PRIVATE LIMITED,contact@solarlogix.in,7979053489,0,0
GUJARAT,Devbhoomi Dwarka,SOLARIZE RENEWABLES PVT. LTD.,info@solarizerenewables.com,9081999400,0,0
GUJARAT,Devbhoomi Dwarka,SOLARISE TECHNOLOGIES,solarisetechnologies1@gmail.com,6351562596,0,0
GUJARAT,Devbhoomi Dwarka,SOLARIS TECHNO,solaristechno@gmail.com,8767917570,0,0
GUJARAT,Devbhoomi Dwarka,SOLARIS 360,info@solaris360.com,9998117531,0,0
GUJARAT,Devbhoomi Dwarka,SOLARINA RENEWABLE PRIVATE LIMITED,solarinarenewable@gmail.com,9824351021,0,0
GUJARAT,Devbhoomi Dwarka,SOLARBERG SOLUTIONS,sureshbavishiya@gmail.com,9879200821,0,0
GUJARAT,Devbhoomi Dwarka,SOLARATIVE ENERGY SOLUTION,pavan.solarative@gmail.com,9327151411,0,0
GUJARAT,Devbhoomi Dwarka,SOLARAM POWER INFRASTRUCTURE PRIVATE LIMITED,solarampower@gmail.com,9898041008,0,0
GUJARAT,Devbhoomi Dwarka,SOLAR4U ENTERPRISE,solar4uenterprise1@gmail.com,9510708411,0,0
GUJARAT,Devbhoomi Dwarka,SOLAR SUNPOWER,solarsunpower2020@gmail.com,8238835771,0,0
GUJARAT,Devbhoomi Dwarka,SOLAR SMART PVT LTD,solarsmart2021@gmail.com,7284000580,0,0
GUJARAT,Devbhoomi Dwarka,SOLAR ONLINE SKP,onlinesk044@gmail.com,8238539443,0,0
GUJARAT,Devbhoomi Dwarka,SOLAR GREEN DEVELOPERS,solargreendevelopers@gmail.com,9924507751,0,0
GUJARAT,Devbhoomi Dwarka,SOLAR ENERGY,solarpioneer19@gmail.com,9033868265,0,0
GUJARAT,Devbhoomi Dwarka,SOLAR EDITION,solaredition18@gmail.com,7990909838,0,0
GUJARAT,Devbhoomi Dwarka,SOLAR EARTH RENEWABLES PRIVATE LIMITED,ser@solarearth.in,7990378370,0,0
GUJARAT,Devbhoomi Dwarka,SOLAR EARTH,solarearth7@gmail.com,7990378370,0,0
GUJARAT,Devbhoomi Dwarka,SOLAR CLEAN ENERGY LIMITED,socleanenergy@gmail.com,9712666866,0,0
GUJARAT,Devbhoomi Dwarka,SOL MAX SOLUTION,mpboricha111@gmail.com,9429343757,0,0
GUJARAT,Devbhoomi Dwarka,SOL ENERGY,solenergyn@gmail.com,7621852735,0,0
GUJARAT,Devbhoomi Dwarka,SOHAM SOLAR SOLUTION,sohamsolarsolution@yahoo.com,9601751327,0,0
GUJARAT,Devbhoomi Dwarka,SOHAM ENTERPRISE,sachinpatel3132@gmail.com,9924142513,0,0
GUJARAT,Devbhoomi Dwarka,SODHA ELECTRIC SERVICE,sohail.sodha@gmail.com,8000093095,0,0
GUJARAT,Devbhoomi Dwarka,SNS ENERGY PVT. LTD.,sujitsharma@snsenergy.co.in,7043136049,0,0
GUJARAT,Devbhoomi Dwarka,SNAP SOLAR,snapsolar7@gmail.com,7572851098,0,0
GUJARAT,Devbhoomi Dwarka,SN GROUP OF COMPANY,sngroupofcompany2022@gmail.com,9725324439,0,0
GUJARAT,Devbhoomi Dwarka,SMIT SOLAR SOLUTIONS,smitsolarsolutions@gmail.com,9924793020,0,0
GUJARAT,Devbhoomi Dwarka,SMIT ENGINEERING SOLUTION,smitengineering10@gmail.com,9033381684,0,0
GUJARAT,Devbhoomi Dwarka,SMART SOLAR ENERGY,smartsolarenergy8542@gmail.com,7435907512,0,0
GUJARAT,Devbhoomi Dwarka,SMART ROOF SOLAR SOLUTION PVT. LTD.,enquiry@gosmartroof.com,9971481718,0,0
GUJARAT,Devbhoomi Dwarka,SMART ENERGY SOLUTIONS,smartenergysolutions99@gmail.com,8511495982,0,0
GUJARAT,Devbhoomi Dwarka,SKYWIN SOLAR,skywinsolar@gmail.com,7984435493,0,0
GUJARAT,Devbhoomi Dwarka,SKYVOLT POWER TECHNOLOGIES LLP,skyvoltpower25@gmail.com,9909798222,0,0
GUJARAT,Devbhoomi Dwarka,SKYLINE SOLAR SYSTEM,skylinesolarsystem@gmail.com,9106430159,0,0
GUJARAT,Devbhoomi Dwarka,SKYLIGHT SOLAR,skylightsolar03@gmail.com,9510905126,0,0
GUJARAT,Devbhoomi Dwarka,SKYLARK ENERGY SOLUTIONS,satyajeetjhala7227@icloud.com,9726200054,0,0
GUJARAT,Devbhoomi Dwarka,SKYLAR INDIA,darshansolarkheda@gmail.com,8530252952,0,0
GUJARAT,Devbhoomi Dwarka,SKY WINGS SOLAR ENERGY,skywingssolar@gmail.com,9974839830,0,0
GUJARAT,Devbhoomi Dwarka,SKY TECH ENERGY,info.skytechenergy@gmail.com,6355092898,0,0
GUJARAT,Devbhoomi Dwarka,SKY SUN ENTERPRISE,skysunenterprise@gmail.com,9408931070,0,0
GUJARAT,Devbhoomi Dwarka,SKY RISE SOLAR,skyrisesolar@gmail.com,9328009285,0,0
GUJARAT,Devbhoomi Dwarka,SKY RENEWABLE,piush123.pp@gmail.com,9638166779,0,0
GUJARAT,Devbhoomi Dwarka,SKY POWER ENERGY,skypowerenergy03@gmail.com,8849719837,0,0
GUJARAT,Devbhoomi Dwarka,SKY POWER,skypowersvp@gmail.com,9723070267,0,0
GUJARAT,Devbhoomi Dwarka,SKY LARK SOLAR PRIVATE LIMITED,skylarksolar7@gmail.com,7016360083,0,0
GUJARAT,Devbhoomi Dwarka,SKY ENTERPRISE,skyenterprise.re@gmail.com,9428164222,0,0
GUJARAT,Devbhoomi Dwarka,SKY BLUE SOLAR PVT .LTD,Skybluesolarpvtltd@gmail.com,9104566242,0,0
GUJARAT,Devbhoomi Dwarka,SKY BLUE SOLAR,skybluesolar56@gmail.com,9824965349,0,0
GUJARAT,Devbhoomi Dwarka,SIYAVAR ENERGY,SIYAVARENERGY@GMAIL.COM,9773131455,0,0
GUJARAT,Devbhoomi Dwarka,SITARAM CORPORATION,sitaramcorporation2025@gmail.com,8141427041,0,0
GUJARAT,Devbhoomi Dwarka,SIMMS ENGINEERING PVT LTD,simms_eng@yahoo.co.in,9825142376,0,0
GUJARAT,Devbhoomi Dwarka,SILVER CYPHER TECHNOLOGIES,silvercyphersolar@gmail.com,8460699699,0,0
GUJARAT,Devbhoomi Dwarka,SILVER CONSUMER ELECTRICALS LIMITED (FORMERLY KNOWN AS SILVER CONSUMER ELECTRICALS PRIVATE LIMITED),kevin.patel@silverpumps.com,7486059400,0,0
GUJARAT,Devbhoomi Dwarka,SIGNAL AUTOMATION,solarservices1188@gmail.com,9978215636,0,0
GUJARAT,Devbhoomi Dwarka,SIGMA SUN ENERGY,info.sigmasunenergy@gmail.com,9726764498,0,0
GUJARAT,Devbhoomi Dwarka,SIGMA ENGINEERING,sigma_engg@yahoo.co.in,9825205934,0,0
GUJARAT,Devbhoomi Dwarka,SIDDHIVINAYAK ENGINEERING COMPANY,shreeganeshaquva@gmail.com,9904954348,0,0
GUJARAT,Devbhoomi Dwarka,SIDDHI ELECTRICAL ENGINEER AND CONTRACTOR,siddhielectrical77@gmail.com,9662061492,0,0
GUJARAT,Devbhoomi Dwarka,SHYAM SOLAR ENERGY,vschohla@GMAIL.COM,8140796593,0,0
GUJARAT,Devbhoomi Dwarka,SHRI SAI ELECTRICAL,rooftop@shrisaielectrical.co.in,6353970979,0,0
GUJARAT,Devbhoomi Dwarka,SHRI RAM SOLAR ENERGY LLP,admin@shriramsolarenergy.com,9712912421,0,0
GUJARAT,Devbhoomi Dwarka,SHRI MARUTI ENTERPRISE,tdoshi76@gmail.com,9428358150,0,0
GUJARAT,Devbhoomi Dwarka,SHRI KHODIYAR ENTERPRISE,shrikhodiyar1978@gmail.com,9727358029,0,0
GUJARAT,Devbhoomi Dwarka,SHRI KHATRI BATTERY SERVICE,khatribattery@gmail.com,9426029459,0,0
GUJARAT,Devbhoomi Dwarka,SHREYISHA ENGINEERING,shreyishaengineering@gmail.com,8460445802,0,0
GUJARAT,Devbhoomi Dwarka,SHREEMAD ENGINEERS,shreemadbg@gmail.com,9913721961,0,0
GUJARAT,Devbhoomi Dwarka,SHREEJI SOLAR SYSTEM,shreejisolars@gmail.com,9265296741,0,0
GUJARAT,Devbhoomi Dwarka,SHREEJI SOLAR SOLUTION,npparikh@hotmail.com,9879537250,0,0
GUJARAT,Devbhoomi Dwarka,SHREEJI SOLAR ENERGY SYSTEMS,snpatel2605@gmail.com,9712914272,0,0
GUJARAT,Devbhoomi Dwarka,SHREEJI SOLAR & SERVICES,NILVADERA141@GMAIL.COM,9106331904,0,0
GUJARAT,Devbhoomi Dwarka,SHREEJI SOLAR,info.shreejisolar@gmail.com,9904351125,0,0
GUJARAT,Devbhoomi Dwarka,SHREEJI SALES - KARAMSAD,shreejisales125@gmail.com,9586548051,0,0
GUJARAT,Devbhoomi Dwarka,SHREEJI POWER SOLUTIONS,shreejiss@yahoo.com,9824338633,0,0
GUJARAT,Devbhoomi Dwarka,SHREEJI MARKETING - TALOD,rajuksales@gmail.com,9974612008,0,0
GUJARAT,Devbhoomi Dwarka,SHREEJI GRIN SOLAR,shrijigreensolar@gmail.com,7203005770,0,0
GUJARAT,Devbhoomi Dwarka,SHREEJI ENTERPRISES - WADI,Sandipgandhi113@gmail.com,9825077605,0,0
GUJARAT,Devbhoomi Dwarka,SHREEJI ENTERPRISES - BHAYLI,shreejie1@gmail.com,9099710184,0,0
GUJARAT,Devbhoomi Dwarka,SHREEJI ENTERPRISE-SURAT,epc.solar@shreejiconstruction.com,9825108890,0,0
GUJARAT,Devbhoomi Dwarka,SHREEJI ENTERPRISE - MANJALPUR,shreejienergy844@gmail.com,7041803421,0,0
GUJARAT,Devbhoomi Dwarka,SHREEJI ENERGY SOLUTION,shreejienergysolution@gmail.com,8460595980,0,0
GUJARAT,Devbhoomi Dwarka,SHREEJI ELECTRICALS,shreejiele@gmail.com,9825089343,0,0
GUJARAT,Devbhoomi Dwarka,SHREEJI ELECTRICAL - ISANPUR,shreejielec312@yahoo.com,9408197081,0,0
GUJARAT,Devbhoomi Dwarka,SHREE VISHNU SALES AGENCY,shreevishnusalesagency@gmail.com,9825324608,0,0
GUJARAT,Devbhoomi Dwarka,SHREE UMIYA CORPORATION,shreeumiyacorp@gmail.com,8866731185,0,0
GUJARAT,Devbhoomi Dwarka,SHREE SOLAR VENTURE PVT LTD,shreesolarventure@gmail.com,9571211118,0,0
GUJARAT,Devbhoomi Dwarka,SHREE SOLAR POWER,nileshsorthiya2@gmail.com,9727620417,0,0
GUJARAT,Devbhoomi Dwarka,SHREE SOLAR,dinkarparekh1983@gmail.com,9104030777,0,0
GUJARAT,Devbhoomi Dwarka,SHREE SAI SOLAR,Hiteshrane37@gmail.com,9879268362,0,0
GUJARAT,Devbhoomi Dwarka,SHREE SAI ENTERPRISE,shreesaienterprise75@gmail.com,8128171111,0,0
GUJARAT,Devbhoomi Dwarka,SHREE RAM SOLAR,shreeramsolar12@gmail.com,9726671212,0,0
GUJARAT,Devbhoomi Dwarka,SHREE RADHE ELECTRICALS,shreeradhesolar24@gmail.com,9974842981,0,0
GUJARAT,Devbhoomi Dwarka,SHREE OFFICE SOLUTIONS PRIVATE LIMITED,rajranipa.sospl@gmail.com,9898084466,0,0
GUJARAT,Devbhoomi Dwarka,SHREE LALGHAR CORPORATION,shreelalgharcorporation@gmail.com,8200149120,0,0
GUJARAT,Devbhoomi Dwarka,SHREE KRISHNA SALES AND SERVICES,info@skss.co.in,9998990694,0,0
GUJARAT,Devbhoomi Dwarka,SHREE KRISHNA ENERGY,shreekrishna.energy@gmail.com,9979559334,0,0
GUJARAT,Devbhoomi Dwarka,SHREE KHODIYAR SOLAR & ENTERPRISE,s60358186@gmail.com,9313405580,0,0
GUJARAT,Devbhoomi Dwarka,SHREE HARI SOLAR,patelravit1@gmail.com,9819049759,0,0
GUJARAT,Devbhoomi Dwarka,SHREE HARI SALES & SERVICES,shreeharisales16@gmail.com,7698916121,0,0
GUJARAT,Devbhoomi Dwarka,SHREE HARGANGESHWAR WATER CARE,shreehargangeshwarenergy@gmail.com,8128362108,0,0
GUJARAT,Devbhoomi Dwarka,SHREE GOR SOLAR,shreegorsolar@gmail.com,6361983041,0,0
GUJARAT,Devbhoomi Dwarka,SHREE GOKUL ENTERPRISE,shreegokulenterprise123@gmail.com,8160000871,0,0
GUJARAT,Devbhoomi Dwarka,SHREE GAUTAM RENEWABLES AND CLEAN ENERGIES,shreegautam.energy@gmail.com,9408188809,0,0
GUJARAT,Devbhoomi Dwarka,SHREE GAJANAND SOLAR,gajanandsolar@gmail.com,8347972590,0,0
GUJARAT,Devbhoomi Dwarka,SHREE GAJANAND ENERGIES,magicwithparth@gmail.com,6351126699,0,0
GUJARAT,Devbhoomi Dwarka,SHREE ENERGY SOLUTIONS,shreeenergysolution8@gmail.com,9904335293,0,0
GUJARAT,Devbhoomi Dwarka,SHREE CHAMUNDESHVARI TRADING,hareshdodiya75@gmail.com,9327523737,0,0
GUJARAT,Devbhoomi Dwarka,SHREE BRAHMANI ELECTRICALS,shreebrahmanisolar@gmail.com,9909995675,0,0
GUJARAT,Devbhoomi Dwarka,SHREE AMBIKA AGENCIES,niravambika@rediffmail.com,9426158047,0,0
GUJARAT,Devbhoomi Dwarka,SHOOLIN WATT PRIVATE LIMITED,shoolinwattpvtltd@gmail.com,9909967894,0,0
GUJARAT,Devbhoomi Dwarka,SHIVRON INDUSTRY,shivronind.contr@gmail.com,9925248752,0,0
GUJARAT,Devbhoomi Dwarka,SHIVIK ENTERPRISE,shivikenterprise@gmail.com,9512839262,0,0
GUJARAT,Devbhoomi Dwarka,SHIVHARDHA SHD PROJECTS,shivhardha@gmail.com,9898692603,0,0
GUJARAT,Devbhoomi Dwarka,SHIVDHARA SALES,shivdharasales8060@gmail.com,7433004040,0,0
GUJARAT,Devbhoomi Dwarka,SHIVAY SOLAR ENERGY PRIVATE LIMITED,sanjay1482@gmail.com,7490013700,0,0
GUJARAT,Devbhoomi Dwarka,SHIVAS SOLAR,shivassolar4418@gmail.com,9537611795,0,0
GUJARAT,Devbhoomi Dwarka,SHIVAM SOLAR AND SERVICES,Parmardivyraj.77@gmail.com,8320732424,0,0
GUJARAT,Devbhoomi Dwarka,SHIVAM PHOTOVOLTICS PVT LTD,tenders@spvpl.com,9426023829,0,0
GUJARAT,Devbhoomi Dwarka,SHIVAM ENTERPRISE,ERJAYPATHAK1@GMAIL.COM,9376099001,0,0
GUJARAT,Devbhoomi Dwarka,SHIVAM ENERGY TECH,shivamenergytech2023@gmail.com,9687001450,0,0
GUJARAT,Devbhoomi Dwarka,SHIVAM ELECTRICAL,kaushaldave2@gmail.com,9687575600,0,0
GUJARAT,Devbhoomi Dwarka,SHIVA SOLAR ENERGY,admin@shivasolarenergy.com,9624220197,0,0
GUJARAT,Devbhoomi Dwarka,SHIV TRADERS,shivtraders7233@gmail.com,9998820863,0,0
GUJARAT,Devbhoomi Dwarka,SHIV SALES AGENCY,ghadiyabhaisolar08@gmail.com,9428798679,0,0
GUJARAT,Devbhoomi Dwarka,SHIV ENTERPRISE,shiventerprisesolor@gmail.com,7600438578,0,0
GUJARAT,Devbhoomi Dwarka,SHINE SOLAR,shinesolar.marketing@gmail.com,7622023355,0,0
GUJARAT,Devbhoomi Dwarka,SHINE ENERGY SOLUTION,info@shineenergysolution.in,9687959342,0,0
GUJARAT,Devbhoomi Dwarka,SHAURYAM ENTERPRISE,shauryamsolarenterprise@gmail.com,9173645491,0,0
GUJARAT,Devbhoomi Dwarka,SHATRAS AGRI,shatrasagri@gmail.com,9714616040,0,0
GUJARAT,Devbhoomi Dwarka,SHARVA SOLAR,sharvasolar@gmail.com,9909449650,0,0
GUJARAT,Devbhoomi Dwarka,SHANTI CORPORATION,info.shanticorporation@gmail.com,8980524444,0,0
GUJARAT,Devbhoomi Dwarka,SHAKTI SOLAR SERVICE,ktptl52@gmail.com,9737854634,0,0
GUJARAT,Devbhoomi Dwarka,SHAKTI GREEN ENERGY SERVICES,shakti.green25@gmail.com,9898860648,0,0
GUJARAT,Devbhoomi Dwarka,SHAKTI GREEN ENERGY,shaktigreenenergy96@gmail.com,7405252123,0,0
GUJARAT,Devbhoomi Dwarka,SHAKTI ENTERPRISE,shaktienterprise082025@gmal.com,8511288555,0,0
GUJARAT,Devbhoomi Dwarka,SHAKTI ENTERPRISE,shaktienterprise0507@gmail.com,8866124840,0,0
GUJARAT,Devbhoomi Dwarka,SHAILEE PROJECTS PRIVATE LIMITED,shaileeprojects99@gmail.com,7600755058,0,0
GUJARAT,Devbhoomi Dwarka,SGK SOLAR,sgksolarrjt@gmail.com,9313885348,0,0
GUJARAT,Devbhoomi Dwarka,SEVENTH SKY RENEWABLE LLP,seventhskyrenewable@gmail.com,7874524574,0,0
GUJARAT,Devbhoomi Dwarka,SERVOTECH POWER SYSTEMS LIMITED,pmsuryaghar@servotechindia.com,9266918120,0,0
GUJARAT,Devbhoomi Dwarka,SAVIOR SOLAR ENERGY,saviorsolarenergy@outlook.com,8980517729,0,0
GUJARAT,Devbhoomi Dwarka,SAVEGRID ENERGY,savegridenergy@gmail.com,6355785758,0,0
GUJARAT,Devbhoomi Dwarka,SAVARIYA CORPORATION,savariyacorporation@gmail.com,9274166507,0,0
GUJARAT,Devbhoomi Dwarka,SAUR SOLAR SOLUTION LLP,piyushpatel1974@gmail.com,9909417258,0,0
GUJARAT,Devbhoomi Dwarka,SATYAY SOLAR,satyaysolar@gmail.com,9157716540,0,0
GUJARAT,Devbhoomi Dwarka,SATYASARA ENERGY PRIVATE LIMITED,satyasaraenergy@gmail.com,9909365808,0,0
GUJARAT,Devbhoomi Dwarka,SATYAM SOLAR,satyamsolar823@gmail.com,9227941770,0,0
GUJARAT,Devbhoomi Dwarka,SATYAM ELECTRICALS,satyamelectrical@yahoo.com,9824256257,0,0
GUJARAT,Devbhoomi Dwarka,SATYAKRISHNA LIGHTING,SATYAKRISHNALIGHTING@GMAIL.COM,9428369990,0,0
GUJARAT,Devbhoomi Dwarka,SATTVA ENERGIES,sattvaenergies@gmail.com,8401156604,0,0
GUJARAT,Devbhoomi Dwarka,SAT GREENTECH PRIVATE LIMITED,satgreentech25@gmail.com,8758957741,0,0
GUJARAT,Devbhoomi Dwarka,SASA ENERGY LLP,sasaenergyllp@gmail.com,9099207722,0,0
GUJARAT,Devbhoomi Dwarka,SARVAYOGAM SOLAR PRIVATE LIMITED,sarvayogamsolar@gmail.com,6356633355,0,0
GUJARAT,Devbhoomi Dwarka,SARJAN CONSTRUCTION PVT LTD,info.solardiv@sarjanconstruction.com,8000052226,0,0
GUJARAT,Devbhoomi Dwarka,SARDAR SOLAR ENERGY PRIVATE LIMITED,sardarsolarenergypvtltd015@gmail.com,9664915598,0,0
GUJARAT,Devbhoomi Dwarka,SANTKRUPA ELECTRICALS,santkrupaelectricals19@gmail.com,8849254993,0,0
GUJARAT,Devbhoomi Dwarka,SANJAY SOLAR,sbheaters@gmail.com,7016893192,0,0
GUJARAT,Devbhoomi Dwarka,SANGANI ENTERPRISE,sanganienterprise1610@gmail.com,8347958992,0,0
GUJARAT,Devbhoomi Dwarka,SANGAM ELECTRONICS CO,info.sangamsolar@gmail.com,9825929552,0,0
GUJARAT,Devbhoomi Dwarka,SANELITE SOLAR PVT LTD,bhavesh.modi@sanelitesolar.com,9374021722,0,0
GUJARAT,Devbhoomi Dwarka,SAMRUDDH SOLAR,samruddhsolar1@gmail.com,7859827859,0,0
GUJARAT,Devbhoomi Dwarka,SAMPTEL ENERGY PRIVATE LIMITED,project@samptelenergy.com,9727755187,0,0
GUJARAT,Devbhoomi Dwarka,SAMAR SOLAR,samarsolar183@gmail.com,7046164346,0,0
GUJARAT,Devbhoomi Dwarka,SAMAR ENERGY SOLUTIONS,samarenergysolutions@gmail.com,9662727432,0,0
GUJARAT,Devbhoomi Dwarka,SAICAB TECH PVT LTD,info@saicabtech.com,8511130328,0,0
GUJARAT,Devbhoomi Dwarka,SAHJANAND ENTERPRISE,sahjanandeprise@gmail.com,9737671777,0,0
GUJARAT,Devbhoomi Dwarka,SAHAYOG ENERGY,sahayogenergy@gmail.com,9429124424,0,0
GUJARAT,Devbhoomi Dwarka,SAHAJ SOLAR PRIVATE LIMITED,bparmar@sahajsolar.com,7573006832,0,0
GUJARAT,Devbhoomi Dwarka,SAFVI ELECTRICALS SOLUTIONS,safvielectricalssolutions2013@gmail.com,9374754648,0,0
GUJARAT,Devbhoomi Dwarka,SAFFRON RENEWTECH,saffronrenewtech24@gmail.com,7600507557,0,0
GUJARAT,Devbhoomi Dwarka,SADGURU SOLAR SYSTEMS,sadgurusolarsystems@gmail.com,9687621666,0,0
GUJARAT,Devbhoomi Dwarka,SADGURU ELECTRICALS,sadguruelectricals23@gmail.com,9714715649,0,0
GUJARAT,Devbhoomi Dwarka,SAAN ELECTRICAL,saanelectrical@gmail.com,9033735490,0,0
GUJARAT,Devbhoomi Dwarka,S P MULTI ENGINEERING SERVICES,spmultiengineeringservices@gmail.com,9104556095,0,0
GUJARAT,Devbhoomi Dwarka,S MEERA ELECTRICALS,s.meeraelectricals@gmail.com,9328249939,0,0
GUJARAT,Devbhoomi Dwarka,S DIPAK AND CO,sdipaksolar@gmail.com,9898664858,0,0
GUJARAT,Devbhoomi Dwarka,RVV SOLAR PRIVATE LIMITED,rvvsolarpvtltd@gmail.com,8160825026,0,0
GUJARAT,Devbhoomi Dwarka,RVMOVALIYA CONSTRUCTION CO,rvmovaliya.solarenergy@gmail.com,9724543742,0,0
GUJARAT,Devbhoomi Dwarka,RV INFOTECH,rvinfotech2020@gmail.com,8141560037,0,0
GUJARAT,Devbhoomi Dwarka,RUPABHAI MAGANBHAI PATEL,RMP.GEMPORTAL@GMAIL.COM,9426004861,0,0
GUJARAT,Devbhoomi Dwarka,RUDRASOL ENERGY PRIVATE LIMITED,rudrasolenergy@gmail.com,9408397604,0,0
GUJARAT,Devbhoomi Dwarka,RUDRAKSH ELECTRICALS,rudrakshelectricals4@gmail.com,6353460657,0,0
GUJARAT,Devbhoomi Dwarka,RUDRA SOLAR AND ELECTRICAL,rudrasolar2019@gmail.com,9510514672,0,0
GUJARAT,Devbhoomi Dwarka,RSV POWER ENGINEERING,rsv.power.engineering@gmail.com,9033590507,0,0
GUJARAT,Devbhoomi Dwarka,ROYAL POWER MART,royalmotormart1@gmail.com,9825440269,0,0
GUJARAT,Devbhoomi Dwarka,ROYAL ENTERPRISE,royalenterprise.vadodara@gmail.com,6352205345,0,0
GUJARAT,Devbhoomi Dwarka,RK SUN POWER LLP,rksunpowertrading@gmail.com,9913785000,0,0
GUJARAT,Devbhoomi Dwarka,RK RENEWABLE ENERGY & ENGINEERING WORKS,rkrenewable.engineering2020@gmail.com,9824961523,0,0
GUJARAT,Devbhoomi Dwarka,RITUDHAN SOLAR POWER,ritudhansolarpower@gmail.com,9879111390,0,0
GUJARAT,Devbhoomi Dwarka,RISING SUN ENERGY,risingsunenergy2018@gmail.com,7405303305,0,0
GUJARAT,Devbhoomi Dwarka,RISING GREEN ENERGY,rgesolar@gmail.com,9033119375,0,0
GUJARAT,Devbhoomi Dwarka,RISING ENERGY SOLUTIONS,risingenergy@yahoo.com,7990391839,0,0
GUJARAT,Devbhoomi Dwarka,RISHAV POWERTECH LLP,rishavpowertech@gmail.com,9898203470,0,0
GUJARAT,Devbhoomi Dwarka,RIMPLE CORPORATION LLP,rimpleco@gmail.com,6351076702,0,0
GUJARAT,Devbhoomi Dwarka,RIGHT POWER INFRA PVT LTD,darshana@right-infra.com,9898661067,0,0
GUJARAT,Devbhoomi Dwarka,RIDDLE ENERGY PVT. LTD.,riddleenergy2101@gmail.com,9879556196,0,0
GUJARAT,Devbhoomi Dwarka,RIA SOLAR,riasolar2021@gmail.com,8320210323,0,0
GUJARAT,Devbhoomi Dwarka,RIA POWER,riapower24@gmail.com,8758463929,0,0
GUJARAT,Devbhoomi Dwarka,RG SOLAR SOLUTIONS,info@rgsolarsolutions.com,7718719713,0,0
GUJARAT,Devbhoomi Dwarka,REVA RENEWABLES,revarenewables@gmail.com,6358844490,0,0
GUJARAT,Devbhoomi Dwarka,RESONAGE GREEN ENERGY PRIVATE LIMITED,rgepl2024gujarat@gmail.com,9879402000,0,0
GUJARAT,Devbhoomi Dwarka,RENEWZA ENERGY,renewzaenergy@gmail.com,8511148225,0,0
GUJARAT,Devbhoomi Dwarka,RENEWIX INNOVATIONS PVT LTD,hello@renewix.in,9998980947,0,0
GUJARAT,Devbhoomi Dwarka,RENEWABLE SUN SOLAR,renewablesunsolar@gmail.com,7600201198,0,0
GUJARAT,Devbhoomi Dwarka,RENEW ENERGIES,information.renew@gmail.com,7405507073,0,0
GUJARAT,Devbhoomi Dwarka,RENEVIK SOLAR SOLUTIONS PRIVATE LIMITED,sejal.c@vikasaryagroup.com,9327572645,0,0
GUJARAT,Devbhoomi Dwarka,RENEURJA ENERGY,reneurjaenergy@gmail.com,8460611110,0,0
GUJARAT,Devbhoomi Dwarka,RENESYS POWER SYSTEMS PRIVATE LIMITED,project@renesys.in,7069751110,0,0
GUJARAT,Devbhoomi Dwarka,RENAISSANCE CORPORATE SOLUTIONS PVT. LTD.,rcplsolar@gmail.com,9572032363,0,0
GUJARAT,Devbhoomi Dwarka,RELIGHT ENERGY LLP,relightenergy.info@gmail.com,8000194738,0,0
GUJARAT,Devbhoomi Dwarka,REGAL ELECTRICALS,balochvikarali60@gmail.com,8141028100,0,0
GUJARAT,Devbhoomi Dwarka,REFLECTION SOLAR & ENERGY PRIVATE LIMITED,piyushraval.1984@gmail.com,9725019493,0,0
GUJARAT,Devbhoomi Dwarka,REFLECT SOLAR,reflect.solar.energy@gmail.com,9998419211,0,0
GUJARAT,Devbhoomi Dwarka,REEWA SOLAR ENERGY,reewasolarenergy@gmail.com,9879353053,0,0
GUJARAT,Devbhoomi Dwarka,REDSUN SOLAR INDUSTRIES,info@redsunin.com,9825632875,0,0
GUJARAT,Devbhoomi Dwarka,REDREN ENERGY PVT LTD,rooftop@redren.in,9104591041,0,0
GUJARAT,Devbhoomi Dwarka,RECARE ELECTRICAL LLP,projects.recare@gmail.com,7600184425,0,0
GUJARAT,Devbhoomi Dwarka,REAL MULTIPLE SOLUTIONS,rmssolar.bhavnagar@rediffmail.com,9099722722,0,0
GUJARAT,Devbhoomi Dwarka,RE360,gogreen@re360.in,8258976667,0,0
GUJARAT,Devbhoomi Dwarka,RD ENERGY SOLUTIONS,rdenergysolutions@outlook.com,8866226473,0,0
GUJARAT,Devbhoomi Dwarka,RAYSOLAR ENERGY SOLUTIONS PRIVATE LIMITED,raysolarenergysolutions@gmail.com,7874390654,0,0
GUJARAT,Devbhoomi Dwarka,RAYOLT ENERGY LLP,info@rayolt.com,9998745706,0,0
GUJARAT,Devbhoomi Dwarka,RAYNEX POWER SOLUTION,raynexps@gmail.com,8758239470,0,0
GUJARAT,Devbhoomi Dwarka,RAYCAL POWER INFRA PVT LTD,darshan@raycal.in,6358196472,0,0
GUJARAT,Devbhoomi Dwarka,RAY ENERGY,info.rayenergy@gmail.com,8401481453,0,0
GUJARAT,Devbhoomi Dwarka,RAVIJA ENTERPRISES,ravijaenterprises09@gmail.com,6356956938,0,0
GUJARAT,Devbhoomi Dwarka,RARA-AVIS RENEWABLE ENERGY PRIVATE LIMITED,info@raraavisenergy.com,7043374434,0,0
GUJARAT,Devbhoomi Dwarka,RANJAN INDUSTRIES,ranjan28496@gmail.com,9924818113,0,0
GUJARAT,Devbhoomi Dwarka,RAMESH POWER POINTS,rameshpowerpoint@gmail.com,9825225585,0,0
GUJARAT,Devbhoomi Dwarka,RAMDEV SOLAR SYSTEM,ramdevsolarsytem@gmail.com,8758911969,0,0
GUJARAT,Devbhoomi Dwarka,RAMAA SOLAR,ramaasolar@gmail.com,8866697632,0,0
GUJARAT,Devbhoomi Dwarka,RAJDEEP SOLAR ENERGY PVT. LTD.,dharmesh@rajdeepsolarnergy.com,9099089749,0,0
GUJARAT,Devbhoomi Dwarka,RAJAVI ELECTRICAL SERVICES,rajvielectricalservices@gmail.com,9723613718,0,0
GUJARAT,Devbhoomi Dwarka,RAJANJI ENTERPRISE,RAJANJI72.LV@GMAIL.COM,8849116749,0,0
GUJARAT,Devbhoomi Dwarka,RAJANI MOTORS,rajanimotors21@gmail.com,7227807262,0,0
GUJARAT,Devbhoomi Dwarka,RAJ ELECTRICALS,solar.rajelectricals@gmail.com,9998656539,0,0
GUJARAT,Devbhoomi Dwarka,RAGHURAM SOLAR POWER GREEN ENERGY LLP,raghuramsolar9@gmail.com,7575019877,0,0
GUJARAT,Devbhoomi Dwarka,RADIANT SOLAR SYSTEMS,bhargavec40@gmail.com,9408503198,0,0
GUJARAT,Devbhoomi Dwarka,RADIANT SOLAR SOLUTIONS,paresh@radiantsolarsolution.com,9979632096,0,0
GUJARAT,Devbhoomi Dwarka,RADIANT SOLAR ENERGY,info@radiantsolarenergy.co.in,9512337513,0,0
GUJARAT,Devbhoomi Dwarka,RADIANT INDIA,RADIANTINDIA007@GMAIL.COM,9163559963,0,0
GUJARAT,Devbhoomi Dwarka,RADIANT GREENS SOLAR,info@radiantgreens.in,8140316334,0,0
GUJARAT,Devbhoomi Dwarka,RADHE ELECTRICAL,radheelectrical24@gmail.com,9601294783,0,0
GUJARAT,Devbhoomi Dwarka,RABBIT ELECTRICAL AND SOLAR PVT. LTD.,respvtltd24@gmai.com,9727646420,0,0
GUJARAT,Devbhoomi Dwarka,RAASON ENERTECH LLP,info@raasonenertech.com,9624768483,0,0
GUJARAT,Devbhoomi Dwarka,R V SOLAR,rvsolarvijapur@gmail.com,9726801070,0,0
GUJARAT,Devbhoomi Dwarka,R N SALES CORPORATION,r.tech.2000@gmail.com,9574472134,0,0
GUJARAT,Devbhoomi Dwarka,R K ENTERPRICE,jayswal.ravi@ymail.com,9722252875,0,0
GUJARAT,Devbhoomi Dwarka,R K BHABHOR,rkbhabhor78@gmail.com,9909161378,0,0
GUJARAT,Devbhoomi Dwarka,R C ELECTRICALS,info@rcelectricals.in,9824757160,0,0
GUJARAT,Devbhoomi Dwarka,R B RENEWABLES LLP,info@brrenewables.com,9898985672,0,0
GUJARAT,Devbhoomi Dwarka,QORX ENERGY,qorxenergy1366@gmail.com,9904000629,0,0
GUJARAT,Devbhoomi Dwarka,PYRAMID PROJECTS,pyramidsolarindia@gmail.com,9726430137,0,0
GUJARAT,Devbhoomi Dwarka,PV RENEWABLES,keyurdudhat871@gmail.com,9714872871,0,0
GUJARAT,Devbhoomi Dwarka,PV RAYS ENERGY,pvraysenergy@gmail.com,9898097222,0,0
GUJARAT,Devbhoomi Dwarka,PURNIMA SOLAR ENERGY,rpateldeesa@gmail.com,9824320856,0,0
GUJARAT,Devbhoomi Dwarka,PURMA ENERGY PVT LTD,purmaenergy@gmail.com,7069628193,0,0
GUJARAT,Devbhoomi Dwarka,PROTON POWER SERVICE,sprotonpower@gmail.com,9033765370,0,0
GUJARAT,Devbhoomi Dwarka,PROSTARM INFO SYSTEMS LIMITED,mktg.ahm@prostarm.com,9316466272,0,0
GUJARAT,Devbhoomi Dwarka,PROSPER ENTERPRISE,prosperenterprise07@gmail.com,9824420913,0,0
GUJARAT,Devbhoomi Dwarka,PROMECH SOLAR ENERGY,promechsolarenergy@gmail.com,9662026679,0,0
GUJARAT,Devbhoomi Dwarka,PRODES CONSULTING ENGINEERS PRIVATE LIMITED,rajiv.ranjan.prakash786@gmail.com,8690444556,0,0
GUJARAT,Devbhoomi Dwarka,PRIYANKA ENTERPRISE,enterpriseriya8002@gmail.com,9913032779,0,0
GUJARAT,Devbhoomi Dwarka,PRIVA ENTERPRISE,vickysheth1987@gmail.com,9825241949,0,0
GUJARAT,Devbhoomi Dwarka,PRISM ECOENERGIA PRIVATE LIMITED,info@prismecoenergia.com,9704710101,0,0
GUJARAT,Devbhoomi Dwarka,PRISHA CORPORATION,prishacorporation183@gmail.com,9825505023,0,0
GUJARAT,Devbhoomi Dwarka,PRINIX POWER OPC PRIVATE LIMITED,prinixpower@gmail.com,7600755058,0,0
GUJARAT,Devbhoomi Dwarka,PRINCE ELECTRICAL,princeelectrical20@gmail.com,8866507173,0,0
GUJARAT,Devbhoomi Dwarka,PRIME ENERGY,primeenergy321@gmail.com,9512022199,0,0
GUJARAT,Devbhoomi Dwarka,PRIDE SOLAR ENERGY LLP,Pridesolarenergyllp@outlook.com,9664975264,0,0
GUJARAT,Devbhoomi Dwarka,PRAYOSHAM SOLAR ENERGY,jayrajp880@gmail.com,9574242883,0,0
GUJARAT,Devbhoomi Dwarka,PRAYOSHA CORPORATION,prayoshacorporation.india@gmail.com,9825390162,0,0
GUJARAT,Devbhoomi Dwarka,PRATYUSH RENEWABLE ENERGY PRIVATE LIMITED,pratyushrenewables@gmail.com,8780737839,0,0
GUJARAT,Devbhoomi Dwarka,PRATIKSHA ENTERPRISE,pratikshaenterprise1006@gmail.com,8238516417,0,0
GUJARAT,Devbhoomi Dwarka,PRASHANT ENTERPRISE,prashantenterprise.solar@gmail.com,9409337000,0,0
GUJARAT,Devbhoomi Dwarka,PRANIL CORPORATION,riddhistart@yahoo.co.in,9825411575,0,0
GUJARAT,Devbhoomi Dwarka,PRANIK POWER INFRA PRIVATE LIMITED,solar.pranik@gmail.com,9925237347,0,0
GUJARAT,Devbhoomi Dwarka,PRAHAR SOLAR SOLUTIONS,info.praharsolar@gmail.com,9016360702,0,0
GUJARAT,Devbhoomi Dwarka,PRAGATI URZA PRIVATE LIMITED,pragatiurza@gmail.com,8347009697,0,0
GUJARAT,Devbhoomi Dwarka,PRAGATI ENTERPRISE,pragatienterprise1985@gmail.com,9825254567,0,0
GUJARAT,Devbhoomi Dwarka,PRACHI GREEN GREEN ENERGY PVT LTD,prachigreenenergy@gmail.com,9737830854,0,0
GUJARAT,Devbhoomi Dwarka,POWERTRONICS TECHNOLOGY,powertronics1990@gmail.com,9974772070,0,0
GUJARAT,Devbhoomi Dwarka,POWERTRAC INDUSTRIES LIMITED,info@powertracsolar.com,7573014610,0,0
GUJARAT,Devbhoomi Dwarka,POWERTECH ENGINEERS SURAT,sanatbarot@gmail.com,9377625242,0,0
GUJARAT,Devbhoomi Dwarka,POWERSOL,office@re.digital,9016681762,0,0
GUJARAT,Devbhoomi Dwarka,POWERON ELECTRICAL,poweron.electricalservice@gmail.com,7990528002,0,0
GUJARAT,Devbhoomi Dwarka,POWERMAC TECHNOLOGY,info@powermacgroup.com,9099939972,0,0
GUJARAT,Devbhoomi Dwarka,POWER TECH ENERGY SOLUTUIONS,epc@ptes.in,6357502081,0,0
GUJARAT,Devbhoomi Dwarka,POWER SYSTEM,powersystem2k11@gmail.com,9898068224,0,0
GUJARAT,Devbhoomi Dwarka,POWER RISE,powerrise16@gmail.com,8460145311,0,0
GUJARAT,Devbhoomi Dwarka,POWER PLUS ENERGY,powerplussolarenergy@gmail.com,9998183339,0,0
GUJARAT,Devbhoomi Dwarka,POWER PLUS,powerplusbhabhar@gmail.com,8128435584,0,0
GUJARAT,Devbhoomi Dwarka,POWER PACK SOLUTIONS,powerpacksolutions12195@gmail.com,9725787004,0,0
GUJARAT,Devbhoomi Dwarka,POWER GENESYS ENERGY SOLUTIONS PRIVATE LIMITED,subbu@powergenesys.com,8618279431,0,0
GUJARAT,Devbhoomi Dwarka,POOJA ELECTRICALS,PE9711@gmail.com,8758668166,0,0
GUJARAT,Devbhoomi Dwarka,POOJA ELECTRICALS,poojaelectrical21@gmail.com,7434034056,0,0
GUJARAT,Devbhoomi Dwarka,POINTER INSTRUMENTS SERVICES,pointer1729@gmail.com,9033543187,0,0
GUJARAT,Devbhoomi Dwarka,PLUGIN ELECTRICAL,info@pluginelectrical.in,9512020316,0,0
GUJARAT,Devbhoomi Dwarka,PIXON GREEN ENERGY PRIVATE LIMITED,tender@pixonenergy.in,7229035912,0,0
GUJARAT,Devbhoomi Dwarka,PHOTOVOLTAIC SOLAR,info@photovoltaicsolar.in,8866488000,0,0
GUJARAT,Devbhoomi Dwarka,PHOTONICS WATERTECH PRIVATE LIMITED,vasant@photonicslights.com,6353704460,0,0
GUJARAT,Devbhoomi Dwarka,PHOENIX RENEWABLE ENERGY,PHOENIXRE6@GMAIL.COM,9586110114,0,0
GUJARAT,Devbhoomi Dwarka,PHOENIX CREATIONS LIMITED,phoenixcreations2011@gmail.com,9978578599,0,0
GUJARAT,Devbhoomi Dwarka,PETLAD SOJITRA TALUKA SAURAURJA UTPADAK SAHKARI MANDALI LIMITED,pssumandali@gmail.com,8140968999,0,0
GUJARAT,Devbhoomi Dwarka,PERFECT RENEWTECH PRIVATE LIMITED,info@perfectrenewtech.com,9965200700,0,0
GUJARAT,Devbhoomi Dwarka,PEGASUS POWER AND INFRA LLP,info@pegasusllp.com,8160259454,0,0
GUJARAT,Devbhoomi Dwarka,PEAKSUN ENERGY PRIVATE LIMITED,info@peaksunenergy.co.in,7486089901,0,0
GUJARAT,Devbhoomi Dwarka,PDF ENGINEERS PRIVATE LIMITED,project2.pepl@gmail.com,8803910391,0,0
GUJARAT,Devbhoomi Dwarka,PAVAN ENERGY,pavanenergy1209@gmail.com,7016265112,0,0
GUJARAT,Devbhoomi Dwarka,PATEL JOYATABHAI GALABHAI,pateljoytabhai1134@gmail.com,9724674544,0,0
GUJARAT,Devbhoomi Dwarka,PATEL GREEN ENERGY SALES AND SERVICE,patelgreenenergyinfo@gmail.com,9427412983,0,0
GUJARAT,Devbhoomi Dwarka,PATEL ELECTRONICS,hardikpatelelec@gmail.com,9377767508,0,0
GUJARAT,Devbhoomi Dwarka,PATEL ELECTRICALS,info.patelelectricals@gmail.com,9998896555,0,0
GUJARAT,Devbhoomi Dwarka,PASHAVA ENERGY PRIVATE LIMITED,pashavaenergy@yahoo.com,9909904332,0,0
GUJARAT,Devbhoomi Dwarka,PARTHKUMAR VIKRAMBHAI KAMANIYA,kpv2322@gmail.com,9313098584,0,0
GUJARAT,Devbhoomi Dwarka,PARTH SALES,parthsalessolar@gmail.com,9712426671,0,0
GUJARAT,Devbhoomi Dwarka,PAROT RENEWABLES LIMITED,gn@parotrenewables.com,9274692942,0,0
GUJARAT,Devbhoomi Dwarka,PARMAR ENTERPRISE,parmarenterprise2024@gmail.com,9574944345,0,0
GUJARAT,Devbhoomi Dwarka,PARK SHELDRAKE,parksheldrake@gmail.com,7862991878,0,0
GUJARAT,Devbhoomi Dwarka,PARISHRAM INFOENERGY,parishraminfoenergy@gmail.com,9909433132,0,0
GUJARAT,Devbhoomi Dwarka,PARESH S. VAIDYA,parvaidya2012@gmail.com,9879529203,0,0
GUJARAT,Devbhoomi Dwarka,PARAS TECHNOCRAT PVT. LTD,info@parastechnocrat.in,7621983131,0,0
GUJARAT,Devbhoomi Dwarka,PANCHAMRUT ENTERPRISE,panchamrut2019@gmail.com,7016103662,0,0
GUJARAT,Devbhoomi Dwarka,PAHAL SOLAR EPC LLP,avinash@pahalsolar.com,9512323223,0,0
GUJARAT,Devbhoomi Dwarka,P.M.BAROT GREEN ENERGY,jaybarotkdbm@gmail.com,9327129667,0,0
GUJARAT,Devbhoomi Dwarka,P V ENERGY,pvenergy999@gmail.com,9924195999,0,0
GUJARAT,Devbhoomi Dwarka,P C LINK ENTERPRISE,pclinkenterprise@gmail.com,8238053941,0,0
GUJARAT,Devbhoomi Dwarka,P AND N ENGINEERING AND MARKETING,pandnsolarenergy@gmail.com,7622023251,0,0
GUJARAT,Devbhoomi Dwarka,OXEN ENERGIES,oxenenergies@gmail.com,8866699444,0,0
GUJARAT,Devbhoomi Dwarka,OSAM STEEL,mansukh.kateshiya93@gmail.com,9106570620,0,0
GUJARAT,Devbhoomi Dwarka,ORTEX CORPORATION,ortexcorporation@gmail.com,9276103457,0,0
GUJARAT,Devbhoomi Dwarka,OORJA ELECTRIC,oorjaforeveryone@gmail.com,9067598727,0,0
GUJARAT,Devbhoomi Dwarka,ONIX RENEWABLE LIMITED,naman.viradiya@onixrenewable.in,9586043661,0,0
GUJARAT,Devbhoomi Dwarka,ONEVOLT GREEN PVT LTD,onevoltgreens@gmail.com,9925292721,0,0
GUJARAT,Devbhoomi Dwarka,ONETIME SOLAR SYSTEM,onetimesolarsystem@gmail.com,9925296957,0,0
GUJARAT,Devbhoomi Dwarka,OMKARA INFOTECH,omkarinfotechlakhani@gmail.com,9428847854,0,0
GUJARAT,Devbhoomi Dwarka,OMEGA POWER,omegapower2018@gmail.com,7990226349,0,0
GUJARAT,Devbhoomi Dwarka,OMEGA ELECTRICALS,omele452@gmail.com,9979888452,0,0
GUJARAT,Devbhoomi Dwarka,OM SOLAR SYSTEMS,omsolarsystems.rjt@gmail.com,8141405557,0,0
GUJARAT,Devbhoomi Dwarka,OM SOLAR,VIPULKUMARPATEL43@YAHOO.IN,9714384884,0,0
GUJARAT,Devbhoomi Dwarka,OM SHANTI SOLAR GROUP,omshantisolar@gmail.com,8530122612,0,0
GUJARAT,Devbhoomi Dwarka,OM SHANTI MACHINERIES EXIM,grandosolar@gmail.com,9824868078,0,0
GUJARAT,Devbhoomi Dwarka,OM SALES ENTERPRISE,rahul.redrenbardoli@gmail.com,9428631515,0,0
GUJARAT,Devbhoomi Dwarka,OM ELECTRICALS,jaydratsinhzala09@gmail.com,9265589234,0,0
GUJARAT,Devbhoomi Dwarka,ODHAV ENTERPRISE,odhaventerpriseindia@gmail.com,9033231303,0,0
GUJARAT,Devbhoomi Dwarka,OCTA ENTERPRISE,octaenterprise7@gmail.com,8469023543,0,0
GUJARAT,Devbhoomi Dwarka,OCEANIC POWER ENGINEERS PRIVATE LIMITED,oceanicpower.in@gmail.com,7778065600,0,0
GUJARAT,Devbhoomi Dwarka,NYALKARAN RENEWABLE ENERGY,nyalkaranrenewableenergy@gmail.com,9998473073,0,0
GUJARAT,Devbhoomi Dwarka,NYALKARAN ENERGY LLP,kaushik@nyalkaranenergy.com,9825412783,0,0
GUJARAT,Devbhoomi Dwarka,NVVP GREEN ENERGY PRIVATE LIMITED,nvvpgreenepl@gmail.com,9979941234,0,0
GUJARAT,Devbhoomi Dwarka,NUJUM INDUSTRIES PRIVATE LIMITED,thenujum@gmail.com,9375188422,0,0
GUJARAT,Devbhoomi Dwarka,NU SOLAR INFRACON PRIVATE LIMITED,nu.solar.infracon@gmail.com,9033181196,0,0
GUJARAT,Devbhoomi Dwarka,NRS SOLAR SOLUTION,info.nrssolarsolution@gmail.com,8488953026,0,0
GUJARAT,Devbhoomi Dwarka,NP RENEWABLE ENERGY,nprenewableenergy@gmail.com,7016917174,0,0
GUJARAT,Devbhoomi Dwarka,NORTHGREEN ENERGY PVT LTD,solar@northgreenenergy.com,9099931707,0,0
GUJARAT,Devbhoomi Dwarka,NJ ELECTRICALS,njelectricals.21@gmail.com,9886309619,0,0
GUJARAT,Devbhoomi Dwarka,NIVAN ENERGY,nivanenergy@gmail.com,9998820905,0,0
GUJARAT,Devbhoomi Dwarka,NISHRAY SOLAR,mkshahexport@gmail.com,9825409639,0,0
GUJARAT,Devbhoomi Dwarka,NIRAJ TRADERS,nirajtraders@yahoo.com,9825030321,0,0
GUJARAT,Devbhoomi Dwarka,NINE TECH AUTOMATION,ninetechautomation09@gmail.com,9313375388,0,0
GUJARAT,Devbhoomi Dwarka,NILKANTH ENTERPRISE,nilkanthenterprise96@gmail.com,9157369603,0,0
GUJARAT,Devbhoomi Dwarka,NILESH ENGINEERS,nileshengineers57@gmail.com,9033005732,0,0
GUJARAT,Devbhoomi Dwarka,NIL ENGINEERING,nil.engineering@yahoo.com,9228387183,0,0
GUJARAT,Devbhoomi Dwarka,NIHAL ENTERPRISE,rehanadonakiya786@gmail.com,8733978072,0,0
GUJARAT,Devbhoomi Dwarka,NIDHI ELECTRICALS,thakkarumang82@gmail.com,9409322020,0,0
GUJARAT,Devbhoomi Dwarka,NEXUS RENEWTECH,nexusrenewtech@gmail.com,8849277955,0,0
GUJARAT,Devbhoomi Dwarka,NEW RESEARCH TECHNOLOGY,nrtsolar@gmail.com,9427809253,0,0
GUJARAT,Devbhoomi Dwarka,NETWORK SOLUTION,network.solution.raj@gmail.com,9227707042,0,0
GUJARAT,Devbhoomi Dwarka,NES ENERGY SOLUTIONS,info.nesenergy@gmail.com,9825071551,0,0
GUJARAT,Devbhoomi Dwarka,NEOTERIX SOLUTION PVT. LTD.,neoterixsolutions@gmail.com,9414010579,0,0
GUJARAT,Devbhoomi Dwarka,NEOCENT SOLAR SYSTEM LLP,m.neocent@gmail.com,9974710486,0,0
GUJARAT,Devbhoomi Dwarka,NEETY EURO ASIA SOLAR ENERGY,falgun@nease.in,9909595442,0,0
GUJARAT,Devbhoomi Dwarka,NEELKANTHESHWAR SOLAR ENERGY,neelkantheshwarsolarenergy@gmail.com,8460048549,0,0
GUJARAT,Devbhoomi Dwarka,NEELAM MICRO ELECTRONICS,neelammicro@yahoo.co.in,9824042405,0,0
GUJARAT,Devbhoomi Dwarka,NAYRA ELECTRONICS,info.nayraelectronics@gmail.com,9054244430,0,0
GUJARAT,Devbhoomi Dwarka,NAVKAR POWER SOLUTIONS,contact@navkarpower.co.in,9879613334,0,0
GUJARAT,Devbhoomi Dwarka,NAVKALP GROUPS,navkalprenewable@gmail.com,8460109090,0,0
GUJARAT,Devbhoomi Dwarka,NAVI ENERGY,contact@navienergy.in,9979435742,0,0
GUJARAT,Devbhoomi Dwarka,NATURE CARE ADVISORS,naturecare.gujarat@gmail.com,8469991098,0,0
GUJARAT,Devbhoomi Dwarka,NAMAH SOLAR ENERGY,namahsolar@gmail.com,6351500821,0,0
GUJARAT,Devbhoomi Dwarka,NAKSHATRA INFOSYS,nakshatrainfosys178@gmail.com,9909697193,0,0
GUJARAT,Devbhoomi Dwarka,NAKSH POWER,bhumikarana1989@gmail.com,8141113593,0,0
GUJARAT,Devbhoomi Dwarka,N J ENERGY,nj.energy9@gmail.com,7487022943,0,0
GUJARAT,Devbhoomi Dwarka,MS SOLAR SPARK,mssolarspark7@gmail.com,9825590311,0,0
GUJARAT,Devbhoomi Dwarka,MS SOLAR,shersiyamujahid@gmail.com,9725097291,0,0
GUJARAT,Devbhoomi Dwarka,MOVA GREEN ENERGY,movagreenenergy1112@gmail.com,7778033298,0,0
GUJARAT,Devbhoomi Dwarka,MOTHER ELECTRICALS,motherelectricals@yahoo.com,8128105018,0,0
GUJARAT,Devbhoomi Dwarka,MNS GLOBAL ENGINEERING AND SERVICES,mnsglobalengineeringservices@gmail.com,9727207075,0,0
GUJARAT,Devbhoomi Dwarka,MK ENTERPRISE,mkenterprise061@gmail.com,8780069239,0,0
GUJARAT,Devbhoomi Dwarka,MK ELECTRICALS,digant.shah10@gmail.com,9825349554,0,0
GUJARAT,Devbhoomi Dwarka,MK ELECTRICAL AND CO,mkelectrical.co@gmail.com,8866525483,0,0
GUJARAT,Devbhoomi Dwarka,MJR INDUSTRIES PRIVATE LIMITED,mjrindustriespvtltd@gmail.com,9426998993,0,0
GUJARAT,Devbhoomi Dwarka,MITTALS GREEN ENERGY PRIVATE LIMITED,info@mittalsgreenenergy.com,8053004999,0,0
GUJARAT,Devbhoomi Dwarka,MITRAY ENGINEERING,mitray.engineering@gmail.com,7621895796,0,0
GUJARAT,Devbhoomi Dwarka,MITRA SOLAR ENERGY,mitrasolarenergy@gmail.com,9725777143,0,0
GUJARAT,Devbhoomi Dwarka,MITCON CONSULTANCY AND ENGINEERING SERVICES LTD,tendercell@mitconindia.com,7447420680,0,0
GUJARAT,Devbhoomi Dwarka,MH POWER SYSTEM,info.mhpowersystem@gmail.com,9016581006,0,0
GUJARAT,Devbhoomi Dwarka,MFINS SERVICES PVT. LTD.,vidya@m-fins.in,8356843342,0,0
GUJARAT,Devbhoomi Dwarka,MESHWA ENTERPRISE,meshwaelectricals@gmail.com,9574409148,0,0
GUJARAT,Devbhoomi Dwarka,MERIDIAN INTERNATIONAL,ghetiya.ashish@gmail.com,7990847552,0,0
GUJARAT,Devbhoomi Dwarka,MEKTECH SOLUTION,mektechsolution@gmail.com,7984595405,0,0
GUJARAT,Devbhoomi Dwarka,MEHUL ELECTRIC,fivestarsolar2025@gmail.com,7984547908,0,0
GUJARAT,Devbhoomi Dwarka,MEERASUN ENERGY,meerasunenergy@gmail.com,9016680239,0,0
GUJARAT,Devbhoomi Dwarka,MEERA SUN ENERGIES,info@meerasunenergies.com,8200447359,0,0
GUJARAT,Devbhoomi Dwarka,MEENA SOLAR,ripalsonpal@gmail.com,8408944904,0,0
GUJARAT,Devbhoomi Dwarka,MECPOWER SOLUTIONS LIMITED,tender@mecpower.in,9328911577,0,0
GUJARAT,Devbhoomi Dwarka,MEAN RAYS RENEWABLE POWER PRIVATE LIMITED,sales.meanrays@gmail.com,9898251352,0,0
GUJARAT,Devbhoomi Dwarka,MD ENERGIES,mdenergies01@gmail.com,9099260004,0,0
GUJARAT,Devbhoomi Dwarka,MBTION ENGINEERING,mbtionengineering@gmail.com,8320565108,0,0
GUJARAT,Devbhoomi Dwarka,MAXSUN ENERGY PRIVATE LIMITED,maxsunsolarenergy@gmail.com,7990361324,0,0
GUJARAT,Devbhoomi Dwarka,MAXIM ENERGY,maximenergy21@gmail.com,9265123804,0,0
GUJARAT,Devbhoomi Dwarka,MAXIFLUENCE TECHNOVATE LLP,info@maxifluencetechnovate.com,9662298809,0,0
GUJARAT,Devbhoomi Dwarka,MATRIX ENTERPRISE,matrixsolar41@gmail.com,8905314234,0,0
GUJARAT,Devbhoomi Dwarka,MARUTI SUNSOLREN,marutisunsolren@gmail.com,8238145153,0,0
GUJARAT,Devbhoomi Dwarka,MARUTI SOLAR SYSTEMS,dinesh.navar@gmail.com,9409080149,0,0
GUJARAT,Devbhoomi Dwarka,MARUTI SOLAR PUMP SYSTEM,patelsandip0226@gmail.com,9426849250,0,0
GUJARAT,Devbhoomi Dwarka,MARUTI ENTERPRISE,marutienterprise148@gmail.com,7698803938,0,0
GUJARAT,Devbhoomi Dwarka,MARUTI ENTERPRISE,maruti.enterprise0915@hotmail.com,8866239646,0,0
GUJARAT,Devbhoomi Dwarka,MARUTI ENERGY,marutienrgy@gmail.com,9033408939,0,0
GUJARAT,Devbhoomi Dwarka,MARUTI ELECTRICALS,info.maruti16@yahoo.com,9727474683,0,0
GUJARAT,Devbhoomi Dwarka,MANYAH ENERGY PVTLTD,manyahenergy@gmail.com,9925065224,0,0
GUJARAT,Devbhoomi Dwarka,MANTRA SOLAR SOLUTIONS,MantraSolarSolutions@gmail.com,7016462899,0,0
GUJARAT,Devbhoomi Dwarka,MANGROLIYA NIKUNJ J.,nikunjmangroliya54@gmail.com,8866685082,0,0
GUJARAT,Devbhoomi Dwarka,MANAN SOLAR,manansolar2022@gmail.com,9714352719,0,0
GUJARAT,Devbhoomi Dwarka,MAKE INSIDE SOLUTIONS,info@makeinside.co.in,9898302030,0,0
GUJARAT,Devbhoomi Dwarka,MAHISAGAR SOLAR ENERGY,mahisagarsolarenergy23@gmail.com,8200154972,0,0
GUJARAT,Devbhoomi Dwarka,MAHEK SOLAR POWER,mahek.tech1@gmail.com,9925805953,0,0
GUJARAT,Devbhoomi Dwarka,MAHAVEER ENTRPRISE,me.solarmaster@gmail.com,7878647771,0,0
GUJARAT,Devbhoomi Dwarka,MAHALAXMI ELECTRICALS - AHEMDABAD,mahalaxmi.electricals_07@yahoo.com,8238914975,0,0
GUJARAT,Devbhoomi Dwarka,MAHAKALI POWER,mahakalipower9252@gmail.com,9687209519,0,0
GUJARAT,Devbhoomi Dwarka,MAHADEV SOLAR ENTERPRISE,mahadevsolar2526@gmail.com,8758610449,0,0
GUJARAT,Devbhoomi Dwarka,MAHADEV SOLAR ENETERPRISE,mahadevsolarjamnagar@gmail.com,9978999939,0,0
GUJARAT,Devbhoomi Dwarka,MAHADEV SOLAR,MAHADEVSOLAR2311@GMAIL.COM,9313618167,0,0
GUJARAT,Devbhoomi Dwarka,MAHADEV SALES AGENCY,mahadevsolarproject@gmail.com,7393939139,0,0
GUJARAT,Devbhoomi Dwarka,MAGLARE TECHNOLOGIES PVT.LTD.,info@maglare.com,8460183838,0,0
GUJARAT,Devbhoomi Dwarka,MADYSON ELECTRICAL,madyson.electrical41@gmail.com,9998864567,0,0
GUJARAT,Devbhoomi Dwarka,MADHULI CORPORATION,madhulicorporation@gmail.com,9904990630,0,0
GUJARAT,Devbhoomi Dwarka,MADHAV SOLAR ENERGY LIMITED (FORMERLY KNOWN AS MADHAV ENTERPRISE - SURAT),info@madhavsolarenergy.com,8849299212,0,0
GUJARAT,Devbhoomi Dwarka,MADHAV GREEN ENERGY,madhavgreene@gmail.com,9408102358,0,0
GUJARAT,Devbhoomi Dwarka,MADHAV ENTERPRISE,madhavsolarshop@gmail.com,7990485674,0,0
GUJARAT,Devbhoomi Dwarka,MADHAV ENERGY SOLUTION,info.madhavenergy@gmail.com,9408354018,0,0
GUJARAT,Devbhoomi Dwarka,MADHAV ELECTRICAL,madhavelectrical23@gmail.com,9426755766,0,0
GUJARAT,Devbhoomi Dwarka,MAA MOGAL ENTERPRISE,maamogale1999@gmail.com,8401237990,0,0
GUJARAT,Devbhoomi Dwarka,M/S. BRAMHA VISHNU MAHESH INFRASTRUCTURE,BVM.INFRASTRUCTURE@REDIFFMAIL.COM,9099980199,0,0
GUJARAT,Devbhoomi Dwarka,M SUN ENERGY,msunenergy30@gmail.com,9104145599,0,0
GUJARAT,Devbhoomi Dwarka,M R ENTERPRISE,mrenterprisesolar@gmail.com,9924370232,0,0
GUJARAT,Devbhoomi Dwarka,M M PARMAR,sunlightenergy09@outlook.com,9227092099,0,0
GUJARAT,Devbhoomi Dwarka,M AND P POWER SOLUTIONS,mnppowersolutions2021@gmail.com,9537006733,0,0
GUJARAT,Devbhoomi Dwarka,LUCRATIVE ENERGY PRIVATE LIMITED,lucrativein24@gmail.com,9408152427,0,0
GUJARAT,Devbhoomi Dwarka,LUCIDUS ENERGY PRIVATE LIMITED,lucidusenergy21@gmail.com,9327990722,0,0
GUJARAT,Devbhoomi Dwarka,LOGICTECH SOLAR AND AUTOMATION PVT LTD,logictechsolar@gmail.com,9429580846,0,0
GUJARAT,Devbhoomi Dwarka,LOBEL SOLAR POWER SYSTEM,info@lobelpower.com,9327007854,0,0
GUJARAT,Devbhoomi Dwarka,LIPO TECHNOLOGY PRIVATE LIMITED,kalpesh@lipotechnology.in,9722266550,0,0
GUJARAT,Devbhoomi Dwarka,LIGHTRIC POWER SOLUTION,lightricpower@gmail.com,6355768984,0,0
GUJARAT,Devbhoomi Dwarka,LIFE MAGIC MARVELL STORE PRIVATE LIMITED,lifemagicmarvel@gmail.com,9098698493,0,0
GUJARAT,Devbhoomi Dwarka,LGM ENERGY AND INFRACON LLP,lgmenergyandinfraconllp@gmail.com,7574000906,0,0
GUJARAT,Devbhoomi Dwarka,LED LIGHT HOUSE,ledlighthouse161921@gmail.com,9624132754,0,0
GUJARAT,Devbhoomi Dwarka,LAXMI HI TECH,laxmihitech36@gmail.com,7046494649,0,0
GUJARAT,Devbhoomi Dwarka,LA CARTE RETAILERS PVT LTD,lacarte09@gmail.com,9909920700,0,0
GUJARAT,Devbhoomi Dwarka,L L ELECTRICALS,llelect89@yahoo.com,9879078908,0,0
GUJARAT,Devbhoomi Dwarka,L G ELECTRICALS,lgelectricals29@gmail.com,9825949200,0,0
GUJARAT,Devbhoomi Dwarka,KUTCH SOLAR AND EV,kutchsolarev@gmail.com,9725436751,0,0
GUJARAT,Devbhoomi Dwarka,KUNTHU CONSULTANTS PVT LTD,neelesh@kunthusolar.com,7405992700,0,0
GUJARAT,Devbhoomi Dwarka,KSQUARE ENERGY PVT LTD,projects@ksquareenergy.com,9725218150,0,0
GUJARAT,Devbhoomi Dwarka,KSHETRAPAL GREEN ENERGY,kshetrapalgreenenergy@gmail.com,7874098869,0,0
GUJARAT,Devbhoomi Dwarka,KRIVI ENERGY PRIVATE LIMITED,solar@krivienergy.com,9326275972,0,0
GUJARAT,Devbhoomi Dwarka,KRIVA TECHNOLOGIES,krivasolartechnologies@gmail.com,7227074480,0,0
GUJARAT,Devbhoomi Dwarka,KRITA GREEN ENERGY,admin@kritagreenenergy.in,9824998266,0,0
GUJARAT,Devbhoomi Dwarka,KRISHNA GREEN ENERGY,krishnagreenenergy18@gmail.com,9773285374,0,0
GUJARAT,Devbhoomi Dwarka,KRISHNA ENTERPRISE,krishnaenterprise4568@gmail.com,9712658209,0,0
GUJARAT,Devbhoomi Dwarka,KRISHIVA INNOVATIVES,info@krishivainnovatives.com,9409435861,0,0
GUJARAT,Devbhoomi Dwarka,KRISHA SOLAR & AGRO INDUSTRIES,krishasolarandagro21@gmail.com,9574856582,0,0
GUJARAT,Devbhoomi Dwarka,KREYA ENTERPRISES,kreyaentp@gmail.com,6359233332,0,0
GUJARAT,Devbhoomi Dwarka,KP GREEN ENGINEERING LIMITED,imam.syed@kpgroup.co,9104677596,0,0
GUJARAT,Devbhoomi Dwarka,KP GREEN ENERGY,kpgreenenergy46@gmail.com,7048370774,0,0
GUJARAT,Devbhoomi Dwarka,KOTSON PROJECTS PRIVATE LIMITED,kotsonprojects@gmail.com,9978909595,0,0
GUJARAT,Devbhoomi Dwarka,KOTHIYA ELECTRIC CONTRACTOR,kothiyaelectric@gmail.com,9913212056,0,0
GUJARAT,Devbhoomi Dwarka,KOSOL ENERGIE PVT. LTD.,bharat@sunray.co.in,8799696356,0,0
GUJARAT,Devbhoomi Dwarka,KOMAL ELECTRIC,chetanramprasadi@gmail.com,9825047503,0,0
GUJARAT,Devbhoomi Dwarka,KK SOLAR TECHNOLOGY,kksolartechnology@gmail.com,9586118331,0,0
GUJARAT,Devbhoomi Dwarka,KK ENTERPRISE,LATHIYA410@GMAIL.COM,9925590208,0,0
GUJARAT,Devbhoomi Dwarka,KITE SOLAR ENERGY,kitesolarenergy@gmail.com,6352523489,0,0
GUJARAT,Devbhoomi Dwarka,KIRAN SOLAR TECH PT. LT,info@kiransolartech.com,9800932333,0,0
GUJARAT,Devbhoomi Dwarka,KHUSHI SOLAR,khushisolar13.info@gmail.com,7600094866,0,0
GUJARAT,Devbhoomi Dwarka,KHUSHI IRRIGATION AND SOLAR,khushi.irrigationandsolar@gmail.com,9638370303,0,0
GUJARAT,Devbhoomi Dwarka,KHODIYAR ENTERPRISE,k_enter_m@rediffmail.com,9825162853,0,0
GUJARAT,Devbhoomi Dwarka,KHODIYAR ELECTRICAL,khodiyarelectrical9199@gmail.com,6355714181,0,0
GUJARAT,Devbhoomi Dwarka,KHODAL CORPORATION,khodalcorporation10@gmail.com,9974129558,0,0
GUJARAT,Devbhoomi Dwarka,KHANAK SYSTEM,khanaksystem@yahoo.com,9824751581,0,0
GUJARAT,Devbhoomi Dwarka,KASTBHANJAN SOLAR,kastbhanjansolar@gmail.com,9099863647,0,0
GUJARAT,Devbhoomi Dwarka,KASHYAP INFRAPROJECTS PVT. LTD.,info@kashyap.in,9898031010,0,0
GUJARAT,Devbhoomi Dwarka,KARTAVY AGROTECH,kartavysolar@gmail.com,9426465233,0,0
GUJARAT,Devbhoomi Dwarka,KARMA POWER,karmapower001@gmail.com,8849370511,0,0
GUJARAT,Devbhoomi Dwarka,KARM ENTERPRISE,KARMSOLAR24@GMAIL.COM,9586363071,0,0
GUJARAT,Devbhoomi Dwarka,KANHA ENTERPRISE,kanhaenterprise4161@gmail.com,6355636703,0,0
GUJARAT,Devbhoomi Dwarka,KAMAXI ELECTRICAL ENGINEERS,dharmesh@kamaxielectricals.com,9974744036,0,0
GUJARAT,Devbhoomi Dwarka,KALPTARU RENEWABLE POWER PVT LTD,support@kalptaru.co,7600780720,0,0
GUJARAT,Devbhoomi Dwarka,KAIZEN UNIVERSAL PRIVATE LIMITED,ketan@kaizen.in,9825119674,0,0
GUJARAT,Devbhoomi Dwarka,KAIZEN NOW,kaizennowahd@gmail.com,9978985558,0,0
GUJARAT,Devbhoomi Dwarka,KAGI RENEWABLE ENERGY,info.kagirenew@gmail.com,8401935902,0,0
GUJARAT,Devbhoomi Dwarka,KAASHIVA POWER INNOVATIONS PVT LTD,nikunjprajapati@kaashiva.com,7227854857,0,0
GUJARAT,Devbhoomi Dwarka,KAARVI GREEN ENERGY,kaarvienergy01@gmail.com,9824094291,0,0
GUJARAT,Devbhoomi Dwarka,K T ELECTRICALS,ktthakkar567@gmail.com,8905168423,0,0
GUJARAT,Devbhoomi Dwarka,K P ENTERPRISE,kpenterprise39@gmail.com,9974383839,0,0
GUJARAT,Devbhoomi Dwarka,K K SOLAR SOLUTIONS,kksolarsolutions@gmail.com,9537279900,0,0
GUJARAT,Devbhoomi Dwarka,JUPISOL POWER INDIA PRIVATE LIMITED,spatel@jupisolpower.com,9879284007,0,0
GUJARAT,Devbhoomi Dwarka,JOYSTICK BIO HEALTH,jstvalsad@gmail.com,9714163052,0,0
GUJARAT,Devbhoomi Dwarka,JJV CORPORATION,info@jjvcorporation.in,9016987377,0,0
GUJARAT,Devbhoomi Dwarka,JIGS ELECTRICAL,jigselectrical@gmail.com,9979129392,0,0
GUJARAT,Devbhoomi Dwarka,JIGAR SYSTEM TECHNOLOGY,jigar@jigarsystems.com,9511768710,0,0
GUJARAT,Devbhoomi Dwarka,JD SOLAR,jdsolar5005@gmail.com,9157590905,0,0
GUJARAT,Devbhoomi Dwarka,JD INFRA ENERGY PRIVATE LIMITED,jdinfraenergy0725@gmail.com,9714061118,0,0
GUJARAT,Devbhoomi Dwarka,JAYVEER ELECTRICAL PRIVATE LIMITED,jayveerelectrical@gmail.com,9601679621,0,0
GUJARAT,Devbhoomi Dwarka,JAYRAJ SOLAR LLP,tejas@jayrajsolar.com,9033963450,0,0
GUJARAT,Devbhoomi Dwarka,JAYKAMAL ENERGY,JAYKAMAL.ENERGY@GMAIL.COM,9726862780,0,0
GUJARAT,Devbhoomi Dwarka,JAYDEV ENERGY,jaydevenergy83@gmail.com,9824885237,0,0
GUJARAT,Devbhoomi Dwarka,JAY SARDAR SOLAR PVT.LTD.,jaysardarsolar@gmail.com,8141500062,0,0
GUJARAT,Devbhoomi Dwarka,JAY SARDAR SOLAR POWER PRIVATE LIMITED,dbchaudhary108@gmail.com,9737550593,0,0
GUJARAT,Devbhoomi Dwarka,JAY KHODIYAR IMPEX,pareshramoliya310@gmail.com,9537164431,0,0
GUJARAT,Devbhoomi Dwarka,JAY ELECTRICALS,jayelec2021@gmail.com,9427261002,0,0
GUJARAT,Devbhoomi Dwarka,JAY DADA SOLAR,jaydadasolar@gmail.com,6353659868,0,0
GUJARAT,Devbhoomi Dwarka,JAY AMBE ELECTRICALS,jayambeelectricals091@gmail.com,6355252020,0,0
GUJARAT,Devbhoomi Dwarka,JAY ADITYA SOLAR,darshit.dj619@gmail.com,8160931631,0,0
GUJARAT,Devbhoomi Dwarka,JASMIN J BAMBHAROLIYA,jasmin.bambharolia14@gmail.com,8140916256,0,0
GUJARAT,Devbhoomi Dwarka,JANSA SOLAR SOLUTIONS PVT LTD,jansa@kalptaru.co.in,9998000769,0,0
GUJARAT,Devbhoomi Dwarka,JANGID SOLAR ENERGY PVT LTD,info@jsepl.in,6358931609,0,0
GUJARAT,Devbhoomi Dwarka,JANETA SOLAR,info.janetasolar90@gmail.com,8734829145,0,0
GUJARAT,Devbhoomi Dwarka,JALESHWAR GREEN ENERGY,info.jaleshwargreen@gmail.com,8140023662,0,0
GUJARAT,Devbhoomi Dwarka,JALARK SOLAR SOLUTIONS OPC PVT LTD,infojalark@gmail.com,9426661857,0,0
GUJARAT,Devbhoomi Dwarka,JAISHANAVI SOLAR,rishikeshthakkar@gmail.com,9974143899,0,0
GUJARAT,Devbhoomi Dwarka,JAIMAX SUNBIM PVT LTD,jaimaxsunbim@gmail.com,8980024055,0,0
GUJARAT,Devbhoomi Dwarka,JAI INDUSTRIES,jaielectronic@yahoo.com,9828104233,0,0
GUJARAT,Devbhoomi Dwarka,JAGRUTI TRADERS,jagrutitraders.solar@gmail.com,8980498030,0,0
GUJARAT,Devbhoomi Dwarka,JAGDAMBA TRADERS,jagdambatraders.padra@gmail.com,7284841054,0,0
GUJARAT,Devbhoomi Dwarka,JAGDAMBA ENTERPRISE,adarshrajput542@gmail.com,9316321978,0,0
GUJARAT,Devbhoomi Dwarka,JAFFINS ENTERPRISE,solarbhavnagar@gmail.com,9375465252,0,0
GUJARAT,Devbhoomi Dwarka,JAAC TECHNO SERVICES PVT LTD,Jwalant.raval@jaacservice.com,9824000545,0,0
GUJARAT,Devbhoomi Dwarka,J S COMPANY,jscompany9@gmail.com,7990307424,0,0
GUJARAT,Devbhoomi Dwarka,J K MACHINE TOOLS (GUJARAT) PVT. LTD.,jk.solarium@gmail.com,9328290518,0,0
GUJARAT,Devbhoomi Dwarka,J D ELECTRICAL AND TRADING,jdelectrical26@gmail.com,8320397049,0,0
GUJARAT,Devbhoomi Dwarka,J B POWER SOLAR,jbpowersolar@gmail.com,9173390835,0,0
GUJARAT,Devbhoomi Dwarka,IZZY ENERGY SOLUTION,izzyenergysolution@gmail.com,9909236062,0,0
GUJARAT,Devbhoomi Dwarka,ISHITA ENGINEERING,ishitaengineering13@gmail.com,8866649177,0,0
GUJARAT,Devbhoomi Dwarka,ISHA SALES,ishasolar027@gmail.com,9824739373,0,0
GUJARAT,Devbhoomi Dwarka,INSTANT TECHNOLOGY,info@instantgroup.live,8200782232,0,0
GUJARAT,Devbhoomi Dwarka,INSTANT ELECTRIC SERVICES,instantelectricservices@gmail.com,9909415407,0,0
GUJARAT,Devbhoomi Dwarka,INRAYS TECHNOLOGY,inraystechnology@gmail.com,9898878734,0,0
GUJARAT,Devbhoomi Dwarka,INQILAB ENGINEERING PRIVATE LIMITED,inqilabengineering@gmail.com,9099598998,0,0
GUJARAT,Devbhoomi Dwarka,INOX SOLAR ENERGY,inoxsolarenergy@gmail.com,9904604047,0,0
GUJARAT,Devbhoomi Dwarka,INFRAX INTERNATIONAL,info@infraxsolar.com,7778002780,0,0
GUJARAT,Devbhoomi Dwarka,INFINITY SOLAR - SURAT,infinity.solar01@gmail.com,8866860686,0,0
GUJARAT,Devbhoomi Dwarka,INFINITY RENEWABLE ENERGY,anand.infinityrenewableenergy@gmail.com,9913784000,0,0
GUJARAT,Devbhoomi Dwarka,INFINITY POWER,infinitypower1026@gmail.com,8758875751,0,0
GUJARAT,Devbhoomi Dwarka,INFINITE URJA LLP,info@infiniteurja.in,8000049380,0,0
GUJARAT,Devbhoomi Dwarka,INFINITE ENERGY ANS TECHNOLOGY,planning@infiniteenergy.co.in,9099971778,0,0
GUJARAT,Devbhoomi Dwarka,IMPULSE SYSTEM,info@impulsesystem.in,9426471057,0,0
GUJARAT,Devbhoomi Dwarka,IMMIX SOLUTION,immixsolution@gmail.com,9265493249,0,0
GUJARAT,Devbhoomi Dwarka,IMAGINE POWERTREE PRIVATE LIMITED,imagine.powertree@gmail.com,9586121111,0,0
GUJARAT,Devbhoomi Dwarka,IDEAL RENEWABLE LLP,idealrenewable@gmail.com,9979083323,0,0
GUJARAT,Devbhoomi Dwarka,IDEAL ELECTRICAL,idealelectric7@gmail.com,9638324167,0,0
GUJARAT,Devbhoomi Dwarka,ICONIC SOLAR ENERGY,iconicsolarenergy26@gmail.com,7698504095,0,0
GUJARAT,Devbhoomi Dwarka,ICON ENERGY,info@iconenergy.in,9909999162,0,0
GUJARAT,Devbhoomi Dwarka,I-TECH STORE,info.itechsolar@gmail.com,9879603933,0,0
GUJARAT,Devbhoomi Dwarka,I SQUARE SOLAR,work.srbudheliya@gmail.com,9722272775,0,0
GUJARAT,Devbhoomi Dwarka,I K SOLAR ENERGY,iksolarenergy2302@gmail.com,6353941652,0,0
GUJARAT,Devbhoomi Dwarka,HYSUN SOLAR PRIVATE LIMITED,prajapatiomaram62@gmail.com,7573999961,0,0
GUJARAT,Devbhoomi Dwarka,HORIZON POWER SOLUTIONS,horizonpowersolutions2024@gmail.com,9909009525,0,0
GUJARAT,Devbhoomi Dwarka,HIYASHA SOLAR SYSTEMS LLP,hiyashasolarsystems@gmail.com,9727097250,0,0
GUJARAT,Devbhoomi Dwarka,HIYA ELECTRO ENGINEERS,hiyaelectroengineers@gmail.com,8128672333,0,0
GUJARAT,Devbhoomi Dwarka,HITECH SOLAR,jayesh@hitechsolar.in,7600059073,0,0
GUJARAT,Devbhoomi Dwarka,HIRANYA,chintan6310@gmail.com,9909009425,0,0
GUJARAT,Devbhoomi Dwarka,HIPANAX ENERGY,hipanaxenergy@outlook.com,9727063026,0,0
GUJARAT,Devbhoomi Dwarka,HINDUSTAN SOLAR AND POWER PACK,hindustansolar86@gmail.com,7016087359,0,0
GUJARAT,Devbhoomi Dwarka,HIMSON ENERGY,himson.energy@gmail.com,9825242728,0,0
GUJARAT,Devbhoomi Dwarka,HILTON RENEWABLES,hiltonrenewables.amr@gmail.com,8181080800,0,0
GUJARAT,Devbhoomi Dwarka,HILL LIGHTING,rndungrani@gmail.com,9328385858,0,0
GUJARAT,Devbhoomi Dwarka,HI TECH TRANSPOWER PVT. LTD.,solar@hitechprofile.com,9723706488,0,0
GUJARAT,Devbhoomi Dwarka,HI TECH SOLAR SOLUTION,hitechsolarsolu@gmail.com,8140535380,0,0
GUJARAT,Devbhoomi Dwarka,HI TECH ENERGY,hitechenergy17@gmail.com,9924388540,0,0
GUJARAT,Devbhoomi Dwarka,HEMALI ELECTRICALS,hemali_elect@rocketmail.com,9979874161,0,0
GUJARAT,Devbhoomi Dwarka,HELIOPATH SOLAR TECHNOLOGIES,enquiry.heliopath@gmail.com,8238664332,0,0
GUJARAT,Devbhoomi Dwarka,HEER SOLAR ENERGY,heersolarenergy@gmail.com,9427063399,0,0
GUJARAT,Devbhoomi Dwarka,HEAVEN GREEN ENERGY LTD. (FORMERLY KNOWN AS HEAVEN SOLAR ENERGY PVT LTD),heavensolarenergy@gmail.com,9979532167,0,0
GUJARAT,Devbhoomi Dwarka,HAVTON INDIA,ravivarmora0803@gmail.com,9265496953,0,0
GUJARAT,Devbhoomi Dwarka,HATKESH ENGINEERING,hatkeshengineering@gmail.com,9898105579,0,0
GUJARAT,Devbhoomi Dwarka,HARSH ENTERPRISE,harshenterprise.ele@gmail.com,9586703597,0,0
GUJARAT,Devbhoomi Dwarka,HARSH COMMUNICATION,harshcomm.solar@gmail.com,9137373727,0,0
GUJARAT,Devbhoomi Dwarka,HARISH ENGINEERING WORKS,harish.engg91@gmail.com,9428618859,0,0
GUJARAT,Devbhoomi Dwarka,HARIPRIY INDUSTRIES,haripriyindustries@gmail.com,9725022146,0,0
GUJARAT,Devbhoomi Dwarka,HARIOM ENGINEERING,hariomsolarbotad@gmail.com,8140771766,0,0
GUJARAT,Devbhoomi Dwarka,HARIOM ELECTRICS,manoj.patiwala.in@gmail.com,8140438508,0,0
GUJARAT,Devbhoomi Dwarka,HARI INFRA PROJECTS,info@hariindia.in,9998037067,0,0
GUJARAT,Devbhoomi Dwarka,HAPPY ENTERPRISE,divyeshchavda007@gmail.com,9510887781,0,0
GUJARAT,Devbhoomi Dwarka,HANU ENTERPRISE,hanuenterprise2023@gmail.com,9067322910,0,0
GUJARAT,Devbhoomi Dwarka,HADAF GREEN ENERGY PRIVATE LIMITED,hadafgreenenergy@gmail.com,8320986239,0,0
GUJARAT,Devbhoomi Dwarka,H.K ENERGY,hkenergy001@gmail.com,9586401312,0,0
GUJARAT,Devbhoomi Dwarka,H S ENTERPRISE,hiralpatel3031@gmail.com,9773257603,0,0
GUJARAT,Devbhoomi Dwarka,H K SOLAR ENERGY,hkenergy16@gmail.com,9714516576,0,0
GUJARAT,Devbhoomi Dwarka,H AND S ENGINEERING,HSENGINEERING9698@GMAIL.COM,8980818699,0,0
GUJARAT,Devbhoomi Dwarka,H & M COMPANY,info@hmcompany.in,9157768561,0,0
GUJARAT,Devbhoomi Dwarka,GWE INFRA PROJECTS PRIVATE LIMITED,dhaval.gwe@gmail.com,9726198989,0,0
GUJARAT,Devbhoomi Dwarka,GURUKRUPA SOLAR AND AGRO INDUSTRIES,vishal@vishal-group.com,9328854525,0,0
GUJARAT,Devbhoomi Dwarka,GURUKRUPA ENTERPRISE,gurukrupaenterprise.head9@gmail.com,8320627280,0,0
GUJARAT,Devbhoomi Dwarka,GURU RENEWABLE,gururenewable@gmail.com,9687672620,0,0
GUJARAT,Devbhoomi Dwarka,GUJARAT SOLAR ENERGY,gujaratsolarenergy010@gmail.com,9898472919,0,0
GUJARAT,Devbhoomi Dwarka,GSL ENERGY,gslenergy09@gmail.com,8320945187,0,0
GUJARAT,Devbhoomi Dwarka,GS POWERTECH,info.gspowertech@gmail.com,7567438385,0,0
GUJARAT,Devbhoomi Dwarka,GROWW SOLAR ENERGY,growwsolarenergy8@gmail.com,7874707545,0,0
GUJARAT,Devbhoomi Dwarka,GROWSUN RENEWABLE LLP,info.growsunrenewablellp@gmail.com,9925590193,0,0
GUJARAT,Devbhoomi Dwarka,GROW ENERGY SOLAR SOLUTION,growenergysolarsolution@gmail.com,7778999695,0,0
GUJARAT,Devbhoomi Dwarka,GROW EARTH RENEWABLE TECHNOLOGIES,divyesh@growearthsolar.com,9104495364,0,0
GUJARAT,Devbhoomi Dwarka,GRIWA INTERNATIONAL LLP,prakashkoriya17@gmail.com,8200988481,0,0
GUJARAT,Devbhoomi Dwarka,GRIDSOL ENERGY,GRIDSOLENERGY@GMAIL.COM,9724634747,0,0
GUJARAT,Devbhoomi Dwarka,GREYANAS INDUSTRIES PRIVATE LIMITED,greyanassolar@gmail.com,9408715033,0,0
GUJARAT,Devbhoomi Dwarka,GREENNETIC RENEWABLE PRIVATE LIMITED,sales.greenneticrenewable@gmail.com,8320563819,0,0
GUJARAT,Devbhoomi Dwarka,GREENLAND,greenlandsolar.np@gmail.com,9825545043,0,0
GUJARAT,Devbhoomi Dwarka,GREENLAND,greenlandsolar.projects@gmail.com,9825545043,0,0
GUJARAT,Devbhoomi Dwarka,GREENEXCEL ENERGY SOLUTION PVT LTD,info@greenexcelenergy.com,9898949719,0,0
GUJARAT,Devbhoomi Dwarka,GREENERGY SOLAR SOLUTIONS,greenergysolarsolutions26@gmail.com,9409215712,0,0
GUJARAT,Devbhoomi Dwarka,GREENERGEE,greenergee@vikasaryagroup.com,9374635103,0,0
GUJARAT,Devbhoomi Dwarka,GREENERA ENERTECH PVT LTD,greenera.solarenergy@gmail.com,9427726620,0,0
GUJARAT,Devbhoomi Dwarka,GREENCUBE ENERGIES PRIVATE LIMITED,nirankush@gcepl.in,9106836019,0,0
GUJARAT,Devbhoomi Dwarka,GREENBRILLIANCE RENEWABLE ENERGY LLP,jay.patel@gbreenergy.com,9879611302,0,0
GUJARAT,Devbhoomi Dwarka,GREENARCH SOLAR PRIVATE LIMITED,greenarchsolar@gmail.com,9879262766,0,0
GUJARAT,Devbhoomi Dwarka,GREEN WATT SOLAR ENERGY,greenwattsolarenergy2022@gmail.com,9898383910,0,0
GUJARAT,Devbhoomi Dwarka,GREEN SUN SOLAR,greensunsolar07@gmail.com,7600649582,0,0
GUJARAT,Devbhoomi Dwarka,GREEN SUN ENERGY,teamgreensun@gmail.com,9274525232,0,0
GUJARAT,Devbhoomi Dwarka,GREEN SOLAR ENERGY ENTERPRISES,greensolar.ahmedabad@gmail.com,9712909823,0,0
GUJARAT,Devbhoomi Dwarka,GREEN SOLAR ENERGY,info@greenssolar.in,9687222261,0,0
GUJARAT,Devbhoomi Dwarka,GREEN POWER SOLUTION,darjihardik777@gmail.com,8141216635,0,0
GUJARAT,Devbhoomi Dwarka,GREEN POWER ENERGY,info.greenenergy07@gmail.com,8780002027,0,0
GUJARAT,Devbhoomi Dwarka,GREEN LIGHT ENERGY,glenergy2024@gmail.com,9998754265,0,0
GUJARAT,Devbhoomi Dwarka,GREEN IMPAQ SOLAR ENERGY,greenimpaqsolarenergypm@mail.com,9974414600,0,0
GUJARAT,Devbhoomi Dwarka,GREEN EVER SYSTEMS PRIVATE LIMITED,greeneversystems@gmail.com,8866167111,0,0
GUJARAT,Devbhoomi Dwarka,GREEN ENERGY-VALSAD,solar@greenenergy.ind.in,8866249369,0,0
GUJARAT,Devbhoomi Dwarka,GREEN ENERGY SOLAR,ges.solar24@gmail.com,8866993164,0,0
GUJARAT,Devbhoomi Dwarka,GREEN E SOLAR,greene.vb@hotmail.com,9925751589,0,0
GUJARAT,Devbhoomi Dwarka,GREAT SOLUTION,greatsolution07@gmail.com,9924131317,0,0
GUJARAT,Devbhoomi Dwarka,GRACE RENEWABLE ENERGY PVT LTD,project1@gracerenew.com,7573027788,0,0
GUJARAT,Devbhoomi Dwarka,GRACE OF THE SUN ENERGY,gotssolar@gmail.com,8320258395,0,0
GUJARAT,Devbhoomi Dwarka,GOVINDJI POWER,priyankvaghani86@gmail.com,9726643435,0,0
GUJARAT,Devbhoomi Dwarka,GOPI TECHNOLOGIES,epc@gopitechnologies.com,8866077344,0,0
GUJARAT,Devbhoomi Dwarka,GOPAL ENTERPRISE,gokulbharvad@gmail.com,9727756664,0,0
GUJARAT,Devbhoomi Dwarka,GOLDSUN SOLAR,dhruvpadasumbiya@gmail.com,9409016021,0,0
GUJARAT,Devbhoomi Dwarka,GOLDI SOLAR PRIVATE LIMITED,info@goldisolar.com,7211134134,0,0
GUJARAT,Devbhoomi Dwarka,GITANJALI DEVELOPERS,dhavalparmar.dp39@gmail.com,8200332871,0,0
GUJARAT,Devbhoomi Dwarka,GIR ENTERPRISES,ankitbhaiankit88@gmail.com,8686869015,0,0
GUJARAT,Devbhoomi Dwarka,GHANSHYAM SOLAR ENERGY,ghanshyam.solar.energy@gmail.com,9510734317,0,0
GUJARAT,Devbhoomi Dwarka,GHANPRIYA ENERGY SOLUTION PRIVATE LIMITED,subsidy@ghanpriyaenergy.com,9958676060,0,0
GUJARAT,Devbhoomi Dwarka,GHADIYA RENEWABLE ENERGY,KALPESHPATEL8914@GMAIL.COM,9714000952,0,0
GUJARAT,Devbhoomi Dwarka,GESTIC SELICON ENERGY,shivammourya0987@gmail.com,9157621253,0,0
GUJARAT,Devbhoomi Dwarka,GENESIS ELECTRICAL,genesiselectricalindia@gmail.com,8200480623,0,0
GUJARAT,Devbhoomi Dwarka,GENESIS CLEAN ENERGY,genesiscleanenergy1@gmail.com,9714125515,0,0
GUJARAT,Devbhoomi Dwarka,GEER AGRO WORKS,geeragro@gmail.com,9898799789,0,0
GUJARAT,Devbhoomi Dwarka,GAYATRI SOLAR ENERGY,info@gayatrisolarenergy.com,8866778940,0,0
GUJARAT,Devbhoomi Dwarka,GAYATRI CONSTRUCTION,chetansinh270@gmail.com,7408636363,0,0
GUJARAT,Devbhoomi Dwarka,GARUDA POWER,garudapower26@gmail.com,9016555765,0,0
GUJARAT,Devbhoomi Dwarka,GANESH GREEN BHARAT LIMITED,sales@ganeshgreen.com,9519518951,0,0
GUJARAT,Devbhoomi Dwarka,GANESH CORPORATION,ganeshcorporation3003@gmail.com,9979856236,0,0
GUJARAT,Devbhoomi Dwarka,GALO ENERGY PRIVATE LIMITED,info@galo.co.in,9773988289,0,0
GUJARAT,Devbhoomi Dwarka,GALAXY ENTERPRISE,galaxyenterprise265@gmail.com,9998017765,0,0
GUJARAT,Devbhoomi Dwarka,GALAXY ENERGY SOLUTION,galaxyenergysolution@protonmail.com,9428158678,0,0
GUJARAT,Devbhoomi Dwarka,GAJGATI STEEL AND ENERGY PVT LTD.,sales@gajgati.com,7990480061,0,0
GUJARAT,Devbhoomi Dwarka,G-POWER PLUS,gpowerplus.in@gmail.com,9898420613,0,0
GUJARAT,Devbhoomi Dwarka,FRS ENTERPRISE,frsenterprise1@gmail.com,7990366078,0,0
GUJARAT,Devbhoomi Dwarka,FRIENDLY FOOTPRINTS LLP,infosolar.ff@gmail.com,7874833399,0,0
GUJARAT,Devbhoomi Dwarka,FOURSUN SOLAR,project@foursunsolar.co.in,7435023502,0,0
GUJARAT,Devbhoomi Dwarka,FOURCELL ENERGY PRIVATE LIMITED,fourcellenergy@gmail.com,9377776564,0,0
GUJARAT,Devbhoomi Dwarka,FORTUNE TECHNOLOGIST,fortunetechnologist@gmail.com,9427597246,0,0
GUJARAT,Devbhoomi Dwarka,FOREXT GREEN ENERGY PRIVATE LIMITED,Forextgreen@gmail.com,9227145384,0,0
GUJARAT,Devbhoomi Dwarka,FLORIAN VENTURE PVT.LTD.,florianventurepvt.ltd@gmail.com,9081684444,0,0
GUJARAT,Devbhoomi Dwarka,FIONIX ELECTRIC COMPANY,fionixelectric2018@gmail.com,9714025565,0,0
GUJARAT,Devbhoomi Dwarka,FATHUN RENEWABLE ENERGY (FORMERLY KNOWN AS KENVUE ENERGY),fathunrenewable@gmail.com,9898589612,0,0
GUJARAT,Devbhoomi Dwarka,FASTRISE ENTERPRISE PRIVATE LIMITED,FASTRISEENTERPRISE@GMAIL.COM,7862079768,0,0
GUJARAT,Devbhoomi Dwarka,F Z ENERGY,info@fzenergy.in,9227153030,0,0
GUJARAT,Devbhoomi Dwarka,F SOLAR ROOFTOP,fsolarrooftop@gmail.com,8469525856,0,0
GUJARAT,Devbhoomi Dwarka,EXPERT POWER SOLUTION,info.expertpowersolution@gmail.com,8780287091,0,0
GUJARAT,Devbhoomi Dwarka,EXIDE INDUSTRIES LIMITED,pramit.mukherjee@exide.co.in,6291226448,0,0
GUJARAT,Devbhoomi Dwarka,EWC SOLAR PRIVITED LIMITED (FORMERLY KNOWN AS ENERGY POWER SYSTEMS),ewcsolarpvtltd@gmail.com,8141150688,0,0
GUJARAT,Devbhoomi Dwarka,EWALK ENERGY,info.ewalkenergy@gmail.com,9054927675,0,0
GUJARAT,Devbhoomi Dwarka,EWAA SOLAR TECHNOLOGY PRIVATE LIMITED,info@ewaasolartech.com,6356008400,0,0
GUJARAT,Devbhoomi Dwarka,EVOTAR TECHNOLOGIES PRIVATE LIMITED,info@evotartech.com,6358999573,0,0
GUJARAT,Devbhoomi Dwarka,EVOLUTION,evolutiongujarat@gmail.com,9773296801,0,0
GUJARAT,Devbhoomi Dwarka,EVITUS ENERGY SOLUTIONS,evitusenergysolutions@gmail.com,8156006133,0,0
GUJARAT,Devbhoomi Dwarka,EVERSHINE ENERGY,contact@evershineenergy.com,8460167441,0,0
GUJARAT,Devbhoomi Dwarka,EVERGREEN RENEWABLE TECHNOLOGIES,ashishpanchal888@gmail.com,7359743295,0,0
GUJARAT,Devbhoomi Dwarka,EVAANTA ENERGY,info@evaantaenergy.com,9712326261,0,0
GUJARAT,Devbhoomi Dwarka,EUROLITE SOLAR,harshil.patel@euroliteindia.com,7490007847,0,0
GUJARAT,Devbhoomi Dwarka,EURO PREMIUM SOLAR SYSTEM (INDIA) PRIVATE LIMITED,info@europremiumsolar.com,7622023253,0,0
GUJARAT,Devbhoomi Dwarka,ETERNAL SOLAR ENERGY,hiren.p.rathod@gmail.com,9879203040,0,0
GUJARAT,Devbhoomi Dwarka,ETECH ENERGY,admin@etechenergy.com,9328509877,0,0
GUJARAT,Devbhoomi Dwarka,ERA ENVIRO SOLUTIONS,info.eraenviro@gmail.com,9227849825,0,0
GUJARAT,Devbhoomi Dwarka,ENWATECH SOLUTION PVT.LTD,enwatechsolutionpvtltd@gmail.com,9427269089,0,0
GUJARAT,Devbhoomi Dwarka,ENJOY TECHNOLOGY,care.enjoytechnology@gmail.com,9727718887,0,0
GUJARAT,Devbhoomi Dwarka,ENERZYTECH INDUSTRIES PRIVATE LIMITED,deep.bhojani@enerzytech.com,9727139999,0,0
GUJARAT,Devbhoomi Dwarka,ENERSOL SOLUTIONS LLP,karan@enersol.co.in,7069555533,0,0
GUJARAT,Devbhoomi Dwarka,ENERGY O & M SERVICES PVT LTD,dhirajsummit@gmail.com,9512775551,0,0
GUJARAT,Devbhoomi Dwarka,ENERGETIC SOLAR,energeticsolar03@gmail.com,9537137427,0,0
GUJARAT,Devbhoomi Dwarka,EMPYREAL SOLAR,liaison@empyreAlsolar.in,9099526261,0,0
GUJARAT,Devbhoomi Dwarka,EMITTING ENERGY PRIVATE LIMITED,epc.emittingenergy@gmail.com,9319318586,0,0
GUJARAT,Devbhoomi Dwarka,EMISSIONS FREE WORLD PVT LTD,emissionsfreeworld@gmail.com,8320097477,0,0
GUJARAT,Devbhoomi Dwarka,EMERALD ENTERPRISE,emerald.vadodara@outlook.com,9173591485,0,0
GUJARAT,Devbhoomi Dwarka,EMDERS ENTERPRISE,info.emders@gmail.com,7016614013,0,0
GUJARAT,Devbhoomi Dwarka,ELLENCE ENERGY LLP,dhaval@ellenceenergy.com,9054073345,0,0
GUJARAT,Devbhoomi Dwarka,ELIOS ENERGY,info@eliosenergy.co.in,7016192219,0,0
GUJARAT,Devbhoomi Dwarka,ELECTROMECH DEVICES MANUFACTURING COMPANY,edmc.rpr@gmail.com,7000189225,0,0
GUJARAT,Devbhoomi Dwarka,EFFICIENT ENERTECH PVT LTD,info@efficientenergyindia.com,9925624989,0,0
GUJARAT,Devbhoomi Dwarka,EFARM INTERNATIONAL PRIVATE LIMITED,info@efarmenergy.com,9723610012,0,0
GUJARAT,Devbhoomi Dwarka,ECOWATT ENERGY,ecowattenergy18@gmail.com,9978638437,0,0
GUJARAT,Devbhoomi Dwarka,ECOVIBE RENEWTECH ENERGY,ecoviberenewtechenergy@gmail.com,8401168101,0,0
GUJARAT,Devbhoomi Dwarka,ECOLUX SOLAR,ecoluxsolar007@gmail.com,8980088806,0,0
GUJARAT,Devbhoomi Dwarka,ECLIPTIC SOLAR,davevishalkumar@gmail.com,9825023276,0,0
GUJARAT,Devbhoomi Dwarka,EARTHWAVE TECHNOLOGY PRIVATE LIMITED,EARTHWAVETECHNOLOGY@GMAIL.COM,9426373334,0,0
GUJARAT,Devbhoomi Dwarka,EARTHTECH INNOVATIONS PRIVATE LIMITED,earthtechinnovations@gmail.com,8490850276,0,0
GUJARAT,Devbhoomi Dwarka,EARTH SOLARISM,earthsolarism@gmail.com,9724990231,0,0
GUJARAT,Devbhoomi Dwarka,EARTH SOLAR ENERGY,EARTHSOLARE@GMAIL.COM,8200115874,0,0
GUJARAT,Devbhoomi Dwarka,EARTH SOLAR,earthsollar@gmail.com,9879911777,0,0
GUJARAT,Devbhoomi Dwarka,E-TECH SOLUTION & SOLAR,etechsolution.solar@gmail.com,9099563174,0,0
GUJARAT,Devbhoomi Dwarka,E-POWER SOLAR ENERGY,epowerenergyinfo@gmail.com,9484784798,0,0
GUJARAT,Devbhoomi Dwarka,DWARKESH SOLAR ENERGY,nileshchavda1881@gmail.com,8000799990,0,0
GUJARAT,Devbhoomi Dwarka,DUDANI RENEWABLES LLP,dudanirenewables@gmail.com,9429744710,0,0
GUJARAT,Devbhoomi Dwarka,DREAM MART,dreammart108@gmail.com,9099975489,0,0
GUJARAT,Devbhoomi Dwarka,DRAYS ENERGY SOLUTIONS,draysenergy@gmail.com,7802893258,0,0
GUJARAT,Devbhoomi Dwarka,DRASHTI LIGHT CARE,drashti3411@gmail.com,9825430097,0,0
GUJARAT,Devbhoomi Dwarka,DIWAKAR SOLAR ENTERPRISE,info.diwakarsolar@gmail.com,9104746612,0,0
GUJARAT,Devbhoomi Dwarka,DIVY SOLAR TECHNOLOGY,divysolartechnology@gmail.com,9978551782,0,0
GUJARAT,Devbhoomi Dwarka,DIVU ENTERPRISE,divuenterprise2023@gmail.com,7383114133,0,0
GUJARAT,Devbhoomi Dwarka,DIVINE ENERGY,divineenergy42@gmail.com,6354051676,0,0
GUJARAT,Devbhoomi Dwarka,DIVINE BATTERY,divinesukam@gmail.com,9879246681,0,0
GUJARAT,Devbhoomi Dwarka,DINESHBHAI CHATURBHAI NANDANA,nandanadinesh62@gmail.com,6351782902,0,0
GUJARAT,Devbhoomi Dwarka,DIMAN SOLAR PVT LTD (FORMERLY KNOWN AS DIMAN OVERSEAS PVT LTD),info@dimansolar.com,9909928959,0,0
GUJARAT,Devbhoomi Dwarka,DIGI SOLAR ENERGY,digisolarenergy@gmail.com,9687818686,0,0
GUJARAT,Devbhoomi Dwarka,DHWANIL LIGHT ZONE,patelrikin3054@gmail.com,9409505790,0,0
GUJARAT,Devbhoomi Dwarka,DHVANI ENERGY,dhvanisolar@gmail.com,9537928064,0,0
GUJARAT,Devbhoomi Dwarka,DHRUVIN ELECTRICALS,kirtipatel86665@gmail.com,9974814614,0,0
GUJARAT,Devbhoomi Dwarka,DHRUVA ENTERPRISE,dhruvaenterprise123@gmail.com,9978124597,0,0
GUJARAT,Devbhoomi Dwarka,DHRUV ENTERPRISE,dhruv.enterprise@aol.com,9825123335,0,0
GUJARAT,Devbhoomi Dwarka,DHM SOLAR POWER PVT LTD,dhmsolarpower@gmail.com,8980508730,0,0
GUJARAT,Devbhoomi Dwarka,DHARMANANDAN SOLAR ENERGY,mayurdhariyaparmar@gmail.com,9016367556,0,0
GUJARAT,Devbhoomi Dwarka,DEVDEEP ELECTRICALS,devdeepelectricals@gmail.com,9726879009,0,0
GUJARAT,Devbhoomi Dwarka,DEVASYAM ENTERPRISE LLP,abpatel4318@gmail.com,9106684467,0,0
GUJARAT,Devbhoomi Dwarka,DEV ELECTRICALS,develectricals2024@gmail.com,9974821967,0,0
GUJARAT,Devbhoomi Dwarka,DESIGNLUX PRIVATE LIMITED,info@designlux.in,9825868523,0,0
GUJARAT,Devbhoomi Dwarka,DESAI'S SOLAR ENERGY,desaisolarenergy@gmail.com,9429021070,0,0
GUJARAT,Devbhoomi Dwarka,DELUXE ENTERPRISE,infodeluxeenterprise@gmail.com,9429040663,0,0
GUJARAT,Devbhoomi Dwarka,DELTA SOLAR ENERGY,deltasolarenergy1@gmail.com,9427539663,0,0
GUJARAT,Devbhoomi Dwarka,DELICATE SOLAR PRIVATE LIMITED,gabanijemish3@gmail.com,8238340836,0,0
GUJARAT,Devbhoomi Dwarka,DEK AND MAVERICKS GREEN ENERGY LIMITED,lalji.goltar@dmgel.in,8780289470,0,0
GUJARAT,Devbhoomi Dwarka,DEEP ENERGY,dipenvyas25@gmail.com,8866212187,0,0
GUJARAT,Devbhoomi Dwarka,DAY LIGHT SOLAR ENRGY,daylightsolarahm@gmail.com,8401605515,0,0
GUJARAT,Devbhoomi Dwarka,D.K. & CO.,dkandcompanyrajkot@gmail.com,9925008040,0,0
GUJARAT,Devbhoomi Dwarka,D.J.SOLAR & GENERAL,djsolar111@gmail.com,8401183303,0,0
GUJARAT,Devbhoomi Dwarka,D-LIGHT SOLAR ENERGY LLP,epc@dlightsolarenergy.in,9898511535,0,0
GUJARAT,Devbhoomi Dwarka,D SUN SOLAR,dsunsolar429@gmail.com,9904131777,0,0
GUJARAT,Devbhoomi Dwarka,D S POWER SOLUTION,vipulas094@gmail.com,9106304356,0,0
GUJARAT,Devbhoomi Dwarka,CYMENS ENTERPRISE,jaymakwana2062@gmail.com,9157133330,0,0
GUJARAT,Devbhoomi Dwarka,CYBRID INFRATECH PRIVATE LIMITED,DEEPAK@CYBRIDINFRA.COM,9925299942,0,0
GUJARAT,Devbhoomi Dwarka,CYBRIA SOLUTIONS,jagdish@cybriasolutions.com,9925026091,0,0
GUJARAT,Devbhoomi Dwarka,CTONE METAL INDUSTRIES,hasmukhjoshi82@gmail.com,9909517156,0,0
GUJARAT,Devbhoomi Dwarka,CROMPTON GREAVES CONSUMER ELECTRICALS LIMITED,solar.rooftop@crompton.co.in,9599589665,0,0
GUJARAT,Devbhoomi Dwarka,CREST ENERGY SOLUTIONS,crestenergysolutions@gmail.com,9327415839,0,0
GUJARAT,Devbhoomi Dwarka,CREASUN ENERGY,creasunenergy25@gmail.com,9624120591,0,0
GUJARAT,Devbhoomi Dwarka,COSMIC SOLAR EPC PVT LTD,cosmicsolarepc@gmail.com,7984721299,0,0
GUJARAT,Devbhoomi Dwarka,COSMIC POWER TECH,cosmicpowertech@gmail.com,9313720672,0,0
GUJARAT,Devbhoomi Dwarka,COSMIC ENTERPRISE,cosmicenergy13.info@gmail.com,9429213406,0,0
GUJARAT,Devbhoomi Dwarka,CORWIND RENERGY LLP,corwind.renergy@gmail.com,9428490118,0,0
GUJARAT,Devbhoomi Dwarka,CONVEX SOLAR,convexsolar92@gmail.com,9737710095,0,0
GUJARAT,Devbhoomi Dwarka,CONNECT POWER PRIVATE LIMITED,hannan@connect-power.in,9898195122,0,0
GUJARAT,Devbhoomi Dwarka,CONCEPT SOLAR ENERGY,conceptsolarenergy21@gmail.com,9662414865,0,0
GUJARAT,Devbhoomi Dwarka,COMPUTER SHOP,pradeep_deputy@yahoo.com,7043402514,0,0
GUJARAT,Devbhoomi Dwarka,COMPASS ENERGIES,abhishek@compassenergies.in,9974458840,0,0
GUJARAT,Devbhoomi Dwarka,COMET EVSOL,cometevsol@gmail.com,8780440726,0,0
GUJARAT,Devbhoomi Dwarka,CMPLUS QUALITY SERVICES PRIVATE LIMITED,chandramauli_india@yahoo.com,9868881112,0,0
GUJARAT,Devbhoomi Dwarka,CITIZEN SOLAR PVT. LTD.,tsjain@citizensolar.com,9825144499,0,0
GUJARAT,Devbhoomi Dwarka,CHUDASAMA TEMUBHA BALVANTSINH,adityasolar1987@gmail.com,8200459492,0,0
GUJARAT,Devbhoomi Dwarka,CHEMITEX EXPORTS PVT LTD,shrijichem@hotmail.com,9099940535,0,0
GUJARAT,Devbhoomi Dwarka,CHEHAR ENERGY,cheharenergy@gmail.com,9998077796,0,0
GUJARAT,Devbhoomi Dwarka,CHARLES SOLAR POWER ENERGY,charlessolarpowerenergy1990@gmail.com,7016170076,0,0
GUJARAT,Devbhoomi Dwarka,CHAMUNDA ELECTRICAL,chamundaelectrical1@gmail.coml,9723603864,0,0
GUJARAT,Devbhoomi Dwarka,CHALAKNESI ENERGY,CHALAKNESHIENERGY@GMAIL.COM,9408539887,0,0
GUJARAT,Devbhoomi Dwarka,CEYONE SOLAR,ceyonesolar@gmail.com,7567091000,0,0
GUJARAT,Devbhoomi Dwarka,CER ROOFTOP PVT LTD,susanta.hota@cer-inc.com,8586971731,0,0
GUJARAT,Devbhoomi Dwarka,CELESTRA SOLAR PVT LTD,info@celestrasolar.com,9998805002,0,0
GUJARAT,Devbhoomi Dwarka,CELESTIAL RENEWABLE ENERGY,celestialrenewableenergy@gmail.com,9099033033,0,0
GUJARAT,Devbhoomi Dwarka,CAPITAL WELDING,freexindia@gmail.com,9499602041,0,0
GUJARAT,Devbhoomi Dwarka,BURAK ENERGY,burakenergy7@gmail.com,9173110729,0,0
GUJARAT,Devbhoomi Dwarka,BSN ELECTRICS PRIVATE LIMITED,bsnelectrics162018@gmail.com,9925249658,0,0
GUJARAT,Devbhoomi Dwarka,BSAFAL RENEWABLE ENERGIES PVT LTD,nita.maru@bsrepl.com,9723706665,0,0
GUJARAT,Devbhoomi Dwarka,BRIHASPATHI TECHNOLOGIES PVT LTD,ramu@brihaspathi.com,9989999197,0,0
GUJARAT,Devbhoomi Dwarka,BRIGHT SUN SOLAR SOLUTIONS,brightsun2029@gmai.com,9033398401,0,0
GUJARAT,Devbhoomi Dwarka,BRAHMADIP ENTERPRISE,brahmadip.solar@yahoo.com,9427230047,0,0
GUJARAT,Devbhoomi Dwarka,BOND SOLAR,bondsolar9@gmail.com,9998118505,0,0
GUJARAT,Devbhoomi Dwarka,BLUTH SERVICES LLP,contact@bluthservices.com,8630697093,0,0
GUJARAT,Devbhoomi Dwarka,BK GROUP & ASSOCIATES,irfansama2704@gmail.com,9879933662,0,0
GUJARAT,Devbhoomi Dwarka,BISON ENGINEERS,bisonengineers19@gmail.com,7573984542,0,0
GUJARAT,Devbhoomi Dwarka,BILIPATRA ENTERPRISE,prajapatijalpesh24@gmail.com,9427928892,0,0
GUJARAT,Devbhoomi Dwarka,BHUMI POLYMERS PRIVATE LIMITED (FORMERLY KNOWN AS BHUMI POLYMERS PRIVATE LIMITES),solar@bhumipolymers.com,9099084938,0,0
GUJARAT,Devbhoomi Dwarka,BHUMI GREEN POWER,bhumigreenpower@gmail.com,9824956161,0,0
GUJARAT,Devbhoomi Dwarka,BHSQUARE SOLAR INSTALLATION SERVICES,harshwork2422@gmail.com,9909431526,0,0
GUJARAT,Devbhoomi Dwarka,BHAVI URJA,bhaviurja@gmail.com,9377359007,0,0
GUJARAT,Devbhoomi Dwarka,BHAVI SOLAR AND ELECTRICALS,chaudharid04@gmail.com,9099754254,0,0
GUJARAT,Devbhoomi Dwarka,BHAVANI ELECTRICALS,beplpatan@gmail.com,9824014075,0,0
GUJARAT,Devbhoomi Dwarka,BHAUTIK ENGINEERING CO.,vegadabhautik2410@gmail.com,9825690528,0,0
GUJARAT,Devbhoomi Dwarka,BHASKAR SOLAR ENTERPRISE,info.bhaskarsolar@gmail.com,8980451231,0,0
GUJARAT,Devbhoomi Dwarka,BHASKAR RAY ENERGY,bhaskarray018@gmail.com,9426975552,0,0
GUJARAT,Devbhoomi Dwarka,BHARTI SOLAR,bhartisolar1@gmail.com,8160804583,0,0
GUJARAT,Devbhoomi Dwarka,BHAKTINANDAN POWER PVTLTD,bhaktinandanpower@gmail.com,9724031529,0,0
GUJARAT,Devbhoomi Dwarka,BHAGWATI ELECTRICALS,bhagwatielectricals99091@gmail.com,7990883575,0,0
GUJARAT,Devbhoomi Dwarka,BHAGVATI SOLAR POWER,info@bhagvatisolarpower.com,7770007502,0,0
GUJARAT,Devbhoomi Dwarka,BHAGAT SOLAR ENERGY,bhujbhagatsolarenergy@gmail.com,9930432027,0,0
GUJARAT,Devbhoomi Dwarka,BEYOND ENERGY,beyondenergy2025@gmail.com,8849608389,0,0
GUJARAT,Devbhoomi Dwarka,BESIGNATURE SOLAR ENERGY PVT.LTD,signaturesolar975@gmail.com,7265996001,0,0
GUJARAT,Devbhoomi Dwarka,BELIEVER RENEWAL ENERGY,bre.solar20@gmail.com,7434972242,0,0
GUJARAT,Devbhoomi Dwarka,BELIEVE TECH ENERGY SERVICES,infobtes@gmail.com,9499631316,0,0
GUJARAT,Devbhoomi Dwarka,BEACON ELECTROTECH LLP,info@beaconelectrotech.com,8460314011,0,0
GUJARAT,Devbhoomi Dwarka,BAPA SITARAM SOLAR POWER PVT LTD,bapasitaramsolarpower@gmail.com,8511362222,0,0
GUJARAT,Devbhoomi Dwarka,BAPA SITARAM RENEWABLE ENERGY,BSREVADODARA@GMAIL.COM,9925557878,0,0
GUJARAT,Devbhoomi Dwarka,BANSIDHAR SOLAR ENERGY,banshidharsolarenergy@gmail.com,9726035143,0,0
GUJARAT,Devbhoomi Dwarka,BANAS POWER,banaspower2020@gmail.com,9998418825,0,0
GUJARAT,Devbhoomi Dwarka,BALA SOLAR,balasolar@yahoo.com,9879188034,0,0
GUJARAT,Devbhoomi Dwarka,BAHUBALI CONSTRUCTION,pintudabhi626@gmail.com,8490005005,0,0
GUJARAT,Devbhoomi Dwarka,BADAL INDUSTRIES,badalindustries@gmail.com,9824594844,0,0
GUJARAT,Devbhoomi Dwarka,B-SOLAR CONSULTANT AND ENGINEER PVT LTD,md@bsolar.in,8000888019,0,0
GUJARAT,Devbhoomi Dwarka,AZOLE POWER,azolepower9998@gmail.com,9998743101,0,0
GUJARAT,Devbhoomi Dwarka,AYKKA TECHNOVISION PRIVATE LIMITED,aykka@outlook.in,9586508907,0,0
GUJARAT,Devbhoomi Dwarka,AYAN SOLAR ENERGY,ayansolar25@gmail.com,7623886775,0,0
GUJARAT,Devbhoomi Dwarka,AWAAS SEWA PRIVATE LIMITED,ADMIN@AWAAS.IN,9099189893,0,0
GUJARAT,Devbhoomi Dwarka,AVINYA POWER SOLUTION,avinyapowersolution@gmail.com,9099317212,0,0
GUJARAT,Devbhoomi Dwarka,AVI APPLIANCES PVT. LTD.,design01@avi-products.com,9913759764,0,0
GUJARAT,Devbhoomi Dwarka,AVEE ENERGY,dhavalpatel1973@yahoo.in,9898233244,0,0
GUJARAT,Devbhoomi Dwarka,AVATAR SOLAR PVT LTD,bharat@avatarsolar.com,9687055273,0,0
GUJARAT,Devbhoomi Dwarka,AVANTA,info@avantasolar.com,9586355511,0,0
GUJARAT,Devbhoomi Dwarka,ATRI ENERGY,atrienergy@gmail.com,7622838008,0,0
GUJARAT,Devbhoomi Dwarka,ATLAS MATRIX PVT LTD,atlassolar01@gmail.com,9016955068,0,0
GUJARAT,Devbhoomi Dwarka,ATHARV ENERTECH,montu.dedakiya@gmail.com,9998943833,0,0
GUJARAT,Devbhoomi Dwarka,ASV ENERGY SOLUTIONS,vikas30.asv@gmail.com,7879064335,0,0
GUJARAT,Devbhoomi Dwarka,ASTHA ENTERPRISE,asthaenterprise8010@gmail.com,9925668010,0,0
GUJARAT,Devbhoomi Dwarka,ASHISH ELECTROMECH,ashishelectromech@gmail.com,9426048587,0,0
GUJARAT,Devbhoomi Dwarka,ASHAPURA SOLAR POWER,ashapurasolarpower2025@gmail.com,7778095905,0,0
GUJARAT,Devbhoomi Dwarka,ASCENT ENERGY,ascentenergys@gmail.com,8799447675,0,0
GUJARAT,Devbhoomi Dwarka,ARRAYCOM INDIA LIMITED,solar@arraycom.co.in,9909941004,0,0
GUJARAT,Devbhoomi Dwarka,ARRAY ENERGY SOLUTION,ceo.arrayenergysolution@gmail.com,9979898440,0,0
GUJARAT,Devbhoomi Dwarka,ARKURJA INNOVATIONS PRIVATE LIMITED,arkurjarenewables@gmail.com,7383188631,0,0
GUJARAT,Devbhoomi Dwarka,ARKTEC RENEWABLE ENERGY LLP,arktecrenewableenergy@gmail.com,8160038659,0,0
GUJARAT,Devbhoomi Dwarka,ARKAY SOLAR ENERGY LLP,arkaysolar02@gmail.com,9737636600,0,0
GUJARAT,Devbhoomi Dwarka,ARKAY ICONIC PRIVATE LIMITED,arkaysolar@gmail.com,8401236600,0,0
GUJARAT,Devbhoomi Dwarka,ARK SOLAR ENERGY SOLUTIONS,arksolarenergy3@gmail.com,7874463444,0,0
GUJARAT,Devbhoomi Dwarka,ARJUN ENTERPRISE,arjunenter2013@gmail.com,8780886508,0,0
GUJARAT,Devbhoomi Dwarka,ARJAN SOLAR,info@arjansolar.com,9638064824,0,0
GUJARAT,Devbhoomi Dwarka,ARETE ELECTROPOWER PVT LTD,projects@arelectropower.com,9099940283,0,0
GUJARAT,Devbhoomi Dwarka,ARENA AUTOMATION,arenaautomationb@gmail.com,9904018887,0,0
GUJARAT,Devbhoomi Dwarka,ARCHER RENEWABLE PRIVATE LIMITED,info@archersolar.in,8000041003,0,0
GUJARAT,Devbhoomi Dwarka,ARBUDA SOLAR,manan.chaudhari@hotmail.com,9638732097,0,0
GUJARAT,Devbhoomi Dwarka,AQUILINE ENERGY SOLUTION,aquilineenergysolution@gmail.com,7016762587,0,0
GUJARAT,Devbhoomi Dwarka,APOLLO SOLAR POWER,dhavalsavani@icloud.com,9099006748,0,0
GUJARAT,Devbhoomi Dwarka,APOLLO GREEN ENEGRY,apollogreenenergy2024@gmail.com,9825249415,0,0
GUJARAT,Devbhoomi Dwarka,APN SOLAR ENERGY PVT LTD,nationalportal@apnsolar.com,9702034043,0,0
GUJARAT,Devbhoomi Dwarka,AONE RENEWABLE ENERGY,md.aonerenewableenergy@gmail.com,7435061657,0,0
GUJARAT,Devbhoomi Dwarka,ANUPAM SMART ENERGY SOLAR,anupamsmartenergy@gmail.com,9601719818,0,0
GUJARAT,Devbhoomi Dwarka,ANK SOLAR ENERGY,anksolarenergy@gmail.com,9724816510,0,0
GUJARAT,Devbhoomi Dwarka,ANGEL SOLTECH,angelsoltech@gmail.com,8511029776,0,0
GUJARAT,Devbhoomi Dwarka,ANGEL PUMPS PVT.LTD.,solar1@pumpsangel.com,9904809409,0,0
GUJARAT,Devbhoomi Dwarka,ANANYA SOLAR ENTERPRISE,ananyasolarenterprise@gmail.com,9537638499,0,0
GUJARAT,Devbhoomi Dwarka,ANANYA RENEWABLE ENERGY LLP,energy.ananyarenewable@gmail.com,9327003360,0,0
GUJARAT,Devbhoomi Dwarka,ANANY URJA,ananyurja@outlook.com,8866442477,0,0
GUJARAT,Devbhoomi Dwarka,ANANT SOLAR ENRGY,anantsolarenergy@gmail.com,9904198764,0,0
GUJARAT,Devbhoomi Dwarka,ANANT SOLAR,anantsolar4242@gmail.com,8401714242,0,0
GUJARAT,Devbhoomi Dwarka,ANANT ENERGY,anantenergy1910@gmai.com,9773476431,0,0
GUJARAT,Devbhoomi Dwarka,ANAND AND ANAND ASSOCIATES,yogeshanandk@gmail.com,9426546256,0,0
GUJARAT,Devbhoomi Dwarka,AMUL ENTERPRISE,amulenterprise92@gmail.com,9898618448,0,0
GUJARAT,Devbhoomi Dwarka,AMRUTAM RENEWABLE ENERGY,info@amrenergy.in,9016352248,0,0
GUJARAT,Devbhoomi Dwarka,AMRUT ENGINEERS,amrutengineersbhuj@gmail.com,9033492711,0,0
GUJARAT,Devbhoomi Dwarka,AMPLE SOLAR PVT LTD,ravi@amplesolar.in,9979792403,0,0
GUJARAT,Devbhoomi Dwarka,AMPERE GREEN ENERGY,amperegreenenergy@gmail.com,9033116472,0,0
GUJARAT,Devbhoomi Dwarka,ALPHA ENTERPRISE,maulik.solar@gmail.com,9725957991,0,0
GUJARAT,Devbhoomi Dwarka,ALFA SOLAR ENERGY PVT. LTD.,alfaenergypvtltd24@gmail.com,9825374299,0,0
GUJARAT,Devbhoomi Dwarka,ALFA SOLAR ENERGY,alfasolarenergy2020@gmail.com,9825374250,0,0
GUJARAT,Devbhoomi Dwarka,ALAYNA GREEN ENERGY,taharkhantna@gmail.com,6353439659,0,0
GUJARAT,Devbhoomi Dwarka,AKUNTHA PROJECTS PVT LTD,ravi@akuntha.com,9426402423,0,0
GUJARAT,Devbhoomi Dwarka,AKHANDDEEP SOLAR SOLUTION,akhanddeepsolar@gmail.com,9978643099,0,0
GUJARAT,Devbhoomi Dwarka,AKHAND SHAKTI SOLAR,apparanjape@gmail.com,9427003484,0,0
GUJARAT,Devbhoomi Dwarka,AK GREEN ENERGY,akgreenenergy49@gmail.com,9974846833,0,0
GUJARAT,Devbhoomi Dwarka,AIRSUN SOLAR ENERGY LLP,jatin@airsunsolarenergy.in,8799571627,0,0
GUJARAT,Devbhoomi Dwarka,AILIS ENERGY PRIVATE LIMITED,suryagujarat@ailisenergy.com,8401541048,0,0
GUJARAT,Devbhoomi Dwarka,AHAD SOLARTECH,ahad.solartech@gmail.com,9724259440,0,0
GUJARAT,Devbhoomi Dwarka,AHAD ENERGY,info@ahadenergy.in,9737673768,0,0
GUJARAT,Devbhoomi Dwarka,AGARIA ENTERPRISE,mahammadikbalagariya@gmail.com,8200605756,0,0
GUJARAT,Devbhoomi Dwarka,AEW SMART SERVICES PVT. LTD.,netmetering@aewsmart.com,8851047092,0,0
GUJARAT,Devbhoomi Dwarka,AEROVOLT ENERGY PRIVATE LIMITED,aerovoltenergy@gmail.com,9558002201,0,0
GUJARAT,Devbhoomi Dwarka,ADVANCED ELETRICAL SOLUTIONS,info.aessolar@gmail.com,7574880300,0,0
GUJARAT,Devbhoomi Dwarka,ADVANCE SOLAR,advancesolar139@gmail.com,7698756075,0,0
GUJARAT,Devbhoomi Dwarka,ADVANCE ENERGY SOLUTION,info.advanceenergysolution@gmail.com,8799359849,0,0
GUJARAT,Devbhoomi Dwarka,ADITYAURJA,info.adityaurjasolar@gmail.com,7359935517,0,0
GUJARAT,Devbhoomi Dwarka,ADITYA SOLAR ENERGY,adityasolar220@gmail.com,9664583813,0,0
GUJARAT,Devbhoomi Dwarka,ACTIVE POWER INFRA,activepowerinfra@gmail.com,7228828738,0,0
GUJARAT,Devbhoomi Dwarka,ACS LIGHTING PVT LTD,acslightingsales@gmail.com,9825247252,0,0
GUJARAT,Devbhoomi Dwarka,ACCURATE INFOTECH,accurateinfotech1@gmail.com,8866445623,0,0
GUJARAT,Devbhoomi Dwarka,ACCLIMATE SYSTEMS PRIVATE LIMITED,acclimatesystem@gmail.com,7878538141,0,0
GUJARAT,Devbhoomi Dwarka,AC DC PROJECTS,acdcprojects1@gmail.com,8200193182,0,0
GUJARAT,Devbhoomi Dwarka,ABS SOLAR ENERGY,abssolar16@gmail.com,7574010721,0,0
GUJARAT,Devbhoomi Dwarka,ABR ENERGY,abrenergy2019@gmail.com,9375208266,0,0
GUJARAT,Devbhoomi Dwarka,AATREY SOLUTIONS,aatreysolutions@gmail.com,7698120241,0,0
GUJARAT,Devbhoomi Dwarka,AATREY ASSOCIATES PRIVATE LIMITED,aatreyassociates@gmail.com,9824089144,0,0
GUJARAT,Devbhoomi Dwarka,AASHA SOLAR ENERGY,aashasolarenergy1@gmail.com,7016775306,0,0
GUJARAT,Devbhoomi Dwarka,AARUSH ENTERPRISE,info@aarushsolar.com,9724302078,0,0
GUJARAT,Devbhoomi Dwarka,AARSUN ENERGY SOLUTIONS,aarsunenergy@gmail.com,8200328869,0,0
GUJARAT,Devbhoomi Dwarka,AAROHI SOLAR ENERGY,pram8384@gmail.com,8347341291,0,0
GUJARAT,Devbhoomi Dwarka,AARISH POWER,harshpatel5268@gmail.com,7600621060,0,0
GUJARAT,Devbhoomi Dwarka,AARAMBH RENEWABLE,aarambhrenewable@gamil.com,8487861888,0,0
GUJARAT,Devbhoomi Dwarka,AANJNEY ENTERPRISE,aanjneysolar@gmail.com,6353161531,0,0
GUJARAT,Devbhoomi Dwarka,AANGI SOLAR,aangisolar@gmail.com,8000848307,0,0
GUJARAT,Devbhoomi Dwarka,AAMOKSH ELECTRICALS PRIVATE LIMITED,hardik.pandya4166@gmail.com,9998367462,0,0
GUJARAT,Devbhoomi Dwarka,AAJIVAN SOLAR POWER,aajivansolarpower@gmail.com,9106798337,0,0
GUJARAT,Devbhoomi Dwarka,AADITYA SOLAR,adityasolarnarmada@gmail.com,9265740687,0,0
GUJARAT,Devbhoomi Dwarka,AA SOLAR,enquiry.aasolar@gmail.com,7984392322,0,0
GUJARAT,Devbhoomi Dwarka,A S SOLAR ENTERPRISE,assolarenterprise@gmail.com,9510572504,0,0
GUJARAT,Devbhoomi Dwarka,A S RENEWABLE ENERGY PRIVATE LIMITED,info@asre.co.in,9067207226,0,0
GUJARAT,Devbhoomi Dwarka,A J INFRATECH AND SOLAR,aryanpatelvisnagar@gmail.com,9429083193,0,0
GUJARAT,Devbhoomi Dwarka,A D ENERGY SOLUTIONS,adenergysolutions64@gmail.com,9924503387,0,0
GUJARAT,Devbhoomi Dwarka,7 STAR SOLAR ENERGY,7STAR51751@GMAIL.COM,9624899019,0,0
GUJARAT,Devbhoomi Dwarka,5 RAYS ENERGY,5raysenergy@gmail.com,9979595404,0,0
GUJARAT,Devbhoomi Dwarka,4THVED AGROTECH,4thvedagro@gmail.com,9377126082,0,0
GUJARAT,Devbhoomi Dwarka,4SUN POWER,4sunpower.ahd@gmail.com,8000859548,0,0
GUJARAT,Devbhoomi Dwarka,24R ENERGY,abhinav.24renergy@gmail.com,9898881359,0,0
