state,district,company_name,emails,contact_numbers,total_installed_capacity_kwp,no_of_installations
GUJARAT,Gandhinagar,SHREEJI MARKETING - TALOD,rajuksales@gmail.com,9974612008,2139,609
GUJARAT,Gandhinagar,SANELITE SOLAR PVT LTD,bhavesh.modi@sanelitesolar.com,9374021722,1501,405
GUJARAT,Gandhinagar,HELIOSNATURAL RENEWTECH PRIVATE LIMITED,marketing@heliosnatural.com,7600052305,1509,404
GUJARAT,Gandhinagar,SHRI KHATRI BATTERY SERVICE,khatribattery@gmail.com,9426029459,1610,383
GUJARAT,Gandhinagar,AUSTRALIAN PREMIUM SOLAR INDIA PVT LTD,systems@australianpremiumsolar.co.in,7966006600,1331,361
GUJARAT,Gandhinagar,ASV ENERGY SOLUTIONS,vikas30.asv@gmail.com,7879064335,1220,349
GUJARAT,Gandhinagar,TROM INDUSTRIES LIMITED,marketing@tromsolar.in,9081017444,896,253
GUJARAT,Gandhinagar,SOLARIUM GREEN ENERGY LIMITED,np@solariumenergy.in,9687133338,826,220
GUJARAT,Gandhinagar,NEOCENT SOLAR SYSTEM LLP,m.neocent@gmail.com,9974710486,849,219
GUJARAT,Gandhinagar,DEVASYAM ENTERPRISE LLP,abpatel4318@gmail.com,9106684467,757,209
GUJARAT,Gandhinagar,RADHE ELECTRICAL,radheelectrical24@gmail.com,9601294783,691,197
GUJARAT,Gandhinagar,AEILUS RENEWABLE ENERGY,aeilusrenewableenergy@gmail.com,8866581528,893,195
GUJARAT,Gandhinagar,IMAGINE POWERTREE PRIVATE LIMITED,imagine.powertree@gmail.com,9586121111,523,167
GUJARAT,Gandhinagar,SNETRIC POWER,snetricpower@gmail.com,8487013107,634,162
GUJARAT,Gandhinagar,AMPLE SOLAR PVT LTD,ravi@amplesolar.in,9979792403,656,160
GUJARAT,Gandhinagar,AMPERE GREEN ENERGY,amperegreenenergy@gmail.com,9033116472,647,160
GUJARAT,Gandhinagar,BHAKTINANDAN POWER PVTLTD,bhaktinandanpower@gmail.com,9724031529,622,159
GUJARAT,Gandhinagar,AILIS ENERGY PRIVATE LIMITED,suryagujarat@ailisenergy.com,8401541048,567,146
GUJARAT,Gandhinagar,KOTSON PROJECTS PRIVATE LIMITED,kotsonprojects@gmail.com,9978909595,553,140
GUJARAT,Gandhinagar,SURYA SOLAR AND WATERS,rooftop@suryasolarwaters.com,9033266039,543,136
GUJARAT,Gandhinagar,SOLAR ACE,project.solarace@gmail.com,9909037803,520,135
GUJARAT,Gandhinagar,ZODIAC ENERGY LIMITED,info@zodiacenergy.com,7861852582,530,134
GUJARAT,Gandhinagar,SOLAR GREEN DEVELOPERS,solargreendevelopers@gmail.com,9924507751,439,125
GUJARAT,Gandhinagar,SUNISTIC SOLAR ENERGY LLP,info@sunisticsolarenergy.com,9909507507,463,115
GUJARAT,Gandhinagar,VA PATEL INFRA PRIVATE LIMITED,mayurdhavajsinhgohil00@gmail.com,9428269204,414,114
GUJARAT,Gandhinagar,EXCEL ELECTRICAL INFRA,info@excelelectricalinfra.com,8866900379,453,113
GUJARAT,Gandhinagar,ARRAYCOM INDIA LIMITED,solar@arraycom.co.in,9909941004,362,109
GUJARAT,Gandhinagar,PAVAN ENERGY,pavanenergy1209@gmail.com,7016265112,371,105
GUJARAT,Gandhinagar,RK SUN POWER LLP,rksunpowertrading@gmail.com,9913785000,361,104
GUJARAT,Gandhinagar,SOLAR SMART PVT LTD,solarsmart2021@gmail.com,7284000580,341,102
GUJARAT,Gandhinagar,SUNPLUG TECHNOLOGIES LLP,hnchavda87@gmail.com,9427020496,377,99
GUJARAT,Gandhinagar,JANSA SOLAR SOLUTIONS PVT LTD,jansa@kalptaru.co.in,9998000769,429,98
GUJARAT,Gandhinagar,SUNRISE ENTERPRISE,sunriseenterprise6388@gmail.com,9904889087,334,89
GUJARAT,Gandhinagar,EURO SOLAR SYSTEM,eurosolarsystem@gmail.com,6351892467,350,89
GUJARAT,Gandhinagar,ELLENCE ENERGY LLP,dhaval@ellenceenergy.com,9054073345,303,88
GUJARAT,Gandhinagar,UMIYA ENTERPRISE - NARODA,umiyaenterprise1981@gmail.com,9725033295,300,82
GUJARAT,Gandhinagar,PRODES CONSULTING ENGINEERS PRIVATE LIMITED,rajiv.ranjan.prakash786@gmail.com,8690444556,268,82
GUJARAT,Gandhinagar,SUNSAI SOLAR SYSTEMS,solar@sunsai.co.in,9925808788,247,81
GUJARAT,Gandhinagar,PARTH SALES,parthsalessolar@gmail.com,9712426671,289,81
GUJARAT,Gandhinagar,AARSUN ENERGY SOLUTIONS,aarsunenergy@gmail.com,8200328869,321,80
GUJARAT,Gandhinagar,ICON ENERGY,info@iconenergy.in,9909999162,270,78
GUJARAT,Gandhinagar,SURYAM ENERGY,dhavalpatel7037@gmail.com,8320698043,269,77
GUJARAT,Gandhinagar,KSQUARE ENERGY PVT LTD,projects@ksquareenergy.com,9725218150,294,76
GUJARAT,Gandhinagar,JAIMAX SUNBIM PVT LTD,jaimaxsunbim@gmail.com,8980024055,259,76
GUJARAT,Gandhinagar,U R ENERGY INDIA PVT LTD,india@urenergyglobal.com,9512040442,291,73
GUJARAT,Gandhinagar,SUNBOOST PRIVATE LTD,info@sunboostenergy.com,9104227788,288,73
GUJARAT,Gandhinagar,GREYANAS INDUSTRIES PRIVATE LIMITED,greyanassolar@gmail.com,9408715033,246,69
GUJARAT,Gandhinagar,STAR ENERGY SYSTEMS,starenergyindia@gmail.com,9825014314,296,68
GUJARAT,Gandhinagar,GREEN SOLAR ENERGY ENTERPRISES,greensolar.ahmedabad@gmail.com,9712909823,260,67
GUJARAT,Gandhinagar,LAKSH POWER TECH,lakshpowertech777@gmail.com,9825692073,220,65
GUJARAT,Gandhinagar,GARUDA POWER,garudapower26@gmail.com,9016555765,262,65
GUJARAT,Gandhinagar,SKYLINE SOLAR SYSTEM,skylinesolarsystem@gmail.com,9106430159,240,64
GUJARAT,Gandhinagar,VARUN ENGINEERING,varunpatel2027@gmail.com,9727854101,229,63
GUJARAT,Gandhinagar,HIRANYA,chintan6310@gmail.com,9909009425,214,61
GUJARAT,Gandhinagar,GRACE RENEWABLE ENERGY PVT LTD,project1@gracerenew.com,7573027788,285,61
GUJARAT,Gandhinagar,SHREE LALGHAR CORPORATION,shreelalgharcorporation@gmail.com,8200149120,239,60
GUJARAT,Gandhinagar,NYSA POWER,ronakpatel7319@gmail.com,9081819955,208,58
GUJARAT,Gandhinagar,ADINSON ENERGY LLP,adinsonenergy2022@gmail.com,9724272728,201,58
GUJARAT,Gandhinagar,SKY POWER,skypowersvp@gmail.com,9723070267,195,57
GUJARAT,Gandhinagar,RAYS RENEWABLE ENERGY,raysrenewableenergy@gmail.com,7069175139,216,57
GUJARAT,Gandhinagar,FUSION TECHNOLOGIES,fusiontech025@gmail.com,8200697067,229,57
GUJARAT,Gandhinagar,APS ROOFTOP SOLAR PRIVATE LIMITED,info@apsrooftopsolar.co.in,7966009900,219,57
GUJARAT,Gandhinagar,SOLAR EARTH,solarearth7@gmail.com,7990378370,200,56
GUJARAT,Gandhinagar,GURUKRUPA SOLAR AND AGRO INDUSTRIES,vishal@vishal-group.com,9328854525,215,54
GUJARAT,Gandhinagar,ATRI ENERGY,atrienergy@gmail.com,7622838008,180,52
GUJARAT,Gandhinagar,SHREEMAD ENGINEERS,shreemadbg@gmail.com,9913721961,203,51
GUJARAT,Gandhinagar,SOLAR CLEAN ENERGY,socleanenergy@gmail.com,6354418196,201,50
GUJARAT,Gandhinagar,SKY WINGS SOLAR ENERGY,skywingssolar@gmail.com,9974839830,204,50
GUJARAT,Gandhinagar,SAURASHTRA SOLAR SERVICES LLP,SaurashtraSolar.Gujrat@gmail.com,9925448033,182,49
GUJARAT,Gandhinagar,INFRAX INTERNATIONAL,info@infraxsolar.com,7778002780,161,48
GUJARAT,Gandhinagar,DGR ENERGY PRIVATE LIMITED,dgrenergygroup@gmail.com,8128603082,169,46
GUJARAT,Gandhinagar,AATREY SOLUTIONS,aatreysolutions@gmail.com,7698120241,166,45
GUJARAT,Gandhinagar,A D ENERGY SOLUTIONS,adenergysolutions64@gmail.com,9924503387,171,45
GUJARAT,Gandhinagar,HIYA ELECTRO ENGINEERS,hiyaelectroengineers@gmail.com,8128672333,157,44
GUJARAT,Gandhinagar,HITECH SOLAR,jayesh@hitechsolar.in,7600059073,176,44
GUJARAT,Gandhinagar,DHAVAL ELECTRIC SOLUTION,dhavalelectricsolution@gmail.com,8490990138,166,44
GUJARAT,Gandhinagar,R V SOLAR,rvsolarvijapur@gmail.com,9726801070,133,41
GUJARAT,Gandhinagar,NIDHI ELECTRICALS,thakkarumang82@gmail.com,9409322020,173,41
GUJARAT,Gandhinagar,KRISHA SOLAR & AGRO INDUSTRIES,krishasolarandagro21@gmail.com,9574856582,152,41
GUJARAT,Gandhinagar,ANTARES TECHNOLOGY,ravi@antarestechnology.in,8866515373,161,41
GUJARAT,Gandhinagar,RELIABLE ELECTRIX,reliableelectrix@gmail.com,9925448033,135,39
GUJARAT,Gandhinagar,R K ENTERPRICE,jayswal.ravi@ymail.com,9722252875,145,39
GUJARAT,Gandhinagar,SOLAR EARTH RENEWABLES PRIVATE LIMITED,ser@solarearth.in,7990378370,143,38
GUJARAT,Gandhinagar,SHREEJI ELECTRICAL - ISANPUR,shreejielec312@yahoo.com,9408197081,133,37
GUJARAT,Gandhinagar,SOHAM TECHNO SOLUTIONS,stssolar.document@gmail.com,9274349757,145,36
GUJARAT,Gandhinagar,MAHAVEER ENTRPRISE,me.solarmaster@gmail.com,7878647771,126,36
GUJARAT,Gandhinagar,INRAYS TECHNOLOGY,inraystechnology@gmail.com,9898878734,147,36
GUJARAT,Gandhinagar,KRIVA ENTERPRISE,krivaenterprise22@gmail.com,9722740977,135,35
GUJARAT,Gandhinagar,HERMES TECHNOLOGIES PRIVATE LIMITED,info@hermesdrives.com,9825066778,104,35
GUJARAT,Gandhinagar,VOLTEX SOLUTION,info.voltexsolution@gmail.com,9104629229,153,33
GUJARAT,Gandhinagar,P AND N ENGINEERING AND MARKETING,pandnsolarenergy@gmail.com,7622023251,121,33
GUJARAT,Gandhinagar,IMPERIUM POWERTECH,imperiumtender@gmail.com,9054457166,84,33
GUJARAT,Gandhinagar,DHWANIL LIGHT ZONE,patelrikin3054@gmail.com,9409505790,136,33
GUJARAT,Gandhinagar,IDEAL ELECTRICAL,idealelectric7@gmail.com,9638324167,124,32
GUJARAT,Gandhinagar,ELITO ENERGY PRIVATE LIMITED,info@elitoenergy.com,7226024441,93,32
GUJARAT,Gandhinagar,SAUR SOLAR SOLUTION LLP,piyushpatel1974@gmail.com,9909417258,110,31
GUJARAT,Gandhinagar,RADIANT GREEN SOLUTIONS,davda.manthan@yahoo.in,9978911803,131,31
GUJARAT,Gandhinagar,B-SOLAR CONSULTANT AND ENGINEER PVT LTD,md@bsolar.in,8000888019,112,31
GUJARAT,Gandhinagar,VEDANTA SOLAR,info.vedantasolar@gmail.com,8140233119,92,30
GUJARAT,Gandhinagar,SOHAM SOLAR SOLUTION,sohamsolarsolution@yahoo.com,9601751327,122,30
GUJARAT,Gandhinagar,PERFECT RENEWTECH PRIVATE LIMITED,info@perfectrenewtech.com,9965200700,123,30
GUJARAT,Gandhinagar,J S COMPANY,jscompany9@gmail.com,7990307424,134,30
GUJARAT,Gandhinagar,GANESH CORPORATION,ganeshcorporation3003@gmail.com,9979856236,120,30
GUJARAT,Gandhinagar,CELESTIAL RENEWABLE ENERGY,celestialrenewableenergy@gmail.com,9099033033,129,30
GUJARAT,Gandhinagar,SURYAKAMAL INFRA PVT.LTD.,sales@suryakamalinfra.com,9727756866,96,29
GUJARAT,Gandhinagar,MARUTI ENTERPRISE,maruti.enterprise0915@hotmail.com,8866239646,114,28
GUJARAT,Gandhinagar,DELUXE ENTERPRISE,infodeluxeenterprise@gmail.com,9429040663,103,28
GUJARAT,Gandhinagar,PEAKSUN ENERGY PRIVATE LIMITED,info@peaksunenergy.co.in,7486089901,83,27
GUJARAT,Gandhinagar,HARIPRIY INDUSTRIES,haripriyindustries@gmail.com,9725022146,85,27
GUJARAT,Gandhinagar,CHALAKNESI ENERGY,CHALAKNESHIENERGY@GMAIL.COM,9408539887,101,27
GUJARAT,Gandhinagar,SUNFLARE SOLUTIONS AND SERVICES PVT LTD,info@sunflaresns.com,9998430407,119,26
GUJARAT,Gandhinagar,SUN MICRA RENEWABLE ENERGY,info@sunmicra.co.in,7990662677,115,26
GUJARAT,Gandhinagar,PRIDE SOLAR ENERGY LLP,Pridesolarenergyllp@outlook.com,9664975264,113,26
GUJARAT,Gandhinagar,ERA ENVIRO SOLUTIONS,info.eraenviro@gmail.com,9227849825,86,26
GUJARAT,Gandhinagar,VIDE ENERGY,ankita.videenergy@gmail.com,9712668268,105,25
GUJARAT,Gandhinagar,SHREE GOR SOLAR,shreegorsolar@gmail.com,6361983041,119,25
GUJARAT,Gandhinagar,TAIYO SOLAR SYTEM INTEGRATOR LLP,info@taiyosolar.co.in,9825324580,93,24
GUJARAT,Gandhinagar,SN GROUP OF COMPANY,sngroupofcompany2022@gmail.com,9725324439,100,24
GUJARAT,Gandhinagar,KAGI RENEWABLE ENERGY,info.kagirenew@gmail.com,8401935902,104,24
GUJARAT,Gandhinagar,SOLARSQUARE ENERGY PRIVATE LIMITED,nationalportal@solarsquare.in,9830003000,104,23
GUJARAT,Gandhinagar,RARA-AVIS RENEWABLE ENERGY PRIVATE LIMITED,info@raraavisenergy.com,7043374434,98,23
GUJARAT,Gandhinagar,ADVANCED ELETRICAL SOLUTIONS,info.aessolar@gmail.com,7574880300,94,23
GUJARAT,Gandhinagar,YUVAAN ENERGY PRIVATE LIMITED,sales@yuvaanenergy.com,9825045890,104,22
GUJARAT,Gandhinagar,SOLINE SOLAR PRIVATE LIMITED,info@soline.in,9898535056,79,22
GUJARAT,Gandhinagar,SHIVHARDHA SHD PROJECTS,shivhardha@gmail.com,9898692603,80,21
GUJARAT,Gandhinagar,INFRAX RENEWABLE LIMITED,pmsg@infraxrenewable.com,9033260985,80,21
GUJARAT,Gandhinagar,SPARCO MULTIPLAST PVT LTD,info@sparcoenergy.com,9409269062,71,20
GUJARAT,Gandhinagar,SHREE UMIYA CORPORATION,shreeumiyacorp@gmail.com,8866731185,78,20
GUJARAT,Gandhinagar,SAVIOR SOLAR ENERGY,saviorsolarenergy@outlook.com,8980517729,65,20
GUJARAT,Gandhinagar,SATYAM ELECTRICALS,satyamelectrical@yahoo.com,9824256257,63,20
GUJARAT,Gandhinagar,TEJ ENERGY LLP,director@tejenergy.com,9426856508,70,19
GUJARAT,Gandhinagar,SOLEOS GREEN ENERGY PRIVATE LIMITED,pruthvi@soleos.in,9512448900,85,19
GUJARAT,Gandhinagar,SMIT ENGINEERING SOLUTION,smitengineering10@gmail.com,9033381684,61,19
GUJARAT,Gandhinagar,RAYBOTIX TECHNOLOGIES PVT LTD,info@raybotix.com,9978100900,76,19
GUJARAT,Gandhinagar,HELIOS SELENE,sales@heliosselene.in,7600132252,92,19
GUJARAT,Gandhinagar,HEER SOLAR ENERGY,heersolarenergy@gmail.com,9427063399,58,19
GUJARAT,Gandhinagar,E2 SOLUTIONS,e2solutions.ahm@gmail.com,9409049645,58,19
GUJARAT,Gandhinagar,DAY LIGHT SOLAR ENRGY,daylightsolarahm@gmail.com,8401605515,64,19
GUJARAT,Gandhinagar,AUTO FORGE ENGINEERS,autoforge2300@gmail.com,9925237321,67,19
GUJARAT,Gandhinagar,PRISHA CORPORATION,prishacorporation183@gmail.com,9825505023,66,18
GUJARAT,Gandhinagar,PRINIX POWER OPC PRIVATE LIMITED,prinixpower@gmail.com,7600755058,72,18
GUJARAT,Gandhinagar,360 POWER TECH,360powertech@gmail.com,8200827285,63,18
GUJARAT,Gandhinagar,QORX ENERGY,qorxenergy1366@gmail.com,9904000629,57,17
GUJARAT,Gandhinagar,PDF ENGINEERS PRIVATE LIMITED,project2.pepl@gmail.com,8803910391,65,17
GUJARAT,Gandhinagar,GREEN EVER SYSTEMS PRIVATE LIMITED,greeneversystems@gmail.com,8866167111,45,17
GUJARAT,Gandhinagar,AMAR JYOT SPRAY PUMP,ajagriandsolar@gmail.com,9722227299,60,17
GUJARAT,Gandhinagar,PHOENIX CREATIONS LIMITED,phoenixcreations2011@gmail.com,9978578599,62,16
GUJARAT,Gandhinagar,ELIOS ENERGY,info@eliosenergy.co.in,7016192219,59,16
GUJARAT,Gandhinagar,DIMAN SOLAR PVT LTD (FORMERLY KNOWN AS DIMAN OVERSEAS PVT LTD),info@dimansolar.com,9909928959,86,16
GUJARAT,Gandhinagar,RADHASWAMI CORPOPRATION,radhaswamicorporation1@gmail.com,9687607072,48,15
GUJARAT,Gandhinagar,KREYA ENTERPRISES,kreyaentp@gmail.com,6359233332,54,15
GUJARAT,Gandhinagar,HARI INFRA PROJECTS,info@hariindia.in,9998037067,57,15
GUJARAT,Gandhinagar,EFARM INTERNATIONAL PRIVATE LIMITED,info@efarmenergy.com,9723610012,63,15
GUJARAT,Gandhinagar,D R ENTERPRISE,DRENTERPRISE3029@GMAIL.COM,7990689506,61,15
GUJARAT,Gandhinagar,CEYONE SOLAR,ceyonesolar@gmail.com,7567091000,47,15
GUJARAT,Gandhinagar,VIDHYUT SOLAR,vidhyutsolarenergy@gmail.com,8347838900,53,14
GUJARAT,Gandhinagar,SUNSPOT ENERGY LLP,info.sunspotenergy@gmail.com,8866110577,62,14
GUJARAT,Gandhinagar,SUNLIGHT GREEN ENERGY,sunlightgreenmeh@gmail.com,8460043385,46,14
GUJARAT,Gandhinagar,SOLIS ENERGY SYSTEM,bhargavpaneliya@solisenergysystem.com,9601270077,48,14
GUJARAT,Gandhinagar,SHIVAM SOLAR,solar.shivam2020@gmail.com,7575007551,52,14
GUJARAT,Gandhinagar,PLUGIN ELECTRICAL,info@pluginelectrical.in,9512020316,51,14
GUJARAT,Gandhinagar,NRS SOLAR SOLUTION,info.nrssolarsolution@gmail.com,8488953026,64,14
GUJARAT,Gandhinagar,MEENA SOLAR,ripalsonpal@gmail.com,8408944904,51,14
GUJARAT,Gandhinagar,MATRIX ENTERPRISE,matrixsolar41@gmail.com,8905314234,52,14
GUJARAT,Gandhinagar,H AND S ENGINEERING,HSENGINEERING9698@GMAIL.COM,8980818699,50,14
GUJARAT,Gandhinagar,ANUPAM SMART ENERGY SOLAR,anupamsmartenergy@gmail.com,9601719818,52,14
GUJARAT,Gandhinagar,OCEAN POWER TECHNOLOGIES,ocean.powertech19@gmail.com,9924065610,52,13
GUJARAT,Gandhinagar,AARUSH ENTERPRISE,info@aarushsolar.com,9724302078,45,13
GUJARAT,Gandhinagar,SUKARM,sukarmsolar@gmail.com,9925045163,43,12
GUJARAT,Gandhinagar,SOLWAVE SOLAR,solwave4solar@gmail.com,9409344465,32,12
GUJARAT,Gandhinagar,SHINE SOLAR,shinesolar.marketing@gmail.com,7622023355,52,12
GUJARAT,Gandhinagar,SHAURYAM ENTERPRISE,shauryamsolarenterprise@gmail.com,9173645491,35,12
GUJARAT,Gandhinagar,KRISHIV ENTERPRISE,jevinpansuriya4@gmail.com,7359294060,36,12
GUJARAT,Gandhinagar,HET CONSULTANCY,hetconsultancy01@gmail.com,9586618784,50,12
GUJARAT,Gandhinagar,FARMSON ENERGY,info.pv@farmsonsolar.com,9687692733,34,12
GUJARAT,Gandhinagar,BHAGIRATH ELECTRICAL SERVICES,bhagirathelectricalservices@gmail.com,7990606284,47,12
GUJARAT,Gandhinagar,AATREY ASSOCIATES PRIVATE LIMITED,aatreyassociates@gmail.com,9824089144,55,12
GUJARAT,Gandhinagar,VINARA SOLUTIONS,vinarasolutions@gmail.com,8320754771,53,11
GUJARAT,Gandhinagar,VIMAL ELECTRONICS,kcpatel@vimalelectronics.com,9099777176,40,11
GUJARAT,Gandhinagar,UNIQUE ELECTRICAL,sales.epc2016@gmail.com,9099000148,41,11
GUJARAT,Gandhinagar,TROPICAL SOLAR ENERGY PRIVATE LIMITED,connect@tropicalsolar.in,8160023355,62,11
GUJARAT,Gandhinagar,SOLARATIVE ENERGY SOLUTION,pavan.solarative@gmail.com,9327151411,48,11
GUJARAT,Gandhinagar,SOLAR CLEAN ENERGY LIMITED,socleanenergy@gmail.com,9712666866,54,11
GUJARAT,Gandhinagar,KHUSHI IRRIGATION AND SOLAR,khushi.irrigationandsolar@gmail.com,9638370303,41,11
GUJARAT,Gandhinagar,JAFFINS ENTERPRISE,solarbhavnagar@gmail.com,9375465252,41,11
GUJARAT,Gandhinagar,H.K ENERGY,hkenergy001@gmail.com,9586401312,50,11
GUJARAT,Gandhinagar,GREEN ARTH,info@greenarth.co.in,8780623141,42,11
GUJARAT,Gandhinagar,GANESH GREEN BHARAT LIMITED,sales@ganeshgreen.com,9519518951,40,11
GUJARAT,Gandhinagar,EVERGREEN RENEWABLE TECHNOLOGIES,ashishpanchal888@gmail.com,7359743295,59,11
GUJARAT,Gandhinagar,CELESTRA SOLAR PVT LTD,info@celestrasolar.com,9998805002,57,11
GUJARAT,Gandhinagar,APEX RENEWABLE ENERGY,apexenergy95@gmail.com,9737972543,43,11
GUJARAT,Gandhinagar,SWAMI ENERGY,jigar.swamienergy@gmail.com,9725451293,44,10
GUJARAT,Gandhinagar,SHIVAY SOLAR ENERGY PRIVATE LIMITED,sanjay1482@gmail.com,7490013700,41,10
GUJARAT,Gandhinagar,MAHADEV SALES AGENCY,mahadevsolarproject@gmail.com,7393939139,41,10
GUJARAT,Gandhinagar,MADHAV ELECTRICAL,madhavelectrical23@gmail.com,9426755766,36,10
GUJARAT,Gandhinagar,JANETA SOLAR,info.janetasolar90@gmail.com,8734829145,39,10
GUJARAT,Gandhinagar,ISHITA ENGINEERING,ishitaengineering13@gmail.com,8866649177,38,10
GUJARAT,Gandhinagar,INFINITY RENEWABLE ENERGY,anand.infinityrenewableenergy@gmail.com,9913784000,39,10
GUJARAT,Gandhinagar,GUJARAT ENERGY,info@gujaratenergy.in,9723431234,34,10
GUJARAT,Gandhinagar,EVITUS ENERGY SOLUTIONS,evitusenergysolutions@gmail.com,8156006133,43,10
GUJARAT,Gandhinagar,DESIGNLUX PRIVATE LIMITED,info@designlux.in,9825868523,37,10
GUJARAT,Gandhinagar,AHMEDABAD SOLAR,ravichaudhary1403@gmail.com,9512365653,49,10
GUJARAT,Gandhinagar,AHAD SOLARTECH,ahad.solartech@gmail.com,9724259440,35,10
GUJARAT,Gandhinagar,WATERSUN ELECTRICAL SOLUTIONS PVT LTD,watersunelectrical@gmail.com,7016589864,33,9
GUJARAT,Gandhinagar,SKYWIN SOLAR,skywinsolar@gmail.com,7984435493,32,9
GUJARAT,Gandhinagar,NATURE CARE ADVISORS,naturecare.gujarat@gmail.com,8469991098,42,9
GUJARAT,Gandhinagar,KITE SOLAR ENERGY,kitesolarenergy@gmail.com,6352523489,34,9
GUJARAT,Gandhinagar,KHODIYAR ELECTRICAL,khodiyarelectrical9199@gmail.com,6355714181,36,9
GUJARAT,Gandhinagar,GREEN POWER SOLUTION,darjihardik777@gmail.com,8141216635,35,9
GUJARAT,Gandhinagar,EMISSIONS FREE WORLD PVT LTD,emissionsfreeworld@gmail.com,8320097477,80,9
GUJARAT,Gandhinagar,CHEMITEX EXPORTS PVT LTD,shrijichem@hotmail.com,9099940535,20,9
GUJARAT,Gandhinagar,ZEBRON SOLAR POWER SOLUTIONS,zebronsolar@gmail.com,9510370572,31,8
GUJARAT,Gandhinagar,VARDHAN SALES,vardhansolar91@gmail.com,9512020935,41,8
GUJARAT,Gandhinagar,SURYASE ENERGY,suryaseenergy@gmail.com,9662047390,27,8
GUJARAT,Gandhinagar,SHREE KHODIYAR REFRIGERATION SALES AND SERVICE,shreekhodiyarref85@gmail.com,9825289293,27,8
GUJARAT,Gandhinagar,N J ENERGY,nj.energy9@gmail.com,7487022943,27,8
GUJARAT,Gandhinagar,MAPSTECH SYSTEMS,mapstechsystems@gmail.com,9998854510,35,8
GUJARAT,Gandhinagar,GEETANJALI INDUSTRIES,jaskoenergy@gmail.com,8866200620,37,8
GUJARAT,Gandhinagar,FOREXT GREEN ENERGY PRIVATE LIMITED,Forextgreen@gmail.com,9227145384,31,8
GUJARAT,Gandhinagar,ECOWATT ENERGY,ecowattenergy18@gmail.com,9978638437,30,8
GUJARAT,Gandhinagar,CAPTAIN POLYPLAST LIMITED,solar@captainpolyplast.in,9313925889,30,8
GUJARAT,Gandhinagar,SUNRAISE INDUSTRIES,info@sunraiseindustries.com,9722106810,22,7
GUJARAT,Gandhinagar,SP POWERTECH,sppowertech44@gmail.com,9408129713,26,7
GUJARAT,Gandhinagar,SIMMS ENGINEERING PVT LTD,simms_eng@yahoo.co.in,9825142376,27,7
GUJARAT,Gandhinagar,SHIVAM PHOTOVOLTICS PVT LTD,tenders@spvpl.com,9426023829,26,7
GUJARAT,Gandhinagar,SHANTINIKETAN COMPUTER AND COMMUNICATION PVT LTD,shantiniketan@hotmail.com,9428444211,28,7
GUJARAT,Gandhinagar,REDREN ENERGY PVT LTD,rooftop@redren.in,9104591041,26,7
GUJARAT,Gandhinagar,PROMECH SOLAR ENERGY,promechsolarenergy@gmail.com,9662026679,23,7
GUJARAT,Gandhinagar,POWERTRAC INDUSTRIES LIMITED,info@powertracsolar.com,7573014610,14,7
GUJARAT,Gandhinagar,MARUTI ELECTRICALS,info.maruti16@yahoo.com,9727474683,28,7
GUJARAT,Gandhinagar,JAY SARDAR SOLAR PVT.LTD.,jaysardarsolar@gmail.com,8141500062,26,7
GUJARAT,Gandhinagar,I-TECH STORE,info.itechsolar@gmail.com,9879603933,33,7
GUJARAT,Gandhinagar,GREENCUBE ENERGIES PRIVATE LIMITED,nirankush@gcepl.in,9106836019,29,7
GUJARAT,Gandhinagar,GLOBAL SOLAR ENERGY,globalsolar99@gmail.com,8866190358,38,7
GUJARAT,Gandhinagar,GEER AGRO WORKS,geeragro@gmail.com,9898799789,32,7
GUJARAT,Gandhinagar,EURO PREMIUM SOLAR SYSTEM (INDIA) PRIVATE LIMITED,info@europremiumsolar.com,7622023253,32,7
GUJARAT,Gandhinagar,BENCHMARK AGENCIES PRIVATE LIMITED,tarang@benchmarkagencies.com,8200267346,26,7
GUJARAT,Gandhinagar,VEE SECURE,veesecure.in@gmail.com,9825070982,22,6
GUJARAT,Gandhinagar,UMA SOLAR,umasolar1995@gmail.com,9924491881,25,6
GUJARAT,Gandhinagar,SUNDROP POWER,powersundrop@gmail.com,9429482526,22,6
GUJARAT,Gandhinagar,SUKOON POWER TECHNOLOGY,sukoonpowertech@gmail.com,9712946594,27,6
GUJARAT,Gandhinagar,SPEED O ENERGY,INFO.SPEEDOENERGY@GMAIL.COM,7016826003,21,6
GUJARAT,Gandhinagar,SHREEJI SOLAR ENERGY SYSTEMS,snpatel2605@gmail.com,9712914272,21,6
GUJARAT,Gandhinagar,SAMPTEL ENERGY PRIVATE LIMITED,project@samptelenergy.com,9727755187,28,6
GUJARAT,Gandhinagar,RISING ENERGY SOLUTIONS,risingenergy@yahoo.com,7990391839,19,6
GUJARAT,Gandhinagar,RAYCAL POWER INFRA PVT LTD,darshan@raycal.in,6358196472,22,6
GUJARAT,Gandhinagar,RADIANT SOLAR SOLUTIONS,paresh@radiantsolarsolution.com,9979632096,22,6
GUJARAT,Gandhinagar,PROSTARM INFO SYSTEMS LIMITED,mktg.ahm@prostarm.com,9316466272,31,6
GUJARAT,Gandhinagar,PRACHI GREEN GREEN ENERGY PVT LTD,prachigreenenergy@gmail.com,9737830854,19,6
GUJARAT,Gandhinagar,PANCHAMRUT ENTERPRISE,panchamrut2019@gmail.com,7016103662,20,6
GUJARAT,Gandhinagar,MAXIFLUENCE TECHNOVATE LLP,info@maxifluencetechnovate.com,9662298809,33,6
GUJARAT,Gandhinagar,MAKE INSIDE SOLUTIONS,info@makeinside.co.in,9898302030,29,6
GUJARAT,Gandhinagar,MAHALAXMI ELECTRICALS - AHEMDABAD,mahalaxmi.electricals_07@yahoo.com,8238914975,29,6
GUJARAT,Gandhinagar,KOSOL ENERGIE PVT. LTD.,bharat@sunray.co.in,8799696356,27,6
GUJARAT,Gandhinagar,KK ENTERPRISE,LATHIYA410@GMAIL.COM,9925590208,20,6
GUJARAT,Gandhinagar,JAY SARDAR SOLAR POWER PRIVATE LIMITED,dbchaudhary108@gmail.com,9737550593,22,6
GUJARAT,Gandhinagar,HEMALI ELECTRICALS,hemali_elect@rocketmail.com,9979874161,22,6
GUJARAT,Gandhinagar,ENERZYTECH INDUSTRIES PRIVATE LIMITED,deep.bhojani@enerzytech.com,9727139999,34,6
GUJARAT,Gandhinagar,ECOVIBE RENEWTECH ENERGY,ecoviberenewtechenergy@gmail.com,8401168101,46,6
GUJARAT,Gandhinagar,BLEO ENERGY,bleoenergy@gmail.com,9924982211,26,6
GUJARAT,Gandhinagar,BHANU PV SOLAR PVT LTD,bhanupvsolarpvtltd@gmail.com,9510398989,21,6
GUJARAT,Gandhinagar,BEACON ELECTROTECH LLP,info@beaconelectrotech.com,8460314011,25,6
GUJARAT,Gandhinagar,BADAL INDUSTRIES,badalindustries@gmail.com,9824594844,24,6
GUJARAT,Gandhinagar,ARETE ELECTROPOWER PVT LTD,projects@arelectropower.com,9099940283,17,6
GUJARAT,Gandhinagar,AARU SOLAR PRIVATE LIMITED,sharad.aarusolar@gmail.com,9427954432,24,6
GUJARAT,Gandhinagar,VIRTA ENTERPRISE,INFO.VIRTAENTERPRISE@GMAIL.COM,7698432673,17,5
GUJARAT,Gandhinagar,THE WOLT TECHNIQUES,director@woltsolarproducts.com,9904238777,16,5
GUJARAT,Gandhinagar,TECHNO ENERGY SOLUTIONS,tes010421@gmail.com,9725022866,20,5
GUJARAT,Gandhinagar,SWARG INDUSTRIES PVT LTD,info@swargworld.com,9824999527,23,5
GUJARAT,Gandhinagar,SUNBURST GREEN ENERGY LLP,office@sunburstgreen.com,9879514559,16,5
GUJARAT,Gandhinagar,SUNARC ELECTRICALS,sunarcelectricals@gmail.com,9687025729,17,5
GUJARAT,Gandhinagar,SHINE ENERGY SOLUTION,info@shineenergysolution.in,9687959342,22,5
GUJARAT,Gandhinagar,RISING SUN ENERGY,risingsunenergy2018@gmail.com,7405303305,25,5
GUJARAT,Gandhinagar,PRIME ENERGY,primeenergy321@gmail.com,9512022199,20,5
GUJARAT,Gandhinagar,P C LINK ENTERPRISE,pclinkenterprise@gmail.com,8238053941,17,5
GUJARAT,Gandhinagar,NINE TECH AUTOMATION,ninetechautomation09@gmail.com,9313375388,16,5
GUJARAT,Gandhinagar,NEETY EURO ASIA SOLAR ENERGY,falgun@nease.in,9909595442,29,5
GUJARAT,Gandhinagar,LIPO TECHNOLOGY PRIVATE LIMITED,kalpesh@lipotechnology.in,9722266550,16,5
GUJARAT,Gandhinagar,JIGS ELECTRICAL,jigselectrical@gmail.com,9979129392,21,5
GUJARAT,Gandhinagar,INSTANT TECHNOLOGY,info@instantgroup.live,8200782232,16,5
GUJARAT,Gandhinagar,GREEN WATT ENERGY,info@greenwattenergy.co.in,9913853055,21,5
GUJARAT,Gandhinagar,GREEN EARTH SOLAR,info.ges2015@gmail.com,9723076250,9,5
GUJARAT,Gandhinagar,GALAXY ENERGY SOLUTION,galaxyenergysolution@protonmail.com,9428158678,23,5
GUJARAT,Gandhinagar,ELCON POWER,elconpower@outlook.com,8200061494,19,5
GUJARAT,Gandhinagar,CHAUDHARY DESIGNERS & FABRICATORS,cdfsolarpv@gmail.com,9712922019,17,5
GUJARAT,Gandhinagar,AZOLE POWER,azolepower9998@gmail.com,9998743101,20,5
GUJARAT,Gandhinagar,ARKTEC RENEWABLE ENERGY LLP,arktecrenewableenergy@gmail.com,8160038659,25,5
GUJARAT,Gandhinagar,AAROHI SOLAR ENERGY,pram8384@gmail.com,8347341291,17,5
GUJARAT,Gandhinagar,4D ENERGY,4d.energy01@gmail.com,9574772407,18,5
GUJARAT,Gandhinagar,SURYASIDDHI ENERGY SOLUTION PRIVATE LIMITED,suryasiddhienergysolutions@gmail.com,8460641891,15,4
GUJARAT,Gandhinagar,SUNSPOT,msn.sunspot@gmail.com,6356810701,15,4
GUJARAT,Gandhinagar,SOR ENTERPRISE,sorsolar@yahoo.com,9824428293,20,4
GUJARAT,Gandhinagar,SHREEJI SOLAR,info.shreejisolar@gmail.com,9904351125,19,4
GUJARAT,Gandhinagar,NES ENERGY SOLUTIONS,info.nesenergy@gmail.com,9825071551,24,4
GUJARAT,Gandhinagar,MEKTECH SOLUTION,mektechsolution@gmail.com,7984595405,19,4
GUJARAT,Gandhinagar,KP GREEN ENERGY,kpgreenenergy46@gmail.com,7048370774,18,4
GUJARAT,Gandhinagar,JAYVEER ELECTRICAL PRIVATE LIMITED,jayveerelectrical@gmail.com,9601679621,13,4
GUJARAT,Gandhinagar,JAISHANAVI SOLAR,rishikeshthakkar@gmail.com,9974143899,13,4
GUJARAT,Gandhinagar,HEAVEN GREEN ENERGY LTD. (FORMERLY KNOWN AS HEAVEN SOLAR ENERGY PVT LTD),heavensolarenergy@gmail.com,9979532167,16,4
GUJARAT,Gandhinagar,GROWTH POWER,solar@growthpower.co.in,9724959244,14,4
GUJARAT,Gandhinagar,GRIDSOL ENERGY,GRIDSOLENERGY@GMAIL.COM,9724634747,19,4
GUJARAT,Gandhinagar,EWALK ENERGY,info.ewalkenergy@gmail.com,9054927675,17,4
GUJARAT,Gandhinagar,ENERSOL SOLUTIONS LLP,karan@enersol.co.in,7069555533,16,4
GUJARAT,Gandhinagar,EMDERS ENTERPRISE,info.emders@gmail.com,7016614013,18,4
GUJARAT,Gandhinagar,DREAM MART,dreammart108@gmail.com,9099975489,13,4
GUJARAT,Gandhinagar,DIGI SOLAR ENERGY,digisolarenergy@gmail.com,9687818686,13,4
GUJARAT,Gandhinagar,CYBRID INFRATECH PRIVATE LIMITED,DEEPAK@CYBRIDINFRA.COM,9925299942,14,4
GUJARAT,Gandhinagar,AHAD ENERGY,info@ahadenergy.in,9737673768,18,4
GUJARAT,Gandhinagar,A U ENTERPRISE,contact.auenterprise@gmail.com,8140570688,13,4
GUJARAT,Gandhinagar,A J INFRATECH AND SOLAR,aryanpatelvisnagar@gmail.com,9429083193,13,4
GUJARAT,Gandhinagar,4SUN POWER,4sunpower.ahd@gmail.com,8000859548,17,4
GUJARAT,Gandhinagar,WISE GOAL SERVICES PRIVATE LIMITED,hr.wisegoal@gmail.com,7567161902,11,3
GUJARAT,Gandhinagar,VIVAAN INFRA,info@vivaaninfra.in,9909916448,20,3
GUJARAT,Gandhinagar,VIBRANT SOLAR SYSTEMS,sales.vibrantsolar@gmail.com,9408330692,10,3
GUJARAT,Gandhinagar,V POWER SOLAR SERVICES,vpowersolarservices@gmail.com,9904254440,8,3
GUJARAT,Gandhinagar,UMAA ENTERPRISE,sales.umaa@gmail.com,9898701758,15,3
GUJARAT,Gandhinagar,UMA CORPORATION,kkpatel8634@gmail.com,8140846666,14,3
GUJARAT,Gandhinagar,TARA SOLAR ENERGY,tara.solar.2111@gmail.com,9408966600,17,3
GUJARAT,Gandhinagar,SWASTIK SOLAR SYSTEM,swastiksolar07@gmail.com,9712412011,8,3
GUJARAT,Gandhinagar,SURYA URJA SYSTEMS,suryaurjasystems@gmail.com,9824276142,10,3
GUJARAT,Gandhinagar,SUNNOVATIVE SOLAR ENERGY SOLUTION PVT LTD,ravi@sunnovative.com,8153819531,14,3
GUJARAT,Gandhinagar,SOLMECH ENERGY,solmechenergy@gmail.com,9998930960,12,3
GUJARAT,Gandhinagar,SOLARTRONICS ENERGY,info.solartronics@gmail.com,9426424973,15,3
GUJARAT,Gandhinagar,SOLARAM POWER INFRASTRUCTURE PRIVATE LIMITED,solarampower@gmail.com,9898041008,12,3
GUJARAT,Gandhinagar,SOLAR EDGE,solaredge.w@gmail.com,8000030407,14,3
GUJARAT,Gandhinagar,SIGMA ENGINEERING,sigma_engg@yahoo.co.in,9825205934,13,3
GUJARAT,Gandhinagar,SHREE HARI SOLAR,patelravit1@gmail.com,9819049759,8,3
GUJARAT,Gandhinagar,SATYAKRISHNA LIGHTING,SATYAKRISHNALIGHTING@GMAIL.COM,9428369990,11,3
GUJARAT,Gandhinagar,SAICAB TECH PVT LTD,info@saicabtech.com,8511130328,18,3
GUJARAT,Gandhinagar,RAYNEX POWER SOLUTION PRIVATE LIMITED,info@raynexps.com,8758612077,9,3
GUJARAT,Gandhinagar,PV RENEWABLES,keyurdudhat871@gmail.com,9714872871,14,3
GUJARAT,Gandhinagar,PATIDAR ENTERPRISE,patidarenterprise13@gmail.com,8980312782,10,3
GUJARAT,Gandhinagar,PARAS TECHNOCRAT PVT. LTD,info@parastechnocrat.in,7621983131,13,3
GUJARAT,Gandhinagar,PAHAL SOLAR EPC LLP,avinash@pahalsolar.com,9512323223,11,3
GUJARAT,Gandhinagar,NOBLE INFOTECH,sankhala2002@gmail.com,9909986188,10,3
GUJARAT,Gandhinagar,MNS GLOBAL ENGINEERING AND SERVICES,mnsglobalengineeringservices@gmail.com,9727207075,14,3
GUJARAT,Gandhinagar,MECPOWER SOLUTIONS LIMITED,tender@mecpower.in,9328911577,12,3
GUJARAT,Gandhinagar,MAXIM ENERGY,maximenergy21@gmail.com,9265123804,13,3
GUJARAT,Gandhinagar,MANYAH ENERGY PVTLTD,manyahenergy@gmail.com,9925065224,12,3
GUJARAT,Gandhinagar,MAHADEV SOLAR ENTERPRISE,mahadevsolar2526@gmail.com,8758610449,9,3
GUJARAT,Gandhinagar,LIGHTFLOW INDIA SOLAR,lightflowindia@gmail.com,8000835616,11,3
GUJARAT,Gandhinagar,JAYKAMAL ENERGY,JAYKAMAL.ENERGY@GMAIL.COM,9726862780,9,3
GUJARAT,Gandhinagar,JANTA RENEWABLE ENRGY,jantarenewableenergy@gmail.com,9898897373,9,3
GUJARAT,Gandhinagar,HYSUN SOLAR PRIVATE LIMITED,prajapatiomaram62@gmail.com,7573999961,15,3
GUJARAT,Gandhinagar,HI TECH ENERGY,hitechenergy17@gmail.com,9924388540,12,3
GUJARAT,Gandhinagar,HARI OM SOLAR ENERGY,prajapativr697@gmail.com,9428490890,11,3
GUJARAT,Gandhinagar,GREENMAX ENERGY PVT. LTD.,sales1@greenmaxenergy.in,9601100759,17,3
GUJARAT,Gandhinagar,FRELIT ENERGY PRIVATE LIMITED,frelitenergy@gmail.com,9512700130,12,3
GUJARAT,Gandhinagar,EVOTAR TECHNOLOGIES PRIVATE LIMITED,info@evotartech.com,6358999573,14,3
GUJARAT,Gandhinagar,EARTHWAVE TECHNOLOGY PRIVATE LIMITED,EARTHWAVETECHNOLOGY@GMAIL.COM,9426373334,17,3
GUJARAT,Gandhinagar,AVIRAT ENERGY PVT LTD,aviratenergy@gmail.com,9697443344,11,3
GUJARAT,Gandhinagar,ATLAS MATRIX PVT LTD,atlassolar01@gmail.com,9016955068,11,3
GUJARAT,Gandhinagar,ARK SOLAR ENERGY SOLUTIONS,arksolarenergy3@gmail.com,7874463444,11,3
GUJARAT,Gandhinagar,AONE RENEWABLE ENERGY,md.aonerenewableenergy@gmail.com,7435061657,12,3
GUJARAT,Gandhinagar,ANAND AND ANAND ASSOCIATES,yogeshanandk@gmail.com,9426546256,13,3
GUJARAT,Gandhinagar,URJASTROT PRIVATE LIMITED,urjastrotenterprise@gmail.com,7621010012,6,2
GUJARAT,Gandhinagar,UNICORN ELECTRICALS AND PROJECTS,unicornelectricals20@gmail.com,9510968626,10,2
GUJARAT,Gandhinagar,TECHNOVATIVE GREEN ENERGY SOLUTIONS,technovativesolar@gmail.com,6354031108,8,2
GUJARAT,Gandhinagar,SUNLIGHT INFRA ENERGY PRIVATE LIMITED,tender@sunlights.in,9998374580,8,2
GUJARAT,Gandhinagar,SUNHIT SOLAR SOLUTION LLP,sunil@sunhit.in,9712892197,8,2
GUJARAT,Gandhinagar,SUNBEAM SOLAR ENERGY,ceo.sunbeamsolarenergy@gmail.com,9662412871,7,2
GUJARAT,Gandhinagar,SRI BALAJI SUN ENERGY,info@sribalajienergy.com,7878375444,8,2
GUJARAT,Gandhinagar,SOLVEIG SOLAR PRIVATE LIMITED,solveigsolar@gmail.com,9724362544,12,2
GUJARAT,Gandhinagar,SOLAR TECHNOLOGY,info@solartechnology.in,9998063204,7,2
GUJARAT,Gandhinagar,SOLAR TECH WORLD,support@solartechworld.com,8460728007,7,2
GUJARAT,Gandhinagar,SKYLIGHT SOLAR,skylightsolar03@gmail.com,9510905126,8,2
GUJARAT,Gandhinagar,SHREE SOLAR POWER,nileshsorthiya2@gmail.com,9727620417,6,2
GUJARAT,Gandhinagar,SHIVAM ENTERPRISE (SURAT),shivamenterprise24365@gmail.com,9998883132,6,2
GUJARAT,Gandhinagar,SHAKTI ENTERPRISE,shaktienterprise0507@gmail.com,8866124840,7,2
GUJARAT,Gandhinagar,SAVALIYA BROTHERS,SB.SAVALIYABROTHERS@GMAIL.COM,9687651107,8,2
GUJARAT,Gandhinagar,RAYNEX POWER SOLUTION,raynexps@gmail.com,8758239470,6,2
GUJARAT,Gandhinagar,RAJ CORPORATION,raj.corporation07@gmail.com,7990452182,6,2
GUJARAT,Gandhinagar,PETLAD SOJITRA TALUKA SAURAURJA UTPADAK SAHKARI MANDALI LIMITED,pssumandali@gmail.com,8140968999,6,2
GUJARAT,Gandhinagar,MECHATRONIK TECHNOLOGIES PRIVATE LIMITED,niket@mechatroniksolar.com,9033029394,12,2
GUJARAT,Gandhinagar,MAHISAGAR SOLAR ENERGY,mahisagarsolarenergy23@gmail.com,8200154972,6,2
GUJARAT,Gandhinagar,MADHAV ENERGY SOLUTION,info.madhavenergy@gmail.com,9408354018,7,2
GUJARAT,Gandhinagar,KANHA ENTERPRISE,kanhaenterprise4161@gmail.com,6355636703,6,2
GUJARAT,Gandhinagar,JAY DADA SOLAR,jaydadasolar@gmail.com,6353659868,7,2
GUJARAT,Gandhinagar,INVENTRIK ENTERPRISE,info@inventrik.co.in,8238083000,10,2
GUJARAT,Gandhinagar,INFINITE ENERGY ANS TECHNOLOGY,planning@infiniteenergy.co.in,9099971778,9,2
GUJARAT,Gandhinagar,HIPANAX ENERGY,hipanaxenergy@outlook.com,9727063026,11,2
GUJARAT,Gandhinagar,GROWSUN RENEWABLE LLP,info.growsunrenewablellp@gmail.com,9925590193,9,2
GUJARAT,Gandhinagar,GREENBRILLIANCE RENEWABLE ENERGY LLP,jay.patel@gbreenergy.com,9879611302,7,2
GUJARAT,Gandhinagar,GREEN SUN ENERGY,teamgreensun@gmail.com,9274525232,9,2
GUJARAT,Gandhinagar,FERUS ENERGIES CO,info@ferusenergies.com,9913341342,8,2
GUJARAT,Gandhinagar,ENJOY TECHNOLOGY,care.enjoytechnology@gmail.com,9727718887,15,2
GUJARAT,Gandhinagar,ENERGY EQUIPMENTS,energysolar58@gmail.com,9909923110,9,2
GUJARAT,Gandhinagar,CITIZEN SOLAR PVT. LTD.,tsjain@citizensolar.com,9825144499,7,2
GUJARAT,Gandhinagar,ASHISH ELECTROMECH,ashishelectromech@gmail.com,9426048587,9,2
GUJARAT,Gandhinagar,ARYA ELECTRICALS,arya.electricals2013@gmail.com,9428266003,12,2
GUJARAT,Gandhinagar,ARENA AUTOMATION,arenaautomationb@gmail.com,9904018887,8,2
GUJARAT,Gandhinagar,ARCHER RENEWABLE PRIVATE LIMITED,info@archersolar.in,8000041003,8,2
GUJARAT,Gandhinagar,AIRSUN SOLAR ENERGY LLP,jatin@airsunsolarenergy.in,8799571627,9,2
GUJARAT,Gandhinagar,ABHI ENERGETIC PVT LTD,abhi_electrical13@yahoo.com,9824345369,7,2
GUJARAT,Gandhinagar,AAMOKSH ELECTRICALS PRIVATE LIMITED,hardik.pandya4166@gmail.com,9998367462,7,2
GUJARAT,Gandhinagar,ZY ENTERPRISE,zyenterprise12@gmail.com,8460313094,3,1
GUJARAT,Gandhinagar,ZENITH SUNSPARK,zenithsunspark@gmail.com,8140946909,3,1
GUJARAT,Gandhinagar,VISWAN ENERGY SOLUTIONS,viswanenergy@gmail.com,8866641649,3,1
GUJARAT,Gandhinagar,VISION SOLAR,visionenergy196@gmail.com,6351131196,3,1
GUJARAT,Gandhinagar,VISION INFOSYS,info@vision-infosys.in,9825061749,3,1
GUJARAT,Gandhinagar,VISHWAKARMA ELECTRICALS,info.vishwakarmaelectricals@gmail.com,9426730030,3,1
GUJARAT,Gandhinagar,VIJAY SOLAR ENERGY,vijaysolarenergy940@gmail.com,6351211549,4,1
GUJARAT,Gandhinagar,VARIZONE SOLAR PRIVATE LIMITED,varizonesolar@gmail.com,9426111113,4,1
GUJARAT,Gandhinagar,UTSAV ELECTRICALS,info.utsavelectricals@gmail.com,9106623744,6,1
GUJARAT,Gandhinagar,URATOM SOLAR INDIA PVT LTD,pv@uratom.com,9925099249,3,1
GUJARAT,Gandhinagar,UMA POWER SOLUTIONS,umapowersolution@gmail.com,9638953281,3,1
GUJARAT,Gandhinagar,ULTRA RAYS ENERGY SOLUTION,ultrarays2019@gmail.com,7984482472,3,1
GUJARAT,Gandhinagar,TOUCHCORE CONSULTANCY,touchcore27@gmail.com,9909284285,5,1
GUJARAT,Gandhinagar,TECHNO POWER,technopower0001@gmail.com,8200360798,2,1
GUJARAT,Gandhinagar,SUNREST INFRA ENERGY,sunrestinfraenergy@gmail.com,9638063381,3,1
GUJARAT,Gandhinagar,SUNCENTER SOLAR ENERGY,suncentersolarenergy@gmail.com,8905055513,3,1
GUJARAT,Gandhinagar,SUCCESS TECHNOCRAT,khatri292@gmail.com,9624001021,3,1
GUJARAT,Gandhinagar,STARLUMEN ENERGY LLP,sales.starlumen@gmail.com,8758737125,4,1
GUJARAT,Gandhinagar,SPIKE ENERGY,vspikeenergy@gmail.com,9662485355,3,1
GUJARAT,Gandhinagar,SOLEX GREEN ENERGY PRIVATE LIMITED,pravin.d@solex.in,9376820081,3,1
GUJARAT,Gandhinagar,SOLARWAVE ENERGY,solarwaveenergy2@gmail.com,7490083005,4,1
GUJARAT,Gandhinagar,SOLARNOVA ENERGY,solarnovaenergy@gmail.com,9913161358,5,1
GUJARAT,Gandhinagar,SOLARIZE RENEWABLES PVT. LTD.,info@solarizerenewables.com,9081999400,5,1
GUJARAT,Gandhinagar,SOLARIS TECHNO,solaristechno@gmail.com,8767917570,4,1
GUJARAT,Gandhinagar,SOLAR SUNPOWER,solarsunpower2020@gmail.com,8238835771,4,1
GUJARAT,Gandhinagar,SOLAR EXPERT,solarexpert35@gmail.com,9426167233,5,1
GUJARAT,Gandhinagar,SOL MAX SOLUTION,mpboricha111@gmail.com,9429343757,5,1
GUJARAT,Gandhinagar,SOL ENERGY,solenergyn@gmail.com,7621852735,8,1
GUJARAT,Gandhinagar,SIDOM SYNERGY PRIVATE LIMITED,sidomsynergy@gmail.com,9408454029,3,1
GUJARAT,Gandhinagar,SHRI SAI ELECTRICAL,rooftop@shrisaielectrical.co.in,6353970979,3,1
GUJARAT,Gandhinagar,SCORP ENERGY PRIVATE LIMITED,mohit@scorpenergy.com,9925345121,5,1
GUJARAT,Gandhinagar,SATYASARA ENERGY PRIVATE LIMITED,satyasaraenergy@gmail.com,9909365808,3,1
GUJARAT,Gandhinagar,SARVAYOGAM,sarvayogamgroup@gmail.com,9510356575,6,1
GUJARAT,Gandhinagar,SADGURU SOLAR SYSTEMS,sadgurusolarsystems@gmail.com,9687621666,8,1
GUJARAT,Gandhinagar,RK RENEWABLE ENERGY & ENGINEERING WORKS,rkrenewable.engineering2020@gmail.com,9824961523,3,1
GUJARAT,Gandhinagar,RESONAGE GREEN ENERGY PRIVATE LIMITED,rgepl2024gujarat@gmail.com,9879402000,5,1
GUJARAT,Gandhinagar,RD ENERGY SOLUTIONS,rdenergysolutions@outlook.com,8866226473,3,1
GUJARAT,Gandhinagar,RAYOLT ENERGY LLP,info@rayolt.com,9998745706,3,1
GUJARAT,Gandhinagar,RAJ GREEN ENERGY,rgeresource@gmail.com,9712911189,3,1
GUJARAT,Gandhinagar,RABBIT ELECTRICAL AND SOLAR PVT. LTD.,respvtltd24@gmai.com,9727646420,3,1
GUJARAT,Gandhinagar,PURNIMA SOLAR ENERGY,rpateldeesa@gmail.com,9824320856,3,1
GUJARAT,Gandhinagar,PRASHANT ENTERPRISE,prashantenterprise.solar@gmail.com,9409337000,3,1
GUJARAT,Gandhinagar,POWERSHINE ENERGY,powershineenergy1993@gmail.com,9723096888,3,1
GUJARAT,Gandhinagar,POWERMAC TECHNOLOGY,info@powermacgroup.com,9099939972,4,1
GUJARAT,Gandhinagar,POWER PLUS,powerplusbhabhar@gmail.com,8128435584,3,1
GUJARAT,Gandhinagar,PATWA MARKETING,nigam82002@yahoo.co.in,9825622939,5,1
GUJARAT,Gandhinagar,PASHAVA ENERGY PRIVATE LIMITED,pashavaenergy@yahoo.com,9909904332,3,1
GUJARAT,Gandhinagar,P.M.BAROT GREEN ENERGY,jaybarotkdbm@gmail.com,9327129667,3,1
GUJARAT,Gandhinagar,P V ENERGY,pvenergy999@gmail.com,9924195999,3,1
GUJARAT,Gandhinagar,ONIX RENEWABLE LIMITED,naman.viradiya@onixrenewable.in,9586043661,3,1
GUJARAT,Gandhinagar,OM SOLAR,VIPULKUMARPATEL43@YAHOO.IN,9714384884,5,1
GUJARAT,Gandhinagar,OM SHANTI SOLAR GROUP,omshantisolar@gmail.com,8530122612,3,1
GUJARAT,Gandhinagar,NP RENEWABLE ENERGY,nprenewableenergy@gmail.com,7016917174,4,1
GUJARAT,Gandhinagar,NAVKAR POWER SOLUTIONS,contact@navkarpower.co.in,9879613334,3,1
GUJARAT,Gandhinagar,MITRAY ENGINEERING,mitray.engineering@gmail.com,7621895796,4,1
GUJARAT,Gandhinagar,MARUTI SOLAR PUMP SYSTEM,patelsandip0226@gmail.com,9426849250,4,1
GUJARAT,Gandhinagar,MAHEK SOLAR POWER,mahek.tech1@gmail.com,9925805953,3,1
GUJARAT,Gandhinagar,MADYSON ELECTRICAL,madyson.electrical41@gmail.com,9998864567,5,1
GUJARAT,Gandhinagar,MADHAV SOLAR ENERGY LIMITED (FORMERLY KNOWN AS MADHAV ENTERPRISE - SURAT),info@madhavsolarenergy.com,8849299212,5,1
GUJARAT,Gandhinagar,KHODIYAR ELECTRICAL (VISNAGAR),khodiyar.electrical210@gmail.com,9979632702,3,1
GUJARAT,Gandhinagar,KALPTARU RENEWABLE POWER PVT LTD,support@kalptaru.co,7600780720,3,1
GUJARAT,Gandhinagar,JAY AMBE ELECTRICALS,jayambeelectricals091@gmail.com,6355252020,3,1
GUJARAT,Gandhinagar,JALARK SOLAR SOLUTIONS OPC PVT LTD,infojalark@gmail.com,9426661857,3,1
GUJARAT,Gandhinagar,INQILAB ENGINEERING PRIVATE LIMITED,inqilabengineering@gmail.com,9099598998,4,1
GUJARAT,Gandhinagar,I SQUARE SOLAR,work.srbudheliya@gmail.com,9722272775,5,1
GUJARAT,Gandhinagar,HATKESH ENGINEERING,hatkeshengineering@gmail.com,9898105579,4,1
GUJARAT,Gandhinagar,GUJARAT SUN ENERGY,info.gujaratsunenergy@gmail.com,9825608662,3,1
GUJARAT,Gandhinagar,GREENERGY SOLAR SOLUTIONS,greenergysolarsolutions26@gmail.com,9409215712,8,1
GUJARAT,Gandhinagar,GIMS ENERGY PRIVATE LIMITED (FORMERLY KNOWN AS GUPTA INDUSTRIAL MAINTENANCE SERVICES PVT.LTD),yash@gimsindia.com,9879806111,4,1
GUJARAT,Gandhinagar,FORTUNE TECHNOLOGIST,fortunetechnologist@gmail.com,9427597246,5,1
GUJARAT,Gandhinagar,EVOLUTION,evolutiongujarat@gmail.com,9773296801,3,1
GUJARAT,Gandhinagar,ETECH ENERGY,admin@etechenergy.com,9328509877,5,1
GUJARAT,Gandhinagar,EQUINOX SOLAR PRIVATE LIMITED,info@equinoxsolar.in,7573044078,7,1
GUJARAT,Gandhinagar,ENERGY O & M SERVICES PVT LTD,dhirajsummit@gmail.com,9512775551,3,1
GUJARAT,Gandhinagar,EFFORTS SOLAR PRIVATE LIMITED (FORMERLY KNOWN AS EFFORTS ENTERPRISES),admin@effortsgroup.in,9067817117,3,1
GUJARAT,Gandhinagar,CYMENS ENTERPRISE,jaymakwana2062@gmail.com,9157133330,3,1
GUJARAT,Gandhinagar,CRYSTASOL ENERGY SOLUTIONS PRIVATE LIMITED,n.s.pathak18@gmail.com,7069335544,5,1
GUJARAT,Gandhinagar,CRESCENS ENERGY,crescens.in@gmail.com,9879635395,4,1
GUJARAT,Gandhinagar,CORWIND RENERGY LLP,corwind.renergy@gmail.com,9428490118,3,1
GUJARAT,Gandhinagar,CHEHAR ENERGY,cheharenergy@gmail.com,9998077796,3,1
GUJARAT,Gandhinagar,BASP ENTERPRISE PVT LTD,baspenterprise@gmail.com,9099912130,9,1
GUJARAT,Gandhinagar,BAPASITARAM ELECTRICAL,besolarenergy3386@gmail.com,9737632777,8,1
GUJARAT,Gandhinagar,BAPA SITARAM SOLAR POWER PVT LTD,bapasitaramsolarpower@gmail.com,8511362222,3,1
GUJARAT,Gandhinagar,ASCENT ENERGY,ascentenergys@gmail.com,8799447675,5,1
GUJARAT,Gandhinagar,ANSH SOLAR PRIVATE LIMITED,info@anshsolar.com,7575035750,3,1
GUJARAT,Gandhinagar,ANK SOLAR ENERGY,anksolarenergy@gmail.com,9724816510,2,1
GUJARAT,Gandhinagar,ANANYA SOLAR TECHNOLOGIES,sales.ananyasolar@gmail.com,7573850419,7,1
GUJARAT,Gandhinagar,ANANT ENERGY,anantenergy1910@gmai.com,9773476431,5,1
GUJARAT,Gandhinagar,AMRUTAM RENEWABLE ENERGY,info@amrenergy.in,9016352248,2,1
GUJARAT,Gandhinagar,AMPBEAT SOLUTION,ampbeatsolution@gmail.com,7575015022,3,1
GUJARAT,Gandhinagar,ALPHA ENTERPRISE,maulik.solar@gmail.com,9725957991,4,1
GUJARAT,Gandhinagar,ALAYNA GREEN ENERGY,taharkhantna@gmail.com,6353439659,4,1
GUJARAT,Gandhinagar,AARAMBH RENEWABLE,aarambhrenewable@gamil.com,8487861888,3,1
GUJARAT,Gandhinagar,AAJEY ENTERPRISE,aajeyenterprise@gmail.com,9274901971,3,1
GUJARAT,Gandhinagar,4THVED AGROTECH,4thvedagro@gmail.com,9377126082,4,1
GUJARAT,Gandhinagar,ZUNROOF TECH PVT LTD,gosolar@zunroof.com,9205893368,0,0
GUJARAT,Gandhinagar,ZMR ENERGY INCORPORATION,zmrenergyincorporation@gmail.com,9924818113,0,0
GUJARAT,Gandhinagar,ZEEPO ELECTRICAL SERVICES PRIVATE LIMITED,zeepoelectricalservices@gmail.com,9664823942,0,0
GUJARAT,Gandhinagar,ZAVICH INFRASTRUCTURE AND POWER PVT LTD,zavichinfra@gmail.com,9106129608,0,0
GUJARAT,Gandhinagar,ZALA HAKUBHA NARSISINH,solar.hakubha1508@gmail.com,9925103777,0,0
GUJARAT,Gandhinagar,YUVARAYS SOLAR,yuvarayssolar@gmail.com,9824624497,0,0
GUJARAT,Gandhinagar,YUG SOLAR,yugsolar@gmail.com,6359410052,0,0
GUJARAT,Gandhinagar,YOGI BATTERY CENTRE,yogipowersystem@yahoo.co.in,9824088156,0,0
GUJARAT,Gandhinagar,YOG ENTERPRISE,yogenterprise.vallabhipur@gmail.com,7600790079,0,0
GUJARAT,Gandhinagar,YELLOWFELLOW ENERGIES LLP,viraj@yellowfellow.in,8200955676,0,0
GUJARAT,Gandhinagar,YELLOWCREST ENERGY LLP,yellowcrestenergy@gmail.com,9904675445,0,0
GUJARAT,Gandhinagar,YELLOW RAY SOLAR,yellowraysolar@gmail.com,9427443581,0,0
GUJARAT,Gandhinagar,YASHVI ENTERPRISE,yashvientsami@gmail.com,8849331593,0,0
GUJARAT,Gandhinagar,YASHONAND ELECTRO SERVICE PVT LTD,yashonand2022@gmail.com,9157197171,0,0
GUJARAT,Gandhinagar,YAGNIKKUMAR VALLABHBHAI SAVALIYA,yagniks1999@gmail.com,9409326590,0,0
GUJARAT,Gandhinagar,Y CAME SYSTEMS,ycamesystem009@gmail.com,8320408867,0,0
GUJARAT,Gandhinagar,WISEN ENERGY LLP,info@wisenenergyllp.com,9016979007,0,0
GUJARAT,Gandhinagar,WHITESUN GREEN ENERGY PRIVATE LIMITED,rakesh.bhudia14@hotmail.com,8511740671,0,0
GUJARAT,Gandhinagar,WHITEDESERT POWER PROJECTS PVT. LTD.,wdplnkt@gmail.com,9427760723,0,0
GUJARAT,Gandhinagar,VYAS IMPEX,vyasimpex1982@gmail.com,8200849398,0,0
GUJARAT,Gandhinagar,VSG ENTERPRISE,SURYAKANTGORASIYA3024@GMAIL.COM,9979632447,0,0
GUJARAT,Gandhinagar,VRUND ENERGY,vrundenergy@gmail.com,9574779572,0,0
GUJARAT,Gandhinagar,VRAJ ENTERPRISE,vrajsolarsolutions@gmail.com,8140000903,0,0
GUJARAT,Gandhinagar,VR ENERGY,vrenergy4@gmail.com,9924390293,0,0
GUJARAT,Gandhinagar,VOLTECH ELECTRICALS,voltechelectricals156@gmail.com,7567771900,0,0
GUJARAT,Gandhinagar,VOLT'S LEGACY ENERGY SOLUTION,contact@voltslegacy.com,9998765059,0,0
GUJARAT,Gandhinagar,VOLLT SOLAR ENERGY,volltsolar@gmail.com,8128550011,0,0
GUJARAT,Gandhinagar,VMD SOLAR ENERGY PRIVATE LIMITED,info@vmdsolarenergy.com,9974095302,0,0
GUJARAT,Gandhinagar,VIYA ELECTRIC PRIVATE LIMITED,info@viyaelectric.com,9033092026,0,0
GUJARAT,Gandhinagar,VIVAN ENERGY,vivanenergy09@gmail.com,9979890230,0,0
GUJARAT,Gandhinagar,VITRAG TECHNO PRIVATE LIMITED,ad.vitragsolar@gmail.com,7778882668,0,0
GUJARAT,Gandhinagar,VISHWASH ENTERPRISE,vishwashenterprise2422@gmail.com,6355098324,0,0
GUJARAT,Gandhinagar,VISHWA SOLAR EXPERT,vishwasolar68@gmail.com,9724968018,0,0
GUJARAT,Gandhinagar,VISHVAM POWER PRIVATE LIMITED,vishvampowerpl@gmail.com,9723191446,0,0
GUJARAT,Gandhinagar,VISAKA GREEN PRIVATE LIMITED,vsolar@visaka.in,8770905614,0,0
GUJARAT,Gandhinagar,VIRAJBHAI VISUBHAI KHACHAR,gchauhan17388@gmail.com,9898986662,0,0
GUJARAT,Gandhinagar,VIJAY ELECTRIC COMPANY,vijayelectricco@rediffmail.com,8200337720,0,0
GUJARAT,Gandhinagar,VIDHYUT URJA,vidhyut.urja10@gmail.com,9664845692,0,0
GUJARAT,Gandhinagar,VIABLE SOLAR,viable.solar9990@gmail.com,9913344841,0,0
GUJARAT,Gandhinagar,VIA ELECTRIC,hello.viaelectric@gmail.com,9925203764,0,0
GUJARAT,Gandhinagar,VERTEX SOLAR SOLUTIONS PVT LTD,vertexnad@gmail.com,8758614088,0,0
GUJARAT,Gandhinagar,VENUS ENTERPRISE,venusenergy2228@gmail.com,7990678583,0,0
GUJARAT,Gandhinagar,VENTURE SOLAR SOLUTION,info@venturesolarsolution.com,9979632050,0,0
GUJARAT,Gandhinagar,VEERASOL TECHNOLOGY,info@veerasol.com,9558899931,0,0
GUJARAT,Gandhinagar,VEER SOLAR GREEN ENERGY,veersolar2024@gmail.com,8347173977,0,0
GUJARAT,Gandhinagar,VEDA ENTERPRISE,info.vedaenterprise@gmail.com,8401103393,0,0
GUJARAT,Gandhinagar,VECTON ENERGY,vectonenergy@gmail.com,8000140159,0,0
GUJARAT,Gandhinagar,VCL ENERGY,vclenergy777@gmail.com,9825492605,0,0
GUJARAT,Gandhinagar,VASUSENA SOLAR ENERGY,vasusenasolarenergy07@gmail.com,9265356623,0,0
GUJARAT,Gandhinagar,VASHRAMBHAI LAKHABHAI GHED,satrang.com@gmail.com,9624152555,0,0
GUJARAT,Gandhinagar,VASANI SOLAR SOLUTION,vasani.solar.solution@gmail.com,9998404646,0,0
GUJARAT,Gandhinagar,VARRCHASVA ENERGY PRIVATE LIMITED,vaibhav@varrchasva.com,9100520101,0,0
GUJARAT,Gandhinagar,VALAM ENTERPRISE,valamenterprise007@gmail.com,9824881693,0,0
GUJARAT,Gandhinagar,VAKRATUND INNOVATION PRIVATE LIMITED,operation@vakratundinnovation.com,6351039120,0,0
GUJARAT,Gandhinagar,VAIJNATH GLOBAL,vaijnathglobal@gmail.com,9106991946,0,0
GUJARAT,Gandhinagar,VAGHASIA HITESH B,vaghasia_hitesh@yahoo.com,9979773121,0,0
GUJARAT,Gandhinagar,VAATI POWER,vaatipower@gmail.com,9510010005,0,0
GUJARAT,Gandhinagar,V-GUARD INDUSTRIES LIMITED,solar@vguard.in,9895550313,0,0
GUJARAT,Gandhinagar,V SOLAR,vsolar8521@gmail.com,7698297821,0,0
GUJARAT,Gandhinagar,UVR TECHSOL PRIVATE LIMITED,uvrtechsol@gmail.com,9227106799,0,0
GUJARAT,Gandhinagar,UTSAV TECHNO ENTERPRISE,utsavtechnoenterprise@gmail.com,7046612340,0,0
GUJARAT,Gandhinagar,URJA GLOBAL LIMITED,bhagwan.verma@urjaglobal.in,7290005823,0,0
GUJARAT,Gandhinagar,URJA ELECTRICALS,urja.electricals.dhg@gmail.com,8469551508,0,0
GUJARAT,Gandhinagar,UPVOLTAGE SOLUTIONS LLP,upvoltagesolutions@gmail.com,7990618259,0,0
GUJARAT,Gandhinagar,UNIVERSE ENTERPRISE,muljinakum1103@gmail.com,7878789968,0,0
GUJARAT,Gandhinagar,UNITY ENERGY SOLUTION,unityenergysolution@gmail.com,9099094027,0,0
GUJARAT,Gandhinagar,UNIQUE SOLAR SERVICE,UNIQUESOLARSERVICERAJKOT@GMAIL.COM,7046082382,0,0
GUJARAT,Gandhinagar,UNICORN ENTERPRISE,unicornsolarvyara@gmail.com,8200121328,0,0
GUJARAT,Gandhinagar,UNICON ENERGY,info@uniconenergy.com,9974545444,0,0
GUJARAT,Gandhinagar,UMIYA TRADING COMPANY,umiyatradingcompany1287@gmail.com,9998850299,0,0
GUJARAT,Gandhinagar,ULTRAVIOLET SOLAR PVT.LTD.,info@uvrays.co.in,7878699099,0,0
GUJARAT,Gandhinagar,ULTRASUN ENERGY,info@ultrasunenergy.com,9909911071,0,0
GUJARAT,Gandhinagar,ULTRAMECH ENERGIES,jaiminptl886@gmail.com,8320126712,0,0
GUJARAT,Gandhinagar,UKEL AUTOMATION LLP,ukelautomation@gmail.com,9998008889,0,0
GUJARAT,Gandhinagar,UJALA COMPANY,ujalasolarcompany@gmail.com,7874157474,0,0
GUJARAT,Gandhinagar,UDB ENERGY PVT. LTD.,udbenergypvtltd@gmail.com,7077014714,0,0
GUJARAT,Gandhinagar,TVARIT ENERGY LLP,meet@tvritenergy.in,8511600853,0,0
GUJARAT,Gandhinagar,TULAJA ENTERPRISE,tulajaenterprise@gmail.com,9904866630,0,0
GUJARAT,Gandhinagar,TRIZONE POWER,trizonepower05@gmail.com,9638052084,0,0
GUJARAT,Gandhinagar,TRINITY RENEWABLE ENERGY,info.trinityrenewableenergy@gmail.com,9227000392,0,0
GUJARAT,Gandhinagar,TRIDENT POWER,trident.power24@gmail.com,7698264402,0,0
GUJARAT,Gandhinagar,TRADE X,tradex.solarenergy22@gmail.com,9106834748,0,0
GUJARAT,Gandhinagar,TOPCON SOLAR ENERGY,topconsolarenergy@gmail.com,9081773500,0,0
GUJARAT,Gandhinagar,TITAN ENERGY,info@titanenergy.in,9054825825,0,0
GUJARAT,Gandhinagar,TIRUPATI SOLAR,tirupatisolar@hotmail.com,7043343509,0,0
GUJARAT,Gandhinagar,THE SHIVSHAKTI ENTERPRISE,Shivshakti2688@gmail.com,9913418634,0,0
GUJARAT,Gandhinagar,THE MOON KNIGHT,themoonknight913@gmail.com,9081313777,0,0
GUJARAT,Gandhinagar,THE MECHTECH SOLUTIONS,themechtechsolutions@gmail.com,9714928728,0,0
GUJARAT,Gandhinagar,TERAIYA ENTERPRISE,teraiyaenterprise@gmail.com,8780802225,0,0
GUJARAT,Gandhinagar,TECHSUNBIO GREEN ENERGY PRIVATE LIMITED,info@techsunbio.com,9925336536,0,0
GUJARAT,Gandhinagar,TECHNOGOODS ENTERPRISES,TechnoGoods@outlook.com,9904709693,0,0
GUJARAT,Gandhinagar,TECHNOCRATS ENGINEERS,technocratsengineers007@gmail.com,9974214007,0,0
GUJARAT,Gandhinagar,TECHNOCELL INDUSTRIAL SERVICES,skg23aqua@yahoo.in,9979348446,0,0
GUJARAT,Gandhinagar,TECHNO ELECTRONICS,sales@technopower.co.in,9825236894,0,0
GUJARAT,Gandhinagar,TATVAM INDUSTRIES,parth.tatvam@protonmail.com,7990101643,0,0
GUJARAT,Gandhinagar,TATSAT NRGS,tatsatnrgs@gmail.com,7984576567,0,0
GUJARAT,Gandhinagar,TARUN AND CO,taruncopwr@gmail.com,9879534866,0,0
GUJARAT,Gandhinagar,TAPTI SOLAR,taptisolar@gmail.com,9157028811,0,0
GUJARAT,Gandhinagar,TAJ ELECTRICALS,tajelectricals.daman@gmail.com,9824790965,0,0
GUJARAT,Gandhinagar,SYSTEM RENEWABLE ENERGY,nbagwan8@gmail.com,9662361740,0,0
GUJARAT,Gandhinagar,SYSTEM LEVEL SOLUTIONS INDIA PVT LTD,sales@getsunsights.com,7486992856,0,0
GUJARAT,Gandhinagar,SYNNOVE POWER TECHNOLOGY,synnovepowertechnology@gmail.com,9033346701,0,0
GUJARAT,Gandhinagar,SYNCHRO ENERGY,synchroenergy389@gmail.com,9974737316,0,0
GUJARAT,Gandhinagar,SYNC GLOBAL SOLUTIONS,syncenergyindia@gmail.com,8854084325,0,0
GUJARAT,Gandhinagar,SWEV INDIA PVT LIMITED,swevindia@gmail.com,7984328691,0,0
GUJARAT,Gandhinagar,SWAMI INTEGRATOR AND CONSULTANTS LLP,sanjib@swamisolar.com,8980800743,0,0
GUJARAT,Gandhinagar,SUTARIAS SOLUTIONS PRIVATE LTD,sspl.hasmukh@gmail.com,9099510408,0,0
GUJARAT,Gandhinagar,SURYOSA SOLAR PRIVATE LIMITED,info@suryosa.com,9998018314,0,0
GUJARAT,Gandhinagar,SURYATRIC SOLAR PVT LTD,info.suryatrick@gmail.com,9979652010,0,0
GUJARAT,Gandhinagar,SURYASTRA GREEN INITIATIVES PRIVATE LIMITED,suryastraindia@gmail.com,8128007602,0,0
GUJARAT,Gandhinagar,SURYANCE SOLAR,suryancesolar@gmail.com,9664504655,0,0
GUJARAT,Gandhinagar,SURYAMANI SOLAR,suryamanisolar@gmail.com,8140000257,0,0
GUJARAT,Gandhinagar,SURYAMAAN ENERGY,info.suryamaan@gmail.com,9722243637,0,0
GUJARAT,Gandhinagar,SURYAM INTERNATIONAL PRIVATE LIMITED,marketing@groupsurya.co.in,8093011632,0,0
GUJARAT,Gandhinagar,SURYADEV SOLAR,suryadevsolar4@gmail.com,9327175676,0,0
GUJARAT,Gandhinagar,SURYADEV SALES & SERVICE,suryadev2k20@gmail.com,7016946571,0,0
GUJARAT,Gandhinagar,SURYABHUMI SOLAR ENERGY,suryabhumisolarenergy@gmail.com,8866019146,0,0
GUJARAT,Gandhinagar,SURYA SHAKTI SOLAR,suryashaktisolar09@gmail.com,7567992734,0,0
GUJARAT,Gandhinagar,SURYA SHAKTI,suryashaktisolar.18@gmail.com,8488010488,0,0
GUJARAT,Gandhinagar,SURYA INTERNATIONAL,suryavishnu159@yahoo.com,9825802298,0,0
GUJARAT,Gandhinagar,SURYA ENTERPRISE,suryaenterprise8324@gmail.com,9687975891,0,0
GUJARAT,Gandhinagar,SUREWORTH SOLAR,Sureworthsolar@gmail.com,7698763040,0,0
GUJARAT,Gandhinagar,SURESHBHAI SADURBHAI BARBACHIYA,surechbarbachiya41@gmail.com,9879299136,0,0
GUJARAT,Gandhinagar,SURAYAY NAMAH ENERGY PRIVATE LIMITED,rahul@surayaynamahenergy.com,9554055565,0,0
GUJARAT,Gandhinagar,SURAJGEMA POWER,SURAJGEMAPOWER@GMAIL.COM,8460515124,0,0
GUJARAT,Gandhinagar,SUPER WATT POWER SOLUTIONS LLP,power.superwatt@gmail.com,9920320366,0,0
GUJARAT,Gandhinagar,SUNWAY SOLAR,sunwaysolar02@gmail.com,7698832340,0,0
GUJARAT,Gandhinagar,SUNWAVE ENERGY,sunwave.energy123@gmail.com,7046070468,0,0
GUJARAT,Gandhinagar,SUNVINE RENEWABLE,sunvinerenewable@gmail.com,8000050580,0,0
GUJARAT,Gandhinagar,SUNTRAC SOLAR,suntrac.jh@gmail.com,9979363442,0,0
GUJARAT,Gandhinagar,SUNTECH ENERGY,sales@suntechenergy.co.in,7383932396,0,0
GUJARAT,Gandhinagar,SUNSPARK SOLAR SOLUTIONS (FORMERLY KNOWN AS SUSSPARK SOLAR SOLUTIONS ),sunsparksolarsolutions23@gmail.com,9664693254,0,0
GUJARAT,Gandhinagar,SUNSOLAR SOLUTIONS (INDIA) PRIVATE LIMITED,jigar@sunsolarsolutions.co.in,9638189589,0,0
GUJARAT,Gandhinagar,SUNSNATCH SOLUTIONS LLP,monark.sunsnatch@gmail.com,7698536878,0,0
GUJARAT,Gandhinagar,SUNSKY SOLAR,trdesai@sunskysolar.co.in,9727518665,0,0
GUJARAT,Gandhinagar,SUNSHREE SOLAR,sunshreesolar@gmail.com,9157838777,0,0
GUJARAT,Gandhinagar,SUNSHINE SOLUTIONS,modimehul26@gmail.com,9016959291,0,0
GUJARAT,Gandhinagar,SUNSHINE SOLAR,sunshinesolarsurat@gmail.com,9537733133,0,0
GUJARAT,Gandhinagar,SUNSHAPE ENERGY,sunshapeenergy@gmail.com,9913783302,0,0
GUJARAT,Gandhinagar,SUNSETLIFE SOLAR PRIVATE LIMITED,sunsetlifesolar@gmail.com,9574427119,0,0
GUJARAT,Gandhinagar,SUNSAFE INFRA SERVICES,INFO@SUNSAFE.IN,9033673308,0,0
GUJARAT,Gandhinagar,SUNSAFE INFRA PRIVATE LIMITED,sunsafe.np@gmail.com,7227050091,0,0
GUJARAT,Gandhinagar,SUNRUN GREEN ENERGY,sunrungreenenergy@gmail.com,6354883949,0,0
GUJARAT,Gandhinagar,SUNROOF ELECTRICAL ENERGY,sunroofenergy100@gmail.com,9687893989,0,0
GUJARAT,Gandhinagar,SUNRISE INDIA,satyanarayantiwari2022@gmail.com,7208291414,0,0
GUJARAT,Gandhinagar,SUNRAYS ENERGY,keyursheth.14@gmail.com,9978724010,0,0
GUJARAT,Gandhinagar,SUNPOWER ENERGY,sunpowerenergy.solar@gmail.com,7405095299,0,0
GUJARAT,Gandhinagar,SUNLIGHT SOLAR ENTERPRISE,bhaveshparmar4793@gmail.com,8320866769,0,0
GUJARAT,Gandhinagar,SUNLIGHT ENERGY SOLUTIONS,sunlightenergysolutions01@gmail.com,9824668001,0,0
GUJARAT,Gandhinagar,SUNLAND SOLAR ENERGY,sunlandsolarenergy@gmail.com,8141810505,0,0
GUJARAT,Gandhinagar,SUNIFY SOLAR LLP,sunifysolar@gmail.com,8141455505,0,0
GUJARAT,Gandhinagar,SUNGOLD ENTERPRISE,sungoldenterprise123@gmail.com,9737147433,0,0
GUJARAT,Gandhinagar,SUNFREE ENERGY,sunfreeenergy2017@gmail.com,7600002358,0,0
GUJARAT,Gandhinagar,SUNFRAA RENEWABLES LLP,partner@sunfraa.com,6354296570,0,0
GUJARAT,Gandhinagar,SUNCELL SOLAR LLP,suncellsolarenergy@gmail.com,9512668884,0,0
GUJARAT,Gandhinagar,SUNCARE ENERTECH PVT LTD,suncaresolar3@gmail.com,7405450545,0,0
GUJARAT,Gandhinagar,SUNBYTE ENERGY SOLUTIONS LLP,info.sunbyteenergy@gmail.com,7698971717,0,0
GUJARAT,Gandhinagar,SUNBUY RENEWABLES PVT LTD,darshan@sunbuy.in,9328281611,0,0
GUJARAT,Gandhinagar,SUNBLOOM ENERGY PRIVATE LIMITED,info@sunbloomenergy.com,9662874669,0,0
GUJARAT,Gandhinagar,SUN VISION SOLAR,info@sunvisionsolar.in,9924112225,0,0
GUJARAT,Gandhinagar,SUN TECH ENERGY SOLUTION,suntech.rutvij@gmail.com,8320301975,0,0
GUJARAT,Gandhinagar,SUN SPARKLE ENERGY,sunsparkleenergy@gmail.com,9016093505,0,0
GUJARAT,Gandhinagar,SUN SAVER SOLAR,support@sunsaversolar.in,9909908879,0,0
GUJARAT,Gandhinagar,SUN LIGHT SOLAR,sunlightsolar0106@gmail.com,9726215972,0,0
GUJARAT,Gandhinagar,SUN ENERGY,sunenergybharat@gmail.com,9427352326,0,0
GUJARAT,Gandhinagar,SUMERU SOLUTION,sumerusolution22@gmail.com,8866426625,0,0
GUJARAT,Gandhinagar,STRONG SUN SOLAR ENERGY,strongsunsolarenergy@gmail.com,7622011292,0,0
GUJARAT,Gandhinagar,STEELHACKS INDUSTRIES,unisolsolar2000@yahoo.com,9825049997,0,0
GUJARAT,Gandhinagar,STEAM POWER ENERTECH PVT LTD,steampowersolar@gmail.com,9316732949,0,0
GUJARAT,Gandhinagar,STAR ELECTRICALS,starhalol389350@gmail.com,9909118137,0,0
GUJARAT,Gandhinagar,STANDARD ENGINEERS & CONTRACTORS,standardelectricals7177@gmail.com,8140080726,0,0
GUJARAT,Gandhinagar,SSB ICONIC LLP,s2belectricals@gmail.com,9016903767,0,0
GUJARAT,Gandhinagar,SPY AUTOMATION,spyautomation61@gmail.com,7227000497,0,0
GUJARAT,Gandhinagar,SPARQ ENERTECH PVT LTD,info@sparqenertech.com,9558971268,0,0
GUJARAT,Gandhinagar,SP TECHNOLOGY,Sptechnology2023@gmail.com,9586267664,0,0
GUJARAT,Gandhinagar,SP EPC SOLUTIONS,psbuma@gmail.com,9537824788,0,0
GUJARAT,Gandhinagar,SP ENGINEERING,sp.engineering2k19@gmail.com,6353577489,0,0
GUJARAT,Gandhinagar,SOULTRUST SOLAR,soultrustsolar@gmail.com,9099663390,0,0
GUJARAT,Gandhinagar,SOULSHINE RENEWABLE ENERGY,epc.soulshine@gmail.com,9913895893,0,0
GUJARAT,Gandhinagar,SOORYABHUMI ENERGY,sooryabhumienergy2024@gmail.com,8155887304,0,0
GUJARAT,Gandhinagar,SONIK SOLAR POWER SOLUTION,Sonikpanchal27@gmail.com,8200291250,0,0
GUJARAT,Gandhinagar,SOMPOWER ENTERPRISE,sompower.enterprise@gmail.com,9879615264,0,0
GUJARAT,Gandhinagar,SOMNATH ENERGY,somnath.solarenergy@gmail.com,7600250096,0,0
GUJARAT,Gandhinagar,SOM ENERGY SYSTEMS,info@somenergysystems.com,8401909576,0,0
GUJARAT,Gandhinagar,SOLYUG RENEWABLES,info@solyugrenewables.com,9099562009,0,0
GUJARAT,Gandhinagar,SOLWAVE ENGINEERING AND TRADING,solwave.energy24@gmail.com,9054220440,0,0
GUJARAT,Gandhinagar,SOLSKIN ENERGY LLP,solskinenergy@gmail.com,8128988878,0,0
GUJARAT,Gandhinagar,SOLNCE ENERGY PRIVATE LIMITED,NATIONALPORTALSOLNCE@GMAIL.COM,7990480061,0,0
GUJARAT,Gandhinagar,SOLISTA ENERGY,solistaenergy8@gmail.com,9106194946,0,0
GUJARAT,Gandhinagar,SOLEXY SOLAR POWER PVT. LTD.,ssepl1962@gmail.com,9810725280,0,0
GUJARAT,Gandhinagar,SOLEX ENERGY LIMITED,solexcd@gmail.com,6354605180,0,0
GUJARAT,Gandhinagar,SOLEAF ENERGY,infosolarsoleaf@gmail.com,7600008915,0,0
GUJARAT,Gandhinagar,SOLARWISE-NEXG PRIVATE LIMITED,solarwise69@gmail.com,9910803171,0,0
GUJARAT,Gandhinagar,SOLART,solart.sunfuel@gmail.com,8866506193,0,0
GUJARAT,Gandhinagar,SOLARSYS GREENTECH PRIVATE LIMITED,deepak@solarsysgreentech.in,8488976829,0,0
GUJARAT,Gandhinagar,SOLARPLUS ENERGY SOLUTIONS,esolarplus@gmail.com,9327269583,0,0
GUJARAT,Gandhinagar,SOLARMAX ENERGY PRIVATE LIMITED,info@solarmaxenergy.in,9409222221,0,0
GUJARAT,Gandhinagar,SOLARLOGIX PRIVATE LIMITED,contact@solarlogix.in,7979053489,0,0
GUJARAT,Gandhinagar,SOLARISE TECHNOLOGIES,solarisetechnologies1@gmail.com,6351562596,0,0
GUJARAT,Gandhinagar,SOLARIS 360,info@solaris360.com,9998117531,0,0
GUJARAT,Gandhinagar,SOLARINA RENEWABLE PRIVATE LIMITED,solarinarenewable@gmail.com,9824351021,0,0
GUJARAT,Gandhinagar,SOLARBERG SOLUTIONS,sureshbavishiya@gmail.com,9879200821,0,0
GUJARAT,Gandhinagar,SOLAR4U ENTERPRISE,solar4uenterprise1@gmail.com,9510708411,0,0
GUJARAT,Gandhinagar,SOLAR ONLINE SKP,onlinesk044@gmail.com,8238539443,0,0
GUJARAT,Gandhinagar,SOLAR ENERGY,solarpioneer19@gmail.com,9033868265,0,0
GUJARAT,Gandhinagar,SOLAR EDITION,solaredition18@gmail.com,7990909838,0,0
GUJARAT,Gandhinagar,SOHAM ENTERPRISE,sachinpatel3132@gmail.com,9924142513,0,0
GUJARAT,Gandhinagar,SODHA ELECTRIC SERVICE,sohail.sodha@gmail.com,8000093095,0,0
GUJARAT,Gandhinagar,SNS ENERGY PVT. LTD.,sujitsharma@snsenergy.co.in,7043136049,0,0
GUJARAT,Gandhinagar,SNAP SOLAR,snapsolar7@gmail.com,7572851098,0,0
GUJARAT,Gandhinagar,SMIT SOLAR SOLUTIONS,smitsolarsolutions@gmail.com,9924793020,0,0
GUJARAT,Gandhinagar,SMART SOLAR ENERGY,smartsolarenergy8542@gmail.com,7435907512,0,0
GUJARAT,Gandhinagar,SMART SECURE SOLUTIONS,mahanand@smartsecure.net.in,9737117888,0,0
GUJARAT,Gandhinagar,SMART ROOF SOLAR SOLUTION PVT. LTD.,enquiry@gosmartroof.com,9971481718,0,0
GUJARAT,Gandhinagar,SMART ENERGY SOLUTIONS,smartenergysolutions99@gmail.com,8511495982,0,0
GUJARAT,Gandhinagar,SKYVOLT POWER TECHNOLOGIES LLP,skyvoltpower25@gmail.com,9909798222,0,0
GUJARAT,Gandhinagar,SKYVIEW POWER,skyviewpower17@gmail.com,8140055305,0,0
GUJARAT,Gandhinagar,SKYLARK ENERGY SOLUTIONS,satyajeetjhala7227@icloud.com,9726200054,0,0
GUJARAT,Gandhinagar,SKYLAR INDIA,darshansolarkheda@gmail.com,8530252952,0,0
GUJARAT,Gandhinagar,SKY TECH ENERGY,info.skytechenergy@gmail.com,6355092898,0,0
GUJARAT,Gandhinagar,SKY SUN ENTERPRISE,skysunenterprise@gmail.com,9408931070,0,0
GUJARAT,Gandhinagar,SKY RISE SOLAR,skyrisesolar@gmail.com,9328009285,0,0
GUJARAT,Gandhinagar,SKY RENEWABLE,piush123.pp@gmail.com,9638166779,0,0
GUJARAT,Gandhinagar,SKY POWER ENERGY,skypowerenergy03@gmail.com,8849719837,0,0
GUJARAT,Gandhinagar,SKY LARK SOLAR PRIVATE LIMITED,skylarksolar7@gmail.com,7016360083,0,0
GUJARAT,Gandhinagar,SKY ENTERPRISE,skyenterprise.re@gmail.com,9428164222,0,0
GUJARAT,Gandhinagar,SKY BLUE SOLAR PVT .LTD,Skybluesolarpvtltd@gmail.com,9104566242,0,0
GUJARAT,Gandhinagar,SKY BLUE SOLAR,skybluesolar56@gmail.com,9824965349,0,0
GUJARAT,Gandhinagar,SIYAVAR ENERGY,SIYAVARENERGY@GMAIL.COM,9773131455,0,0
GUJARAT,Gandhinagar,SITARAM CORPORATION,sitaramcorporation2025@gmail.com,8141427041,0,0
GUJARAT,Gandhinagar,SILVER CYPHER TECHNOLOGIES,silvercyphersolar@gmail.com,8460699699,0,0
GUJARAT,Gandhinagar,SILVER CONSUMER ELECTRICALS LIMITED (FORMERLY KNOWN AS SILVER CONSUMER ELECTRICALS PRIVATE LIMITED),kevin.patel@silverpumps.com,7486059400,0,0
GUJARAT,Gandhinagar,SIGNAL AUTOMATION,solarservices1188@gmail.com,9978215636,0,0
GUJARAT,Gandhinagar,SIGMA SUN ENERGY,info.sigmasunenergy@gmail.com,9726764498,0,0
GUJARAT,Gandhinagar,SIDDHIVINAYAK ENGINEERING COMPANY,shreeganeshaquva@gmail.com,9904954348,0,0
GUJARAT,Gandhinagar,SIDDHI ELECTRICAL ENGINEER AND CONTRACTOR,siddhielectrical77@gmail.com,9662061492,0,0
GUJARAT,Gandhinagar,SHYAM SOLAR ENERGY,vschohla@GMAIL.COM,8140796593,0,0
GUJARAT,Gandhinagar,SHYAM ENTERPRISE,shyamsolarenergy10@gmail.com,8000145645,0,0
GUJARAT,Gandhinagar,SHRIJI ENERGY,shrijienergy@gmail.com,9909930405,0,0
GUJARAT,Gandhinagar,SHRI RAM SOLAR ENERGY LLP,admin@shriramsolarenergy.com,9712912421,0,0
GUJARAT,Gandhinagar,SHRI MARUTI ENTERPRISE,tdoshi76@gmail.com,9428358150,0,0
GUJARAT,Gandhinagar,SHRI KHODIYAR ENTERPRISE,shrikhodiyar1978@gmail.com,9727358029,0,0
GUJARAT,Gandhinagar,SHREYISHA ENGINEERING,shreyishaengineering@gmail.com,8460445802,0,0
GUJARAT,Gandhinagar,SHREEJI SOLAR SYSTEM,shreejisolars@gmail.com,9265296741,0,0
GUJARAT,Gandhinagar,SHREEJI SOLAR SOLUTION,npparikh@hotmail.com,9879537250,0,0
GUJARAT,Gandhinagar,SHREEJI SOLAR & SERVICES,NILVADERA141@GMAIL.COM,9106331904,0,0
GUJARAT,Gandhinagar,SHREEJI SALES - KARAMSAD,shreejisales125@gmail.com,9586548051,0,0
GUJARAT,Gandhinagar,SHREEJI POWER SOLUTIONS,shreejiss@yahoo.com,9824338633,0,0
GUJARAT,Gandhinagar,SHREEJI GRIN SOLAR,shrijigreensolar@gmail.com,7203005770,0,0
GUJARAT,Gandhinagar,SHREEJI ENTERPRISES - WADI,Sandipgandhi113@gmail.com,9825077605,0,0
GUJARAT,Gandhinagar,SHREEJI ENTERPRISES - BHAYLI,shreejie1@gmail.com,9099710184,0,0
GUJARAT,Gandhinagar,SHREEJI ENTERPRISE-SURAT,epc.solar@shreejiconstruction.com,9825108890,0,0
GUJARAT,Gandhinagar,SHREEJI ENTERPRISE - MANJALPUR,shreejienergy844@gmail.com,7041803421,0,0
GUJARAT,Gandhinagar,SHREEJI ENERGY SOLUTION,shreejienergysolution@gmail.com,8460595980,0,0
GUJARAT,Gandhinagar,SHREEJI ELECTRICALS,shreejiele@gmail.com,9825089343,0,0
GUJARAT,Gandhinagar,SHREE VISHNU SALES AGENCY,shreevishnusalesagency@gmail.com,9825324608,0,0
GUJARAT,Gandhinagar,SHREE SURYA SOLAR SOLUTION,shreesurya2016@gmail.com,8000720006,0,0
GUJARAT,Gandhinagar,SHREE SOLAR VENTURE PVT LTD,shreesolarventure@gmail.com,9571211118,0,0
GUJARAT,Gandhinagar,SHREE SOLAR,dinkarparekh1983@gmail.com,9104030777,0,0
GUJARAT,Gandhinagar,SHREE SAI SOLAR,Hiteshrane37@gmail.com,9879268362,0,0
GUJARAT,Gandhinagar,SHREE SAI ENTERPRISE,shreesaienterprise75@gmail.com,8128171111,0,0
GUJARAT,Gandhinagar,SHREE RAM SOLAR RAJKOT,vikeshchovatiya@gmail.com,9898921527,0,0
GUJARAT,Gandhinagar,SHREE RAM SOLAR,shreeramsolar12@gmail.com,9726671212,0,0
GUJARAT,Gandhinagar,SHREE RADHE ELECTRICALS,shreeradhesolar24@gmail.com,9974842981,0,0
GUJARAT,Gandhinagar,SHREE OFFICE SOLUTIONS PRIVATE LIMITED,rajranipa.sospl@gmail.com,9898084466,0,0
GUJARAT,Gandhinagar,SHREE NARAYAN ENERGY,snesolar@gmail.com,9879179079,0,0
GUJARAT,Gandhinagar,SHREE MARUTI ELECTRIFICATION ENGINEERS,shreemarutieleCtrificationengi@gmail.com,7016480100,0,0
GUJARAT,Gandhinagar,SHREE KRISHNA SALES AND SERVICES,info@skss.co.in,9998990694,0,0
GUJARAT,Gandhinagar,SHREE KRISHNA ENERGY,shreekrishna.energy@gmail.com,9979559334,0,0
GUJARAT,Gandhinagar,SHREE KHODIYAR SOLAR PRIVATE LIMITED,sk.solar@yahoo.com,9825820612,0,0
GUJARAT,Gandhinagar,SHREE KHODIYAR SOLAR & ENTERPRISE,s60358186@gmail.com,9313405580,0,0
GUJARAT,Gandhinagar,SHREE HARI SALES & SERVICES,shreeharisales16@gmail.com,7698916121,0,0
GUJARAT,Gandhinagar,SHREE HARGANGESHWAR WATER CARE,shreehargangeshwarenergy@gmail.com,8128362108,0,0
GUJARAT,Gandhinagar,SHREE GOKUL ENTERPRISE,shreegokulenterprise123@gmail.com,8160000871,0,0
GUJARAT,Gandhinagar,SHREE GAUTAM RENEWABLES AND CLEAN ENERGIES,shreegautam.energy@gmail.com,9408188809,0,0
GUJARAT,Gandhinagar,SHREE GANGESHWAR ENGINEERING PRIVATE LIMITED,shreegangeshwarengineering@gmail.com,9157974445,0,0
GUJARAT,Gandhinagar,SHREE GAJANAND SOLAR,gajanandsolar@gmail.com,8347972590,0,0
GUJARAT,Gandhinagar,SHREE GAJANAND ENERGIES,magicwithparth@gmail.com,6351126699,0,0
GUJARAT,Gandhinagar,SHREE ENERGY SOLUTIONS,shreeenergysolution8@gmail.com,9904335293,0,0
GUJARAT,Gandhinagar,SHREE CHAMUNDESHVARI TRADING,hareshdodiya75@gmail.com,9327523737,0,0
GUJARAT,Gandhinagar,SHREE BRAHMANI ELECTRICALS,shreebrahmanisolar@gmail.com,9909995675,0,0
GUJARAT,Gandhinagar,SHREE AMBIKA AGENCIES,niravambika@rediffmail.com,9426158047,0,0
GUJARAT,Gandhinagar,SHOOLIN WATT PRIVATE LIMITED,shoolinwattpvtltd@gmail.com,9909967894,0,0
GUJARAT,Gandhinagar,SHIVRON INDUSTRY,shivronind.contr@gmail.com,9925248752,0,0
GUJARAT,Gandhinagar,SHIVIK ENTERPRISE,shivikenterprise@gmail.com,9512839262,0,0
GUJARAT,Gandhinagar,SHIVDHARA SALES,shivdharasales8060@gmail.com,7433004040,0,0
GUJARAT,Gandhinagar,SHIVAS SOLAR,shivassolar4418@gmail.com,9537611795,0,0
GUJARAT,Gandhinagar,SHIVAM SOLAR AND SERVICES,Parmardivyraj.77@gmail.com,8320732424,0,0
GUJARAT,Gandhinagar,SHIVAM ENERGY TECH,shivamenergytech2023@gmail.com,9687001450,0,0
GUJARAT,Gandhinagar,SHIVAM ELECTRICAL,kaushaldave2@gmail.com,9687575600,0,0
GUJARAT,Gandhinagar,SHIVA SOLAR ENERGY,admin@shivasolarenergy.com,9624220197,0,0
GUJARAT,Gandhinagar,SHIV TRADERS,shivtraders7233@gmail.com,9998820863,0,0
GUJARAT,Gandhinagar,SHIV SOLARTECH,info.shivsolartech@gmail.com,9825245956,0,0
GUJARAT,Gandhinagar,SHIV SALES AGENCY,ghadiyabhaisolar08@gmail.com,9428798679,0,0
GUJARAT,Gandhinagar,SHIV ENTERPRISE,shiventerprisesolor@gmail.com,7600438578,0,0
GUJARAT,Gandhinagar,SHIV ENERGY,shivenergy23@gmail.com,9409142500,0,0
GUJARAT,Gandhinagar,SHAYONAAM ENTERPRISE,shayonaam12@gmail.com,9638766943,0,0
GUJARAT,Gandhinagar,SHATRAS AGRI,shatrasagri@gmail.com,9714616040,0,0
GUJARAT,Gandhinagar,SHARVA SOLAR,sharvasolar@gmail.com,9909449650,0,0
GUJARAT,Gandhinagar,SHANTI CORPORATION,info.shanticorporation@gmail.com,8980524444,0,0
GUJARAT,Gandhinagar,SHAKTI SOLAR SERVICE,ktptl52@gmail.com,9737854634,0,0
GUJARAT,Gandhinagar,SHAKTI GREEN ENERGY SERVICES,shakti.green25@gmail.com,9898860648,0,0
GUJARAT,Gandhinagar,SHAKTI GREEN ENERGY,shaktigreenenergy96@gmail.com,7405252123,0,0
GUJARAT,Gandhinagar,SHAKTI ENTERPRISE,shaktienterprise082025@gmal.com,8511288555,0,0
GUJARAT,Gandhinagar,SHAILEE PROJECTS PRIVATE LIMITED,shaileeprojects99@gmail.com,7600755058,0,0
GUJARAT,Gandhinagar,SGK SOLAR,sgksolarrjt@gmail.com,9313885348,0,0
GUJARAT,Gandhinagar,SEVENTH SKY RENEWABLE LLP,seventhskyrenewable@gmail.com,7874524574,0,0
GUJARAT,Gandhinagar,SEVEN SOLAR ENERGY,divyang@sevensolarenergy.com,9825554277,0,0
GUJARAT,Gandhinagar,SERVOTECH POWER SYSTEMS LIMITED,pmsuryaghar@servotechindia.com,9266918120,0,0
GUJARAT,Gandhinagar,SCION POWER,scionpower@yahoo.com,7043511106,0,0
GUJARAT,Gandhinagar,SC SOLAR SOLUTION,info@scsolarsolution.in,8780378144,0,0
GUJARAT,Gandhinagar,SAVEGRID ENERGY,savegridenergy@gmail.com,6355785758,0,0
GUJARAT,Gandhinagar,SAVARIYA CORPORATION,savariyacorporation@gmail.com,9274166507,0,0
GUJARAT,Gandhinagar,SATYAY SOLAR,satyaysolar@gmail.com,9157716540,0,0
GUJARAT,Gandhinagar,SATYAM SOLAR,satyamsolar823@gmail.com,9227941770,0,0
GUJARAT,Gandhinagar,SATYAM SALES,kishanagroagencyamreli@gmail.com,9825360183,0,0
GUJARAT,Gandhinagar,SATTVA ENERGIES,sattvaenergies@gmail.com,8401156604,0,0
GUJARAT,Gandhinagar,SAT GREENTECH PRIVATE LIMITED,satgreentech25@gmail.com,8758957741,0,0
GUJARAT,Gandhinagar,SASA ENERGY LLP,sasaenergyllp@gmail.com,9099207722,0,0
GUJARAT,Gandhinagar,SARVAYOGAM SOLAR PRIVATE LIMITED,sarvayogamsolar@gmail.com,6356633355,0,0
GUJARAT,Gandhinagar,SARJAN CONSTRUCTION PVT LTD,info.solardiv@sarjanconstruction.com,8000052226,0,0
GUJARAT,Gandhinagar,SARDAR SOLAR ENERGY PRIVATE LIMITED,sardarsolarenergypvtltd015@gmail.com,9664915598,0,0
GUJARAT,Gandhinagar,SANTKRUPA ELECTRICALS,santkrupaelectricals19@gmail.com,8849254993,0,0
GUJARAT,Gandhinagar,SANJEE ENTERPRISE,sanjee.enterprise@gmail.com,9157353735,0,0
GUJARAT,Gandhinagar,SANJAY SOLAR,sbheaters@gmail.com,7016893192,0,0
GUJARAT,Gandhinagar,SANGANI ENTERPRISE,sanganienterprise1610@gmail.com,8347958992,0,0
GUJARAT,Gandhinagar,SANGAM ELECTRONICS CO,info.sangamsolar@gmail.com,9825929552,0,0
GUJARAT,Gandhinagar,SAMRUDDH SOLAR,samruddhsolar1@gmail.com,7859827859,0,0
GUJARAT,Gandhinagar,SAMRUDDDHI ENTERPRISE,samruddhienterprise22@gmail.com,9033676399,0,0
GUJARAT,Gandhinagar,SAMAR SOLAR,samarsolar183@gmail.com,7046164346,0,0
GUJARAT,Gandhinagar,SAMAR ENERGY SOLUTIONS,samarenergysolutions@gmail.com,9662727432,0,0
GUJARAT,Gandhinagar,SAHJANAND ENTERPRISE,sahjanandeprise@gmail.com,9737671777,0,0
GUJARAT,Gandhinagar,SAHAYOG ENERGY,sahayogenergy@gmail.com,9429124424,0,0
GUJARAT,Gandhinagar,SAHAJ SOLAR PRIVATE LIMITED,bparmar@sahajsolar.com,7573006832,0,0
GUJARAT,Gandhinagar,SAFVI ELECTRICALS SOLUTIONS,safvielectricalssolutions2013@gmail.com,9374754648,0,0
GUJARAT,Gandhinagar,SAFFRON RENEWTECH,saffronrenewtech24@gmail.com,7600507557,0,0
GUJARAT,Gandhinagar,SAFECON INDUSTRIAL MAINTENANCE & ENGINEERING SERVICES,safeconservices2013@gmail.com,9925854491,0,0
GUJARAT,Gandhinagar,SADGURU ELECTRICALS,sadguruelectricals23@gmail.com,9714715649,0,0
GUJARAT,Gandhinagar,SAAN ELECTRICAL,saanelectrical@gmail.com,9033735490,0,0
GUJARAT,Gandhinagar,S P MULTI ENGINEERING SERVICES,spmultiengineeringservices@gmail.com,9104556095,0,0
GUJARAT,Gandhinagar,S MEERA ELECTRICALS,s.meeraelectricals@gmail.com,9328249939,0,0
GUJARAT,Gandhinagar,S DIPAK AND CO,sdipaksolar@gmail.com,9898664858,0,0
GUJARAT,Gandhinagar,RVV SOLAR PRIVATE LIMITED,rvvsolarpvtltd@gmail.com,8160825026,0,0
GUJARAT,Gandhinagar,RVMOVALIYA CONSTRUCTION CO,rvmovaliya.solarenergy@gmail.com,9724543742,0,0
GUJARAT,Gandhinagar,RV INFOTECH,rvinfotech2020@gmail.com,8141560037,0,0
GUJARAT,Gandhinagar,RUTVIK ENGINEERING PRIVATE LIMITED,rutvikengpvtltd@gmail.com,9824030144,0,0
GUJARAT,Gandhinagar,RUPABHAI MAGANBHAI PATEL,RMP.GEMPORTAL@GMAIL.COM,9426004861,0,0
GUJARAT,Gandhinagar,RUDRASOL ENERGY PRIVATE LIMITED,rudrasolenergy@gmail.com,9408397604,0,0
GUJARAT,Gandhinagar,RUDRAKSH SOLAR POWER,rudrakshsolarpower@gmail.com,9016203365,0,0
GUJARAT,Gandhinagar,RUDRAKSH ELECTRICALS,rudrakshelectricals4@gmail.com,6353460657,0,0
GUJARAT,Gandhinagar,RUDRA SOLAR AND ELECTRICAL,rudrasolar2019@gmail.com,9510514672,0,0
GUJARAT,Gandhinagar,RUDRA ENTERPRISE,rudraenterprise1110@gmail.com,8758462848,0,0
GUJARAT,Gandhinagar,RUDRA ELECTRICALS,ravi.sabhani@rudraelectricals.co.in,9722643233,0,0
GUJARAT,Gandhinagar,RSV POWER ENGINEERING,rsv.power.engineering@gmail.com,9033590507,0,0
GUJARAT,Gandhinagar,ROYAL POWER MART,royalmotormart1@gmail.com,9825440269,0,0
GUJARAT,Gandhinagar,ROYAL ENTERPRISE,royalenterprise.vadodara@gmail.com,6352205345,0,0
GUJARAT,Gandhinagar,ROLEX GREEN ENERGY,ghediyamilan@gmail.com,9429476592,0,0
GUJARAT,Gandhinagar,RITUDHAN SOLAR POWER,ritudhansolarpower@gmail.com,9879111390,0,0
GUJARAT,Gandhinagar,RISING GREEN ENERGY,rgesolar@gmail.com,9033119375,0,0
GUJARAT,Gandhinagar,RISHAV POWERTECH LLP,rishavpowertech@gmail.com,9898203470,0,0
GUJARAT,Gandhinagar,RIMPLE CORPORATION LLP,rimpleco@gmail.com,6351076702,0,0
GUJARAT,Gandhinagar,RIGHT POWER INFRA PVT LTD,darshana@right-infra.com,9898661067,0,0
GUJARAT,Gandhinagar,RIDHAM ENTERPRISE,ridhamenterprise770@gmail.com,6351158633,0,0
GUJARAT,Gandhinagar,RIDDLE ENERGY PVT. LTD.,riddleenergy2101@gmail.com,9879556196,0,0
GUJARAT,Gandhinagar,RIA SOLAR,riasolar2021@gmail.com,8320210323,0,0
GUJARAT,Gandhinagar,RIA POWER,riapower24@gmail.com,8758463929,0,0
GUJARAT,Gandhinagar,RG SOLAR SOLUTIONS,info@rgsolarsolutions.com,7718719713,0,0
GUJARAT,Gandhinagar,REVA RENEWABLES,revarenewables@gmail.com,6358844490,0,0
GUJARAT,Gandhinagar,RENEWZA ENERGY,renewzaenergy@gmail.com,8511148225,0,0
GUJARAT,Gandhinagar,RENEWIX INNOVATIONS PVT LTD,hello@renewix.in,9998980947,0,0
GUJARAT,Gandhinagar,RENEWABLE SUN SOLAR,renewablesunsolar@gmail.com,7600201198,0,0
GUJARAT,Gandhinagar,RENEW ENERGIES,information.renew@gmail.com,7405507073,0,0
GUJARAT,Gandhinagar,RENEVIK SOLAR SOLUTIONS PRIVATE LIMITED,sejal.c@vikasaryagroup.com,9327572645,0,0
GUJARAT,Gandhinagar,RENEURJA ENERGY,reneurjaenergy@gmail.com,8460611110,0,0
GUJARAT,Gandhinagar,RENESYS POWER SYSTEMS PRIVATE LIMITED,project@renesys.in,7069751110,0,0
GUJARAT,Gandhinagar,RENAISSANCE CORPORATE SOLUTIONS PVT. LTD.,rcplsolar@gmail.com,9572032363,0,0
GUJARAT,Gandhinagar,RELIGHT ENERGY LLP,relightenergy.info@gmail.com,8000194738,0,0
GUJARAT,Gandhinagar,RELIABLE CONSULTING ENGINEERS,jaymin.fajalia@onlinerce.com,9327168907,0,0
GUJARAT,Gandhinagar,REKSON ELECTROTECH,REKSONELECTROTECH37@GMAIL.COM,9904994494,0,0
GUJARAT,Gandhinagar,REGAL ELECTRICALS,balochvikarali60@gmail.com,8141028100,0,0
GUJARAT,Gandhinagar,REFLECTION SOLAR & ENERGY PRIVATE LIMITED,piyushraval.1984@gmail.com,9725019493,0,0
GUJARAT,Gandhinagar,REFLECT SOLAR,reflect.solar.energy@gmail.com,9998419211,0,0
GUJARAT,Gandhinagar,REEWA SOLAR ENERGY,reewasolarenergy@gmail.com,9879353053,0,0
GUJARAT,Gandhinagar,REDSUN SOLAR INDUSTRIES,info@redsunin.com,9825632875,0,0
GUJARAT,Gandhinagar,RECARE ELECTRICAL LLP,projects.recare@gmail.com,7600184425,0,0
GUJARAT,Gandhinagar,REAL MULTIPLE SOLUTIONS,rmssolar.bhavnagar@rediffmail.com,9099722722,0,0
GUJARAT,Gandhinagar,RE360,gogreen@re360.in,8258976667,0,0
GUJARAT,Gandhinagar,RAYS TECH SOLAR SOLUTIONS,raystechsolarsolutions@gmail.com,9510147343,0,0
GUJARAT,Gandhinagar,RAY ENERGY,info.rayenergy@gmail.com,8401481453,0,0
GUJARAT,Gandhinagar,RAVIJA ENTERPRISES,ravijaenterprises09@gmail.com,6356956938,0,0
GUJARAT,Gandhinagar,RANJAN INDUSTRIES,ranjan28496@gmail.com,9924818113,0,0
GUJARAT,Gandhinagar,RAMESH POWER POINTS,rameshpowerpoint@gmail.com,9825225585,0,0
GUJARAT,Gandhinagar,RAMDEV SOLAR SYSTEM,ramdevsolarsytem@gmail.com,8758911969,0,0
GUJARAT,Gandhinagar,RAMAA SOLAR,ramaasolar@gmail.com,8866697632,0,0
GUJARAT,Gandhinagar,RAJKOT E-BIKES AND SOLAR,rajkotebikesandsolar@gmail.com,8306020890,0,0
GUJARAT,Gandhinagar,RAJDEEP SOLAR ENERGY PVT. LTD.,dharmesh@rajdeepsolarnergy.com,9099089749,0,0
GUJARAT,Gandhinagar,RAJAVI ELECTRICAL SERVICES,rajvielectricalservices@gmail.com,9723613718,0,0
GUJARAT,Gandhinagar,RAJANJI ENTERPRISE,RAJANJI72.LV@GMAIL.COM,8849116749,0,0
GUJARAT,Gandhinagar,RAJANI MOTORS,rajanimotors21@gmail.com,7227807262,0,0
GUJARAT,Gandhinagar,RAJ ELECTRICALS,solar.rajelectricals@gmail.com,9998656539,0,0
GUJARAT,Gandhinagar,RAICHURA ENERGY,raichuraenergy@gmail.com,9879152830,0,0
GUJARAT,Gandhinagar,RAGHURAM SOLAR POWER GREEN ENERGY LLP,raghuramsolar9@gmail.com,7575019877,0,0
GUJARAT,Gandhinagar,RADIANT SUN ENERGY LLP,slesh.patel@gmail.com,8140000257,0,0
GUJARAT,Gandhinagar,RADIANT SOLAR SYSTEMS,bhargavec40@gmail.com,9408503198,0,0
GUJARAT,Gandhinagar,RADIANT SOLAR ENERGY,info@radiantsolarenergy.co.in,9512337513,0,0
GUJARAT,Gandhinagar,RADIANT INDIA,RADIANTINDIA007@GMAIL.COM,9163559963,0,0
GUJARAT,Gandhinagar,RADIANT GREENS SOLAR,info@radiantgreens.in,8140316334,0,0
GUJARAT,Gandhinagar,RAASON ENERTECH LLP,info@raasonenertech.com,9624768483,0,0
GUJARAT,Gandhinagar,R. K. CONSTRUCTION,rkconstruction101@gmail.com,9106065865,0,0
GUJARAT,Gandhinagar,R V ENERGY,rvenergy5@gmail.com,9427507035,0,0
GUJARAT,Gandhinagar,R N SALES CORPORATION,r.tech.2000@gmail.com,9574472134,0,0
GUJARAT,Gandhinagar,R K BHABHOR,rkbhabhor78@gmail.com,9909161378,0,0
GUJARAT,Gandhinagar,R C ELECTRICALS,info@rcelectricals.in,9824757160,0,0
GUJARAT,Gandhinagar,R B RENEWABLES LLP,info@brrenewables.com,9898985672,0,0
GUJARAT,Gandhinagar,PYRAMID PROJECTS,pyramidsolarindia@gmail.com,9726430137,0,0
GUJARAT,Gandhinagar,PV RAYS ENERGY,pvraysenergy@gmail.com,9898097222,0,0
GUJARAT,Gandhinagar,PUSHPAK SOLAR ENERGY,pushpaksolarenergy@gmail.com,9924595205,0,0
GUJARAT,Gandhinagar,PURMA ENERGY PVT LTD,purmaenergy@gmail.com,7069628193,0,0
GUJARAT,Gandhinagar,PRUTHVI SOLAR ENERGY,pruthvisolar@yahoo.com,9537659989,0,0
GUJARAT,Gandhinagar,PROTON POWER SERVICE,sprotonpower@gmail.com,9033765370,0,0
GUJARAT,Gandhinagar,PROSPER ENTERPRISE,prosperenterprise07@gmail.com,9824420913,0,0
GUJARAT,Gandhinagar,PRIYANKA ENTERPRISE,enterpriseriya8002@gmail.com,9913032779,0,0
GUJARAT,Gandhinagar,PRIVA ENTERPRISE,vickysheth1987@gmail.com,9825241949,0,0
GUJARAT,Gandhinagar,PRISM ECOENERGIA PRIVATE LIMITED,info@prismecoenergia.com,9704710101,0,0
GUJARAT,Gandhinagar,PRINCE ELECTRICAL,princeelectrical20@gmail.com,8866507173,0,0
GUJARAT,Gandhinagar,PRAYOSHAM SOLAR ENERGY,jayrajp880@gmail.com,9574242883,0,0
GUJARAT,Gandhinagar,PRAYOSHA CORPORATION,prayoshacorporation.india@gmail.com,9825390162,0,0
GUJARAT,Gandhinagar,PRAVEG SOLAR,office.praveg@gmail.com,9081714161,0,0
GUJARAT,Gandhinagar,PRATYUSH RENEWABLE ENERGY PRIVATE LIMITED,pratyushrenewables@gmail.com,8780737839,0,0
GUJARAT,Gandhinagar,PRATIKSHA ENTERPRISE,pratikshaenterprise1006@gmail.com,8238516417,0,0
GUJARAT,Gandhinagar,PRANIL CORPORATION,riddhistart@yahoo.co.in,9825411575,0,0
GUJARAT,Gandhinagar,PRANIK POWER INFRA PRIVATE LIMITED,solar.pranik@gmail.com,9925237347,0,0
GUJARAT,Gandhinagar,PRAKASHI ENTERPRISE,prakashienterprise@gmail.com,9879797965,0,0
GUJARAT,Gandhinagar,PRAKASH PUMP INDUSTRIES,prakashpumpindustries@gmail.com,9687222263,0,0
GUJARAT,Gandhinagar,PRAHAR SOLAR SOLUTIONS,info.praharsolar@gmail.com,9016360702,0,0
GUJARAT,Gandhinagar,PRAGATI URZA PRIVATE LIMITED,pragatiurza@gmail.com,8347009697,0,0
GUJARAT,Gandhinagar,PRAGATI INDUSTRIES,pragatipv8@gmail.com,9428799552,0,0
GUJARAT,Gandhinagar,PRAGATI ENTERPRISE,pragatienterprise1985@gmail.com,9825254567,0,0
GUJARAT,Gandhinagar,POWERTRONICS TECHNOLOGY,powertronics1990@gmail.com,9974772070,0,0
GUJARAT,Gandhinagar,POWERTECH ENGINEERS SURAT,sanatbarot@gmail.com,9377625242,0,0
GUJARAT,Gandhinagar,POWERSOL,office@re.digital,9016681762,0,0
GUJARAT,Gandhinagar,POWERON ELECTRICAL,poweron.electricalservice@gmail.com,7990528002,0,0
GUJARAT,Gandhinagar,POWER TECH ENERGY SOLUTUIONS,epc@ptes.in,6357502081,0,0
GUJARAT,Gandhinagar,POWER SYSTEM,powersystem2k11@gmail.com,9898068224,0,0
GUJARAT,Gandhinagar,POWER RISE,powerrise16@gmail.com,8460145311,0,0
GUJARAT,Gandhinagar,POWER PLUS ENERGY,powerplussolarenergy@gmail.com,9998183339,0,0
GUJARAT,Gandhinagar,POWER PACK SOLUTIONS,powerpacksolutions12195@gmail.com,9725787004,0,0
GUJARAT,Gandhinagar,POWER GENESYS ENERGY SOLUTIONS PRIVATE LIMITED,subbu@powergenesys.com,8618279431,0,0
GUJARAT,Gandhinagar,POOJA ELECTRICALS,PE9711@gmail.com,8758668166,0,0
GUJARAT,Gandhinagar,POOJA ELECTRICALS,poojaelectrical21@gmail.com,7434034056,0,0
GUJARAT,Gandhinagar,POINTER INSTRUMENTS SERVICES,pointer1729@gmail.com,9033543187,0,0
GUJARAT,Gandhinagar,PIXON GREEN ENERGY PRIVATE LIMITED,tender@pixonenergy.in,7229035912,0,0
GUJARAT,Gandhinagar,PHOTOVOLTAIC SOLAR,info@photovoltaicsolar.in,8866488000,0,0
GUJARAT,Gandhinagar,PHOTONICS WATERTECH PRIVATE LIMITED,vasant@photonicslights.com,6353704460,0,0
GUJARAT,Gandhinagar,PHOENIX RENEWABLE ENERGY,PHOENIXRE6@GMAIL.COM,9586110114,0,0
GUJARAT,Gandhinagar,PEGASUS POWER AND INFRA LLP,info@pegasusllp.com,8160259454,0,0
GUJARAT,Gandhinagar,PATEL JOYATABHAI GALABHAI,pateljoytabhai1134@gmail.com,9724674544,0,0
GUJARAT,Gandhinagar,PATEL GREEN ENERGY SALES AND SERVICE,patelgreenenergyinfo@gmail.com,9427412983,0,0
GUJARAT,Gandhinagar,PATEL ELECTRONICS,hardikpatelelec@gmail.com,9377767508,0,0
GUJARAT,Gandhinagar,PATEL ELECTRICALS,info.patelelectricals@gmail.com,9998896555,0,0
GUJARAT,Gandhinagar,PARTHKUMAR VIKRAMBHAI KAMANIYA,kpv2322@gmail.com,9313098584,0,0
GUJARAT,Gandhinagar,PARSANA GROUP,infoparsanagroup9@gmail.com,6358141994,0,0
GUJARAT,Gandhinagar,PAROT RENEWABLES LIMITED,gn@parotrenewables.com,9274692942,0,0
GUJARAT,Gandhinagar,PARMAR ENTERPRISE,parmarenterprise2024@gmail.com,9574944345,0,0
GUJARAT,Gandhinagar,PARK SHELDRAKE,parksheldrake@gmail.com,7862991878,0,0
GUJARAT,Gandhinagar,PARISHRAM INFOENERGY,parishraminfoenergy@gmail.com,9909433132,0,0
GUJARAT,Gandhinagar,PARESH S. VAIDYA,parvaidya2012@gmail.com,9879529203,0,0
GUJARAT,Gandhinagar,PARECHA ENTERPRISES,sagarmparecha999@gmail.com,9537704244,0,0
GUJARAT,Gandhinagar,PANAROOF ENERGY,panaroofenergy@outlook.com,9428449365,0,0
GUJARAT,Gandhinagar,OXEN ENERGIES,oxenenergies@gmail.com,8866699444,0,0
GUJARAT,Gandhinagar,ORTEX CORPORATION,ortexcorporation@gmail.com,9276103457,0,0
GUJARAT,Gandhinagar,OORJA ELECTRIC,oorjaforeveryone@gmail.com,9067598727,0,0
GUJARAT,Gandhinagar,ONEVOLT GREEN PVT LTD,onevoltgreens@gmail.com,9925292721,0,0
GUJARAT,Gandhinagar,ONETIME SOLAR SYSTEM,onetimesolarsystem@gmail.com,9925296957,0,0
GUJARAT,Gandhinagar,OMKARA INFOTECH,omkarinfotechlakhani@gmail.com,9428847854,0,0
GUJARAT,Gandhinagar,OMEGA POWER,omegapower2018@gmail.com,7990226349,0,0
GUJARAT,Gandhinagar,OMEGA ELECTRICALS,omele452@gmail.com,9979888452,0,0
GUJARAT,Gandhinagar,OM SOLAR SYSTEMS,omsolarsystems.rjt@gmail.com,8141405557,0,0
GUJARAT,Gandhinagar,OM SHANTI MACHINERIES EXIM,grandosolar@gmail.com,9824868078,0,0
GUJARAT,Gandhinagar,OM SALES ENTERPRISE,rahul.redrenbardoli@gmail.com,9428631515,0,0
GUJARAT,Gandhinagar,OM ELECTRICALS SERVICES,omelectricals2104@gmail.com,9998004891,0,0
GUJARAT,Gandhinagar,OM ELECTRICALS,jaydratsinhzala09@gmail.com,9265589234,0,0
GUJARAT,Gandhinagar,ODHAV ENTERPRISE,odhaventerpriseindia@gmail.com,9033231303,0,0
GUJARAT,Gandhinagar,OCTA ENTERPRISE,octaenterprise7@gmail.com,8469023543,0,0
GUJARAT,Gandhinagar,OCEANIC POWER ENGINEERS PRIVATE LIMITED,oceanicpower.in@gmail.com,7778065600,0,0
GUJARAT,Gandhinagar,NYALKARAN RENEWABLE ENERGY,nyalkaranrenewableenergy@gmail.com,9998473073,0,0
GUJARAT,Gandhinagar,NYALKARAN ENERGY LLP,kaushik@nyalkaranenergy.com,9825412783,0,0
GUJARAT,Gandhinagar,NVVP GREEN ENERGY PRIVATE LIMITED,nvvpgreenepl@gmail.com,9979941234,0,0
GUJARAT,Gandhinagar,NUJUM INDUSTRIES PRIVATE LIMITED,thenujum@gmail.com,9375188422,0,0
GUJARAT,Gandhinagar,NU SOLAR INFRACON PRIVATE LIMITED,nu.solar.infracon@gmail.com,9033181196,0,0
GUJARAT,Gandhinagar,NP ELECTRICALS,info@npelectricals.co.in,9824144945,0,0
GUJARAT,Gandhinagar,NORTHGREEN ENERGY PVT LTD,solar@northgreenenergy.com,9099931707,0,0
GUJARAT,Gandhinagar,NJ ELECTRICALS,njelectricals.21@gmail.com,9886309619,0,0
GUJARAT,Gandhinagar,NIVAN ENERGY,nivanenergy@gmail.com,9998820905,0,0
GUJARAT,Gandhinagar,NISHRAY SOLAR,mkshahexport@gmail.com,9825409639,0,0
GUJARAT,Gandhinagar,NIRAJ TRADERS,nirajtraders@yahoo.com,9825030321,0,0
GUJARAT,Gandhinagar,NILKANTH ENTERPRISE,nilkanthenterprise96@gmail.com,9157369603,0,0
GUJARAT,Gandhinagar,NILESH ENGINEERS,nileshengineers57@gmail.com,9033005732,0,0
GUJARAT,Gandhinagar,NIL ENGINEERING,nil.engineering@yahoo.com,9228387183,0,0
GUJARAT,Gandhinagar,NIHAL ENTERPRISE,rehanadonakiya786@gmail.com,8733978072,0,0
GUJARAT,Gandhinagar,NEXUS RENEWTECH,nexusrenewtech@gmail.com,8849277955,0,0
GUJARAT,Gandhinagar,NEWYORK ENGINEERING CO.,akashenergysolar@gmail.com,9824206059,0,0
GUJARAT,Gandhinagar,NEW RESEARCH TECHNOLOGY,nrtsolar@gmail.com,9427809253,0,0
GUJARAT,Gandhinagar,NETWORKS TRADING AND CONSTRUCTION PVT LTD,netccopvtltd@gmail.com,9319106152,0,0
GUJARAT,Gandhinagar,NEOTERIX SOLUTION PVT. LTD.,neoterixsolutions@gmail.com,9414010579,0,0
GUJARAT,Gandhinagar,NEELKANTHESHWAR SOLAR ENERGY,neelkantheshwarsolarenergy@gmail.com,8460048549,0,0
GUJARAT,Gandhinagar,ND ENERGY INDIA PRIVATE LIMITED,ndenergyindia@gmail.com,8000001124,0,0
GUJARAT,Gandhinagar,NAYRA ELECTRONICS,info.nayraelectronics@gmail.com,9054244430,0,0
GUJARAT,Gandhinagar,NAVKALP GROUPS,navkalprenewable@gmail.com,8460109090,0,0
GUJARAT,Gandhinagar,NAVI ENERGY,contact@navienergy.in,9979435742,0,0
GUJARAT,Gandhinagar,NATIONAL ELECTRICALS AND ELECTRONICS CORPORATION,ashokpatel@neec.in,9429136631,0,0
GUJARAT,Gandhinagar,NAMAH SOLAR ENERGY,namahsolar@gmail.com,6351500821,0,0
GUJARAT,Gandhinagar,NAKSHATRA INFOSYS,nakshatrainfosys178@gmail.com,9909697193,0,0
GUJARAT,Gandhinagar,NAKSH POWER,bhumikarana1989@gmail.com,8141113593,0,0
GUJARAT,Gandhinagar,NAKODA PRODUCTS,purchase.nsolar@gmail.com,9825322552,0,0
GUJARAT,Gandhinagar,N M POWER,gauravkareliya1@gmail.com,8141958041,0,0
GUJARAT,Gandhinagar,MS SOLAR SPARK,mssolarspark7@gmail.com,9825590311,0,0
GUJARAT,Gandhinagar,MS SOLAR,shersiyamujahid@gmail.com,9725097291,0,0
GUJARAT,Gandhinagar,MOVA GREEN ENERGY,movagreenenergy1112@gmail.com,7778033298,0,0
GUJARAT,Gandhinagar,MOTHER ELECTRICALS,motherelectricals@yahoo.com,8128105018,0,0
GUJARAT,Gandhinagar,MK ENTERPRISE,mkenterprise061@gmail.com,8780069239,0,0
GUJARAT,Gandhinagar,MK ELECTRICALS,digant.shah10@gmail.com,9825349554,0,0
GUJARAT,Gandhinagar,MK ELECTRICAL AND CO,mkelectrical.co@gmail.com,8866525483,0,0
GUJARAT,Gandhinagar,MJR INDUSTRIES PRIVATE LIMITED,mjrindustriespvtltd@gmail.com,9426998993,0,0
GUJARAT,Gandhinagar,MITTALS GREEN ENERGY PRIVATE LIMITED,info@mittalsgreenenergy.com,8053004999,0,0
GUJARAT,Gandhinagar,MITRAYA ELECTRICAL,mitrayaelectrical@gmail.com,7016415834,0,0
GUJARAT,Gandhinagar,MITCON CONSULTANCY AND ENGINEERING SERVICES LTD,tendercell@mitconindia.com,7447420680,0,0
GUJARAT,Gandhinagar,MICROVISE SOLUTIONS,info@microviseindia.com,7778092462,0,0
GUJARAT,Gandhinagar,MH POWER SYSTEM,info.mhpowersystem@gmail.com,9016581006,0,0
GUJARAT,Gandhinagar,MFINS SERVICES PVT. LTD.,vidya@m-fins.in,8356843342,0,0
GUJARAT,Gandhinagar,MESHWA ENTERPRISE,meshwaelectricals@gmail.com,9574409148,0,0
GUJARAT,Gandhinagar,MERIDIAN INTERNATIONAL,ghetiya.ashish@gmail.com,7990847552,0,0
GUJARAT,Gandhinagar,MEHUL ELECTRIC,fivestarsolar2025@gmail.com,7984547908,0,0
GUJARAT,Gandhinagar,MEGHAL POWER,meghalpower23@gmail.com,9712726390,0,0
GUJARAT,Gandhinagar,MEERASUN ENERGY,meerasunenergy@gmail.com,9016680239,0,0
GUJARAT,Gandhinagar,MEERA SUN ENERGIES,info@meerasunenergies.com,8200447359,0,0
GUJARAT,Gandhinagar,MEAN RAYS RENEWABLE POWER PRIVATE LIMITED,sales.meanrays@gmail.com,9898251352,0,0
GUJARAT,Gandhinagar,MD ENERGIES,mdenergies01@gmail.com,9099260004,0,0
GUJARAT,Gandhinagar,MBTION ENGINEERING,mbtionengineering@gmail.com,8320565108,0,0
GUJARAT,Gandhinagar,MAXSUN ENERGY PRIVATE LIMITED,maxsunsolarenergy@gmail.com,7990361324,0,0
GUJARAT,Gandhinagar,MARUTI SUNSOLREN,marutisunsolren@gmail.com,8238145153,0,0
GUJARAT,Gandhinagar,MARUTI SOLAR SYSTEMS,dinesh.navar@gmail.com,9409080149,0,0
GUJARAT,Gandhinagar,MARUTI ENTERPRISE,marutienterprise148@gmail.com,7698803938,0,0
GUJARAT,Gandhinagar,MARUTI ENERGY,marutienrgy@gmail.com,9033408939,0,0
GUJARAT,Gandhinagar,MAPS TECHNO SOLUTIONS,mapstechnosolutions@gmail.com,9974386038,0,0
GUJARAT,Gandhinagar,MANTRA SOLAR SOLUTIONS,MantraSolarSolutions@gmail.com,7016462899,0,0
GUJARAT,Gandhinagar,MANGROLIYA NIKUNJ J.,nikunjmangroliya54@gmail.com,8866685082,0,0
GUJARAT,Gandhinagar,MANAN SOLAR,manansolar2022@gmail.com,9714352719,0,0
GUJARAT,Gandhinagar,MAKKWANA INDUSTRIES,rooftopindia@gmail.com,9879398464,0,0
GUJARAT,Gandhinagar,MAHAKALI POWER,mahakalipower9252@gmail.com,9687209519,0,0
GUJARAT,Gandhinagar,MAHADEV SOLAR ENETERPRISE,mahadevsolarjamnagar@gmail.com,9978999939,0,0
GUJARAT,Gandhinagar,MAGLARE TECHNOLOGIES PVT.LTD.,info@maglare.com,8460183838,0,0
GUJARAT,Gandhinagar,MADHVAN POLYPLAST PVT. LTD.,cmp.madhavanpolyplast@gmail.com,9104306162,0,0
GUJARAT,Gandhinagar,MADHULI CORPORATION,madhulicorporation@gmail.com,9904990630,0,0
GUJARAT,Gandhinagar,MADHAV GREEN ENERGY,madhavgreene@gmail.com,9408102358,0,0
GUJARAT,Gandhinagar,MADHAV ENTERPRISE,madhavsolarshop@gmail.com,7990485674,0,0
GUJARAT,Gandhinagar,MAA MOGAL ENTERPRISE,maamogale1999@gmail.com,8401237990,0,0
GUJARAT,Gandhinagar,M SUN ENERGY,msunenergy30@gmail.com,9104145599,0,0
GUJARAT,Gandhinagar,M S ENERGY,msenergy2021@gmail.com,7265939104,0,0
GUJARAT,Gandhinagar,M R ENTERPRISE,mrenterprisesolar@gmail.com,9924370232,0,0
GUJARAT,Gandhinagar,M M PARMAR,sunlightenergy09@outlook.com,9227092099,0,0
GUJARAT,Gandhinagar,M AND S ELECTRICALS AND TECHNICAL SERVICES,mselect.technical@gmail.com,7359128003,0,0
GUJARAT,Gandhinagar,M AND P POWER SOLUTIONS,mnppowersolutions2021@gmail.com,9537006733,0,0
GUJARAT,Gandhinagar,LUCRATIVE ENERGY PRIVATE LIMITED,lucrativein24@gmail.com,9408152427,0,0
GUJARAT,Gandhinagar,LUCIDUS ENERGY PRIVATE LIMITED,lucidusenergy21@gmail.com,9327990722,0,0
GUJARAT,Gandhinagar,LOGICTECH SOLAR AND AUTOMATION PVT LTD,logictechsolar@gmail.com,9429580846,0,0
GUJARAT,Gandhinagar,LOBEL SOLAR POWER SYSTEM,info@lobelpower.com,9327007854,0,0
GUJARAT,Gandhinagar,LIGHTWELL SOLAR,lightwellsolar@gmail.com,9054524293,0,0
GUJARAT,Gandhinagar,LIGHTRIC POWER SOLUTION,lightricpower@gmail.com,6355768984,0,0
GUJARAT,Gandhinagar,LIFE MAGIC MARVELL STORE PRIVATE LIMITED,lifemagicmarvel@gmail.com,9098698493,0,0
GUJARAT,Gandhinagar,LGM ENERGY AND INFRACON LLP,lgmenergyandinfraconllp@gmail.com,7574000906,0,0
GUJARAT,Gandhinagar,LED LIGHT HOUSE,ledlighthouse161921@gmail.com,9624132754,0,0
GUJARAT,Gandhinagar,LAXMI HI TECH,laxmihitech36@gmail.com,7046494649,0,0
GUJARAT,Gandhinagar,LA CARTE RETAILERS PVT LTD,lacarte09@gmail.com,9909920700,0,0
GUJARAT,Gandhinagar,L L ELECTRICALS,llelect89@yahoo.com,9879078908,0,0
GUJARAT,Gandhinagar,L G ELECTRICALS,lgelectricals29@gmail.com,9825949200,0,0
GUJARAT,Gandhinagar,KVP SOLAR AND SOLUTION,kvpsolarandsolution.22@gmail.com,9033343105,0,0
GUJARAT,Gandhinagar,KUTCH SOLAR AND EV,kutchsolarev@gmail.com,9725436751,0,0
GUJARAT,Gandhinagar,KUNTHU CONSULTANTS PVT LTD,neelesh@kunthusolar.com,7405992700,0,0
GUJARAT,Gandhinagar,KT SOLAR ENERGY,KTSOLARENERGY14418@GMAIL.COM,9033092122,0,0
GUJARAT,Gandhinagar,KSHETRAPAL GREEN ENERGY,kshetrapalgreenenergy@gmail.com,7874098869,0,0
GUJARAT,Gandhinagar,KRIVI ENERGY PRIVATE LIMITED,solar@krivienergy.com,9326275972,0,0
GUJARAT,Gandhinagar,KRIVA TECHNOLOGIES,krivasolartechnologies@gmail.com,7227074480,0,0
GUJARAT,Gandhinagar,KRITA GREEN ENERGY,admin@kritagreenenergy.in,9824998266,0,0
GUJARAT,Gandhinagar,KRISHNA ENTERPRISE,krishnaenterprise4568@gmail.com,9712658209,0,0
GUJARAT,Gandhinagar,KRISHIVA INNOVATIVES,info@krishivainnovatives.com,9409435861,0,0
GUJARAT,Gandhinagar,KP GREEN ENGINEERING LIMITED,imam.syed@kpgroup.co,9104677596,0,0
GUJARAT,Gandhinagar,KOTHIYA ELECTRIC CONTRACTOR,kothiyaelectric@gmail.com,9913212056,0,0
GUJARAT,Gandhinagar,KONARK,heykonark@gmail.com,7016013500,0,0
GUJARAT,Gandhinagar,KOMAL ELECTRIC,chetanramprasadi@gmail.com,9825047503,0,0
GUJARAT,Gandhinagar,KK SOLAR TECHNOLOGY,kksolartechnology@gmail.com,9586118331,0,0
GUJARAT,Gandhinagar,KIRTAN MARKETING,kirtanmarketing@gmail.com,9714440026,0,0
GUJARAT,Gandhinagar,KIRTAN BATTERIES,kirtanbatteries26@gmail.com,7043337333,0,0
GUJARAT,Gandhinagar,KIRAN SOLAR TECH PT. LT,info@kiransolartech.com,9800932333,0,0
GUJARAT,Gandhinagar,KHUSHI SOLAR,khushisolar13.info@gmail.com,7600094866,0,0
GUJARAT,Gandhinagar,KHODIYAR ENTERPRISE,k_enter_m@rediffmail.com,9825162853,0,0
GUJARAT,Gandhinagar,KHODAL CORPORATION,khodalcorporation10@gmail.com,9974129558,0,0
GUJARAT,Gandhinagar,KHANAK SYSTEM,khanaksystem@yahoo.com,9824751581,0,0
GUJARAT,Gandhinagar,KESHWALA ENGINEERING CO.,RKESHWALA26@GMAIL.COM,7575082097,0,0
GUJARAT,Gandhinagar,KESHRI NANDANAM ENERGY,keshrinandanamenergy@gmail.com,8200147522,0,0
GUJARAT,Gandhinagar,KASTBHANJAN SOLAR,kastbhanjansolar@gmail.com,9099863647,0,0
GUJARAT,Gandhinagar,KASHYAP INFRAPROJECTS PVT. LTD.,info@kashyap.in,9898031010,0,0
GUJARAT,Gandhinagar,KARTAVY AGROTECH,kartavysolar@gmail.com,9426465233,0,0
GUJARAT,Gandhinagar,KARMA POWER,karmapower001@gmail.com,8849370511,0,0
GUJARAT,Gandhinagar,KARM ENTERPRISE,KARMSOLAR24@GMAIL.COM,9586363071,0,0
GUJARAT,Gandhinagar,KAMAXI ELECTRICAL ENGINEERS,dharmesh@kamaxielectricals.com,9974744036,0,0
GUJARAT,Gandhinagar,KAIZEN UNIVERSAL PRIVATE LIMITED,ketan@kaizen.in,9825119674,0,0
GUJARAT,Gandhinagar,KAIZEN NOW,kaizennowahd@gmail.com,9978985558,0,0
GUJARAT,Gandhinagar,KAIZEN ENERGY,info.kaizenenergy@gmail.com,8347424158,0,0
GUJARAT,Gandhinagar,KAASHIVA POWER INNOVATIONS PVT LTD,nikunjprajapati@kaashiva.com,7227854857,0,0
GUJARAT,Gandhinagar,KAARVI GREEN ENERGY,kaarvienergy01@gmail.com,9824094291,0,0
GUJARAT,Gandhinagar,K T ELECTRICALS,ktthakkar567@gmail.com,8905168423,0,0
GUJARAT,Gandhinagar,K P ENTERPRISE,kpenterprise39@gmail.com,9974383839,0,0
GUJARAT,Gandhinagar,K K SOLAR SOLUTIONS,kksolarsolutions@gmail.com,9537279900,0,0
GUJARAT,Gandhinagar,K AND J ENTERPRISE,kjenterprise15515@gmail.com,8320957225,0,0
GUJARAT,Gandhinagar,JUPISOL POWER INDIA PRIVATE LIMITED,spatel@jupisolpower.com,9879284007,0,0
GUJARAT,Gandhinagar,JOYSTICK BIO HEALTH,jstvalsad@gmail.com,9714163052,0,0
GUJARAT,Gandhinagar,JJV CORPORATION,info@jjvcorporation.in,9016987377,0,0
GUJARAT,Gandhinagar,JJ PV SOLAR PRIVATE LIMITED,rajesh@jjpvsolar.com,9904809006,0,0
GUJARAT,Gandhinagar,JIYAAN SOLAR COMPANY,jiyaansolar.co@gmail.com,8160645436,0,0
GUJARAT,Gandhinagar,JIGAR SYSTEM TECHNOLOGY,jigar@jigarsystems.com,9511768710,0,0
GUJARAT,Gandhinagar,JD SOLAR,jdsolar5005@gmail.com,9157590905,0,0
GUJARAT,Gandhinagar,JD INFRA ENERGY PRIVATE LIMITED,jdinfraenergy0725@gmail.com,9714061118,0,0
GUJARAT,Gandhinagar,JAYRAJ SOLAR LLP,tejas@jayrajsolar.com,9033963450,0,0
GUJARAT,Gandhinagar,JAYDEV ENERGY,jaydevenergy83@gmail.com,9824885237,0,0
GUJARAT,Gandhinagar,JAY KHODIYAR IMPEX,pareshramoliya310@gmail.com,9537164431,0,0
GUJARAT,Gandhinagar,JAY ELECTRICALS,jayelec2021@gmail.com,9427261002,0,0
GUJARAT,Gandhinagar,JAY CONSTRUCTION CO,greenerenergy48@gmail.com,8200558867,0,0
GUJARAT,Gandhinagar,JAY BALOJ ENTERPRISE,umang066@gmail.com,7874165037,0,0
GUJARAT,Gandhinagar,JAY AMBE GREEN ENERGY,jayambegreenenergy@gmail.com,9824328725,0,0
GUJARAT,Gandhinagar,JAY ADITYA SOLAR,darshit.dj619@gmail.com,8160931631,0,0
GUJARAT,Gandhinagar,JASMIN J BAMBHAROLIYA,jasmin.bambharolia14@gmail.com,8140916256,0,0
GUJARAT,Gandhinagar,JANGID SOLAR ENERGY PVT LTD,info@jsepl.in,6358931609,0,0
GUJARAT,Gandhinagar,JALESHWAR GREEN ENERGY,info.jaleshwargreen@gmail.com,8140023662,0,0
GUJARAT,Gandhinagar,JAI SOMNATH ENTERPRISE,msjaisomnathenterprise@gmail.com,9979990909,0,0
GUJARAT,Gandhinagar,JAI INDUSTRIES,jaielectronic@yahoo.com,9828104233,0,0
GUJARAT,Gandhinagar,JAGRUTI TRADERS,jagrutitraders.solar@gmail.com,8980498030,0,0
GUJARAT,Gandhinagar,JAGDAMBA TRADERS,jagdambatraders.padra@gmail.com,7284841054,0,0
GUJARAT,Gandhinagar,JAGDAMBA ENTERPRISE,adarshrajput542@gmail.com,9316321978,0,0
GUJARAT,Gandhinagar,JAAC TECHNO SERVICES PVT LTD,jwalant.raval@jaacservices.com,9824000545,0,0
GUJARAT,Gandhinagar,JAAC TECHNO SERVICES PVT LTD,Jwalant.raval@jaacservice.com,9824000545,0,0
GUJARAT,Gandhinagar,J N RENEWABLE,info@jnrenewable.com,9925037975,0,0
GUJARAT,Gandhinagar,J K MACHINE TOOLS (GUJARAT) PVT. LTD.,jk.solarium@gmail.com,9328290518,0,0
GUJARAT,Gandhinagar,J D ELECTRICAL AND TRADING,jdelectrical26@gmail.com,8320397049,0,0
GUJARAT,Gandhinagar,J B POWER SOLAR,jbpowersolar@gmail.com,9173390835,0,0
GUJARAT,Gandhinagar,IZZY ENERGY SOLUTION,izzyenergysolution@gmail.com,9909236062,0,0
GUJARAT,Gandhinagar,ISHA SALES,ishasolar027@gmail.com,9824739373,0,0
GUJARAT,Gandhinagar,INTIFY SOLAR PVT LTD,intifysolar@gmail.com,6358788735,0,0
GUJARAT,Gandhinagar,INTEGRITY DESIGN ENGINEERING,neelpathak19@gmail.com,9638888049,0,0
GUJARAT,Gandhinagar,INSTANT ELECTRIC SERVICES,instantelectricservices@gmail.com,9909415407,0,0
GUJARAT,Gandhinagar,INOX SOLAR ENERGY,inoxsolarenergy@gmail.com,9904604047,0,0
GUJARAT,Gandhinagar,INNOVATIVE ENERGY SOLUTIONS,yashdesai2005@gmail.com,7201951515,0,0
GUJARAT,Gandhinagar,INFYZON ENERGY,infyzonenergy@gmail.com,8160599803,0,0
GUJARAT,Gandhinagar,INFLUX SOLAR SOLUTIONS,influxsolarsolution@gmail.com,6352563582,0,0
GUJARAT,Gandhinagar,INFINITY SOLAR - SURAT,infinity.solar01@gmail.com,8866860686,0,0
GUJARAT,Gandhinagar,INFINITY SOLAR - RAJKOT,infinitysolar2022@gmail.com,7201070799,0,0
GUJARAT,Gandhinagar,INFINITY POWER,infinitypower1026@gmail.com,8758875751,0,0
GUJARAT,Gandhinagar,INFINITY GREENTECH,info.infinitygreentech@gmail.com,9737823212,0,0
GUJARAT,Gandhinagar,INFINITE URJA LLP,info@infiniteurja.in,8000049380,0,0
GUJARAT,Gandhinagar,IMPULSE SYSTEM,info@impulsesystem.in,9426471057,0,0
GUJARAT,Gandhinagar,IMMIX SOLUTION,immixsolution@gmail.com,9265493249,0,0
GUJARAT,Gandhinagar,IDEAL RENEWABLE LLP,idealrenewable@gmail.com,9979083323,0,0
GUJARAT,Gandhinagar,ICONIC SOLAR ENERGY,iconicsolarenergy26@gmail.com,7698504095,0,0
GUJARAT,Gandhinagar,I K SOLAR ENERGY,iksolarenergy2302@gmail.com,6353941652,0,0
GUJARAT,Gandhinagar,I CARE ENGINEERING,icareengr@gmail.com,9978920284,0,0
GUJARAT,Gandhinagar,HORIZON POWER SOLUTIONS,horizonpowersolutions2024@gmail.com,9909009525,0,0
GUJARAT,Gandhinagar,HIYASHA SOLAR SYSTEMS LLP,hiyashasolarsystems@gmail.com,9727097250,0,0
GUJARAT,Gandhinagar,HINDUSTAN SOLAR AND POWER PACK,hindustansolar86@gmail.com,7016087359,0,0
GUJARAT,Gandhinagar,HIMSON ENERGY,himson.energy@gmail.com,9825242728,0,0
GUJARAT,Gandhinagar,HILTON RENEWABLES,hiltonrenewables.amr@gmail.com,8181080800,0,0
GUJARAT,Gandhinagar,HILL LIGHTING,rndungrani@gmail.com,9328385858,0,0
GUJARAT,Gandhinagar,HI TECH SOLAR SOLUTION,hitechsolarsolu@gmail.com,8140535380,0,0
GUJARAT,Gandhinagar,HELIOPATH SOLAR TECHNOLOGIES,enquiry.heliopath@gmail.com,8238664332,0,0
GUJARAT,Gandhinagar,HAVTON INDIA,ravivarmora0803@gmail.com,9265496953,0,0
GUJARAT,Gandhinagar,HARSIDDHI ENGINEERING WORKS,harsiddiengineering@yahoo.com,9428342940,0,0
GUJARAT,Gandhinagar,HARSH ENTERPRISE,harshenterprise.ele@gmail.com,9586703597,0,0
GUJARAT,Gandhinagar,HARSH COMMUNICATION,harshcomm.solar@gmail.com,9137373727,0,0
GUJARAT,Gandhinagar,HARISH ENGINEERING WORKS,harish.engg91@gmail.com,9428618859,0,0
GUJARAT,Gandhinagar,HARIOM ENGINEERING,hariomsolarbotad@gmail.com,8140771766,0,0
GUJARAT,Gandhinagar,HARIOM ELECTRICS,manoj.patiwala.in@gmail.com,8140438508,0,0
GUJARAT,Gandhinagar,HAPPY ENTERPRISE,divyeshchavda007@gmail.com,9510887781,0,0
GUJARAT,Gandhinagar,HANU ENTERPRISE,hanuenterprise2023@gmail.com,9067322910,0,0
GUJARAT,Gandhinagar,HADAF GREEN ENERGY PRIVATE LIMITED,hadafgreenenergy@gmail.com,8320986239,0,0
GUJARAT,Gandhinagar,H S ENTERPRISE,hiralpatel3031@gmail.com,9773257603,0,0
GUJARAT,Gandhinagar,H K SOLAR ENERGY,hkenergy16@gmail.com,9714516576,0,0
GUJARAT,Gandhinagar,H & M COMPANY,info@hmcompany.in,9157768561,0,0
GUJARAT,Gandhinagar,GWE INFRA PROJECTS PRIVATE LIMITED,dhaval.gwe@gmail.com,9726198989,0,0
GUJARAT,Gandhinagar,GURUKRUPA ENTERPRISE,gurukrupaenterprise.head9@gmail.com,8320627280,0,0
GUJARAT,Gandhinagar,GURU RENEWABLE,gururenewable@gmail.com,9687672620,0,0
GUJARAT,Gandhinagar,GUJARAT SOLAR ENERGY,gujaratsolarenergy010@gmail.com,9898472919,0,0
GUJARAT,Gandhinagar,GSL ENERGY,gslenergy09@gmail.com,8320945187,0,0
GUJARAT,Gandhinagar,GS POWERTECH,info.gspowertech@gmail.com,7567438385,0,0
GUJARAT,Gandhinagar,GROWW SOLAR ENERGY,growwsolarenergy8@gmail.com,7874707545,0,0
GUJARAT,Gandhinagar,GROWTECH ENERGY,growtechenergy91@gmail.com,9998435528,0,0
GUJARAT,Gandhinagar,GROW ENERGY SOLAR SOLUTION,growenergysolarsolution@gmail.com,7778999695,0,0
GUJARAT,Gandhinagar,GROW EARTH RENEWABLE TECHNOLOGIES,divyesh@growearthsolar.com,9104495364,0,0
GUJARAT,Gandhinagar,GRIWA INTERNATIONAL LLP,prakashkoriya17@gmail.com,8200988481,0,0
GUJARAT,Gandhinagar,GREENTECH ENERGY,bhuvapiyush89@gmail.com,7990053035,0,0
GUJARAT,Gandhinagar,GREENNETIC RENEWABLE PRIVATE LIMITED,sales.greenneticrenewable@gmail.com,8320563819,0,0
GUJARAT,Gandhinagar,GREENLEAF SOLAR ENERGY,info.greenleaf1@gmail.com,9313945225,0,0
GUJARAT,Gandhinagar,GREENLAND,greenlandsolar.np@gmail.com,9825545043,0,0
GUJARAT,Gandhinagar,GREENLAND,greenlandsolar.projects@gmail.com,9825545043,0,0
GUJARAT,Gandhinagar,GREENEXCEL ENERGY SOLUTION PVT LTD,info@greenexcelenergy.com,9898949719,0,0
GUJARAT,Gandhinagar,GREENERGEE,greenergee@vikasaryagroup.com,9374635103,0,0
GUJARAT,Gandhinagar,GREENERA ENERTECH PVT LTD,greenera.solarenergy@gmail.com,9427726620,0,0
GUJARAT,Gandhinagar,GREENCLEAN POWER SOLUTION,greencleanpowersolution@gmail.com,9909047056,0,0
GUJARAT,Gandhinagar,GREENARCH SOLAR PRIVATE LIMITED,greenarchsolar@gmail.com,9879262766,0,0
GUJARAT,Gandhinagar,GREEN WATT SOLAR ENERGY,greenwattsolarenergy2022@gmail.com,9898383910,0,0
GUJARAT,Gandhinagar,GREEN SOLAR ENERGY,info@greenssolar.in,9687222261,0,0
GUJARAT,Gandhinagar,GREEN POWER ENERGY,info.greenenergy07@gmail.com,8780002027,0,0
GUJARAT,Gandhinagar,GREEN LIGHT ENERGY,glenergy2024@gmail.com,9998754265,0,0
GUJARAT,Gandhinagar,GREEN IMPAQ SOLAR ENERGY,greenimpaqsolarenergypm@mail.com,9974414600,0,0
GUJARAT,Gandhinagar,GREEN FEEDS,greenfeedsolar@gmail.com,9426780778,0,0
GUJARAT,Gandhinagar,GREEN ENERGY-VALSAD,solar@greenenergy.ind.in,8866249369,0,0
GUJARAT,Gandhinagar,GREEN ENERGY SOLAR,ges.solar24@gmail.com,8866993164,0,0
GUJARAT,Gandhinagar,GREEN ENERGY - RAJKOT,greenenergy123@gmail.com,9428010202,0,0
GUJARAT,Gandhinagar,GREEN E SOLAR,greene.vb@hotmail.com,9925751589,0,0
GUJARAT,Gandhinagar,GREAT SOLUTION,greatsolution07@gmail.com,9924131317,0,0
GUJARAT,Gandhinagar,GRE ELECTRONICS PVT. LTD.,info@greindia.com,9825070480,0,0
GUJARAT,Gandhinagar,GRACE OF THE SUN ENERGY,gotssolar@gmail.com,8320258395,0,0
GUJARAT,Gandhinagar,GOVINDJI POWER,priyankvaghani86@gmail.com,9726643435,0,0
GUJARAT,Gandhinagar,GOVARDHAN TRADERS,govardhantraders2512@gmail.com,7600029983,0,0
GUJARAT,Gandhinagar,GOPI TECHNOLOGIES,epc@gopitechnologies.com,8866077344,0,0
GUJARAT,Gandhinagar,GOPAL ENTERPRISE,gokulbharvad@gmail.com,9727756664,0,0
GUJARAT,Gandhinagar,GOLDSUN SOLAR,dhruvpadasumbiya@gmail.com,9409016021,0,0
GUJARAT,Gandhinagar,GOLDI SOLAR PRIVATE LIMITED,info@goldisolar.com,7211134134,0,0
GUJARAT,Gandhinagar,GLOBAL SOLAR SOLUTION,moxakboda111@gmail.com,8460820618,0,0
GUJARAT,Gandhinagar,GLOBAL ENTERPRISE,globalsolarent@gmail.com,9924900304,0,0
GUJARAT,Gandhinagar,GITANJALI DEVELOPERS,dhavalparmar.dp39@gmail.com,8200332871,0,0
GUJARAT,Gandhinagar,GIR ENTERPRISES,ankitbhaiankit88@gmail.com,8686869015,0,0
GUJARAT,Gandhinagar,GHANSHYAM SOLAR ENERGY,ghanshyam.solar.energy@gmail.com,9510734317,0,0
GUJARAT,Gandhinagar,GHANPRIYA ENERGY SOLUTION PRIVATE LIMITED,subsidy@ghanpriyaenergy.com,9958676060,0,0
GUJARAT,Gandhinagar,GHADIYA RENEWABLE ENERGY,KALPESHPATEL8914@GMAIL.COM,9714000952,0,0
GUJARAT,Gandhinagar,GETWAY ENERGY,getwayenergy@gmail.com,9925827815,0,0
GUJARAT,Gandhinagar,GESTIC SELICON ENERGY,shivammourya0987@gmail.com,9157621253,0,0
GUJARAT,Gandhinagar,GENESIS ELECTRICAL,genesiselectricalindia@gmail.com,8200480623,0,0
GUJARAT,Gandhinagar,GENESIS CLEAN ENERGY,genesiscleanenergy1@gmail.com,9714125515,0,0
GUJARAT,Gandhinagar,GAYATRI SOLAR ENERGY,info@gayatrisolarenergy.com,8866778940,0,0
GUJARAT,Gandhinagar,GAYATRI CONSTRUCTION,chetansinh270@gmail.com,7408636363,0,0
GUJARAT,Gandhinagar,GALO ENERGY PRIVATE LIMITED,info@galo.co.in,9773988289,0,0
GUJARAT,Gandhinagar,GALAXY ENTERPRISE,galaxyenterprise265@gmail.com,9998017765,0,0
GUJARAT,Gandhinagar,GAJGATI STEEL AND ENERGY PVT LTD.,sales@gajgati.com,7990480061,0,0
GUJARAT,Gandhinagar,G-POWER PLUS,gpowerplus.in@gmail.com,9898420613,0,0
GUJARAT,Gandhinagar,FRS ENTERPRISE,frsenterprise1@gmail.com,7990366078,0,0
GUJARAT,Gandhinagar,FRIENDLY FOOTPRINTS LLP,infosolar.ff@gmail.com,7874833399,0,0
GUJARAT,Gandhinagar,FOURSUN SOLAR,project@foursunsolar.co.in,7435023502,0,0
GUJARAT,Gandhinagar,FOURCELL ENERGY PRIVATE LIMITED,fourcellenergy@gmail.com,9377776564,0,0
GUJARAT,Gandhinagar,FLORIAN VENTURE PVT.LTD.,florianventurepvt.ltd@gmail.com,9081684444,0,0
GUJARAT,Gandhinagar,FLAME SOLREN PRIVATE LIMITED,operations@flamesolren.com,8849478907,0,0
GUJARAT,Gandhinagar,FATHUN RENEWABLE ENERGY (FORMERLY KNOWN AS KENVUE ENERGY),fathunrenewable@gmail.com,9898589612,0,0
GUJARAT,Gandhinagar,FASTRISE ENTERPRISE PRIVATE LIMITED,FASTRISEENTERPRISE@GMAIL.COM,7862079768,0,0
GUJARAT,Gandhinagar,F Z ENERGY,info@fzenergy.in,9227153030,0,0
GUJARAT,Gandhinagar,F SOLAR ROOFTOP,fsolarrooftop@gmail.com,8469525856,0,0
GUJARAT,Gandhinagar,EXPERT POWER SOLUTION,info.expertpowersolution@gmail.com,8780287091,0,0
GUJARAT,Gandhinagar,EXIDE INDUSTRIES LIMITED,pramit.mukherjee@exide.co.in,6291226448,0,0
GUJARAT,Gandhinagar,EWC SOLAR PRIVITED LIMITED (FORMERLY KNOWN AS ENERGY POWER SYSTEMS),ewcsolarpvtltd@gmail.com,8141150688,0,0
GUJARAT,Gandhinagar,EWAA SOLAR TECHNOLOGY PRIVATE LIMITED,info@ewaasolartech.com,6356008400,0,0
GUJARAT,Gandhinagar,EVERSHINE ENERGY,contact@evershineenergy.com,8460167441,0,0
GUJARAT,Gandhinagar,EVAANTA ENERGY,info@evaantaenergy.com,9712326261,0,0
GUJARAT,Gandhinagar,EUROSOLAR ENERGY INDUSTRIES,modasaeurosolar@gmail.com,9558823245,0,0
GUJARAT,Gandhinagar,EUROLITE SOLAR,harshil.patel@euroliteindia.com,7490007847,0,0
GUJARAT,Gandhinagar,ETERNAL SOLAR ENERGY,hiren.p.rathod@gmail.com,9879203040,0,0
GUJARAT,Gandhinagar,ENWATECH SOLUTION PVT.LTD,enwatechsolutionpvtltd@gmail.com,9427269089,0,0
GUJARAT,Gandhinagar,ENERGETIC SOLAR,energeticsolar03@gmail.com,9537137427,0,0
GUJARAT,Gandhinagar,EMPYREAL SOLAR,liaison@empyreAlsolar.in,9099526261,0,0
GUJARAT,Gandhinagar,EMERALD ENTERPRISE,emerald.vadodara@outlook.com,9173591485,0,0
GUJARAT,Gandhinagar,ELEREN,director@ele-ren.com,9979788449,0,0
GUJARAT,Gandhinagar,ELECTROMECH DEVICES MANUFACTURING COMPANY,edmc.rpr@gmail.com,7000189225,0,0
GUJARAT,Gandhinagar,EFFICIENT ENERTECH PVT LTD,info@efficientenergyindia.com,9925624989,0,0
GUJARAT,Gandhinagar,ECOLUX SOLAR,ecoluxsolar007@gmail.com,8980088806,0,0
GUJARAT,Gandhinagar,ECLIPTIC SOLAR,davevishalkumar@gmail.com,9825023276,0,0
GUJARAT,Gandhinagar,EARTHTECH INNOVATIONS PRIVATE LIMITED,earthtechinnovations@gmail.com,8490850276,0,0
GUJARAT,Gandhinagar,EARTH SOLARISM,earthsolarism@gmail.com,9724990231,0,0
GUJARAT,Gandhinagar,EARTH SOLAR ENERGY,EARTHSOLARE@GMAIL.COM,8200115874,0,0
GUJARAT,Gandhinagar,EARTH SOLAR,earthsollar@gmail.com,9879911777,0,0
GUJARAT,Gandhinagar,E-TECH SOLUTION & SOLAR,etechsolution.solar@gmail.com,9099563174,0,0
GUJARAT,Gandhinagar,E-POWER SOLAR ENERGY,epowerenergyinfo@gmail.com,9484784798,0,0
GUJARAT,Gandhinagar,DWARKESH SOLAR ENERGY,nileshchavda1881@gmail.com,8000799990,0,0
GUJARAT,Gandhinagar,DUDANI RENEWABLES LLP,dudanirenewables@gmail.com,9429744710,0,0
GUJARAT,Gandhinagar,DRAYS ENERGY SOLUTIONS,draysenergy@gmail.com,7802893258,0,0
GUJARAT,Gandhinagar,DRASHTI LIGHT CARE,drashti3411@gmail.com,9825430097,0,0
GUJARAT,Gandhinagar,DIWAKAR SOLAR ENTERPRISE,info.diwakarsolar@gmail.com,9104746612,0,0
GUJARAT,Gandhinagar,DIVY SOLAR TECHNOLOGY,divysolartechnology@gmail.com,9978551782,0,0
GUJARAT,Gandhinagar,DIVU ENTERPRISE,divuenterprise2023@gmail.com,7383114133,0,0
GUJARAT,Gandhinagar,DIVINE SOLAR ENERGY,divinesolarenergy33@gmail.com,7069853208,0,0
GUJARAT,Gandhinagar,DIVINE ENERGY INC,divinein17@gmail.com,7874391679,0,0
GUJARAT,Gandhinagar,DIVINE ENERGY,divineenergy42@gmail.com,6354051676,0,0
GUJARAT,Gandhinagar,DINESHBHAI CHATURBHAI NANDANA,nandanadinesh62@gmail.com,6351782902,0,0
GUJARAT,Gandhinagar,DHVANI ENERGY,dhvanisolar@gmail.com,9537928064,0,0
GUJARAT,Gandhinagar,DHRUVIN ELECTRICALS,kirtipatel86665@gmail.com,9974814614,0,0
GUJARAT,Gandhinagar,DHRUVA ENTERPRISE,dhruvaenterprise123@gmail.com,9978124597,0,0
GUJARAT,Gandhinagar,DHRUV ENTERPRISE,dhruv.enterprise@aol.com,9825123335,0,0
GUJARAT,Gandhinagar,DHM SOLAR POWER PVT LTD,dhmsolarpower@gmail.com,8980508730,0,0
GUJARAT,Gandhinagar,DHARMANANDAN SOLAR ENERGY,mayurdhariyaparmar@gmail.com,9016367556,0,0
GUJARAT,Gandhinagar,DEVYAMI GREEN SOLUTIONS,greensolutions@devyami.com,9925128619,0,0
GUJARAT,Gandhinagar,DEVDEEP ELECTRICALS,devdeepelectricals@gmail.com,9726879009,0,0
GUJARAT,Gandhinagar,DEV TECHNO,devtechno14@gmail.com,9898242190,0,0
GUJARAT,Gandhinagar,DEV ENTERPRISE,deventerprise424@gmail.com,9428121408,0,0
GUJARAT,Gandhinagar,DEV ELECTRICALS,develectricals2024@gmail.com,9974821967,0,0
GUJARAT,Gandhinagar,DESTINY ELECTRICAL,destinyelectricals@gmail.com,9016172698,0,0
GUJARAT,Gandhinagar,DESAI'S SOLAR ENERGY,desaisolarenergy@gmail.com,9429021070,0,0
GUJARAT,Gandhinagar,DELTA SOLAR ENERGY,deltasolarenergy1@gmail.com,9427539663,0,0
GUJARAT,Gandhinagar,DELICATE SOLAR PRIVATE LIMITED,gabanijemish3@gmail.com,8238340836,0,0
GUJARAT,Gandhinagar,DEK AND MAVERICKS GREEN ENERGY LIMITED,lalji.goltar@dmgel.in,8780289470,0,0
GUJARAT,Gandhinagar,D.K. & CO.,dkandcompanyrajkot@gmail.com,9925008040,0,0
GUJARAT,Gandhinagar,D.J.SOLAR & GENERAL,djsolar111@gmail.com,8401183303,0,0
GUJARAT,Gandhinagar,D-LIGHT SOLAR ENERGY LLP,epc@dlightsolarenergy.in,9898511535,0,0
GUJARAT,Gandhinagar,D SUN SOLAR,dsunsolar429@gmail.com,9904131777,0,0
GUJARAT,Gandhinagar,D S POWER SOLUTION,vipulas094@gmail.com,9106304356,0,0
GUJARAT,Gandhinagar,CYBRIA SOLUTIONS,jagdish@cybriasolutions.com,9925026091,0,0
GUJARAT,Gandhinagar,CTONE METAL INDUSTRIES,hasmukhjoshi82@gmail.com,9909517156,0,0
GUJARAT,Gandhinagar,CROMPTON GREAVES CONSUMER ELECTRICALS LIMITED,solar.rooftop@crompton.co.in,9599589665,0,0
GUJARAT,Gandhinagar,CREST ENERGY SOLUTIONS,crestenergysolutions@gmail.com,9327415839,0,0
GUJARAT,Gandhinagar,CREASUN ENERGY,creasunenergy25@gmail.com,9624120591,0,0
GUJARAT,Gandhinagar,COSMIC SOLAR EPC PVT LTD,cosmicsolarepc@gmail.com,7984721299,0,0
GUJARAT,Gandhinagar,COSMIC POWER TECH,cosmicpowertech@gmail.com,9313720672,0,0
GUJARAT,Gandhinagar,COSMIC ENTERPRISE,cosmicenergy13.info@gmail.com,9429213406,0,0
GUJARAT,Gandhinagar,CONNECT POWER PRIVATE LIMITED,hannan@connect-power.in,9898195122,0,0
GUJARAT,Gandhinagar,CONCEPT SOLAR ENERGY,conceptsolarenergy21@gmail.com,9662414865,0,0
GUJARAT,Gandhinagar,COMPUTER SHOP,pradeep_deputy@yahoo.com,7043402514,0,0
GUJARAT,Gandhinagar,COMPASS ENERGIES,abhishek@compassenergies.in,9974458840,0,0
GUJARAT,Gandhinagar,COMET EVSOL,cometevsol@gmail.com,8780440726,0,0
GUJARAT,Gandhinagar,CMPLUS QUALITY SERVICES PRIVATE LIMITED,chandramauli_india@yahoo.com,9868881112,0,0
GUJARAT,Gandhinagar,CHUDASAMA TEMUBHA BALVANTSINH,adityasolar1987@gmail.com,8200459492,0,0
GUJARAT,Gandhinagar,CHARLES SOLAR POWER ENERGY,charlessolarpowerenergy1990@gmail.com,7016170076,0,0
GUJARAT,Gandhinagar,CHAMUNDA ELECTRICAL,chamundaelectrical1@gmail.coml,9723603864,0,0
GUJARAT,Gandhinagar,CER ROOFTOP PVT LTD,susanta.hota@cer-inc.com,8586971731,0,0
GUJARAT,Gandhinagar,CAPITAL WELDING,freexindia@gmail.com,9499602041,0,0
GUJARAT,Gandhinagar,C J ENTERPRISE,cjenterprise93@gmail.com,9429670026,0,0
GUJARAT,Gandhinagar,BURAK ENERGY,burakenergy7@gmail.com,9173110729,0,0
GUJARAT,Gandhinagar,BSN ELECTRICS PRIVATE LIMITED,bsnelectrics162018@gmail.com,9925249658,0,0
GUJARAT,Gandhinagar,BSAFAL RENEWABLE ENERGIES PVT LTD,nita.maru@bsrepl.com,9723706665,0,0
GUJARAT,Gandhinagar,BRITI ENERGY,britienergy2021@gmail.com,8460227728,0,0
GUJARAT,Gandhinagar,BRIHASPATHI TECHNOLOGIES PVT LTD,ramu@brihaspathi.com,9989999197,0,0
GUJARAT,Gandhinagar,BRIGHT SUN SOLAR SOLUTIONS,brightsun2029@gmai.com,9033398401,0,0
GUJARAT,Gandhinagar,BRAHMADIP ENTERPRISE,brahmadip.solar@yahoo.com,9427230047,0,0
GUJARAT,Gandhinagar,BONS LIGHT PVT LTD,info@bonslight.com,8155054410,0,0
GUJARAT,Gandhinagar,BOND SOLAR,bondsolar9@gmail.com,9998118505,0,0
GUJARAT,Gandhinagar,BNG GREEN ENERGY SOLUTION,bng.greenenergy@gmail.com,9727777171,0,0
GUJARAT,Gandhinagar,BLUTH SERVICES LLP,contact@bluthservices.com,8630697093,0,0
GUJARAT,Gandhinagar,BK GROUP & ASSOCIATES,irfansama2704@gmail.com,9879933662,0,0
GUJARAT,Gandhinagar,BISON ENGINEERS,bisonengineers19@gmail.com,7573984542,0,0
GUJARAT,Gandhinagar,BILIPATRA ENTERPRISE,prajapatijalpesh24@gmail.com,9427928892,0,0
GUJARAT,Gandhinagar,BHUMI POLYMERS PRIVATE LIMITED (FORMERLY KNOWN AS BHUMI POLYMERS PRIVATE LIMITES),solar@bhumipolymers.com,9099084938,0,0
GUJARAT,Gandhinagar,BHUMI GREEN POWER,bhumigreenpower@gmail.com,9824956161,0,0
GUJARAT,Gandhinagar,BHSQUARE SOLAR INSTALLATION SERVICES,harshwork2422@gmail.com,9909431526,0,0
GUJARAT,Gandhinagar,BHAVI URJA,bhaviurja@gmail.com,9377359007,0,0
GUJARAT,Gandhinagar,BHAVI SOLAR AND ELECTRICALS,chaudharid04@gmail.com,9099754254,0,0
GUJARAT,Gandhinagar,BHAVANI ELECTRICALS,beplpatan@gmail.com,9824014075,0,0
GUJARAT,Gandhinagar,BHAUTIK ENGINEERING CO.,vegadabhautik2410@gmail.com,9825690528,0,0
GUJARAT,Gandhinagar,BHASKAR SOLAR ENTERPRISE,info.bhaskarsolar@gmail.com,8980451231,0,0
GUJARAT,Gandhinagar,BHASKAR RAY ENERGY,bhaskarray018@gmail.com,9426975552,0,0
GUJARAT,Gandhinagar,BHARTI SOLAR,bhartisolar1@gmail.com,8160804583,0,0
GUJARAT,Gandhinagar,BHARAT ENERGY,bharatenergy8889@gmail.com,9714131394,0,0
GUJARAT,Gandhinagar,BHANU ENTERPRISES,akkothari1964@gmail.com,9263635946,0,0
GUJARAT,Gandhinagar,BHAGWATI ELECTRICALS,bhagwatielectricals99091@gmail.com,7990883575,0,0
GUJARAT,Gandhinagar,BHAGVATI SOLAR POWER,info@bhagvatisolarpower.com,7770007502,0,0
GUJARAT,Gandhinagar,BHAGAT SOLAR ENERGY,bhujbhagatsolarenergy@gmail.com,9930432027,0,0
GUJARAT,Gandhinagar,BEYOND ENERGY,beyondenergy2025@gmail.com,8849608389,0,0
GUJARAT,Gandhinagar,BESIGNATURE SOLAR ENERGY PVT.LTD,signaturesolar975@gmail.com,7265996001,0,0
GUJARAT,Gandhinagar,BELIEVER RENEWAL ENERGY,bre.solar20@gmail.com,7434972242,0,0
GUJARAT,Gandhinagar,BELIEVE TECH ENERGY SERVICES,infobtes@gmail.com,9499631316,0,0
GUJARAT,Gandhinagar,BELIEF GREEN TECH PVT LTD,mandaviyakanji@gmail.com,6351555029,0,0
GUJARAT,Gandhinagar,BELIANCE ENERGY INDIA PVT.LTD.,belianceenergy@gmail.com,8511651364,0,0
GUJARAT,Gandhinagar,BAPA SITARAM RENEWABLE ENERGY,BSREVADODARA@GMAIL.COM,9925557878,0,0
GUJARAT,Gandhinagar,BANSIDHAR SOLAR ENERGY,banshidharsolarenergy@gmail.com,9726035143,0,0
GUJARAT,Gandhinagar,BANAS POWER,banaspower2020@gmail.com,9998418825,0,0
GUJARAT,Gandhinagar,BALAJI FABRICATORS,balajifabricatorsbhiloda@gmail.com,9726824808,0,0
GUJARAT,Gandhinagar,BALA SOLAR,balasolar@yahoo.com,9879188034,0,0
GUJARAT,Gandhinagar,BAHUBALI CONSTRUCTION,pintudabhi626@gmail.com,8490005005,0,0
GUJARAT,Gandhinagar,BACKBONE ELECTRICALS,backbone.electricals@gmail.com,6356044325,0,0
GUJARAT,Gandhinagar,AYKKA TECHNOVISION PRIVATE LIMITED,aykka@outlook.in,9586508907,0,0
GUJARAT,Gandhinagar,AYAN SOLAR ENERGY,ayansolar25@gmail.com,7623886775,0,0
GUJARAT,Gandhinagar,AXIS ENERTECH,meet@axisenertech.com,9428028009,0,0
GUJARAT,Gandhinagar,AWAAS SEWA PRIVATE LIMITED,ADMIN@AWAAS.IN,9099189893,0,0
GUJARAT,Gandhinagar,AVINYA POWER SOLUTION,avinyapowersolution@gmail.com,9099317212,0,0
GUJARAT,Gandhinagar,AVI APPLIANCES PVT. LTD.,design01@avi-products.com,9913759764,0,0
GUJARAT,Gandhinagar,AVEE ENERGY,dhavalpatel1973@yahoo.in,9898233244,0,0
GUJARAT,Gandhinagar,AVATAR SOLAR PVT LTD,bharat@avatarsolar.com,9687055273,0,0
GUJARAT,Gandhinagar,AVANTA,info@avantasolar.com,9586355511,0,0
GUJARAT,Gandhinagar,AVADH ENERGY,AVADHENERGY@GMAIL.COM,9265262773,0,0
GUJARAT,Gandhinagar,ATHARV ENERTECH,montu.dedakiya@gmail.com,9998943833,0,0
GUJARAT,Gandhinagar,ATARU RENEW POWER PVT. LTD,info@atarurenew.com,9825307068,0,0
GUJARAT,Gandhinagar,ASTHA ENTERPRISE,asthaenterprise8010@gmail.com,9925668010,0,0
GUJARAT,Gandhinagar,ASHAPURA SOLAR POWER,ashapurasolarpower2025@gmail.com,7778095905,0,0
GUJARAT,Gandhinagar,ARYAVEER ENERGY INCORPORATION,aryaveerenergyincorporation@gmail.com,9712987874,0,0
GUJARAT,Gandhinagar,ARRAY ENERGY SOLUTION,ceo.arrayenergysolution@gmail.com,9979898440,0,0
GUJARAT,Gandhinagar,ARKURJA INNOVATIONS PRIVATE LIMITED,arkurjarenewables@gmail.com,7383188631,0,0
GUJARAT,Gandhinagar,ARKAY SOLAR ENERGY LLP,arkaysolar02@gmail.com,9737636600,0,0
GUJARAT,Gandhinagar,ARKAY ICONIC PRIVATE LIMITED,arkaysolar@gmail.com,8401236600,0,0
GUJARAT,Gandhinagar,ARJUN ENTERPRISE,arjunenter2013@gmail.com,8780886508,0,0
GUJARAT,Gandhinagar,ARJAN SOLAR,info@arjansolar.com,9638064824,0,0
GUJARAT,Gandhinagar,ARIHAA SOLAR PVT LTD,ashish.arihaasolar@gmail.com,9825877888,0,0
GUJARAT,Gandhinagar,ARBUDA SOLAR,manan.chaudhari@hotmail.com,9638732097,0,0
GUJARAT,Gandhinagar,AQUILINE ENERGY SOLUTION,aquilineenergysolution@gmail.com,7016762587,0,0
GUJARAT,Gandhinagar,APOLLO SOLAR POWER,dhavalsavani@icloud.com,9099006748,0,0
GUJARAT,Gandhinagar,APOLLO GREEN ENEGRY,apollogreenenergy2024@gmail.com,9825249415,0,0
GUJARAT,Gandhinagar,APN SOLAR ENERGY PVT LTD,nationalportal@apnsolar.com,9702034043,0,0
GUJARAT,Gandhinagar,ANGEL SOLTECH,angelsoltech@gmail.com,8511029776,0,0
GUJARAT,Gandhinagar,ANGEL PUMPS PVT.LTD.,solar1@pumpsangel.com,9904809409,0,0
GUJARAT,Gandhinagar,ANANYA SOLAR ENTERPRISE,ananyasolarenterprise@gmail.com,9537638499,0,0
GUJARAT,Gandhinagar,ANANYA RENEWABLE ENERGY LLP,energy.ananyarenewable@gmail.com,9327003360,0,0
GUJARAT,Gandhinagar,ANANT SOLAR ENRGY,anantsolarenergy@gmail.com,9904198764,0,0
GUJARAT,Gandhinagar,ANANT SOLAR,anantsolar4242@gmail.com,8401714242,0,0
GUJARAT,Gandhinagar,ANADI SOLAR,anadisolar3030@gmail.com,6359248000,0,0
GUJARAT,Gandhinagar,AMUL ENTERPRISE,amulenterprise92@gmail.com,9898618448,0,0
GUJARAT,Gandhinagar,AMRUT ENGINEERS,amrutengineersbhuj@gmail.com,9033492711,0,0
GUJARAT,Gandhinagar,AMPLE ELECTRICAL SYSTEMS,ample.info.in@gmail.com,9924391221,0,0
GUJARAT,Gandhinagar,ALFA SOLAR ENERGY PVT. LTD.,alfaenergypvtltd24@gmail.com,9825374299,0,0
GUJARAT,Gandhinagar,ALFA SOLAR ENERGY,alfasolarenergy2020@gmail.com,9825374250,0,0
GUJARAT,Gandhinagar,AKUNTHA PROJECTS PVT LTD,ravi@akuntha.com,9426402423,0,0
GUJARAT,Gandhinagar,AKSHAR SOLAR ENERGY,aksharsolarenergy@gmail.com,8200328133,0,0
GUJARAT,Gandhinagar,AKHANDDEEP SOLAR SOLUTION,akhanddeepsolar@gmail.com,9978643099,0,0
GUJARAT,Gandhinagar,AKHAND SHAKTI SOLAR,apparanjape@gmail.com,9427003484,0,0
GUJARAT,Gandhinagar,AK GREEN ENERGY,akgreenenergy49@gmail.com,9974846833,0,0
GUJARAT,Gandhinagar,AGARIA ENTERPRISE,mahammadikbalagariya@gmail.com,8200605756,0,0
GUJARAT,Gandhinagar,AEW SMART SERVICES PVT. LTD.,netmetering@aewsmart.com,8851047092,0,0
GUJARAT,Gandhinagar,AEROVOLT ENERGY PRIVATE LIMITED,aerovoltenergy@gmail.com,9558002201,0,0
GUJARAT,Gandhinagar,ADVANCE SOLAR,advancesolar139@gmail.com,7698756075,0,0
GUJARAT,Gandhinagar,ADVANCE ENERGY SOLUTION,info.advanceenergysolution@gmail.com,8799359849,0,0
GUJARAT,Gandhinagar,ADITYAURJA,info.adityaurjasolar@gmail.com,7359935517,0,0
GUJARAT,Gandhinagar,ADARSH ANUKAMPA SERVICES,info@adarshindia.net,9825389314,0,0
GUJARAT,Gandhinagar,ACTIVE POWER INFRA,activepowerinfra@gmail.com,7228828738,0,0
GUJARAT,Gandhinagar,ACHYUT ENERGY,achyutenergy@gmail.com,9275382879,0,0
GUJARAT,Gandhinagar,ACCURATE INFOTECH,accurateinfotech1@gmail.com,8866445623,0,0
GUJARAT,Gandhinagar,ACCLIMATE SYSTEMS PRIVATE LIMITED,acclimatesystem@gmail.com,7878538141,0,0
GUJARAT,Gandhinagar,AC DC PROJECTS,acdcprojects1@gmail.com,8200193182,0,0
GUJARAT,Gandhinagar,ABS SOLAR ENERGY,abssolar16@gmail.com,7574010721,0,0
GUJARAT,Gandhinagar,ABHISHEK ENTERPRISES,abhishek.avarani@gmail.com,9727713162,0,0
GUJARAT,Gandhinagar,AASHA SOLAR ENERGY,aashasolarenergy1@gmail.com,7016775306,0,0
GUJARAT,Gandhinagar,AARKA SOLAR AND AUTOMATION,aarkasolarandautomation@gmail.com,8511330941,0,0
GUJARAT,Gandhinagar,AARISH POWER,harshpatel5268@gmail.com,7600621060,0,0
GUJARAT,Gandhinagar,AANJNEY ENTERPRISE,aanjneysolar@gmail.com,6353161531,0,0
GUJARAT,Gandhinagar,AANGI SOLAR,aangisolar@gmail.com,8000848307,0,0
GUJARAT,Gandhinagar,AAKASH ENTERPRISES,Enterprise.aakash2010@gmail.com,8735074986,0,0
GUJARAT,Gandhinagar,AAJIVAN SOLAR POWER,aajivansolarpower@gmail.com,9106798337,0,0
GUJARAT,Gandhinagar,AADITYA SOLAR,adityasolarnarmada@gmail.com,9265740687,0,0
GUJARAT,Gandhinagar,AADHYA SOLAR,jalpam.aadhyasolar@gmail.com,9426624423,0,0
GUJARAT,Gandhinagar,AA SOLAR,enquiry.aasolar@gmail.com,7984392322,0,0
GUJARAT,Gandhinagar,A S SOLAR ENTERPRISE,assolarenterprise@gmail.com,9510572504,0,0
GUJARAT,Gandhinagar,A S RENEWABLE ENERGY PRIVATE LIMITED,info@asre.co.in,9067207226,0,0
GUJARAT,Gandhinagar,7 STAR SOLAR ENERGY,7STAR51751@GMAIL.COM,9624899019,0,0
GUJARAT,Gandhinagar,5 RAYS ENERGY,5raysenergy@gmail.com,9979595404,0,0
GUJARAT,Gandhinagar,360 ENERGY,buzz360energy@gmail.com,9898361401,0,0
GUJARAT,Gandhinagar,24R ENERGY,abhinav.24renergy@gmail.com,9898881359,0,0
