state,district,company_name,emails,contact_numbers,total_installed_capacity_kwp,no_of_installations
GUJARAT,Jamnagar,GLOBAL SOLAR SOLUTION,moxakboda111@gmail.com,8460820618,2978,886
GUJARAT,Jamnagar,SAMRUDDDHI ENTERPRISE,samruddhienterprise22@gmail.com,9033676399,3018,826
GUJARAT,Jamnagar,INFRAX INTERNATIONAL,info@infraxsolar.com,7778002780,2529,753
GUJARAT,Jamnagar,SHREE SURYA SOLAR SOLUTION,shreesurya2016@gmail.com,8000720006,2609,693
GUJARAT,Jamnagar,JIYAAN SOLAR COMPANY,jiyaansolar.co@gmail.com,8160645436,2386,640
GUJARAT,Jamnagar,SURYANCE SOLAR,suryancesolar@gmail.com,9664504655,1807,505
GUJARAT,Jamnagar,OXEN ENERGIES,oxenenergies@gmail.com,8866699444,1564,449
GUJARAT,Jamnagar,BHANU ENTERPRISES,akkothari1964@gmail.com,9263635946,1310,385
GUJARAT,Jamnagar,GREENERA ENERTECH PVT LTD,greenera.solarenergy@gmail.com,9427726620,1212,349
GUJARAT,Jamnagar,SHREEJI & SONS,shreejiandsolar2211@gmail.com,8140165509,1247,348
GUJARAT,Jamnagar,CAPTAIN POLYPLAST LIMITED,solar@captainpolyplast.in,9313925889,1094,326
GUJARAT,Jamnagar,POWERSHINE ENERGY,powershineenergy1993@gmail.com,9723096888,1047,317
GUJARAT,Jamnagar,ARIHAA SOLAR PVT LTD,ashish.arihaasolar@gmail.com,9825877888,1131,311
GUJARAT,Jamnagar,BRITI ENERGY,britienergy2021@gmail.com,8460227728,1108,301
GUJARAT,Jamnagar,RAJKOT E-BIKES AND SOLAR,rajkotebikesandsolar@gmail.com,8306020890,1049,300
GUJARAT,Jamnagar,INTIFY SOLAR PVT LTD,intifysolar@gmail.com,6358788735,1022,292
GUJARAT,Jamnagar,BHANU PV SOLAR PVT LTD,bhanupvsolarpvtltd@gmail.com,9510398989,962,277
GUJARAT,Jamnagar,GREEN SOLAR ENERGY,greensolarenergygse@gmail.com,8866566056,930,275
GUJARAT,Jamnagar,BELIANCE ENERGY INDIA PVT.LTD.,belianceenergy@gmail.com,8511651364,822,254
GUJARAT,Jamnagar,LGM ENERGY AND INFRACON LLP,lgmenergyandinfraconllp@gmail.com,7574000906,846,247
GUJARAT,Jamnagar,SANJEE ENTERPRISE,sanjee.enterprise@gmail.com,9157353735,850,238
GUJARAT,Jamnagar,MAHADEV SOLAR ENETERPRISE,mahadevsolarjamnagar@gmail.com,9978999939,806,230
GUJARAT,Jamnagar,THE SHIVSHAKTI ENTERPRISE,Shivshakti2688@gmail.com,9913418634,775,229
GUJARAT,Jamnagar,KRISHNA GREEN ENERGY,krishnagreenenergy18@gmail.com,9773285374,676,200
GUJARAT,Jamnagar,SHIV SOLARTECH,info.shivsolartech@gmail.com,9825245956,701,196
GUJARAT,Jamnagar,RIDDLE ENERGY PVT. LTD.,riddleenergy2101@gmail.com,9879556196,544,155
GUJARAT,Jamnagar,SOLARIUM GREEN ENERGY LIMITED,np@solariumenergy.in,9687133338,543,154
GUJARAT,Jamnagar,AUSTRALIAN PREMIUM SOLAR INDIA PVT LTD,systems@australianpremiumsolar.co.in,7966006600,524,154
GUJARAT,Jamnagar,KIRTAN MARKETING,kirtanmarketing@gmail.com,9714440026,562,153
GUJARAT,Jamnagar,NANDA ELECTRIC SERVICE,nandaelectricservice@gmail.com,9723647001,663,147
GUJARAT,Jamnagar,AMAR JYOT SPRAY PUMP,ajagriandsolar@gmail.com,9722227299,572,140
GUJARAT,Jamnagar,INFRAX RENEWABLE LIMITED,pmsg@infraxrenewable.com,9033260985,474,138
GUJARAT,Jamnagar,SCION POWER,scionpower@yahoo.com,7043511106,486,137
GUJARAT,Jamnagar,GURUKRUPA SOLAR SOLUTION,gurukrupasolarsolution@gmail.com,8469952443,451,127
GUJARAT,Jamnagar,TVARIT ENERGY LLP,meet@tvritenergy.in,8511600853,413,125
GUJARAT,Jamnagar,UNIVERSE ENTERPRISE,muljinakum1103@gmail.com,7878789968,407,114
GUJARAT,Jamnagar,JJ PV SOLAR PRIVATE LIMITED,rajesh@jjpvsolar.com,9904809006,394,113
GUJARAT,Jamnagar,GREEN ENERGY - RAJKOT,greenenergy123@gmail.com,9428010202,368,113
GUJARAT,Jamnagar,FERUS ENERGIES CO,info@ferusenergies.com,9913341342,403,112
GUJARAT,Jamnagar,VISION INFOSYS,info@vision-infosys.in,9825061749,386,107
GUJARAT,Jamnagar,INFINITY SOLAR - RAJKOT,infinitysolar2022@gmail.com,7201070799,368,106
GUJARAT,Jamnagar,MITRAYA ELECTRICAL,mitrayaelectrical@gmail.com,7016415834,361,104
GUJARAT,Jamnagar,BACKBONE ELECTRICALS,backbone.electricals@gmail.com,6356044325,351,103
GUJARAT,Jamnagar,KSQUARE ENERGY PVT LTD,projects@ksquareenergy.com,9725218150,340,100
GUJARAT,Jamnagar,SOLSKIN ENERGY LLP,solskinenergy@gmail.com,8128988878,353,99
GUJARAT,Jamnagar,SAFECON INDUSTRIAL MAINTENANCE & ENGINEERING SERVICES,safeconservices2013@gmail.com,9925854491,320,91
GUJARAT,Jamnagar,GHADIYA RENEWABLE ENERGY,KALPESHPATEL8914@GMAIL.COM,9714000952,330,91
GUJARAT,Jamnagar,RELIABLE ELECTRIX,reliableelectrix@gmail.com,9925448033,299,89
GUJARAT,Jamnagar,RADIANT SOLAR SOLUTIONS,paresh@radiantsolarsolution.com,9979632096,296,89
GUJARAT,Jamnagar,DEV TECHNO,devtechno14@gmail.com,9898242190,330,89
GUJARAT,Jamnagar,RUDRA SOLAR ENERGY,info.rudrasolar@gmail.com,9427903084,306,88
GUJARAT,Jamnagar,PRAKASH PUMP INDUSTRIES,prakashpumpindustries@gmail.com,9687222263,272,82
GUJARAT,Jamnagar,ND ENERGY INDIA PRIVATE LIMITED,ndenergyindia@gmail.com,8000001124,297,82
GUJARAT,Jamnagar,SHAYONAAM ENTERPRISE,shayonaam12@gmail.com,9638766943,281,81
GUJARAT,Jamnagar,SURESHBHAI SADURBHAI BARBACHIYA,surechbarbachiya41@gmail.com,9879299136,263,79
GUJARAT,Jamnagar,SOLAR TECHNOLOGY,info@solartechnology.in,9998063204,265,77
GUJARAT,Jamnagar,R. K. CONSTRUCTION,rkconstruction101@gmail.com,9106065865,249,73
GUJARAT,Jamnagar,ADITYA PHOTOVOLTAICS,aditya.pv18@gmail.com,7048239320,264,72
GUJARAT,Jamnagar,SUNCARE ENERTECH PVT LTD,suncaresolar3@gmail.com,7405450545,250,71
GUJARAT,Jamnagar,VENTURE SOLAR SOLUTION,info@venturesolarsolution.com,9979632050,238,69
GUJARAT,Jamnagar,SOLAR SMART PVT LTD,solarsmart2021@gmail.com,7284000580,239,69
GUJARAT,Jamnagar,ONEVOLT GREEN PVT LTD,onevoltgreens@gmail.com,9925292721,234,66
GUJARAT,Jamnagar,SAHAYOG ENERGY,sahayogenergy@gmail.com,9429124424,223,65
GUJARAT,Jamnagar,AXIS ENERTECH,meet@axisenertech.com,9428028009,217,64
GUJARAT,Jamnagar,RAMSUN ENERGY,ramsunenergy09@gmail.com,7984300271,239,62
GUJARAT,Jamnagar,SYNCHRO ENERGY,synchroenergy389@gmail.com,9974737316,233,61
GUJARAT,Jamnagar,SHREE OFFICE SOLUTIONS PRIVATE LIMITED,rajranipa.sospl@gmail.com,9898084466,199,60
GUJARAT,Jamnagar,PERFECT RENEWTECH PRIVATE LIMITED,info@perfectrenewtech.com,9965200700,215,60
GUJARAT,Jamnagar,INOX SOLAR ENERGY,inoxsolarenergy@gmail.com,9904604047,210,59
GUJARAT,Jamnagar,UNIQUE SOLAR SERVICE,UNIQUESOLARSERVICERAJKOT@GMAIL.COM,7046082382,205,58
GUJARAT,Jamnagar,EFFICIENT ENERTECH PVT LTD,info@efficientenergyindia.com,9925624989,189,56
GUJARAT,Jamnagar,ROLEX GREEN ENERGY,ghediyamilan@gmail.com,9429476592,196,55
GUJARAT,Jamnagar,SAURASHTRA SOLAR SERVICES LLP,SaurashtraSolar.Gujrat@gmail.com,9925448033,197,54
GUJARAT,Jamnagar,SOLAR ACE,project.solarace@gmail.com,9909037803,173,53
GUJARAT,Jamnagar,POWERTRAC INDUSTRIES LIMITED,info@powertracsolar.com,7573014610,167,52
GUJARAT,Jamnagar,OSAM STEEL,mansukh.kateshiya93@gmail.com,9106570620,175,51
GUJARAT,Jamnagar,BANSIDHAR SOLAR ENERGY,banshidharsolarenergy@gmail.com,9726035143,176,51
GUJARAT,Jamnagar,AVIRAT ENERGY PVT LTD,aviratenergy@gmail.com,9697443344,168,49
GUJARAT,Jamnagar,RAYS RENEWABLE ENERGY,raysrenewableenergy@gmail.com,7069175139,163,47
GUJARAT,Jamnagar,SUNSAFE INFRA SERVICES,INFO@SUNSAFE.IN,9033673308,151,46
GUJARAT,Jamnagar,INSTANT SOLUTION,info@instantsolar.in,9512123598,144,44
GUJARAT,Jamnagar,ONIX RENEWABLE LIMITED,naman.viradiya@onixrenewable.in,9586043661,133,43
GUJARAT,Jamnagar,SHREE RAM SOLAR RAJKOT,vikeshchovatiya@gmail.com,9898921527,143,42
GUJARAT,Jamnagar,SODHA ELECTRIC SERVICE,sohail.sodha@gmail.com,8000093095,161,41
GUJARAT,Jamnagar,PARECHA ENTERPRISES,sagarmparecha999@gmail.com,9537704244,151,41
GUJARAT,Jamnagar,JAI SOMNATH ENTERPRISE,msjaisomnathenterprise@gmail.com,9979990909,141,41
GUJARAT,Jamnagar,REDREN ENERGY PVT LTD,rooftop@redren.in,9104591041,132,40
GUJARAT,Jamnagar,RADIANT GREEN SOLUTIONS,davda.manthan@yahoo.in,9978911803,136,40
GUJARAT,Jamnagar,CHAMUNDA ELECTRICAL,chamundaelectrical1@gmail.coml,9723603864,142,38
GUJARAT,Jamnagar,VEER SOLAR GREEN ENERGY,veersolar2024@gmail.com,8347173977,130,36
GUJARAT,Jamnagar,GROWTECH ENERGY,growtechenergy91@gmail.com,9998435528,142,36
GUJARAT,Jamnagar,MARUTI SUNSOLREN,marutisunsolren@gmail.com,8238145153,114,34
GUJARAT,Jamnagar,KOSOL ENERGIE PVT. LTD.,bharat@sunray.co.in,8799696356,116,31
GUJARAT,Jamnagar,JANTA RENEWABLE ENRGY,jantarenewableenergy@gmail.com,9898897373,107,31
GUJARAT,Jamnagar,SIMMS ENGINEERING PVT LTD,simms_eng@yahoo.co.in,9825142376,103,29
GUJARAT,Jamnagar,MADHAV SOLAR,madhavsolar0104@gmail.com,9824721483,123,29
GUJARAT,Jamnagar,VRUND ENERGY,vrundenergy@gmail.com,9574779572,101,28
GUJARAT,Jamnagar,JAY AMBE GREEN ENERGY,jayambegreenenergy@gmail.com,9824328725,102,28
GUJARAT,Jamnagar,EFFORTS SOLAR PRIVATE LIMITED (FORMERLY KNOWN AS EFFORTS ENTERPRISES),admin@effortsgroup.in,9067817117,98,27
GUJARAT,Jamnagar,CITIZEN SOLAR PVT. LTD.,tsjain@citizensolar.com,9825144499,109,27
GUJARAT,Jamnagar,ZODIAC ENERGY LIMITED,info@zodiacenergy.com,7861852582,88,26
GUJARAT,Jamnagar,OM SOLAR SYSTEMS,omsolarsystems.rjt@gmail.com,8141405557,89,26
GUJARAT,Jamnagar,GRIWA INTERNATIONAL LLP,prakashkoriya17@gmail.com,8200988481,98,26
GUJARAT,Jamnagar,EQUINOX SOLAR PRIVATE LIMITED,info@equinoxsolar.in,7573044078,89,26
GUJARAT,Jamnagar,ELIOS ENERGY,info@eliosenergy.co.in,7016192219,94,25
GUJARAT,Jamnagar,AAI SHREE KHODIYAR FEBRICATION,ASKF2024@GMAIL.COM,9725001682,85,25
GUJARAT,Jamnagar,SILVER CONSUMER ELECTRICALS LIMITED (FORMERLY KNOWN AS SILVER CONSUMER ELECTRICALS PRIVATE LIMITED),kevin.patel@silverpumps.com,7486059400,76,24
GUJARAT,Jamnagar,ERA ENVIRO SOLUTIONS,info.eraenviro@gmail.com,9227849825,85,24
GUJARAT,Jamnagar,APS ROOFTOP SOLAR PRIVATE LIMITED,info@apsrooftopsolar.co.in,7966009900,85,24
GUJARAT,Jamnagar,ALFA SOLAR ENERGY,alfasolarenergy2020@gmail.com,9825374250,74,24
GUJARAT,Jamnagar,NYALKARAN ENERGY LLP,kaushik@nyalkaranenergy.com,9825412783,76,23
GUJARAT,Jamnagar,TRADE X,tradex.solarenergy22@gmail.com,9106834748,80,22
GUJARAT,Jamnagar,UJALA COMPANY,ujalasolarcompany@gmail.com,7874157474,86,21
GUJARAT,Jamnagar,SHREE GOKUL ENTERPRISE,shreegokulenterprise123@gmail.com,8160000871,74,21
GUJARAT,Jamnagar,MADHVAN POLYPLAST PVT. LTD.,cmp.madhavanpolyplast@gmail.com,9104306162,71,21
GUJARAT,Jamnagar,AMSUNTECH SOLAR,amsuntechsolar@gmail.com,8238150585,77,21
GUJARAT,Jamnagar,RIDHAM ENTERPRISE,ridhamenterprise770@gmail.com,6351158633,63,20
GUJARAT,Jamnagar,SHREE CHAMUNDA SOLAR SOLUTIONS,shreechamundasolarsolutions29@gmail.com,9409694196,66,18
GUJARAT,Jamnagar,SHIV SHAKTI ELECTROTECH PRIVATE LIMITED,purchase.sselectrotech@gmail.com,9099516178,62,18
GUJARAT,Jamnagar,VITRAG TECHNO PRIVATE LIMITED,ad.vitragsolar@gmail.com,7778882668,61,17
GUJARAT,Jamnagar,REDSUN SOLAR INDUSTRIES,info@redsunin.com,9825632875,57,17
GUJARAT,Jamnagar,RAICHURA ENERGY,raichuraenergy@gmail.com,9879152830,56,17
GUJARAT,Jamnagar,ARYAVEER ENERGY INCORPORATION,aryaveerenergyincorporation@gmail.com,9712987874,56,17
GUJARAT,Jamnagar,SUNNOVATIVE SOLAR ENERGY SOLUTION PVT LTD,ravi@sunnovative.com,8153819531,44,16
GUJARAT,Jamnagar,HEAVEN GREEN ENERGY LTD. (FORMERLY KNOWN AS HEAVEN SOLAR ENERGY PVT LTD),heavensolarenergy@gmail.com,9979532167,63,16
GUJARAT,Jamnagar,ENJOY TECHNOLOGY,care.enjoytechnology@gmail.com,9727718887,52,16
GUJARAT,Jamnagar,VR ENERGY,vrenergy4@gmail.com,9924390293,56,15
GUJARAT,Jamnagar,EARTH SOLARISM,earthsolarism@gmail.com,9724990231,55,15
GUJARAT,Jamnagar,SKYVIEW POWER,skyviewpower17@gmail.com,8140055305,47,14
GUJARAT,Jamnagar,RAYSOLAR ENERGY SOLUTIONS PRIVATE LIMITED,raysolarenergysolutions@gmail.com,7874390654,53,14
GUJARAT,Jamnagar,JAYRAJ SOLAR LLP,tejas@jayrajsolar.com,9033963450,45,14
GUJARAT,Jamnagar,GLOBAL ENTERPRISE,globalsolarent@gmail.com,9924900304,46,14
GUJARAT,Jamnagar,EMROX ELECTROTECH,emroxlighting@gmail.com,9898605080,46,14
GUJARAT,Jamnagar,YAMAS ENTERPRISE,doc.yamas@gmail.com,9727928830,45,13
GUJARAT,Jamnagar,TECHNOCRATS ENGINEERS,technocratsengineers007@gmail.com,9974214007,47,13
GUJARAT,Jamnagar,SHREE KHODIYAR SOLAR PRIVATE LIMITED,sk.solar@yahoo.com,9825820612,42,13
GUJARAT,Jamnagar,BELIEF GREEN TECH PVT LTD,mandaviyakanji@gmail.com,6351555029,48,13
GUJARAT,Jamnagar,SOHAM TECHNO SOLUTIONS,stssolar.document@gmail.com,9274349757,43,12
GUJARAT,Jamnagar,EARTHTECH INNOVATIONS PRIVATE LIMITED,earthtechinnovations@gmail.com,8490850276,43,12
GUJARAT,Jamnagar,ZMR ENERGY INCORPORATION,zmrenergyincorporation@gmail.com,9924818113,35,11
GUJARAT,Jamnagar,SEVEN SOLAR ENERGY,divyang@sevensolarenergy.com,9825554277,38,11
GUJARAT,Jamnagar,ABR ENERGY,abrenergy2019@gmail.com,9375208266,34,11
GUJARAT,Jamnagar,SHREE GAJANAND ENERGIES,magicwithparth@gmail.com,6351126699,34,10
GUJARAT,Jamnagar,POWER INFRASTRUCTURE,powersolarenergy21@gmail.com,9067701219,34,10
GUJARAT,Jamnagar,KIRTAN BATTERIES,kirtanbatteries26@gmail.com,7043337333,34,10
GUJARAT,Jamnagar,KARTAVY AGROTECH,kartavysolar@gmail.com,9426465233,35,10
GUJARAT,Jamnagar,JAY CONSTRUCTION CO,greenerenergy48@gmail.com,8200558867,29,10
GUJARAT,Jamnagar,ARKAY ICONIC PRIVATE LIMITED,arkaysolar@gmail.com,8401236600,33,10
GUJARAT,Jamnagar,URJASTROT PRIVATE LIMITED,urjastrotenterprise@gmail.com,7621010012,27,9
GUJARAT,Jamnagar,SUNVINE RENEWABLE,sunvinerenewable@gmail.com,8000050580,29,9
GUJARAT,Jamnagar,SP ENGINEERING,sp.engineering2k19@gmail.com,6353577489,29,9
GUJARAT,Jamnagar,SGK SOLAR,sgksolarrjt@gmail.com,9313885348,30,9
GUJARAT,Jamnagar,RUDRAKSH SOLAR POWER,rudrakshsolarpower@gmail.com,9016203365,34,9
GUJARAT,Jamnagar,PIXON GREEN ENERGY PRIVATE LIMITED,tender@pixonenergy.in,7229035912,30,9
GUJARAT,Jamnagar,H.B.CHOPDA,hasmukhchopda@gmail.com,9797979261,35,9
GUJARAT,Jamnagar,GREEN ENERGY-VALSAD,solar@greenenergy.ind.in,8866249369,30,9
GUJARAT,Jamnagar,GLOBAL SOLAR ENERGY,globalsolar99@gmail.com,8866190358,31,9
GUJARAT,Jamnagar,VASTUSHILP SOLAR SOLUTION,vastushilpsolar@gmail.com,7016687155,31,8
GUJARAT,Jamnagar,ULTRASUN ENERGY,info@ultrasunenergy.com,9909911071,26,8
GUJARAT,Jamnagar,SKYWIN SOLAR,skywinsolar@gmail.com,7984435493,27,8
GUJARAT,Jamnagar,SHYAM ENTERPRISE,shyamsolarenergy10@gmail.com,8000145645,30,8
GUJARAT,Jamnagar,RENYTECH ENERGY,renytechenergy@gmail.com,9099806262,26,8
GUJARAT,Jamnagar,RANJAN INDUSTRIES,ranjan28496@gmail.com,9924818113,26,8
GUJARAT,Jamnagar,NIHAL ENTERPRISE,rehanadonakiya786@gmail.com,8733978072,33,8
GUJARAT,Jamnagar,KESHWALA ENGINEERING CO.,RKESHWALA26@GMAIL.COM,7575082097,26,8
GUJARAT,Jamnagar,JAY SARDAR SOLAR POWER PRIVATE LIMITED,dbchaudhary108@gmail.com,9737550593,28,8
GUJARAT,Jamnagar,GREEN SOLAR ENERGY,info@greenssolar.in,9687222261,25,8
GUJARAT,Jamnagar,GREEN E SOLAR,greene.vb@hotmail.com,9925751589,27,8
GUJARAT,Jamnagar,CORWIND RENERGY LLP,corwind.renergy@gmail.com,9428490118,25,8
GUJARAT,Jamnagar,ADINSON ENERGY LLP,adinsonenergy2022@gmail.com,9724272728,26,8
GUJARAT,Jamnagar,VOLTECH ELECTRICALS,voltechelectricals156@gmail.com,7567771900,25,7
GUJARAT,Jamnagar,UDB ENERGY PVT. LTD.,udbenergypvtltd@gmail.com,7077014714,23,7
GUJARAT,Jamnagar,RVV SOLAR PRIVATE LIMITED,rvvsolarpvtltd@gmail.com,8160825026,24,7
GUJARAT,Jamnagar,NILKANTH ENTERPRISE,nilkanthenterprise96@gmail.com,9157369603,24,7
GUJARAT,Jamnagar,MAHADEV SOLAR,MAHADEVSOLAR2311@GMAIL.COM,9313618167,22,7
GUJARAT,Jamnagar,KHODIYAR ENTERPRISE,k_enter_m@rediffmail.com,9825162853,24,7
GUJARAT,Jamnagar,GREEN SUN SOLAR,greensunsolar07@gmail.com,7600649582,24,7
GUJARAT,Jamnagar,E-TECH SOLUTION & SOLAR,etechsolution.solar@gmail.com,9099563174,23,7
GUJARAT,Jamnagar,DEEP ENERGY,dipenvyas25@gmail.com,8866212187,21,7
GUJARAT,Jamnagar,AAJIVAN SOLAR POWER,aajivansolarpower@gmail.com,9106798337,23,7
GUJARAT,Jamnagar,VISHVAM POWER PRIVATE LIMITED,vishvampowerpl@gmail.com,9723191446,22,6
GUJARAT,Jamnagar,PRINIX POWER OPC PRIVATE LIMITED,prinixpower@gmail.com,7600755058,27,6
GUJARAT,Jamnagar,GOLDSUN SOLAR,dhruvpadasumbiya@gmail.com,9409016021,19,6
GUJARAT,Jamnagar,BNG GREEN ENERGY SOLUTION,bng.greenenergy@gmail.com,9727777171,20,6
GUJARAT,Jamnagar,ANSH SOLAR PRIVATE LIMITED,info@anshsolar.com,7575035750,24,6
GUJARAT,Jamnagar,SUNPOWER ENERGY,sunpowerenergy.solar@gmail.com,7405095299,16,5
GUJARAT,Jamnagar,SHREEJI ENTERPRISE - JETPUR,shreeji2017enterprise@gmail.com,9638012929,16,5
GUJARAT,Jamnagar,ROYAL POWER MART,royalmotormart1@gmail.com,9825440269,17,5
GUJARAT,Jamnagar,RD ENERGY SOLUTIONS,rdenergysolutions@outlook.com,8866226473,19,5
GUJARAT,Jamnagar,QUALITUDE TECHNOLOGY,qualitudetechnology@gmail.com,9909915808,17,5
GUJARAT,Jamnagar,NETWORK SOLUTION,network.solution.raj@gmail.com,9227707042,17,5
GUJARAT,Jamnagar,MAXIM ENERGY,maximenergy21@gmail.com,9265123804,17,5
GUJARAT,Jamnagar,KVP SOLAR AND SOLUTION,kvpsolarandsolution.22@gmail.com,9033343105,22,5
GUJARAT,Jamnagar,KRISHIV ENTERPRISE,jevinpansuriya4@gmail.com,7359294060,15,5
GUJARAT,Jamnagar,K P ENTERPRISE,kpenterprise39@gmail.com,9974383839,16,5
GUJARAT,Jamnagar,HI TECH TRANSPOWER PVT. LTD.,solar@hitechprofile.com,9723706488,22,5
GUJARAT,Jamnagar,FOURSUN SOLAR,project@foursunsolar.co.in,7435023502,16,5
GUJARAT,Jamnagar,EMPYREAL SOLAR,liaison@empyreAlsolar.in,9099526261,18,5
GUJARAT,Jamnagar,EMITTING ENERGY PRIVATE LIMITED,epc.emittingenergy@gmail.com,9319318586,15,5
GUJARAT,Jamnagar,ELLINZA ENERGY,ELLINZAENERGY@GMAIL.COM,9725001682,22,5
GUJARAT,Jamnagar,DEV ENTERPRISE,deventerprise424@gmail.com,9428121408,17,5
GUJARAT,Jamnagar,CTONE METAL INDUSTRIES,hasmukhjoshi82@gmail.com,9909517156,16,5
GUJARAT,Jamnagar,BENCHMARK AGENCIES PRIVATE LIMITED,tarang@benchmarkagencies.com,8200267346,19,5
GUJARAT,Jamnagar,7 STAR SOLAR ENERGY,7STAR51751@GMAIL.COM,9624899019,20,5
GUJARAT,Jamnagar,VAGHASIA HITESH B,vaghasia_hitesh@yahoo.com,9979773121,12,4
GUJARAT,Jamnagar,STEAM POWER ENERTECH PVT LTD,steampowersolar@gmail.com,9316732949,13,4
GUJARAT,Jamnagar,SHREE KHODIYAR SOLAR & ENTERPRISE,s60358186@gmail.com,9313405580,13,4
GUJARAT,Jamnagar,SHREE GANGESHWAR ENGINEERING PRIVATE LIMITED,shreegangeshwarengineering@gmail.com,9157974445,13,4
GUJARAT,Jamnagar,NEELAM MICRO ELECTRONICS,neelammicro@yahoo.co.in,9824042405,13,4
GUJARAT,Jamnagar,JAY ADITYA SOLAR,darshit.dj619@gmail.com,8160931631,16,4
GUJARAT,Jamnagar,GIR ENTERPRISES,ankitbhaiankit88@gmail.com,8686869015,15,4
GUJARAT,Jamnagar,ANGEL ENGINEERING,angel.engineering11@gmail.com,9574066408,12,4
GUJARAT,Jamnagar,ANANT SOLAR ENRGY,anantsolarenergy@gmail.com,9904198764,14,4
GUJARAT,Jamnagar,VITRAG ENTERPRISE,vitrag.enterprise@yahoo.com,8866709860,9,3
GUJARAT,Jamnagar,SUNBURST GREEN ENERGY LLP,office@sunburstgreen.com,9879514559,9,3
GUJARAT,Jamnagar,SHREEJI SOLAR & SERVICES,NILVADERA141@GMAIL.COM,9106331904,9,3
GUJARAT,Jamnagar,SHREE MARUTI ELECTRIFICATION ENGINEERS,shreemarutieleCtrificationengi@gmail.com,7016480100,11,3
GUJARAT,Jamnagar,SATYAM SALES,kishanagroagencyamreli@gmail.com,9825360183,8,3
GUJARAT,Jamnagar,SASA ENERGY LLP,sasaenergyllp@gmail.com,9099207722,9,3
GUJARAT,Jamnagar,RUDRA ENTERPRISE,rudraenterprise3489@gmail.com,9586158985,8,3
GUJARAT,Jamnagar,RUDRA ENTERPRISE,rudraenterprise1110@gmail.com,8758462848,12,3
GUJARAT,Jamnagar,RAYNEX POWER SOLUTION PRIVATE LIMITED,info@raynexps.com,8758612077,9,3
GUJARAT,Jamnagar,RAYNEX POWER SOLUTION,raynexps@gmail.com,8758239470,10,3
GUJARAT,Jamnagar,RAMDEV SOLAR SYSTEM,ramdevsolarsytem@gmail.com,8758911969,9,3
GUJARAT,Jamnagar,PATIDAR ENTERPRISE,patidarenterprise13@gmail.com,8980312782,10,3
GUJARAT,Jamnagar,MARICHIN POWER,marichinpower1@gmail.com,8200059125,9,3
GUJARAT,Jamnagar,MADHAV SOLAR ENERGY LIMITED (FORMERLY KNOWN AS MADHAV ENTERPRISE - SURAT),info@madhavsolarenergy.com,8849299212,9,3
GUJARAT,Jamnagar,JAY SARDAR SOLAR PVT.LTD.,jaysardarsolar@gmail.com,8141500062,9,3
GUJARAT,Jamnagar,JASMIN J BAMBHAROLIYA,jasmin.bambharolia14@gmail.com,8140916256,9,3
GUJARAT,Jamnagar,IDEAL RENEWABLE LLP,idealrenewable@gmail.com,9979083323,9,3
GUJARAT,Jamnagar,GAYATRI CONSTRUCTION,chetansinh270@gmail.com,7408636363,12,3
GUJARAT,Jamnagar,FLAME SOLREN PRIVATE LIMITED,operations@flamesolren.com,8849478907,10,3
GUJARAT,Jamnagar,EMISUN SOLAR PVT LTD,care@emisun.in,9510777984,11,3
GUJARAT,Jamnagar,YAGNIKKUMAR VALLABHBHAI SAVALIYA,yagniks1999@gmail.com,9409326590,7,2
GUJARAT,Jamnagar,VERTEX SOLAR SOLUTIONS PVT LTD,vertexnad@gmail.com,8758614088,7,2
GUJARAT,Jamnagar,VAATI POWER,vaatipower@gmail.com,9510010005,6,2
GUJARAT,Jamnagar,URATOM SOLAR INDIA PVT LTD,pv@uratom.com,9925099249,6,2
GUJARAT,Jamnagar,UNIQUE ELECTRICAL,sales.epc2016@gmail.com,9099000148,7,2
GUJARAT,Jamnagar,ULTRAVIOLET SOLAR PVT.LTD.,info@uvrays.co.in,7878699099,7,2
GUJARAT,Jamnagar,TITAN ENERGY,info@titanenergy.in,9054825825,6,2
GUJARAT,Jamnagar,SURYA SHAKTI SOLAR,suryashaktisolar09@gmail.com,7567992734,6,2
GUJARAT,Jamnagar,SUNBUY RENEWABLES PVT LTD,darshan@sunbuy.in,9328281611,6,2
GUJARAT,Jamnagar,SUN MICRA RENEWABLE ENERGY,info@sunmicra.co.in,7990662677,6,2
GUJARAT,Jamnagar,SPARQ ENERTECH PVT LTD,info@sparqenertech.com,9558971268,7,2
GUJARAT,Jamnagar,SKYLARK ENERGY SOLUTIONS,satyajeetjhala7227@icloud.com,9726200054,6,2
GUJARAT,Jamnagar,SHRIJI ENERGY,shrijienergy@gmail.com,9909930405,6,2
GUJARAT,Jamnagar,SEVENTH SKY RENEWABLE LLP,seventhskyrenewable@gmail.com,7874524574,6,2
GUJARAT,Jamnagar,RAGHURAM SOLAR POWER GREEN ENERGY LLP,raghuramsolar9@gmail.com,7575019877,6,2
GUJARAT,Jamnagar,POWERMAC TECHNOLOGY,info@powermacgroup.com,9099939972,6,2
GUJARAT,Jamnagar,PATEL SOLAR,patelsolarmahuva@gmail.com,9825353092,8,2
GUJARAT,Jamnagar,NILESH ENGINEERS,nileshengineers57@gmail.com,9033005732,9,2
GUJARAT,Jamnagar,NAVKALP GROUPS,navkalprenewable@gmail.com,8460109090,6,2
GUJARAT,Jamnagar,MEGHAL POWER,meghalpower23@gmail.com,9712726390,6,2
GUJARAT,Jamnagar,M/S. BRAMHA VISHNU MAHESH INFRASTRUCTURE,BVM.INFRASTRUCTURE@REDIFFMAIL.COM,9099980199,5,2
GUJARAT,Jamnagar,LAXMI HI TECH,laxmihitech36@gmail.com,7046494649,6,2
GUJARAT,Jamnagar,J K MACHINE TOOLS (GUJARAT) PVT. LTD.,jk.solarium@gmail.com,9328290518,8,2
GUJARAT,Jamnagar,INSOLATION POWER ENTERPRISES,info.insolationpower@gmail.com,7874570839,6,2
GUJARAT,Jamnagar,I K SOLAR ENERGY,iksolarenergy2302@gmail.com,6353941652,6,2
GUJARAT,Jamnagar,G-POWER PLUS,gpowerplus.in@gmail.com,9898420613,6,2
GUJARAT,Jamnagar,FRS ENTERPRISE,frsenterprise1@gmail.com,7990366078,7,2
GUJARAT,Jamnagar,EVOTAR TECHNOLOGIES PRIVATE LIMITED,info@evotartech.com,6358999573,6,2
GUJARAT,Jamnagar,CAPITAL WELDING,freexindia@gmail.com,9499602041,7,2
GUJARAT,Jamnagar,BYSOL ENERGY SOLUTIONS,bysolenergy@gmail.com,7600066662,6,2
GUJARAT,Jamnagar,BHAUTIK ENGINEERING CO.,vegadabhautik2410@gmail.com,9825690528,6,2
GUJARAT,Jamnagar,AKSHAR SOLAR ENERGY,aksharsolarenergy@gmail.com,8200328133,6,2
GUJARAT,Jamnagar,ZAVICH INFRASTRUCTURE AND POWER PVT LTD,zavichinfra@gmail.com,9106129608,3,1
GUJARAT,Jamnagar,VRAJ ENTERPRISE,vrajsolarsolutions@gmail.com,8140000903,3,1
GUJARAT,Jamnagar,VIRAT CONSTRUCTION CO,info@viratconstruction.com,9909950605,3,1
GUJARAT,Jamnagar,TULAJA ENTERPRISE,tulajaenterprise@gmail.com,9904866630,4,1
GUJARAT,Jamnagar,TOUCHCORE CONSULTANCY,touchcore27@gmail.com,9909284285,9,1
GUJARAT,Jamnagar,SURYAKAMAL INFRA PVT.LTD.,sales@suryakamalinfra.com,9727756866,3,1
GUJARAT,Jamnagar,SURYABHUMI SOLAR ENERGY,suryabhumisolarenergy@gmail.com,8866019146,4,1
GUJARAT,Jamnagar,SUNLAND SOLAR ENERGY,sunlandsolarenergy@gmail.com,8141810505,5,1
GUJARAT,Jamnagar,SOLINE SOLAR PRIVATE LIMITED,info@soline.in,9898535056,4,1
GUJARAT,Jamnagar,SOLAR SUNPOWER,solarsunpower2020@gmail.com,8238835771,4,1
GUJARAT,Jamnagar,SOHAM ENTERPRISE,sachinpatel3132@gmail.com,9924142513,3,1
GUJARAT,Jamnagar,SILVER CYPHER TECHNOLOGIES,silvercyphersolar@gmail.com,8460699699,3,1
GUJARAT,Jamnagar,SHREE NANDAN INFRA,shreenandan.co@gmail.com,9898345739,3,1
GUJARAT,Jamnagar,SHIVAS SOLAR,shivassolar4418@gmail.com,9537611795,3,1
GUJARAT,Jamnagar,SHIVAM SOLAR AND SERVICES,Parmardivyraj.77@gmail.com,8320732424,3,1
GUJARAT,Jamnagar,SHANTI CORPORATION,info.shanticorporation@gmail.com,8980524444,3,1
GUJARAT,Jamnagar,SHAKTI GREEN ENERGY,shaktigreenenergy96@gmail.com,7405252123,3,1
GUJARAT,Jamnagar,SAVENERGY CORPORATION,savenergy31@gmail.com,9825006309,4,1
GUJARAT,Jamnagar,SARJAN CONSTRUCTION PVT LTD,info.solardiv@sarjanconstruction.com,8000052226,3,1
GUJARAT,Jamnagar,SAMPTEL ENERGY PRIVATE LIMITED,project@samptelenergy.com,9727755187,2,1
GUJARAT,Jamnagar,RVMOVALIYA CONSTRUCTION CO,rvmovaliya.solarenergy@gmail.com,9724543742,3,1
GUJARAT,Jamnagar,RUPABHAI MAGANBHAI PATEL,RMP.GEMPORTAL@GMAIL.COM,9426004861,3,1
GUJARAT,Jamnagar,RK SUN POWER LLP,rksunpowertrading@gmail.com,9913785000,3,1
GUJARAT,Jamnagar,REKSON ELECTROTECH,REKSONELECTROTECH37@GMAIL.COM,9904994494,3,1
GUJARAT,Jamnagar,REEWA SOLAR ENERGY,reewasolarenergy@gmail.com,9879353053,3,1
GUJARAT,Jamnagar,RADIANT GREENS SOLAR,info@radiantgreens.in,8140316334,4,1
GUJARAT,Jamnagar,PV RAYS ENERGY,pvraysenergy@gmail.com,9898097222,3,1
GUJARAT,Jamnagar,PRACHI GREEN GREEN ENERGY PVT LTD,prachigreenenergy@gmail.com,9737830854,3,1
GUJARAT,Jamnagar,PDF ENGINEERS PRIVATE LIMITED,project2.pepl@gmail.com,8803910391,3,1
GUJARAT,Jamnagar,PARSANA GROUP,infoparsanagroup9@gmail.com,6358141994,3,1
GUJARAT,Jamnagar,NIVAN ENERGY,nivanenergy@gmail.com,9998820905,3,1
GUJARAT,Jamnagar,NILKANTH ENGINEERING,nilkanthengineering9@gmail.com,8155928825,4,1
GUJARAT,Jamnagar,NEXUS RENEWTECH,nexusrenewtech@gmail.com,8849277955,3,1
GUJARAT,Jamnagar,N M POWER,gauravkareliya1@gmail.com,8141958041,3,1
GUJARAT,Jamnagar,MAXSUN ENERGY PRIVATE LIMITED,maxsunsolarenergy@gmail.com,7990361324,3,1
GUJARAT,Jamnagar,MARUTI SOLAR SYSTEMS,dinesh.navar@gmail.com,9409080149,2,1
GUJARAT,Jamnagar,MAHISAGAR SOLAR ENERGY,mahisagarsolarenergy23@gmail.com,8200154972,3,1
GUJARAT,Jamnagar,KRISHA SOLAR & AGRO INDUSTRIES,krishasolarandagro21@gmail.com,9574856582,4,1
GUJARAT,Jamnagar,KARMA POWER,karmapower001@gmail.com,8849370511,5,1
GUJARAT,Jamnagar,KAMAXI ELECTRICAL ENGINEERS,dharmesh@kamaxielectricals.com,9974744036,3,1
GUJARAT,Jamnagar,JANSA SOLAR SOLUTIONS PVT LTD,jansa@kalptaru.co.in,9998000769,3,1
GUJARAT,Jamnagar,JANETA SOLAR,info.janetasolar90@gmail.com,8734829145,3,1
GUJARAT,Jamnagar,HILTON RENEWABLES,hiltonrenewables.amr@gmail.com,8181080800,3,1
GUJARAT,Jamnagar,HARSIDDHI ENGINEERING WORKS,harsiddiengineering@yahoo.com,9428342940,4,1
GUJARAT,Jamnagar,GS POWERTECH,info.gspowertech@gmail.com,7567438385,3,1
GUJARAT,Jamnagar,GREENTECH ENERGY,bhuvapiyush89@gmail.com,7990053035,2,1
GUJARAT,Jamnagar,GRACE RENEWABLE ENERGY PVT LTD,project1@gracerenew.com,7573027788,3,1
GUJARAT,Jamnagar,GOLDEN SOLAR POWER,goldensolarp@gmail.com,9558887494,3,1
GUJARAT,Jamnagar,GENESIS CLEAN ENERGY,genesiscleanenergy1@gmail.com,9714125515,3,1
GUJARAT,Jamnagar,EVOLUTION,evolutiongujarat@gmail.com,9773296801,4,1
GUJARAT,Jamnagar,ENVIRONMENT SOLUTIONS,environmentsolutions222@gmail.com,9824202220,3,1
GUJARAT,Jamnagar,DHAVAL ELECTRIC SOLUTION,dhavalelectricsolution@gmail.com,8490990138,4,1
GUJARAT,Jamnagar,CRYSTASOL ENERGY SOLUTIONS PRIVATE LIMITED,n.s.pathak18@gmail.com,7069335544,3,1
GUJARAT,Jamnagar,COSMIC ENTERPRISE,cosmicenergy13.info@gmail.com,9429213406,4,1
GUJARAT,Jamnagar,BEYOND ENERGY,beyondenergy2025@gmail.com,8849608389,4,1
GUJARAT,Jamnagar,BAPA SITARAM SOLAR POWER PVT LTD,bapasitaramsolarpower@gmail.com,8511362222,3,1
GUJARAT,Jamnagar,ATHARV ENERTECH,montu.dedakiya@gmail.com,9998943833,3,1
GUJARAT,Jamnagar,ARKAY SOLAR ENERGY LLP,arkaysolar02@gmail.com,9737636600,3,1
GUJARAT,Jamnagar,AONE RENEWABLE ENERGY,md.aonerenewableenergy@gmail.com,7435061657,3,1
GUJARAT,Jamnagar,ANGEL PUMPS PVT.LTD.,solar1@pumpsangel.com,9904809409,9,1
GUJARAT,Jamnagar,AILIS ENERGY PRIVATE LIMITED,suryagujarat@ailisenergy.com,8401541048,3,1
GUJARAT,Jamnagar,AAMOKSH ELECTRICALS PRIVATE LIMITED,hardik.pandya4166@gmail.com,9998367462,3,1
GUJARAT,Jamnagar,ZY ENTERPRISE,zyenterprise12@gmail.com,8460313094,0,0
GUJARAT,Jamnagar,ZUNROOF TECH PVT LTD,gosolar@zunroof.com,9205893368,0,0
GUJARAT,Jamnagar,ZENITH SUNSPARK,zenithsunspark@gmail.com,8140946909,0,0
GUJARAT,Jamnagar,ZEEPO ELECTRICAL SERVICES PRIVATE LIMITED,zeepoelectricalservices@gmail.com,9664823942,0,0
GUJARAT,Jamnagar,ZALA HAKUBHA NARSISINH,solar.hakubha1508@gmail.com,9925103777,0,0
GUJARAT,Jamnagar,YUVARAYS SOLAR,yuvarayssolar@gmail.com,9824624497,0,0
GUJARAT,Jamnagar,YUVAAN ENERGY PRIVATE LIMITED,sales@yuvaanenergy.com,9825045890,0,0
GUJARAT,Jamnagar,YUG SOLAR,yugsolar@gmail.com,6359410052,0,0
GUJARAT,Jamnagar,YOGI BATTERY CENTRE,yogipowersystem@yahoo.co.in,9824088156,0,0
GUJARAT,Jamnagar,YOG ENTERPRISE,yogenterprise.vallabhipur@gmail.com,7600790079,0,0
GUJARAT,Jamnagar,YELLOWFELLOW ENERGIES LLP,viraj@yellowfellow.in,8200955676,0,0
GUJARAT,Jamnagar,YELLOWCREST ENERGY LLP,yellowcrestenergy@gmail.com,9904675445,0,0
GUJARAT,Jamnagar,YELLOW RAY SOLAR,yellowraysolar@gmail.com,9427443581,0,0
GUJARAT,Jamnagar,YASHVI ENTERPRISE,yashvientsami@gmail.com,8849331593,0,0
GUJARAT,Jamnagar,YASHONAND ELECTRO SERVICE PVT LTD,yashonand2022@gmail.com,9157197171,0,0
GUJARAT,Jamnagar,Y CAME SYSTEMS,ycamesystem009@gmail.com,8320408867,0,0
GUJARAT,Jamnagar,WISEN ENERGY LLP,info@wisenenergyllp.com,9016979007,0,0
GUJARAT,Jamnagar,WISE GOAL SERVICES PRIVATE LIMITED,hr.wisegoal@gmail.com,7567161902,0,0
GUJARAT,Jamnagar,WHITESUN GREEN ENERGY PRIVATE LIMITED,rakesh.bhudia14@hotmail.com,8511740671,0,0
GUJARAT,Jamnagar,WHITEDESERT POWER PROJECTS PVT. LTD.,wdplnkt@gmail.com,9427760723,0,0
GUJARAT,Jamnagar,VSG ENTERPRISE,SURYAKANTGORASIYA3024@GMAIL.COM,9979632447,0,0
GUJARAT,Jamnagar,VOLTEX SOLUTION,info.voltexsolution@gmail.com,9104629229,0,0
GUJARAT,Jamnagar,VOLT'S LEGACY ENERGY SOLUTION,contact@voltslegacy.com,9998765059,0,0
GUJARAT,Jamnagar,VOLLT SOLAR ENERGY,volltsolar@gmail.com,8128550011,0,0
GUJARAT,Jamnagar,VMD SOLAR ENERGY PRIVATE LIMITED,info@vmdsolarenergy.com,9974095302,0,0
GUJARAT,Jamnagar,VIYA ELECTRIC PRIVATE LIMITED,info@viyaelectric.com,9033092026,0,0
GUJARAT,Jamnagar,VIVAN ENERGY,vivanenergy09@gmail.com,9979890230,0,0
GUJARAT,Jamnagar,VIVAAN INFRA,info@vivaaninfra.in,9909916448,0,0
GUJARAT,Jamnagar,VISWAN ENERGY SOLUTIONS,viswanenergy@gmail.com,8866641649,0,0
GUJARAT,Jamnagar,VISION SOLAR,visionenergy196@gmail.com,6351131196,0,0
GUJARAT,Jamnagar,VISHWASH ENTERPRISE,vishwashenterprise2422@gmail.com,6355098324,0,0
GUJARAT,Jamnagar,VISHWAKARMA ELECTRICALS,info.vishwakarmaelectricals@gmail.com,9426730030,0,0
GUJARAT,Jamnagar,VISHWA SOLAR EXPERT,vishwasolar68@gmail.com,9724968018,0,0
GUJARAT,Jamnagar,VISAKA GREEN PRIVATE LIMITED,vsolar@visaka.in,8770905614,0,0
GUJARAT,Jamnagar,VIRAJBHAI VISUBHAI KHACHAR,gchauhan17388@gmail.com,9898986662,0,0
GUJARAT,Jamnagar,VINARA SOLUTIONS,vinarasolutions@gmail.com,8320754771,0,0
GUJARAT,Jamnagar,VIMAL ELECTRONICS,kcpatel@vimalelectronics.com,9099777176,0,0
GUJARAT,Jamnagar,VIJAY SOLAR ENERGY,vijaysolarenergy940@gmail.com,6351211549,0,0
GUJARAT,Jamnagar,VIJAY ELECTRIC COMPANY,vijayelectricco@rediffmail.com,8200337720,0,0
GUJARAT,Jamnagar,VIDHYUT URJA,vidhyut.urja10@gmail.com,9664845692,0,0
GUJARAT,Jamnagar,VIDHYUT SOLAR,vidhyutsolarenergy@gmail.com,8347838900,0,0
GUJARAT,Jamnagar,VIDE ENERGY,ankita.videenergy@gmail.com,9712668268,0,0
GUJARAT,Jamnagar,VIBRANT SOLAR SYSTEMS,sales.vibrantsolar@gmail.com,9408330692,0,0
GUJARAT,Jamnagar,VIABLE SOLAR,viable.solar9990@gmail.com,9913344841,0,0
GUJARAT,Jamnagar,VIA ELECTRIC,hello.viaelectric@gmail.com,9925203764,0,0
GUJARAT,Jamnagar,VENUS ENTERPRISE,venusenergy2228@gmail.com,7990678583,0,0
GUJARAT,Jamnagar,VEERASOL TECHNOLOGY,info@veerasol.com,9558899931,0,0
GUJARAT,Jamnagar,VEE SECURE,veesecure.in@gmail.com,9825070982,0,0
GUJARAT,Jamnagar,VEDA ENTERPRISE,info.vedaenterprise@gmail.com,8401103393,0,0
GUJARAT,Jamnagar,VECTON ENERGY,vectonenergy@gmail.com,8000140159,0,0
GUJARAT,Jamnagar,VCL ENERGY,vclenergy777@gmail.com,9825492605,0,0
GUJARAT,Jamnagar,VASUSENA SOLAR ENERGY,vasusenasolarenergy07@gmail.com,9265356623,0,0
GUJARAT,Jamnagar,VASHRAMBHAI LAKHABHAI GHED,satrang.com@gmail.com,9624152555,0,0
GUJARAT,Jamnagar,VASANI SOLAR SOLUTION,vasani.solar.solution@gmail.com,9998404646,0,0
GUJARAT,Jamnagar,VARUN ENGINEERING,varunpatel2027@gmail.com,9727854101,0,0
GUJARAT,Jamnagar,VARRCHASVA ENERGY PRIVATE LIMITED,vaibhav@varrchasva.com,9100520101,0,0
GUJARAT,Jamnagar,VARIZONE SOLAR PRIVATE LIMITED,varizonesolar@gmail.com,9426111113,0,0
GUJARAT,Jamnagar,VARDHAN SALES,vardhansolar91@gmail.com,9512020935,0,0
GUJARAT,Jamnagar,VALAM ENTERPRISE,valamenterprise007@gmail.com,9824881693,0,0
GUJARAT,Jamnagar,VAKRATUND INNOVATION PRIVATE LIMITED,operation@vakratundinnovation.com,6351039120,0,0
GUJARAT,Jamnagar,VAIJNATH GLOBAL,vaijnathglobal@gmail.com,9106991946,0,0
GUJARAT,Jamnagar,VA PATEL INFRA PRIVATE LIMITED,mayurdhavajsinhgohil00@gmail.com,9428269204,0,0
GUJARAT,Jamnagar,V-GUARD INDUSTRIES LIMITED,solar@vguard.in,9895550313,0,0
GUJARAT,Jamnagar,V SOLAR,vsolar8521@gmail.com,7698297821,0,0
GUJARAT,Jamnagar,V POWER SOLAR SERVICES,vpowersolarservices@gmail.com,9904254440,0,0
GUJARAT,Jamnagar,UVR TECHSOL PRIVATE LIMITED,uvrtechsol@gmail.com,9227106799,0,0
GUJARAT,Jamnagar,UTSAV TECHNO ENTERPRISE,utsavtechnoenterprise@gmail.com,7046612340,0,0
GUJARAT,Jamnagar,URJA GLOBAL LIMITED,bhagwan.verma@urjaglobal.in,7290005823,0,0
GUJARAT,Jamnagar,URJA ELECTRICALS,urja.electricals.dhg@gmail.com,8469551508,0,0
GUJARAT,Jamnagar,UPVOLTAGE SOLUTIONS LLP,upvoltagesolutions@gmail.com,7990618259,0,0
GUJARAT,Jamnagar,UNITY ENERGY SOLUTION,unityenergysolution@gmail.com,9099094027,0,0
GUJARAT,Jamnagar,UNIQUE POWER SYSTEM,uniquepowerrajkot@gmail.com,9825224349,0,0
GUJARAT,Jamnagar,UNICORN ENTERPRISE,unicornsolarvyara@gmail.com,8200121328,0,0
GUJARAT,Jamnagar,UNICORN ELECTRICALS AND PROJECTS,unicornelectricals20@gmail.com,9510968626,0,0
GUJARAT,Jamnagar,UNICON ENERGY,info@uniconenergy.com,9974545444,0,0
GUJARAT,Jamnagar,UMIYA ENTERPRISE - NARODA,umiyaenterprise1981@gmail.com,9725033295,0,0
GUJARAT,Jamnagar,UMA POWER SOLUTIONS,umapowersolution@gmail.com,9638953281,0,0
GUJARAT,Jamnagar,ULTRA RAYS ENERGY SOLUTION,ultrarays2019@gmail.com,7984482472,0,0
GUJARAT,Jamnagar,UKEL AUTOMATION LLP,ukelautomation@gmail.com,9998008889,0,0
GUJARAT,Jamnagar,U R ENERGY INDIA PVT LTD,india@urenergyglobal.com,9512040442,0,0
GUJARAT,Jamnagar,TROM INDUSTRIES LIMITED,marketing@tromsolar.in,9081017444,0,0
GUJARAT,Jamnagar,TRIZONE POWER,trizonepower05@gmail.com,9638052084,0,0
GUJARAT,Jamnagar,TRINITY RENEWABLE ENERGY,info.trinityrenewableenergy@gmail.com,9227000392,0,0
GUJARAT,Jamnagar,TRIDENT POWER,trident.power24@gmail.com,7698264402,0,0
GUJARAT,Jamnagar,TOPCON SOLAR ENERGY,topconsolarenergy@gmail.com,9081773500,0,0
GUJARAT,Jamnagar,TIRUPATI SOLAR,tirupatisolar@hotmail.com,7043343509,0,0
GUJARAT,Jamnagar,THE WOLT TECHNIQUES,director@woltsolarproducts.com,9904238777,0,0
GUJARAT,Jamnagar,THE MOON KNIGHT,themoonknight913@gmail.com,9081313777,0,0
GUJARAT,Jamnagar,THE MECHTECH SOLUTIONS,themechtechsolutions@gmail.com,9714928728,0,0
GUJARAT,Jamnagar,TERAIYA ENTERPRISE,teraiyaenterprise@gmail.com,8780802225,0,0
GUJARAT,Jamnagar,TEJ ENERGY LLP,director@tejenergy.com,9426856508,0,0
GUJARAT,Jamnagar,TECHSUNBIO GREEN ENERGY PRIVATE LIMITED,info@techsunbio.com,9925336536,0,0
GUJARAT,Jamnagar,TECHNOVATIVE GREEN ENERGY SOLUTIONS,technovativesolar@gmail.com,6354031108,0,0
GUJARAT,Jamnagar,TECHNOGOODS ENTERPRISES,TechnoGoods@outlook.com,9904709693,0,0
GUJARAT,Jamnagar,TECHNOCELL INDUSTRIAL SERVICES,skg23aqua@yahoo.in,9979348446,0,0
GUJARAT,Jamnagar,TECHNO POWER,technopower0001@gmail.com,8200360798,0,0
GUJARAT,Jamnagar,TECHNO ELECTRONICS,sales@technopower.co.in,9825236894,0,0
GUJARAT,Jamnagar,TATVAM INDUSTRIES,parth.tatvam@protonmail.com,7990101643,0,0
GUJARAT,Jamnagar,TATSAT NRGS,tatsatnrgs@gmail.com,7984576567,0,0
GUJARAT,Jamnagar,TARUN AND CO,taruncopwr@gmail.com,9879534866,0,0
GUJARAT,Jamnagar,TARA SOLAR ENERGY,tara.solar.2111@gmail.com,9408966600,0,0
GUJARAT,Jamnagar,TAPTI SOLAR,taptisolar@gmail.com,9157028811,0,0
GUJARAT,Jamnagar,TAJ ELECTRICALS,tajelectricals.daman@gmail.com,9824790965,0,0
GUJARAT,Jamnagar,TAIYO SOLAR SYTEM INTEGRATOR LLP,info@taiyosolar.co.in,9825324580,0,0
GUJARAT,Jamnagar,SYSTEM RENEWABLE ENERGY,nbagwan8@gmail.com,9662361740,0,0
GUJARAT,Jamnagar,SYSTEM LEVEL SOLUTIONS INDIA PVT LTD,sales@getsunsights.com,7486992856,0,0
GUJARAT,Jamnagar,SYNNOVE POWER TECHNOLOGY,synnovepowertechnology@gmail.com,9033346701,0,0
GUJARAT,Jamnagar,SWEV INDIA PVT LIMITED,swevindia@gmail.com,7984328691,0,0
GUJARAT,Jamnagar,SWASTIK SOLAR SYSTEM,swastiksolar07@gmail.com,9712412011,0,0
GUJARAT,Jamnagar,SWARG INDUSTRIES PVT LTD,info@swargworld.com,9824999527,0,0
GUJARAT,Jamnagar,SWAMI INTEGRATOR AND CONSULTANTS LLP,sanjib@swamisolar.com,8980800743,0,0
GUJARAT,Jamnagar,SUTARIAS SOLUTIONS PRIVATE LTD,sspl.hasmukh@gmail.com,9099510408,0,0
GUJARAT,Jamnagar,SURYOSA SOLAR PRIVATE LIMITED,info@suryosa.com,9998018314,0,0
GUJARAT,Jamnagar,SURYATRIC SOLAR PVT LTD,info.suryatrick@gmail.com,9979652010,0,0
GUJARAT,Jamnagar,SURYASTRA GREEN INITIATIVES PRIVATE LIMITED,suryastraindia@gmail.com,8128007602,0,0
GUJARAT,Jamnagar,SURYASIDDHI ENERGY SOLUTION PRIVATE LIMITED,suryasiddhienergysolutions@gmail.com,8460641891,0,0
GUJARAT,Jamnagar,SURYASE ENERGY,suryaseenergy@gmail.com,9662047390,0,0
GUJARAT,Jamnagar,SURYAMANI SOLAR,suryamanisolar@gmail.com,8140000257,0,0
GUJARAT,Jamnagar,SURYAMAAN ENERGY,info.suryamaan@gmail.com,9722243637,0,0
GUJARAT,Jamnagar,SURYAM INTERNATIONAL PRIVATE LIMITED,marketing@groupsurya.co.in,8093011632,0,0
GUJARAT,Jamnagar,SURYAM ENERGY,dhavalpatel7037@gmail.com,8320698043,0,0
GUJARAT,Jamnagar,SURYADEV SOLAR,suryadevsolar4@gmail.com,9327175676,0,0
GUJARAT,Jamnagar,SURYADEV SALES & SERVICE,suryadev2k20@gmail.com,7016946571,0,0
GUJARAT,Jamnagar,SURYA URJA SYSTEMS,suryaurjasystems@gmail.com,9824276142,0,0
GUJARAT,Jamnagar,SURYA SOLAR AND WATERS,rooftop@suryasolarwaters.com,9033266039,0,0
GUJARAT,Jamnagar,SURYA SHAKTI,suryashaktisolar.18@gmail.com,8488010488,0,0
GUJARAT,Jamnagar,SURYA INTERNATIONAL,suryavishnu159@yahoo.com,9825802298,0,0
GUJARAT,Jamnagar,SURYA ENTERPRISE,suryaenterprise8324@gmail.com,9687975891,0,0
GUJARAT,Jamnagar,SUREWORTH SOLAR,Sureworthsolar@gmail.com,7698763040,0,0
GUJARAT,Jamnagar,SURAYAY NAMAH ENERGY PRIVATE LIMITED,rahul@surayaynamahenergy.com,9554055565,0,0
GUJARAT,Jamnagar,SURAJGEMA POWER,SURAJGEMAPOWER@GMAIL.COM,8460515124,0,0
GUJARAT,Jamnagar,SUPER WATT POWER SOLUTIONS LLP,power.superwatt@gmail.com,9920320366,0,0
GUJARAT,Jamnagar,SUNWAY SOLAR,sunwaysolar02@gmail.com,7698832340,0,0
GUJARAT,Jamnagar,SUNWAVE ENERGY,sunwave.energy123@gmail.com,7046070468,0,0
GUJARAT,Jamnagar,SUNTRAC SOLAR,suntrac.jh@gmail.com,9979363442,0,0
GUJARAT,Jamnagar,SUNSPOT ENERGY LLP,info.sunspotenergy@gmail.com,8866110577,0,0
GUJARAT,Jamnagar,SUNSPOT,msn.sunspot@gmail.com,6356810701,0,0
GUJARAT,Jamnagar,SUNSPARK SOLAR SOLUTIONS (FORMERLY KNOWN AS SUSSPARK SOLAR SOLUTIONS ),sunsparksolarsolutions23@gmail.com,9664693254,0,0
GUJARAT,Jamnagar,SUNSOLAR SOLUTIONS (INDIA) PRIVATE LIMITED,jigar@sunsolarsolutions.co.in,9638189589,0,0
GUJARAT,Jamnagar,SUNSNATCH SOLUTIONS LLP,monark.sunsnatch@gmail.com,7698536878,0,0
GUJARAT,Jamnagar,SUNSKY SOLAR,trdesai@sunskysolar.co.in,9727518665,0,0
GUJARAT,Jamnagar,SUNSHREE SOLAR,sunshreesolar@gmail.com,9157838777,0,0
GUJARAT,Jamnagar,SUNSHINE SOLAR,sunshinesolarsurat@gmail.com,9537733133,0,0
GUJARAT,Jamnagar,SUNSHAPE ENERGY,sunshapeenergy@gmail.com,9913783302,0,0
GUJARAT,Jamnagar,SUNSETLIFE SOLAR PRIVATE LIMITED,sunsetlifesolar@gmail.com,9574427119,0,0
GUJARAT,Jamnagar,SUNSAI SOLAR SYSTEMS,solar@sunsai.co.in,9925808788,0,0
GUJARAT,Jamnagar,SUNSAFE INFRA PRIVATE LIMITED,sunsafe.np@gmail.com,7227050091,0,0
GUJARAT,Jamnagar,SUNRUN GREEN ENERGY,sunrungreenenergy@gmail.com,6354883949,0,0
GUJARAT,Jamnagar,SUNROOF ELECTRICAL ENERGY,sunroofenergy100@gmail.com,9687893989,0,0
GUJARAT,Jamnagar,SUNRISE INDIA,satyanarayantiwari2022@gmail.com,7208291414,0,0
GUJARAT,Jamnagar,SUNRISE ENTERPRISE,sunriseenterprise6388@gmail.com,9904889087,0,0
GUJARAT,Jamnagar,SUNREST INFRA ENERGY,sunrestinfraenergy@gmail.com,9638063381,0,0
GUJARAT,Jamnagar,SUNRAYS ENERGY,keyursheth.14@gmail.com,9978724010,0,0
GUJARAT,Jamnagar,SUNRAISE INDUSTRIES,info@sunraiseindustries.com,9722106810,0,0
GUJARAT,Jamnagar,SUNPLUG TECHNOLOGIES LLP,hnchavda87@gmail.com,9427020496,0,0
GUJARAT,Jamnagar,SUNLIGHT SOLAR ENTERPRISE,bhaveshparmar4793@gmail.com,8320866769,0,0
GUJARAT,Jamnagar,SUNLIGHT INFRA ENERGY PRIVATE LIMITED,tender@sunlights.in,9998374580,0,0
GUJARAT,Jamnagar,SUNLIGHT GREEN ENERGY,sunlightgreenmeh@gmail.com,8460043385,0,0
GUJARAT,Jamnagar,SUNLIGHT ENERGY SOLUTIONS,sunlightenergysolutions01@gmail.com,9824668001,0,0
GUJARAT,Jamnagar,SUNISTIC SOLAR ENERGY LLP,info@sunisticsolarenergy.com,9909507507,0,0
GUJARAT,Jamnagar,SUNIFY SOLAR LLP,sunifysolar@gmail.com,8141455505,0,0
GUJARAT,Jamnagar,SUNGOLD ENTERPRISE,sungoldenterprise123@gmail.com,9737147433,0,0
GUJARAT,Jamnagar,SUNFRAA RENEWABLES LLP,partner@sunfraa.com,6354296570,0,0
GUJARAT,Jamnagar,SUNCENTER SOLAR ENERGY,suncentersolarenergy@gmail.com,8905055513,0,0
GUJARAT,Jamnagar,SUNCELL SOLAR LLP,suncellsolarenergy@gmail.com,9512668884,0,0
GUJARAT,Jamnagar,SUNBYTE ENERGY SOLUTIONS LLP,info.sunbyteenergy@gmail.com,7698971717,0,0
GUJARAT,Jamnagar,SUNBOOST PRIVATE LTD,info@sunboostenergy.com,9104227788,0,0
GUJARAT,Jamnagar,SUNBLOOM ENERGY PRIVATE LIMITED,info@sunbloomenergy.com,9662874669,0,0
GUJARAT,Jamnagar,SUNARC ELECTRICALS,sunarcelectricals@gmail.com,9687025729,0,0
GUJARAT,Jamnagar,SUN VISION SOLAR,info@sunvisionsolar.in,9924112225,0,0
GUJARAT,Jamnagar,SUN TECH ENERGY SOLUTION,suntech.rutvij@gmail.com,8320301975,0,0
GUJARAT,Jamnagar,SUN SPARKLE ENERGY,sunsparkleenergy@gmail.com,9016093505,0,0
GUJARAT,Jamnagar,SUN SAVER SOLAR,support@sunsaversolar.in,9909908879,0,0
GUJARAT,Jamnagar,SUN LIGHT SOLAR,sunlightsolar0106@gmail.com,9726215972,0,0
GUJARAT,Jamnagar,SUN ENERGY,sunenergybharat@gmail.com,9427352326,0,0
GUJARAT,Jamnagar,SUMERU SOLUTION,sumerusolution22@gmail.com,8866426625,0,0
GUJARAT,Jamnagar,SUKOON POWER TECHNOLOGY,sukoonpowertech@gmail.com,9712946594,0,0
GUJARAT,Jamnagar,SUKARM,sukarmsolar@gmail.com,9925045163,0,0
GUJARAT,Jamnagar,SUCCESS TECHNOCRAT,khatri292@gmail.com,9624001021,0,0
GUJARAT,Jamnagar,STRONG SUN SOLAR ENERGY,strongsunsolarenergy@gmail.com,7622011292,0,0
GUJARAT,Jamnagar,STEELHACKS INDUSTRIES,unisolsolar2000@yahoo.com,9825049997,0,0
GUJARAT,Jamnagar,STARLUMEN ENERGY LLP,sales.starlumen@gmail.com,8758737125,0,0
GUJARAT,Jamnagar,STAR ENERGY SYSTEMS,starenergyindia@gmail.com,9825014314,0,0
GUJARAT,Jamnagar,STAR ELECTRICALS,starhalol389350@gmail.com,9909118137,0,0
GUJARAT,Jamnagar,STANDARD ENGINEERS & CONTRACTORS,standardelectricals7177@gmail.com,8140080726,0,0
GUJARAT,Jamnagar,SSB ICONIC LLP,s2belectricals@gmail.com,9016903767,0,0
GUJARAT,Jamnagar,SRI BALAJI SUN ENERGY,info@sribalajienergy.com,7878375444,0,0
GUJARAT,Jamnagar,SPY AUTOMATION,spyautomation61@gmail.com,7227000497,0,0
GUJARAT,Jamnagar,SPIKE ENERGY,vspikeenergy@gmail.com,9662485355,0,0
GUJARAT,Jamnagar,SPEED O ENERGY,INFO.SPEEDOENERGY@GMAIL.COM,7016826003,0,0
GUJARAT,Jamnagar,SPARCO MULTIPLAST PVT LTD,info@sparcoenergy.com,9409269062,0,0
GUJARAT,Jamnagar,SP TECHNOLOGY,Sptechnology2023@gmail.com,9586267664,0,0
GUJARAT,Jamnagar,SP POWERTECH,sppowertech44@gmail.com,9408129713,0,0
GUJARAT,Jamnagar,SP EPC SOLUTIONS,psbuma@gmail.com,9537824788,0,0
GUJARAT,Jamnagar,SOULSHINE RENEWABLE ENERGY,epc.soulshine@gmail.com,9913895893,0,0
GUJARAT,Jamnagar,SOR ENTERPRISE,sorsolar@yahoo.com,9824428293,0,0
GUJARAT,Jamnagar,SOORYABHUMI ENERGY,sooryabhumienergy2024@gmail.com,8155887304,0,0
GUJARAT,Jamnagar,SONIK SOLAR POWER SOLUTION,Sonikpanchal27@gmail.com,8200291250,0,0
GUJARAT,Jamnagar,SOMNATH ENERGY,somnath.solarenergy@gmail.com,7600250096,0,0
GUJARAT,Jamnagar,SOM ENERGY SYSTEMS,info@somenergysystems.com,8401909576,0,0
GUJARAT,Jamnagar,SOLYUG RENEWABLES,info@solyugrenewables.com,9099562009,0,0
GUJARAT,Jamnagar,SOLVEIG SOLAR PRIVATE LIMITED,solveigsolar@gmail.com,9724362544,0,0
GUJARAT,Jamnagar,SOLNCE ENERGY PRIVATE LIMITED,NATIONALPORTALSOLNCE@GMAIL.COM,7990480061,0,0
GUJARAT,Jamnagar,SOLMECH ENERGY,solmechenergy@gmail.com,9998930960,0,0
GUJARAT,Jamnagar,SOLISTA ENERGY,solistaenergy8@gmail.com,9106194946,0,0
GUJARAT,Jamnagar,SOLIS ENERGY SYSTEM,bhargavpaneliya@solisenergysystem.com,9601270077,0,0
GUJARAT,Jamnagar,SOLEXY SOLAR POWER PVT. LTD.,ssepl1962@gmail.com,9810725280,0,0
GUJARAT,Jamnagar,SOLEX GREEN ENERGY PRIVATE LIMITED,pravin.d@solex.in,9376820081,0,0
GUJARAT,Jamnagar,SOLEX ENERGY LIMITED,solexcd@gmail.com,6354605180,0,0
GUJARAT,Jamnagar,SOLEOS GREEN ENERGY PRIVATE LIMITED,pruthvi@soleos.in,9512448900,0,0
GUJARAT,Jamnagar,SOLARWISE-NEXG PRIVATE LIMITED,solarwise69@gmail.com,9910803171,0,0
GUJARAT,Jamnagar,SOLARWAVE ENERGY,solarwaveenergy2@gmail.com,7490083005,0,0
GUJARAT,Jamnagar,SOLARTRONICS ENERGY,info.solartronics@gmail.com,9426424973,0,0
GUJARAT,Jamnagar,SOLART,solart.sunfuel@gmail.com,8866506193,0,0
GUJARAT,Jamnagar,SOLARSYS GREENTECH PRIVATE LIMITED,deepak@solarsysgreentech.in,8488976829,0,0
GUJARAT,Jamnagar,SOLARMAX ENERGY PRIVATE LIMITED,info@solarmaxenergy.in,9409222221,0,0
GUJARAT,Jamnagar,SOLARLOGIX PRIVATE LIMITED,contact@solarlogix.in,7979053489,0,0
GUJARAT,Jamnagar,SOLARIZE RENEWABLES PVT. LTD.,info@solarizerenewables.com,9081999400,0,0
GUJARAT,Jamnagar,SOLARISE TECHNOLOGIES,solarisetechnologies1@gmail.com,6351562596,0,0
GUJARAT,Jamnagar,SOLARIS TECHNO,solaristechno@gmail.com,8767917570,0,0
GUJARAT,Jamnagar,SOLARIS 360,info@solaris360.com,9998117531,0,0
GUJARAT,Jamnagar,SOLARINA RENEWABLE PRIVATE LIMITED,solarinarenewable@gmail.com,9824351021,0,0
GUJARAT,Jamnagar,SOLARBERG SOLUTIONS,sureshbavishiya@gmail.com,9879200821,0,0
GUJARAT,Jamnagar,SOLARATIVE ENERGY SOLUTION,pavan.solarative@gmail.com,9327151411,0,0
GUJARAT,Jamnagar,SOLARAM POWER INFRASTRUCTURE PRIVATE LIMITED,solarampower@gmail.com,9898041008,0,0
GUJARAT,Jamnagar,SOLAR4U ENTERPRISE,solar4uenterprise1@gmail.com,9510708411,0,0
GUJARAT,Jamnagar,SOLAR TECH WORLD,support@solartechworld.com,8460728007,0,0
GUJARAT,Jamnagar,SOLAR ONLINE SKP,onlinesk044@gmail.com,8238539443,0,0
GUJARAT,Jamnagar,SOLAR GREEN DEVELOPERS,solargreendevelopers@gmail.com,9924507751,0,0
GUJARAT,Jamnagar,SOLAR ENERGY,solarpioneer19@gmail.com,9033868265,0,0
GUJARAT,Jamnagar,SOLAR EDITION,solaredition18@gmail.com,7990909838,0,0
GUJARAT,Jamnagar,SOLAR EARTH RENEWABLES PRIVATE LIMITED,ser@solarearth.in,7990378370,0,0
GUJARAT,Jamnagar,SOLAR EARTH,solarearth7@gmail.com,7990378370,0,0
GUJARAT,Jamnagar,SOLAR CLEAN ENERGY LIMITED,socleanenergy@gmail.com,9712666866,0,0
GUJARAT,Jamnagar,SOL MAX SOLUTION,mpboricha111@gmail.com,9429343757,0,0
GUJARAT,Jamnagar,SOL ENERGY,solenergyn@gmail.com,7621852735,0,0
GUJARAT,Jamnagar,SOHAM SOLAR SOLUTION,sohamsolarsolution@yahoo.com,9601751327,0,0
GUJARAT,Jamnagar,SOHAM ENGINEERING,sohamengineering1480@gmail.com,9924146464,0,0
GUJARAT,Jamnagar,SNS ENERGY PVT. LTD.,sujitsharma@snsenergy.co.in,7043136049,0,0
GUJARAT,Jamnagar,SNAP SOLAR,snapsolar7@gmail.com,7572851098,0,0
GUJARAT,Jamnagar,SN GROUP OF COMPANY,sngroupofcompany2022@gmail.com,9725324439,0,0
GUJARAT,Jamnagar,SMIT SOLAR SOLUTIONS,smitsolarsolutions@gmail.com,9924793020,0,0
GUJARAT,Jamnagar,SMIT ENGINEERING SOLUTION,smitengineering10@gmail.com,9033381684,0,0
GUJARAT,Jamnagar,SMART SOLAR ENERGY,smartsolarenergy8542@gmail.com,7435907512,0,0
GUJARAT,Jamnagar,SMART ROOF SOLAR SOLUTION PVT. LTD.,enquiry@gosmartroof.com,9971481718,0,0
GUJARAT,Jamnagar,SMART ENERGY SOLUTIONS,smartenergysolutions99@gmail.com,8511495982,0,0
GUJARAT,Jamnagar,SKYVOLT POWER TECHNOLOGIES LLP,skyvoltpower25@gmail.com,9909798222,0,0
GUJARAT,Jamnagar,SKYLINE SOLAR SYSTEM,skylinesolarsystem@gmail.com,9106430159,0,0
GUJARAT,Jamnagar,SKYLIGHT SOLAR,skylightsolar03@gmail.com,9510905126,0,0
GUJARAT,Jamnagar,SKYLAR INDIA,darshansolarkheda@gmail.com,8530252952,0,0
GUJARAT,Jamnagar,SKY WINGS SOLAR ENERGY,skywingssolar@gmail.com,9974839830,0,0
GUJARAT,Jamnagar,SKY TECH ENERGY,info.skytechenergy@gmail.com,6355092898,0,0
GUJARAT,Jamnagar,SKY SUN ENTERPRISE,skysunenterprise@gmail.com,9408931070,0,0
GUJARAT,Jamnagar,SKY RISE SOLAR,skyrisesolar@gmail.com,9328009285,0,0
GUJARAT,Jamnagar,SKY RENEWABLE,piush123.pp@gmail.com,9638166779,0,0
GUJARAT,Jamnagar,SKY POWER ENERGY,skypowerenergy03@gmail.com,8849719837,0,0
GUJARAT,Jamnagar,SKY POWER,skypowersvp@gmail.com,9723070267,0,0
GUJARAT,Jamnagar,SKY LARK SOLAR PRIVATE LIMITED,skylarksolar7@gmail.com,7016360083,0,0
GUJARAT,Jamnagar,SKY ENTERPRISE,skyenterprise.re@gmail.com,9428164222,0,0
GUJARAT,Jamnagar,SKY BLUE SOLAR PVT .LTD,Skybluesolarpvtltd@gmail.com,9104566242,0,0
GUJARAT,Jamnagar,SKY BLUE SOLAR,skybluesolar56@gmail.com,9824965349,0,0
GUJARAT,Jamnagar,SIYAVAR ENERGY,SIYAVARENERGY@GMAIL.COM,9773131455,0,0
GUJARAT,Jamnagar,SITARAM CORPORATION,sitaramcorporation2025@gmail.com,8141427041,0,0
GUJARAT,Jamnagar,SIGNAL AUTOMATION,solarservices1188@gmail.com,9978215636,0,0
GUJARAT,Jamnagar,SIGMA SUN ENERGY,info.sigmasunenergy@gmail.com,9726764498,0,0
GUJARAT,Jamnagar,SIGMA ENGINEERING,sigma_engg@yahoo.co.in,9825205934,0,0
GUJARAT,Jamnagar,SIDDHIVINAYAK ENGINEERING COMPANY,shreeganeshaquva@gmail.com,9904954348,0,0
GUJARAT,Jamnagar,SIDDHI ELECTRICAL ENGINEER AND CONTRACTOR,siddhielectrical77@gmail.com,9662061492,0,0
GUJARAT,Jamnagar,SHYAM SOLAR ENERGY,vschohla@GMAIL.COM,8140796593,0,0
GUJARAT,Jamnagar,SHRI SAI ELECTRICAL,rooftop@shrisaielectrical.co.in,6353970979,0,0
GUJARAT,Jamnagar,SHRI RAM SOLAR ENERGY LLP,admin@shriramsolarenergy.com,9712912421,0,0
GUJARAT,Jamnagar,SHRI MARUTI ENTERPRISE,tdoshi76@gmail.com,9428358150,0,0
GUJARAT,Jamnagar,SHRI KHODIYAR ENTERPRISE,shrikhodiyar1978@gmail.com,9727358029,0,0
GUJARAT,Jamnagar,SHRI KHATRI BATTERY SERVICE,khatribattery@gmail.com,9426029459,0,0
GUJARAT,Jamnagar,SHREYISHA ENGINEERING,shreyishaengineering@gmail.com,8460445802,0,0
GUJARAT,Jamnagar,SHREEMAD ENGINEERS,shreemadbg@gmail.com,9913721961,0,0
GUJARAT,Jamnagar,SHREEJI SOLAR SYSTEM,shreejisolars@gmail.com,9265296741,0,0
GUJARAT,Jamnagar,SHREEJI SOLAR SOLUTION,npparikh@hotmail.com,9879537250,0,0
GUJARAT,Jamnagar,SHREEJI SOLAR ENERGY SYSTEMS,snpatel2605@gmail.com,9712914272,0,0
GUJARAT,Jamnagar,SHREEJI SOLAR,info.shreejisolar@gmail.com,9904351125,0,0
GUJARAT,Jamnagar,SHREEJI SALES - KARAMSAD,shreejisales125@gmail.com,9586548051,0,0
GUJARAT,Jamnagar,SHREEJI POWER SOLUTIONS,shreejiss@yahoo.com,9824338633,0,0
GUJARAT,Jamnagar,SHREEJI MARKETING - TALOD,rajuksales@gmail.com,9974612008,0,0
GUJARAT,Jamnagar,SHREEJI GRIN SOLAR,shrijigreensolar@gmail.com,7203005770,0,0
GUJARAT,Jamnagar,SHREEJI ENTERPRISES - WADI,Sandipgandhi113@gmail.com,9825077605,0,0
GUJARAT,Jamnagar,SHREEJI ENTERPRISES - BHAYLI,shreejie1@gmail.com,9099710184,0,0
GUJARAT,Jamnagar,SHREEJI ENTERPRISE-SURAT,epc.solar@shreejiconstruction.com,9825108890,0,0
GUJARAT,Jamnagar,SHREEJI ENTERPRISE - MANJALPUR,shreejienergy844@gmail.com,7041803421,0,0
GUJARAT,Jamnagar,SHREEJI ENERGY SOLUTION,shreejienergysolution@gmail.com,8460595980,0,0
GUJARAT,Jamnagar,SHREEJI ELECTRICALS,shreejiele@gmail.com,9825089343,0,0
GUJARAT,Jamnagar,SHREEJI ELECTRICAL - ISANPUR,shreejielec312@yahoo.com,9408197081,0,0
GUJARAT,Jamnagar,SHREE VISHNU SALES AGENCY,shreevishnusalesagency@gmail.com,9825324608,0,0
GUJARAT,Jamnagar,SHREE UMIYA CORPORATION,shreeumiyacorp@gmail.com,8866731185,0,0
GUJARAT,Jamnagar,SHREE SOLAR VENTURE PVT LTD,shreesolarventure@gmail.com,9571211118,0,0
GUJARAT,Jamnagar,SHREE SOLAR POWER,nileshsorthiya2@gmail.com,9727620417,0,0
GUJARAT,Jamnagar,SHREE SOLAR,dinkarparekh1983@gmail.com,9104030777,0,0
GUJARAT,Jamnagar,SHREE SAI SOLAR,Hiteshrane37@gmail.com,9879268362,0,0
GUJARAT,Jamnagar,SHREE SAI ENTERPRISE,shreesaienterprise75@gmail.com,8128171111,0,0
GUJARAT,Jamnagar,SHREE RAM SOLAR,shreeramsolar12@gmail.com,9726671212,0,0
GUJARAT,Jamnagar,SHREE RADHE ELECTRICALS,shreeradhesolar24@gmail.com,9974842981,0,0
GUJARAT,Jamnagar,SHREE LALGHAR CORPORATION,shreelalgharcorporation@gmail.com,8200149120,0,0
GUJARAT,Jamnagar,SHREE KRISHNA SALES AND SERVICES,info@skss.co.in,9998990694,0,0
GUJARAT,Jamnagar,SHREE KRISHNA ENERGY,shreekrishna.energy@gmail.com,9979559334,0,0
GUJARAT,Jamnagar,SHREE KHODIYAR REFRIGERATION SALES AND SERVICE,shreekhodiyarref85@gmail.com,9825289293,0,0
GUJARAT,Jamnagar,SHREE HARI SOLAR,patelravit1@gmail.com,9819049759,0,0
GUJARAT,Jamnagar,SHREE HARI SALES & SERVICES,shreeharisales16@gmail.com,7698916121,0,0
GUJARAT,Jamnagar,SHREE HARGANGESHWAR WATER CARE,shreehargangeshwarenergy@gmail.com,8128362108,0,0
GUJARAT,Jamnagar,SHREE GOR SOLAR,shreegorsolar@gmail.com,6361983041,0,0
GUJARAT,Jamnagar,SHREE GAUTAM RENEWABLES AND CLEAN ENERGIES,shreegautam.energy@gmail.com,9408188809,0,0
GUJARAT,Jamnagar,SHREE GAJANAND SOLAR,gajanandsolar@gmail.com,8347972590,0,0
GUJARAT,Jamnagar,SHREE ENERGY SOLUTIONS,shreeenergysolution8@gmail.com,9904335293,0,0
GUJARAT,Jamnagar,SHREE CHAMUNDESHVARI TRADING,hareshdodiya75@gmail.com,9327523737,0,0
GUJARAT,Jamnagar,SHREE BRAHMANI ELECTRICALS,shreebrahmanisolar@gmail.com,9909995675,0,0
GUJARAT,Jamnagar,SHREE AMBIKA AGENCIES,niravambika@rediffmail.com,9426158047,0,0
GUJARAT,Jamnagar,SHOOLIN WATT PRIVATE LIMITED,shoolinwattpvtltd@gmail.com,9909967894,0,0
GUJARAT,Jamnagar,SHIVRON INDUSTRY,shivronind.contr@gmail.com,9925248752,0,0
GUJARAT,Jamnagar,SHIVIK ENTERPRISE,shivikenterprise@gmail.com,9512839262,0,0
GUJARAT,Jamnagar,SHIVHARDHA SHD PROJECTS,shivhardha@gmail.com,9898692603,0,0
GUJARAT,Jamnagar,SHIVDHARA SALES,shivdharasales8060@gmail.com,7433004040,0,0
GUJARAT,Jamnagar,SHIVAY SOLAR ENERGY PRIVATE LIMITED,sanjay1482@gmail.com,7490013700,0,0
GUJARAT,Jamnagar,SHIVAM PHOTOVOLTICS PVT LTD,tenders@spvpl.com,9426023829,0,0
GUJARAT,Jamnagar,SHIVAM ENTERPRISE,ERJAYPATHAK1@GMAIL.COM,9376099001,0,0
GUJARAT,Jamnagar,SHIVAM ENERGY TECH,shivamenergytech2023@gmail.com,9687001450,0,0
GUJARAT,Jamnagar,SHIVAM ELECTRICAL,kaushaldave2@gmail.com,9687575600,0,0
GUJARAT,Jamnagar,SHIVA SOLAR ENERGY,admin@shivasolarenergy.com,9624220197,0,0
GUJARAT,Jamnagar,SHIV TRADERS,shivtraders7233@gmail.com,9998820863,0,0
GUJARAT,Jamnagar,SHIV SALES AGENCY,ghadiyabhaisolar08@gmail.com,9428798679,0,0
GUJARAT,Jamnagar,SHIV ENTERPRISE,shiventerprisesolor@gmail.com,7600438578,0,0
GUJARAT,Jamnagar,SHINE SOLAR,shinesolar.marketing@gmail.com,7622023355,0,0
GUJARAT,Jamnagar,SHINE ENERGY SOLUTION,info@shineenergysolution.in,9687959342,0,0
GUJARAT,Jamnagar,SHAURYAM ENTERPRISE,shauryamsolarenterprise@gmail.com,9173645491,0,0
GUJARAT,Jamnagar,SHATRAS AGRI,shatrasagri@gmail.com,9714616040,0,0
GUJARAT,Jamnagar,SHARVA SOLAR,sharvasolar@gmail.com,9909449650,0,0
GUJARAT,Jamnagar,SHAKTI SOLAR SERVICE,ktptl52@gmail.com,9737854634,0,0
GUJARAT,Jamnagar,SHAKTI GREEN ENERGY SERVICES,shakti.green25@gmail.com,9898860648,0,0
GUJARAT,Jamnagar,SHAKTI ENTERPRISE,shaktienterprise082025@gmal.com,8511288555,0,0
GUJARAT,Jamnagar,SHAKTI ENTERPRISE,shaktienterprise0507@gmail.com,8866124840,0,0
GUJARAT,Jamnagar,SHAILEE PROJECTS PRIVATE LIMITED,shaileeprojects99@gmail.com,7600755058,0,0
GUJARAT,Jamnagar,SERVOTECH POWER SYSTEMS LIMITED,pmsuryaghar@servotechindia.com,9266918120,0,0
GUJARAT,Jamnagar,SCORP ENERGY PRIVATE LIMITED,mohit@scorpenergy.com,9925345121,0,0
GUJARAT,Jamnagar,SC SOLAR SOLUTION,info@scsolarsolution.in,8780378144,0,0
GUJARAT,Jamnagar,SAVIOR SOLAR ENERGY,saviorsolarenergy@outlook.com,8980517729,0,0
GUJARAT,Jamnagar,SAVEGRID ENERGY,savegridenergy@gmail.com,6355785758,0,0
GUJARAT,Jamnagar,SAVARIYA CORPORATION,savariyacorporation@gmail.com,9274166507,0,0
GUJARAT,Jamnagar,SAUR SOLAR SOLUTION LLP,piyushpatel1974@gmail.com,9909417258,0,0
GUJARAT,Jamnagar,SATYAY SOLAR,satyaysolar@gmail.com,9157716540,0,0
GUJARAT,Jamnagar,SATYASARA ENERGY PRIVATE LIMITED,satyasaraenergy@gmail.com,9909365808,0,0
GUJARAT,Jamnagar,SATYAM SOLAR,satyamsolar823@gmail.com,9227941770,0,0
GUJARAT,Jamnagar,SATYAM ELECTRICALS,satyamelectrical@yahoo.com,9824256257,0,0
GUJARAT,Jamnagar,SATYAKRISHNA LIGHTING,SATYAKRISHNALIGHTING@GMAIL.COM,9428369990,0,0
GUJARAT,Jamnagar,SATTVA ENERGIES,sattvaenergies@gmail.com,8401156604,0,0
GUJARAT,Jamnagar,SAT GREENTECH PRIVATE LIMITED,satgreentech25@gmail.com,8758957741,0,0
GUJARAT,Jamnagar,SARVAYOGAM SOLAR PRIVATE LIMITED,sarvayogamsolar@gmail.com,6356633355,0,0
GUJARAT,Jamnagar,SARVAYOGAM,sarvayogamgroup@gmail.com,9510356575,0,0
GUJARAT,Jamnagar,SARDAR SOLAR ENERGY PRIVATE LIMITED,sardarsolarenergypvtltd015@gmail.com,9664915598,0,0
GUJARAT,Jamnagar,SANTKRUPA ELECTRICALS,santkrupaelectricals19@gmail.com,8849254993,0,0
GUJARAT,Jamnagar,SANJAY SOLAR,sbheaters@gmail.com,7016893192,0,0
GUJARAT,Jamnagar,SANGANI ENTERPRISE,sanganienterprise1610@gmail.com,8347958992,0,0
GUJARAT,Jamnagar,SANGAM ELECTRONICS CO,info.sangamsolar@gmail.com,9825929552,0,0
GUJARAT,Jamnagar,SANELITE SOLAR PVT LTD,bhavesh.modi@sanelitesolar.com,9374021722,0,0
GUJARAT,Jamnagar,SAMRUDDH SOLAR,samruddhsolar1@gmail.com,7859827859,0,0
GUJARAT,Jamnagar,SAMAR SOLAR,samarsolar183@gmail.com,7046164346,0,0
GUJARAT,Jamnagar,SAMAR ENERGY SOLUTIONS,samarenergysolutions@gmail.com,9662727432,0,0
GUJARAT,Jamnagar,SAICAB TECH PVT LTD,info@saicabtech.com,8511130328,0,0
GUJARAT,Jamnagar,SAHJANAND ENTERPRISE,sahjanandeprise@gmail.com,9737671777,0,0
GUJARAT,Jamnagar,SAHAJ SOLAR PRIVATE LIMITED,bparmar@sahajsolar.com,7573006832,0,0
GUJARAT,Jamnagar,SAFVI ELECTRICALS SOLUTIONS,safvielectricalssolutions2013@gmail.com,9374754648,0,0
GUJARAT,Jamnagar,SAFFRON RENEWTECH,saffronrenewtech24@gmail.com,7600507557,0,0
GUJARAT,Jamnagar,SADGURU SOLAR SYSTEMS,sadgurusolarsystems@gmail.com,9687621666,0,0
GUJARAT,Jamnagar,SADGURU ELECTRICALS,sadguruelectricals23@gmail.com,9714715649,0,0
GUJARAT,Jamnagar,SAAN ELECTRICAL,saanelectrical@gmail.com,9033735490,0,0
GUJARAT,Jamnagar,S P MULTI ENGINEERING SERVICES,spmultiengineeringservices@gmail.com,9104556095,0,0
GUJARAT,Jamnagar,S MEERA ELECTRICALS,s.meeraelectricals@gmail.com,9328249939,0,0
GUJARAT,Jamnagar,S DIPAK AND CO,sdipaksolar@gmail.com,9898664858,0,0
GUJARAT,Jamnagar,RV INFOTECH,rvinfotech2020@gmail.com,8141560037,0,0
GUJARAT,Jamnagar,RUSHIKESH GREEN SOLAR POWER,rushikesh.green1@gmail.com,8160458563,0,0
GUJARAT,Jamnagar,RUDRASOL ENERGY PRIVATE LIMITED,rudrasolenergy@gmail.com,9408397604,0,0
GUJARAT,Jamnagar,RUDRAKSH ELECTRICALS,rudrakshelectricals4@gmail.com,6353460657,0,0
GUJARAT,Jamnagar,RUDRA SOLAR AND ELECTRICAL,rudrasolar2019@gmail.com,9510514672,0,0
GUJARAT,Jamnagar,RSV POWER ENGINEERING,rsv.power.engineering@gmail.com,9033590507,0,0
GUJARAT,Jamnagar,ROYAL ENTERPRISE,royalenterprise.vadodara@gmail.com,6352205345,0,0
GUJARAT,Jamnagar,RK RENEWABLE ENERGY & ENGINEERING WORKS,rkrenewable.engineering2020@gmail.com,9824961523,0,0
GUJARAT,Jamnagar,RITUDHAN SOLAR POWER,ritudhansolarpower@gmail.com,9879111390,0,0
GUJARAT,Jamnagar,RISING SUN ENERGY,risingsunenergy2018@gmail.com,7405303305,0,0
GUJARAT,Jamnagar,RISING GREEN ENERGY,rgesolar@gmail.com,9033119375,0,0
GUJARAT,Jamnagar,RISING ENERGY SOLUTIONS,risingenergy@yahoo.com,7990391839,0,0
GUJARAT,Jamnagar,RISHAV POWERTECH LLP,rishavpowertech@gmail.com,9898203470,0,0
GUJARAT,Jamnagar,RIMPLE CORPORATION LLP,rimpleco@gmail.com,6351076702,0,0
GUJARAT,Jamnagar,RIGHT POWER INFRA PVT LTD,darshana@right-infra.com,9898661067,0,0
GUJARAT,Jamnagar,RIA SOLAR,riasolar2021@gmail.com,8320210323,0,0
GUJARAT,Jamnagar,RIA POWER,riapower24@gmail.com,8758463929,0,0
GUJARAT,Jamnagar,RG SOLAR SOLUTIONS,info@rgsolarsolutions.com,7718719713,0,0
GUJARAT,Jamnagar,REVA RENEWABLES,revarenewables@gmail.com,6358844490,0,0
GUJARAT,Jamnagar,RESONAGE GREEN ENERGY PRIVATE LIMITED,rgepl2024gujarat@gmail.com,9879402000,0,0
GUJARAT,Jamnagar,RENEWZA ENERGY,renewzaenergy@gmail.com,8511148225,0,0
GUJARAT,Jamnagar,RENEWIX INNOVATIONS PVT LTD,hello@renewix.in,9998980947,0,0
GUJARAT,Jamnagar,RENEWABLE SUN SOLAR,renewablesunsolar@gmail.com,7600201198,0,0
GUJARAT,Jamnagar,RENEW ENERGIES,information.renew@gmail.com,7405507073,0,0
GUJARAT,Jamnagar,RENEVIK SOLAR SOLUTIONS PRIVATE LIMITED,sejal.c@vikasaryagroup.com,9327572645,0,0
GUJARAT,Jamnagar,RENEURJA ENERGY,reneurjaenergy@gmail.com,8460611110,0,0
GUJARAT,Jamnagar,RENESYS POWER SYSTEMS PRIVATE LIMITED,project@renesys.in,7069751110,0,0
GUJARAT,Jamnagar,RENAISSANCE CORPORATE SOLUTIONS PVT. LTD.,rcplsolar@gmail.com,9572032363,0,0
GUJARAT,Jamnagar,RELIGHT ENERGY LLP,relightenergy.info@gmail.com,8000194738,0,0
GUJARAT,Jamnagar,RELIABLE CONSULTING ENGINEERS,jaymin.fajalia@onlinerce.com,9327168907,0,0
GUJARAT,Jamnagar,REGAL ELECTRICALS,balochvikarali60@gmail.com,8141028100,0,0
GUJARAT,Jamnagar,REFLECTION SOLAR & ENERGY PRIVATE LIMITED,piyushraval.1984@gmail.com,9725019493,0,0
GUJARAT,Jamnagar,REFLECT SOLAR,reflect.solar.energy@gmail.com,9998419211,0,0
GUJARAT,Jamnagar,RECARE ELECTRICAL LLP,projects.recare@gmail.com,7600184425,0,0
GUJARAT,Jamnagar,REAL MULTIPLE SOLUTIONS,rmssolar.bhavnagar@rediffmail.com,9099722722,0,0
GUJARAT,Jamnagar,RE360,gogreen@re360.in,8258976667,0,0
GUJARAT,Jamnagar,RAYOLT ENERGY LLP,info@rayolt.com,9998745706,0,0
GUJARAT,Jamnagar,RAYCAL POWER INFRA PVT LTD,darshan@raycal.in,6358196472,0,0
GUJARAT,Jamnagar,RAY ENERGY,info.rayenergy@gmail.com,8401481453,0,0
GUJARAT,Jamnagar,RAVIJA ENTERPRISES,ravijaenterprises09@gmail.com,6356956938,0,0
GUJARAT,Jamnagar,RARA-AVIS RENEWABLE ENERGY PRIVATE LIMITED,info@raraavisenergy.com,7043374434,0,0
GUJARAT,Jamnagar,RAMESH POWER POINTS,rameshpowerpoint@gmail.com,9825225585,0,0
GUJARAT,Jamnagar,RAMAA SOLAR,ramaasolar@gmail.com,8866697632,0,0
GUJARAT,Jamnagar,RAJDEEP SOLAR ENERGY PVT. LTD.,dharmesh@rajdeepsolarnergy.com,9099089749,0,0
GUJARAT,Jamnagar,RAJAVI ELECTRICAL SERVICES,rajvielectricalservices@gmail.com,9723613718,0,0
GUJARAT,Jamnagar,RAJANJI ENTERPRISE,RAJANJI72.LV@GMAIL.COM,8849116749,0,0
GUJARAT,Jamnagar,RAJANI MOTORS,rajanimotors21@gmail.com,7227807262,0,0
GUJARAT,Jamnagar,RAJ ELECTRICALS,solar.rajelectricals@gmail.com,9998656539,0,0
GUJARAT,Jamnagar,RADIANT SOLAR SYSTEMS,bhargavec40@gmail.com,9408503198,0,0
GUJARAT,Jamnagar,RADIANT SOLAR ENERGY,info@radiantsolarenergy.co.in,9512337513,0,0
GUJARAT,Jamnagar,RADIANT INDIA,RADIANTINDIA007@GMAIL.COM,9163559963,0,0
GUJARAT,Jamnagar,RADHE ELECTRICAL,radheelectrical24@gmail.com,9601294783,0,0
GUJARAT,Jamnagar,RADHASWAMI CORPOPRATION,radhaswamicorporation1@gmail.com,9687607072,0,0
GUJARAT,Jamnagar,RABBIT ELECTRICAL AND SOLAR PVT. LTD.,respvtltd24@gmai.com,9727646420,0,0
GUJARAT,Jamnagar,RAASON ENERTECH LLP,info@raasonenertech.com,9624768483,0,0
GUJARAT,Jamnagar,R V SOLAR,rvsolarvijapur@gmail.com,9726801070,0,0
GUJARAT,Jamnagar,R N SALES CORPORATION,r.tech.2000@gmail.com,9574472134,0,0
GUJARAT,Jamnagar,R K ENTERPRICE,jayswal.ravi@ymail.com,9722252875,0,0
GUJARAT,Jamnagar,R K BHABHOR,rkbhabhor78@gmail.com,9909161378,0,0
GUJARAT,Jamnagar,R C ELECTRICALS,info@rcelectricals.in,9824757160,0,0
GUJARAT,Jamnagar,R B RENEWABLES LLP,info@brrenewables.com,9898985672,0,0
GUJARAT,Jamnagar,QORX ENERGY,qorxenergy1366@gmail.com,9904000629,0,0
GUJARAT,Jamnagar,PYRAMID PROJECTS,pyramidsolarindia@gmail.com,9726430137,0,0
GUJARAT,Jamnagar,PV RENEWABLES,keyurdudhat871@gmail.com,9714872871,0,0
GUJARAT,Jamnagar,PURNIMA SOLAR ENERGY,rpateldeesa@gmail.com,9824320856,0,0
GUJARAT,Jamnagar,PURMA ENERGY PVT LTD,purmaenergy@gmail.com,7069628193,0,0
GUJARAT,Jamnagar,PROTON POWER SERVICE,sprotonpower@gmail.com,9033765370,0,0
GUJARAT,Jamnagar,PROSTARM INFO SYSTEMS LIMITED,mktg.ahm@prostarm.com,9316466272,0,0
GUJARAT,Jamnagar,PROSPER ENTERPRISE,prosperenterprise07@gmail.com,9824420913,0,0
GUJARAT,Jamnagar,PROMECH SOLAR ENERGY,promechsolarenergy@gmail.com,9662026679,0,0
GUJARAT,Jamnagar,PRODES CONSULTING ENGINEERS PRIVATE LIMITED,rajiv.ranjan.prakash786@gmail.com,8690444556,0,0
GUJARAT,Jamnagar,PRIYANKA ENTERPRISE,enterpriseriya8002@gmail.com,9913032779,0,0
GUJARAT,Jamnagar,PRIVA ENTERPRISE,vickysheth1987@gmail.com,9825241949,0,0
GUJARAT,Jamnagar,PRISM ECOENERGIA PRIVATE LIMITED,info@prismecoenergia.com,9704710101,0,0
GUJARAT,Jamnagar,PRISHA CORPORATION,prishacorporation183@gmail.com,9825505023,0,0
GUJARAT,Jamnagar,PRINCE ELECTRICAL,princeelectrical20@gmail.com,8866507173,0,0
GUJARAT,Jamnagar,PRIME ENERGY,primeenergy321@gmail.com,9512022199,0,0
GUJARAT,Jamnagar,PRIDE SOLAR ENERGY LLP,Pridesolarenergyllp@outlook.com,9664975264,0,0
GUJARAT,Jamnagar,PRAYOSHAM SOLAR ENERGY,jayrajp880@gmail.com,9574242883,0,0
GUJARAT,Jamnagar,PRAYOSHA CORPORATION,prayoshacorporation.india@gmail.com,9825390162,0,0
GUJARAT,Jamnagar,PRATYUSH RENEWABLE ENERGY PRIVATE LIMITED,pratyushrenewables@gmail.com,8780737839,0,0
GUJARAT,Jamnagar,PRATIKSHA ENTERPRISE,pratikshaenterprise1006@gmail.com,8238516417,0,0
GUJARAT,Jamnagar,PRASHANT ENTERPRISE,prashantenterprise.solar@gmail.com,9409337000,0,0
GUJARAT,Jamnagar,PRANIL CORPORATION,riddhistart@yahoo.co.in,9825411575,0,0
GUJARAT,Jamnagar,PRANIK POWER INFRA PRIVATE LIMITED,solar.pranik@gmail.com,9925237347,0,0
GUJARAT,Jamnagar,PRAHAR SOLAR SOLUTIONS,info.praharsolar@gmail.com,9016360702,0,0
GUJARAT,Jamnagar,PRAGATI URZA PRIVATE LIMITED,pragatiurza@gmail.com,8347009697,0,0
GUJARAT,Jamnagar,PRAGATI ENTERPRISE,pragatienterprise1985@gmail.com,9825254567,0,0
GUJARAT,Jamnagar,POWERTRONICS TECHNOLOGY,powertronics1990@gmail.com,9974772070,0,0
GUJARAT,Jamnagar,POWERTECH ENGINEERS SURAT,sanatbarot@gmail.com,9377625242,0,0
GUJARAT,Jamnagar,POWERSOL,office@re.digital,9016681762,0,0
GUJARAT,Jamnagar,POWERON ELECTRICAL,poweron.electricalservice@gmail.com,7990528002,0,0
GUJARAT,Jamnagar,POWER TECH ENERGY SOLUTUIONS,epc@ptes.in,6357502081,0,0
GUJARAT,Jamnagar,POWER SYSTEM,powersystem2k11@gmail.com,9898068224,0,0
GUJARAT,Jamnagar,POWER RISE,powerrise16@gmail.com,8460145311,0,0
GUJARAT,Jamnagar,POWER PLUS ENERGY,powerplussolarenergy@gmail.com,9998183339,0,0
GUJARAT,Jamnagar,POWER PLUS,powerplusbhabhar@gmail.com,8128435584,0,0
GUJARAT,Jamnagar,POWER PACK SOLUTIONS,powerpacksolutions12195@gmail.com,9725787004,0,0
GUJARAT,Jamnagar,POWER GENESYS ENERGY SOLUTIONS PRIVATE LIMITED,subbu@powergenesys.com,8618279431,0,0
GUJARAT,Jamnagar,POOJA ELECTRICALS,PE9711@gmail.com,8758668166,0,0
GUJARAT,Jamnagar,POOJA ELECTRICALS,poojaelectrical21@gmail.com,7434034056,0,0
GUJARAT,Jamnagar,POINTER INSTRUMENTS SERVICES,pointer1729@gmail.com,9033543187,0,0
GUJARAT,Jamnagar,PLUGIN ELECTRICAL,info@pluginelectrical.in,9512020316,0,0
GUJARAT,Jamnagar,PHOTOVOLTAIC SOLAR,info@photovoltaicsolar.in,8866488000,0,0
GUJARAT,Jamnagar,PHOTONICS WATERTECH PRIVATE LIMITED,vasant@photonicslights.com,6353704460,0,0
GUJARAT,Jamnagar,PHOENIX RENEWABLE ENERGY,PHOENIXRE6@GMAIL.COM,9586110114,0,0
GUJARAT,Jamnagar,PHOENIX CREATIONS LIMITED,phoenixcreations2011@gmail.com,9978578599,0,0
GUJARAT,Jamnagar,PETLAD SOJITRA TALUKA SAURAURJA UTPADAK SAHKARI MANDALI LIMITED,pssumandali@gmail.com,8140968999,0,0
GUJARAT,Jamnagar,PEGASUS POWER AND INFRA LLP,info@pegasusllp.com,8160259454,0,0
GUJARAT,Jamnagar,PEAKSUN ENERGY PRIVATE LIMITED,info@peaksunenergy.co.in,7486089901,0,0
GUJARAT,Jamnagar,PAVAN ENERGY,pavanenergy1209@gmail.com,7016265112,0,0
GUJARAT,Jamnagar,PATEL JOYATABHAI GALABHAI,pateljoytabhai1134@gmail.com,9724674544,0,0
GUJARAT,Jamnagar,PATEL GREEN ENERGY SALES AND SERVICE,patelgreenenergyinfo@gmail.com,9427412983,0,0
GUJARAT,Jamnagar,PATEL ELECTRONICS,hardikpatelelec@gmail.com,9377767508,0,0
GUJARAT,Jamnagar,PATEL ELECTRICALS,info.patelelectricals@gmail.com,9998896555,0,0
GUJARAT,Jamnagar,PASHAVA ENERGY PRIVATE LIMITED,pashavaenergy@yahoo.com,9909904332,0,0
GUJARAT,Jamnagar,PARTHKUMAR VIKRAMBHAI KAMANIYA,kpv2322@gmail.com,9313098584,0,0
GUJARAT,Jamnagar,PARTH SALES,parthsalessolar@gmail.com,9712426671,0,0
GUJARAT,Jamnagar,PAROT RENEWABLES LIMITED,gn@parotrenewables.com,9274692942,0,0
GUJARAT,Jamnagar,PARMAR ENTERPRISE,parmarenterprise2024@gmail.com,9574944345,0,0
GUJARAT,Jamnagar,PARK SHELDRAKE,parksheldrake@gmail.com,7862991878,0,0
GUJARAT,Jamnagar,PARISHRAM INFOENERGY,parishraminfoenergy@gmail.com,9909433132,0,0
GUJARAT,Jamnagar,PARESH S. VAIDYA,parvaidya2012@gmail.com,9879529203,0,0
GUJARAT,Jamnagar,PARAS TECHNOCRAT PVT. LTD,info@parastechnocrat.in,7621983131,0,0
GUJARAT,Jamnagar,PANCHAMRUT ENTERPRISE,panchamrut2019@gmail.com,7016103662,0,0
GUJARAT,Jamnagar,PAHAL SOLAR EPC LLP,avinash@pahalsolar.com,9512323223,0,0
GUJARAT,Jamnagar,P.M.BAROT GREEN ENERGY,jaybarotkdbm@gmail.com,9327129667,0,0
GUJARAT,Jamnagar,P V ENERGY,pvenergy999@gmail.com,9924195999,0,0
GUJARAT,Jamnagar,P C LINK ENTERPRISE,pclinkenterprise@gmail.com,8238053941,0,0
GUJARAT,Jamnagar,P AND N ENGINEERING AND MARKETING,pandnsolarenergy@gmail.com,7622023251,0,0
GUJARAT,Jamnagar,ORTEX CORPORATION,ortexcorporation@gmail.com,9276103457,0,0
GUJARAT,Jamnagar,OORJA ELECTRIC,oorjaforeveryone@gmail.com,9067598727,0,0
GUJARAT,Jamnagar,ONETIME SOLAR SYSTEM,onetimesolarsystem@gmail.com,9925296957,0,0
GUJARAT,Jamnagar,OMKARA INFOTECH,omkarinfotechlakhani@gmail.com,9428847854,0,0
GUJARAT,Jamnagar,OMEGA POWER,omegapower2018@gmail.com,7990226349,0,0
GUJARAT,Jamnagar,OMEGA ELECTRICALS,omele452@gmail.com,9979888452,0,0
GUJARAT,Jamnagar,OM SOLAR,VIPULKUMARPATEL43@YAHOO.IN,9714384884,0,0
GUJARAT,Jamnagar,OM SHANTI SOLAR GROUP,omshantisolar@gmail.com,8530122612,0,0
GUJARAT,Jamnagar,OM SHANTI MACHINERIES EXIM,grandosolar@gmail.com,9824868078,0,0
GUJARAT,Jamnagar,OM SALES ENTERPRISE,rahul.redrenbardoli@gmail.com,9428631515,0,0
GUJARAT,Jamnagar,OM ELECTRICALS,jaydratsinhzala09@gmail.com,9265589234,0,0
GUJARAT,Jamnagar,ODHAV ENTERPRISE,odhaventerpriseindia@gmail.com,9033231303,0,0
GUJARAT,Jamnagar,OCTA ENTERPRISE,octaenterprise7@gmail.com,8469023543,0,0
GUJARAT,Jamnagar,OCEANIC POWER ENGINEERS PRIVATE LIMITED,oceanicpower.in@gmail.com,7778065600,0,0
GUJARAT,Jamnagar,NYALKARAN RENEWABLE ENERGY,nyalkaranrenewableenergy@gmail.com,9998473073,0,0
GUJARAT,Jamnagar,NVVP GREEN ENERGY PRIVATE LIMITED,nvvpgreenepl@gmail.com,9979941234,0,0
GUJARAT,Jamnagar,NUJUM INDUSTRIES PRIVATE LIMITED,thenujum@gmail.com,9375188422,0,0
GUJARAT,Jamnagar,NU SOLAR INFRACON PRIVATE LIMITED,nu.solar.infracon@gmail.com,9033181196,0,0
GUJARAT,Jamnagar,NRS SOLAR SOLUTION,info.nrssolarsolution@gmail.com,8488953026,0,0
GUJARAT,Jamnagar,NP RENEWABLE ENERGY,nprenewableenergy@gmail.com,7016917174,0,0
GUJARAT,Jamnagar,NP ELECTRICALS,info@npelectricals.co.in,9824144945,0,0
GUJARAT,Jamnagar,NORTHGREEN ENERGY PVT LTD,solar@northgreenenergy.com,9099931707,0,0
GUJARAT,Jamnagar,NJ ELECTRICALS,njelectricals.21@gmail.com,9886309619,0,0
GUJARAT,Jamnagar,NISHRAY SOLAR,mkshahexport@gmail.com,9825409639,0,0
GUJARAT,Jamnagar,NIRAJ TRADERS,nirajtraders@yahoo.com,9825030321,0,0
GUJARAT,Jamnagar,NINE TECH AUTOMATION,ninetechautomation09@gmail.com,9313375388,0,0
GUJARAT,Jamnagar,NIL ENGINEERING,nil.engineering@yahoo.com,9228387183,0,0
GUJARAT,Jamnagar,NIDHI ELECTRICALS,thakkarumang82@gmail.com,9409322020,0,0
GUJARAT,Jamnagar,NEWYORK ENGINEERING CO.,akashenergysolar@gmail.com,9824206059,0,0
GUJARAT,Jamnagar,NEW RESEARCH TECHNOLOGY,nrtsolar@gmail.com,9427809253,0,0
GUJARAT,Jamnagar,NES ENERGY SOLUTIONS,info.nesenergy@gmail.com,9825071551,0,0
GUJARAT,Jamnagar,NEOTERIX SOLUTION PVT. LTD.,neoterixsolutions@gmail.com,9414010579,0,0
GUJARAT,Jamnagar,NEOCENT SOLAR SYSTEM LLP,m.neocent@gmail.com,9974710486,0,0
GUJARAT,Jamnagar,NEETY EURO ASIA SOLAR ENERGY,falgun@nease.in,9909595442,0,0
GUJARAT,Jamnagar,NEELKANTHESHWAR SOLAR ENERGY,neelkantheshwarsolarenergy@gmail.com,8460048549,0,0
GUJARAT,Jamnagar,NAYRA ELECTRONICS,info.nayraelectronics@gmail.com,9054244430,0,0
GUJARAT,Jamnagar,NAVKAR POWER SOLUTIONS,contact@navkarpower.co.in,9879613334,0,0
GUJARAT,Jamnagar,NAVI ENERGY,contact@navienergy.in,9979435742,0,0
GUJARAT,Jamnagar,NATURE CARE ADVISORS,naturecare.gujarat@gmail.com,8469991098,0,0
GUJARAT,Jamnagar,NAMAH SOLAR ENERGY,namahsolar@gmail.com,6351500821,0,0
GUJARAT,Jamnagar,NAKSHATRA INFOSYS,nakshatrainfosys178@gmail.com,9909697193,0,0
GUJARAT,Jamnagar,NAKSH POWER,bhumikarana1989@gmail.com,8141113593,0,0
GUJARAT,Jamnagar,N J ENERGY,nj.energy9@gmail.com,7487022943,0,0
GUJARAT,Jamnagar,MS SOLAR SPARK,mssolarspark7@gmail.com,9825590311,0,0
GUJARAT,Jamnagar,MS SOLAR,shersiyamujahid@gmail.com,9725097291,0,0
GUJARAT,Jamnagar,MOVA GREEN ENERGY,movagreenenergy1112@gmail.com,7778033298,0,0
GUJARAT,Jamnagar,MOTHER ELECTRICALS,motherelectricals@yahoo.com,8128105018,0,0
GUJARAT,Jamnagar,MNS GLOBAL ENGINEERING AND SERVICES,mnsglobalengineeringservices@gmail.com,9727207075,0,0
GUJARAT,Jamnagar,MK ENTERPRISE,mkenterprise061@gmail.com,8780069239,0,0
GUJARAT,Jamnagar,MK ELECTRICALS,digant.shah10@gmail.com,9825349554,0,0
GUJARAT,Jamnagar,MK ELECTRICAL AND CO,mkelectrical.co@gmail.com,8866525483,0,0
GUJARAT,Jamnagar,MJR INDUSTRIES PRIVATE LIMITED,mjrindustriespvtltd@gmail.com,9426998993,0,0
GUJARAT,Jamnagar,MITTALS GREEN ENERGY PRIVATE LIMITED,info@mittalsgreenenergy.com,8053004999,0,0
GUJARAT,Jamnagar,MITRAY ENGINEERING,mitray.engineering@gmail.com,7621895796,0,0
GUJARAT,Jamnagar,MITCON CONSULTANCY AND ENGINEERING SERVICES LTD,tendercell@mitconindia.com,7447420680,0,0
GUJARAT,Jamnagar,MICROVISE SOLUTIONS,info@microviseindia.com,7778092462,0,0
GUJARAT,Jamnagar,MH POWER SYSTEM,info.mhpowersystem@gmail.com,9016581006,0,0
GUJARAT,Jamnagar,MFINS SERVICES PVT. LTD.,vidya@m-fins.in,8356843342,0,0
GUJARAT,Jamnagar,MESHWA ENTERPRISE,meshwaelectricals@gmail.com,9574409148,0,0
GUJARAT,Jamnagar,MERIDIAN INTERNATIONAL,ghetiya.ashish@gmail.com,7990847552,0,0
GUJARAT,Jamnagar,MEKTECH SOLUTION,mektechsolution@gmail.com,7984595405,0,0
GUJARAT,Jamnagar,MEHUL ELECTRIC,fivestarsolar2025@gmail.com,7984547908,0,0
GUJARAT,Jamnagar,MEERASUN ENERGY,meerasunenergy@gmail.com,9016680239,0,0
GUJARAT,Jamnagar,MEERA SUN ENERGIES,info@meerasunenergies.com,8200447359,0,0
GUJARAT,Jamnagar,MEENA SOLAR,ripalsonpal@gmail.com,8408944904,0,0
GUJARAT,Jamnagar,MECPOWER SOLUTIONS LIMITED,tender@mecpower.in,9328911577,0,0
GUJARAT,Jamnagar,MEAN RAYS RENEWABLE POWER PRIVATE LIMITED,sales.meanrays@gmail.com,9898251352,0,0
GUJARAT,Jamnagar,MD ENERGIES,mdenergies01@gmail.com,9099260004,0,0
GUJARAT,Jamnagar,MBTION ENGINEERING,mbtionengineering@gmail.com,8320565108,0,0
GUJARAT,Jamnagar,MAXIFLUENCE TECHNOVATE LLP,info@maxifluencetechnovate.com,9662298809,0,0
GUJARAT,Jamnagar,MATRIX ENTERPRISE,matrixsolar41@gmail.com,8905314234,0,0
GUJARAT,Jamnagar,MATCH ELECTRONICS AND EXPORT,matchsolarenergy@gmail.com,9879538585,0,0
GUJARAT,Jamnagar,MARUTI SOLAR PUMP SYSTEM,patelsandip0226@gmail.com,9426849250,0,0
GUJARAT,Jamnagar,MARUTI ENTERPRISE,marutienterprise148@gmail.com,7698803938,0,0
GUJARAT,Jamnagar,MARUTI ENTERPRISE,maruti.enterprise0915@hotmail.com,8866239646,0,0
GUJARAT,Jamnagar,MARUTI ENERGY,marutienrgy@gmail.com,9033408939,0,0
GUJARAT,Jamnagar,MANYAH ENERGY PVTLTD,manyahenergy@gmail.com,9925065224,0,0
GUJARAT,Jamnagar,MANTRA SOLAR SOLUTIONS,MantraSolarSolutions@gmail.com,7016462899,0,0
GUJARAT,Jamnagar,MANGROLIYA NIKUNJ J.,nikunjmangroliya54@gmail.com,8866685082,0,0
GUJARAT,Jamnagar,MANAN SOLAR,manansolar2022@gmail.com,9714352719,0,0
GUJARAT,Jamnagar,MAKE INSIDE SOLUTIONS,info@makeinside.co.in,9898302030,0,0
GUJARAT,Jamnagar,MAHEK SOLAR POWER,mahek.tech1@gmail.com,9925805953,0,0
GUJARAT,Jamnagar,MAHAVEER ENTRPRISE,me.solarmaster@gmail.com,7878647771,0,0
GUJARAT,Jamnagar,MAHALAXMI ELECTRICALS - AHEMDABAD,mahalaxmi.electricals_07@yahoo.com,8238914975,0,0
GUJARAT,Jamnagar,MAHAKALI POWER,mahakalipower9252@gmail.com,9687209519,0,0
GUJARAT,Jamnagar,MAHADEV SOLAR ENTERPRISE,mahadevsolar2526@gmail.com,8758610449,0,0
GUJARAT,Jamnagar,MAHADEV SALES AGENCY,mahadevsolarproject@gmail.com,7393939139,0,0
GUJARAT,Jamnagar,MAGLARE TECHNOLOGIES PVT.LTD.,info@maglare.com,8460183838,0,0
GUJARAT,Jamnagar,MADYSON ELECTRICAL,madyson.electrical41@gmail.com,9998864567,0,0
GUJARAT,Jamnagar,MADHULI CORPORATION,madhulicorporation@gmail.com,9904990630,0,0
GUJARAT,Jamnagar,MADHAV GREEN ENERGY,madhavgreene@gmail.com,9408102358,0,0
GUJARAT,Jamnagar,MADHAV ENTERPRISE,madhavsolarshop@gmail.com,7990485674,0,0
GUJARAT,Jamnagar,MADHAV ENERGY SOLUTION,info.madhavenergy@gmail.com,9408354018,0,0
GUJARAT,Jamnagar,MADHAV ELECTRICAL,madhavelectrical23@gmail.com,9426755766,0,0
GUJARAT,Jamnagar,MAA MOGAL ENTERPRISE,maamogale1999@gmail.com,8401237990,0,0
GUJARAT,Jamnagar,M SUN ENERGY,msunenergy30@gmail.com,9104145599,0,0
GUJARAT,Jamnagar,M R ENTERPRISE,mrenterprisesolar@gmail.com,9924370232,0,0
GUJARAT,Jamnagar,M M PARMAR,sunlightenergy09@outlook.com,9227092099,0,0
GUJARAT,Jamnagar,M AND S ELECTRICALS AND TECHNICAL SERVICES,mselect.technical@gmail.com,7359128003,0,0
GUJARAT,Jamnagar,M AND P POWER SOLUTIONS,mnppowersolutions2021@gmail.com,9537006733,0,0
GUJARAT,Jamnagar,LUCRATIVE ENERGY PRIVATE LIMITED,lucrativein24@gmail.com,9408152427,0,0
GUJARAT,Jamnagar,LUCIDUS ENERGY PRIVATE LIMITED,lucidusenergy21@gmail.com,9327990722,0,0
GUJARAT,Jamnagar,LOGICTECH SOLAR AND AUTOMATION PVT LTD,logictechsolar@gmail.com,9429580846,0,0
GUJARAT,Jamnagar,LOBEL SOLAR POWER SYSTEM,info@lobelpower.com,9327007854,0,0
GUJARAT,Jamnagar,LIPO TECHNOLOGY PRIVATE LIMITED,kalpesh@lipotechnology.in,9722266550,0,0
GUJARAT,Jamnagar,LIGHTRIC POWER SOLUTION,lightricpower@gmail.com,6355768984,0,0
GUJARAT,Jamnagar,LIFE MAGIC MARVELL STORE PRIVATE LIMITED,lifemagicmarvel@gmail.com,9098698493,0,0
GUJARAT,Jamnagar,LEEJI SOLAR ENERGY,info@leejisolar.com,8320711788,0,0
GUJARAT,Jamnagar,LED LIGHT HOUSE,ledlighthouse161921@gmail.com,9624132754,0,0
GUJARAT,Jamnagar,LA CARTE RETAILERS PVT LTD,lacarte09@gmail.com,9909920700,0,0
GUJARAT,Jamnagar,L L ELECTRICALS,llelect89@yahoo.com,9879078908,0,0
GUJARAT,Jamnagar,L G ELECTRICALS,lgelectricals29@gmail.com,9825949200,0,0
GUJARAT,Jamnagar,KUTCH SOLAR AND EV,kutchsolarev@gmail.com,9725436751,0,0
GUJARAT,Jamnagar,KUNTHU CONSULTANTS PVT LTD,neelesh@kunthusolar.com,7405992700,0,0
GUJARAT,Jamnagar,KSHETRAPAL GREEN ENERGY,kshetrapalgreenenergy@gmail.com,7874098869,0,0
GUJARAT,Jamnagar,KRIVI ENERGY PRIVATE LIMITED,solar@krivienergy.com,9326275972,0,0
GUJARAT,Jamnagar,KRIVA TECHNOLOGIES,krivasolartechnologies@gmail.com,7227074480,0,0
GUJARAT,Jamnagar,KRITA GREEN ENERGY,admin@kritagreenenergy.in,9824998266,0,0
GUJARAT,Jamnagar,KRISHNA ENTERPRISE,krishnaenterprise4568@gmail.com,9712658209,0,0
GUJARAT,Jamnagar,KRISHIVA INNOVATIVES,info@krishivainnovatives.com,9409435861,0,0
GUJARAT,Jamnagar,KRISHA SOLAR SOLUTIONS,acctkrishasolar@gmail.com,7622919575,0,0
GUJARAT,Jamnagar,KREYA ENTERPRISES,kreyaentp@gmail.com,6359233332,0,0
GUJARAT,Jamnagar,KP GREEN ENGINEERING LIMITED,imam.syed@kpgroup.co,9104677596,0,0
GUJARAT,Jamnagar,KP GREEN ENERGY,kpgreenenergy46@gmail.com,7048370774,0,0
GUJARAT,Jamnagar,KOTSON PROJECTS PRIVATE LIMITED,kotsonprojects@gmail.com,9978909595,0,0
GUJARAT,Jamnagar,KOTHIYA ELECTRIC CONTRACTOR,kothiyaelectric@gmail.com,9913212056,0,0
GUJARAT,Jamnagar,KOMAL ELECTRIC,chetanramprasadi@gmail.com,9825047503,0,0
GUJARAT,Jamnagar,KK SOLAR TECHNOLOGY,kksolartechnology@gmail.com,9586118331,0,0
GUJARAT,Jamnagar,KK ENTERPRISE,LATHIYA410@GMAIL.COM,9925590208,0,0
GUJARAT,Jamnagar,KITE SOLAR ENERGY,kitesolarenergy@gmail.com,6352523489,0,0
GUJARAT,Jamnagar,KIRAN SOLAR TECH PT. LT,info@kiransolartech.com,9800932333,0,0
GUJARAT,Jamnagar,KHUSHI SOLAR,khushisolar13.info@gmail.com,7600094866,0,0
GUJARAT,Jamnagar,KHUSHI IRRIGATION AND SOLAR,khushi.irrigationandsolar@gmail.com,9638370303,0,0
GUJARAT,Jamnagar,KHODIYAR ELECTRICAL,khodiyarelectrical9199@gmail.com,6355714181,0,0
GUJARAT,Jamnagar,KHODAL CORPORATION,khodalcorporation10@gmail.com,9974129558,0,0
GUJARAT,Jamnagar,KHANAK SYSTEM,khanaksystem@yahoo.com,9824751581,0,0
GUJARAT,Jamnagar,KASTBHANJAN SOLAR,kastbhanjansolar@gmail.com,9099863647,0,0
GUJARAT,Jamnagar,KASHYAP INFRAPROJECTS PVT. LTD.,info@kashyap.in,9898031010,0,0
GUJARAT,Jamnagar,KARM ENTERPRISE,KARMSOLAR24@GMAIL.COM,9586363071,0,0
GUJARAT,Jamnagar,KANHA ENTERPRISE,kanhaenterprise4161@gmail.com,6355636703,0,0
GUJARAT,Jamnagar,KALPTARU RENEWABLE POWER PVT LTD,support@kalptaru.co,7600780720,0,0
GUJARAT,Jamnagar,KAIZEN UNIVERSAL PRIVATE LIMITED,ketan@kaizen.in,9825119674,0,0
GUJARAT,Jamnagar,KAIZEN NOW,kaizennowahd@gmail.com,9978985558,0,0
GUJARAT,Jamnagar,KAIZEN ENERGY,info.kaizenenergy@gmail.com,8347424158,0,0
GUJARAT,Jamnagar,KAGI RENEWABLE ENERGY,info.kagirenew@gmail.com,8401935902,0,0
GUJARAT,Jamnagar,KAASHIVA POWER INNOVATIONS PVT LTD,nikunjprajapati@kaashiva.com,7227854857,0,0
GUJARAT,Jamnagar,KAARVI GREEN ENERGY,kaarvienergy01@gmail.com,9824094291,0,0
GUJARAT,Jamnagar,K T ELECTRICALS,ktthakkar567@gmail.com,8905168423,0,0
GUJARAT,Jamnagar,K K SOLAR SOLUTIONS,kksolarsolutions@gmail.com,9537279900,0,0
GUJARAT,Jamnagar,JUPISOL POWER INDIA PRIVATE LIMITED,spatel@jupisolpower.com,9879284007,0,0
GUJARAT,Jamnagar,JOYSTICK BIO HEALTH,jstvalsad@gmail.com,9714163052,0,0
GUJARAT,Jamnagar,JJV CORPORATION,info@jjvcorporation.in,9016987377,0,0
GUJARAT,Jamnagar,JIGS ELECTRICAL,jigselectrical@gmail.com,9979129392,0,0
GUJARAT,Jamnagar,JIGAR SYSTEM TECHNOLOGY,jigar@jigarsystems.com,9511768710,0,0
GUJARAT,Jamnagar,JD SOLAR,jdsolar5005@gmail.com,9157590905,0,0
GUJARAT,Jamnagar,JD INFRA ENERGY PRIVATE LIMITED,jdinfraenergy0725@gmail.com,9714061118,0,0
GUJARAT,Jamnagar,JAYVEER ELECTRICAL PRIVATE LIMITED,jayveerelectrical@gmail.com,9601679621,0,0
GUJARAT,Jamnagar,JAYKAMAL ENERGY,JAYKAMAL.ENERGY@GMAIL.COM,9726862780,0,0
GUJARAT,Jamnagar,JAYDEV ENERGY,jaydevenergy83@gmail.com,9824885237,0,0
GUJARAT,Jamnagar,JAY KHODIYAR IMPEX,pareshramoliya310@gmail.com,9537164431,0,0
GUJARAT,Jamnagar,JAY ELECTRICALS,jayelec2021@gmail.com,9427261002,0,0
GUJARAT,Jamnagar,JAY DADA SOLAR,jaydadasolar@gmail.com,6353659868,0,0
GUJARAT,Jamnagar,JAY AMBE ELECTRICALS,jayambeelectricals091@gmail.com,6355252020,0,0
GUJARAT,Jamnagar,JANGID SOLAR ENERGY PVT LTD,info@jsepl.in,6358931609,0,0
GUJARAT,Jamnagar,JALESHWAR GREEN ENERGY,info.jaleshwargreen@gmail.com,8140023662,0,0
GUJARAT,Jamnagar,JALARK SOLAR SOLUTIONS OPC PVT LTD,infojalark@gmail.com,9426661857,0,0
GUJARAT,Jamnagar,JAISHANAVI SOLAR,rishikeshthakkar@gmail.com,9974143899,0,0
GUJARAT,Jamnagar,JAIMAX SUNBIM PVT LTD,jaimaxsunbim@gmail.com,8980024055,0,0
GUJARAT,Jamnagar,JAI INDUSTRIES,jaielectronic@yahoo.com,9828104233,0,0
GUJARAT,Jamnagar,JAGRUTI TRADERS,jagrutitraders.solar@gmail.com,8980498030,0,0
GUJARAT,Jamnagar,JAGDAMBA TRADERS,jagdambatraders.padra@gmail.com,7284841054,0,0
GUJARAT,Jamnagar,JAGDAMBA ENTERPRISE,adarshrajput542@gmail.com,9316321978,0,0
GUJARAT,Jamnagar,JAFFINS ENTERPRISE,solarbhavnagar@gmail.com,9375465252,0,0
GUJARAT,Jamnagar,JAAC TECHNO SERVICES PVT LTD,Jwalant.raval@jaacservice.com,9824000545,0,0
GUJARAT,Jamnagar,J S COMPANY,jscompany9@gmail.com,7990307424,0,0
GUJARAT,Jamnagar,J D ELECTRICAL AND TRADING,jdelectrical26@gmail.com,8320397049,0,0
GUJARAT,Jamnagar,J B POWER SOLAR,jbpowersolar@gmail.com,9173390835,0,0
GUJARAT,Jamnagar,IZZY ENERGY SOLUTION,izzyenergysolution@gmail.com,9909236062,0,0
GUJARAT,Jamnagar,ISHITA ENGINEERING,ishitaengineering13@gmail.com,8866649177,0,0
GUJARAT,Jamnagar,ISHA SALES,ishasolar027@gmail.com,9824739373,0,0
GUJARAT,Jamnagar,INSTANT TECHNOLOGY,info@instantgroup.live,8200782232,0,0
GUJARAT,Jamnagar,INSTANT ELECTRIC SERVICES,instantelectricservices@gmail.com,9909415407,0,0
GUJARAT,Jamnagar,INRAYS TECHNOLOGY,inraystechnology@gmail.com,9898878734,0,0
GUJARAT,Jamnagar,INQILAB ENGINEERING PRIVATE LIMITED,inqilabengineering@gmail.com,9099598998,0,0
GUJARAT,Jamnagar,INFLUX SOLAR SOLUTIONS,influxsolarsolution@gmail.com,6352563582,0,0
GUJARAT,Jamnagar,INFINITY SOLAR - SURAT,infinity.solar01@gmail.com,8866860686,0,0
GUJARAT,Jamnagar,INFINITY RENEWABLE ENERGY,anand.infinityrenewableenergy@gmail.com,9913784000,0,0
GUJARAT,Jamnagar,INFINITY POWER,infinitypower1026@gmail.com,8758875751,0,0
GUJARAT,Jamnagar,INFINITE URJA LLP,info@infiniteurja.in,8000049380,0,0
GUJARAT,Jamnagar,INFINITE ENERGY ANS TECHNOLOGY,planning@infiniteenergy.co.in,9099971778,0,0
GUJARAT,Jamnagar,IMPULSE SYSTEM,info@impulsesystem.in,9426471057,0,0
GUJARAT,Jamnagar,IMMIX SOLUTION,immixsolution@gmail.com,9265493249,0,0
GUJARAT,Jamnagar,IMAGINE POWERTREE PRIVATE LIMITED,imagine.powertree@gmail.com,9586121111,0,0
GUJARAT,Jamnagar,IDEAL ELECTRICAL,idealelectric7@gmail.com,9638324167,0,0
GUJARAT,Jamnagar,ICONIC SOLAR ENERGY,iconicsolarenergy26@gmail.com,7698504095,0,0
GUJARAT,Jamnagar,ICON ENERGY,info@iconenergy.in,9909999162,0,0
GUJARAT,Jamnagar,I-TECH STORE,info.itechsolar@gmail.com,9879603933,0,0
GUJARAT,Jamnagar,I SQUARE SOLAR,work.srbudheliya@gmail.com,9722272775,0,0
GUJARAT,Jamnagar,I CARE ENGINEERING,icareengr@gmail.com,9978920284,0,0
GUJARAT,Jamnagar,HYSUN SOLAR PRIVATE LIMITED,prajapatiomaram62@gmail.com,7573999961,0,0
GUJARAT,Jamnagar,HORIZON POWER SOLUTIONS,horizonpowersolutions2024@gmail.com,9909009525,0,0
GUJARAT,Jamnagar,HIYASHA SOLAR SYSTEMS LLP,hiyashasolarsystems@gmail.com,9727097250,0,0
GUJARAT,Jamnagar,HIYA ELECTRO ENGINEERS,hiyaelectroengineers@gmail.com,8128672333,0,0
GUJARAT,Jamnagar,HITECH SOLAR,jayesh@hitechsolar.in,7600059073,0,0
GUJARAT,Jamnagar,HIREN HARESHBHAI KASHIPARA,hirenkashiparacorpo@gmail.com,8469977709,0,0
GUJARAT,Jamnagar,HIRANYA,chintan6310@gmail.com,9909009425,0,0
GUJARAT,Jamnagar,HIPANAX ENERGY,hipanaxenergy@outlook.com,9727063026,0,0
GUJARAT,Jamnagar,HINDUSTAN SOLAR AND POWER PACK,hindustansolar86@gmail.com,7016087359,0,0
GUJARAT,Jamnagar,HIMSON ENERGY,himson.energy@gmail.com,9825242728,0,0
GUJARAT,Jamnagar,HILL LIGHTING,rndungrani@gmail.com,9328385858,0,0
GUJARAT,Jamnagar,HI TECH SOLAR SOLUTION,hitechsolarsolu@gmail.com,8140535380,0,0
GUJARAT,Jamnagar,HI TECH ENERGY,hitechenergy17@gmail.com,9924388540,0,0
GUJARAT,Jamnagar,HET CONSULTANCY,hetconsultancy01@gmail.com,9586618784,0,0
GUJARAT,Jamnagar,HEMALI ELECTRICALS,hemali_elect@rocketmail.com,9979874161,0,0
GUJARAT,Jamnagar,HELIOPATH SOLAR TECHNOLOGIES,enquiry.heliopath@gmail.com,8238664332,0,0
GUJARAT,Jamnagar,HEER SOLAR ENERGY,heersolarenergy@gmail.com,9427063399,0,0
GUJARAT,Jamnagar,HAVTON INDIA,ravivarmora0803@gmail.com,9265496953,0,0
GUJARAT,Jamnagar,HATKESH ENGINEERING,hatkeshengineering@gmail.com,9898105579,0,0
GUJARAT,Jamnagar,HARSH ENTERPRISE,harshenterprise.ele@gmail.com,9586703597,0,0
GUJARAT,Jamnagar,HARSH COMMUNICATION,harshcomm.solar@gmail.com,9137373727,0,0
GUJARAT,Jamnagar,HARISH ENGINEERING WORKS,harish.engg91@gmail.com,9428618859,0,0
GUJARAT,Jamnagar,HARIPRIY INDUSTRIES,haripriyindustries@gmail.com,9725022146,0,0
GUJARAT,Jamnagar,HARIOM ENGINEERING,hariomsolarbotad@gmail.com,8140771766,0,0
GUJARAT,Jamnagar,HARIOM ELECTRICS,manoj.patiwala.in@gmail.com,8140438508,0,0
GUJARAT,Jamnagar,HARI INFRA PROJECTS,info@hariindia.in,9998037067,0,0
GUJARAT,Jamnagar,HAPPY ENTERPRISE,divyeshchavda007@gmail.com,9510887781,0,0
GUJARAT,Jamnagar,HANU ENTERPRISE,hanuenterprise2023@gmail.com,9067322910,0,0
GUJARAT,Jamnagar,HADAF GREEN ENERGY PRIVATE LIMITED,hadafgreenenergy@gmail.com,8320986239,0,0
GUJARAT,Jamnagar,H.K ENERGY,hkenergy001@gmail.com,9586401312,0,0
GUJARAT,Jamnagar,H S ENTERPRISE,hiralpatel3031@gmail.com,9773257603,0,0
GUJARAT,Jamnagar,H K SOLAR ENERGY,hkenergy16@gmail.com,9714516576,0,0
GUJARAT,Jamnagar,H AND S ENGINEERING,HSENGINEERING9698@GMAIL.COM,8980818699,0,0
GUJARAT,Jamnagar,H & M COMPANY,info@hmcompany.in,9157768561,0,0
GUJARAT,Jamnagar,GWE INFRA PROJECTS PRIVATE LIMITED,dhaval.gwe@gmail.com,9726198989,0,0
GUJARAT,Jamnagar,GURUKRUPA SOLAR AND AGRO INDUSTRIES,vishal@vishal-group.com,9328854525,0,0
GUJARAT,Jamnagar,GURUKRUPA ENTERPRISE,gurukrupaenterprise.head9@gmail.com,8320627280,0,0
GUJARAT,Jamnagar,GURU RENEWABLE,gururenewable@gmail.com,9687672620,0,0
GUJARAT,Jamnagar,GUJARAT SOLAR ENERGY,gujaratsolarenergy010@gmail.com,9898472919,0,0
GUJARAT,Jamnagar,GSL ENERGY,gslenergy09@gmail.com,8320945187,0,0
GUJARAT,Jamnagar,GROWW SOLAR ENERGY,growwsolarenergy8@gmail.com,7874707545,0,0
GUJARAT,Jamnagar,GROWSUN RENEWABLE LLP,info.growsunrenewablellp@gmail.com,9925590193,0,0
GUJARAT,Jamnagar,GROW ENERGY SOLAR SOLUTION,growenergysolarsolution@gmail.com,7778999695,0,0
GUJARAT,Jamnagar,GROW EARTH RENEWABLE TECHNOLOGIES,divyesh@growearthsolar.com,9104495364,0,0
GUJARAT,Jamnagar,GRIDSOL ENERGY,GRIDSOLENERGY@GMAIL.COM,9724634747,0,0
GUJARAT,Jamnagar,GREYANAS INDUSTRIES PRIVATE LIMITED,greyanassolar@gmail.com,9408715033,0,0
GUJARAT,Jamnagar,GREENNETIC RENEWABLE PRIVATE LIMITED,sales.greenneticrenewable@gmail.com,8320563819,0,0
GUJARAT,Jamnagar,GREENLEAF SOLAR ENERGY,info.greenleaf1@gmail.com,9313945225,0,0
GUJARAT,Jamnagar,GREENLAND,greenlandsolar.np@gmail.com,9825545043,0,0
GUJARAT,Jamnagar,GREENLAND,greenlandsolar.projects@gmail.com,9825545043,0,0
GUJARAT,Jamnagar,GREENEXCEL ENERGY SOLUTION PVT LTD,info@greenexcelenergy.com,9898949719,0,0
GUJARAT,Jamnagar,GREENERGY SOLAR SOLUTIONS,greenergysolarsolutions26@gmail.com,9409215712,0,0
GUJARAT,Jamnagar,GREENERGEE,greenergee@vikasaryagroup.com,9374635103,0,0
GUJARAT,Jamnagar,GREENCUBE ENERGIES PRIVATE LIMITED,nirankush@gcepl.in,9106836019,0,0
GUJARAT,Jamnagar,GREENBRILLIANCE RENEWABLE ENERGY LLP,jay.patel@gbreenergy.com,9879611302,0,0
GUJARAT,Jamnagar,GREENARCH SOLAR PRIVATE LIMITED,greenarchsolar@gmail.com,9879262766,0,0
GUJARAT,Jamnagar,GREEN WATT SOLAR ENERGY,greenwattsolarenergy2022@gmail.com,9898383910,0,0
GUJARAT,Jamnagar,GREEN SUN ENERGY,teamgreensun@gmail.com,9274525232,0,0
GUJARAT,Jamnagar,GREEN SOLAR ENERGY ENTERPRISES,greensolar.ahmedabad@gmail.com,9712909823,0,0
GUJARAT,Jamnagar,GREEN POWER SOLUTION,darjihardik777@gmail.com,8141216635,0,0
GUJARAT,Jamnagar,GREEN POWER ENERGY,info.greenenergy07@gmail.com,8780002027,0,0
GUJARAT,Jamnagar,GREEN LIGHT ENERGY,glenergy2024@gmail.com,9998754265,0,0
GUJARAT,Jamnagar,GREEN IMPAQ SOLAR ENERGY,greenimpaqsolarenergypm@mail.com,9974414600,0,0
GUJARAT,Jamnagar,GREEN EVER SYSTEMS PRIVATE LIMITED,greeneversystems@gmail.com,8866167111,0,0
GUJARAT,Jamnagar,GREEN ENERGY SOLAR,ges.solar24@gmail.com,8866993164,0,0
GUJARAT,Jamnagar,GREAT SOLUTION,greatsolution07@gmail.com,9924131317,0,0
GUJARAT,Jamnagar,GRACE OF THE SUN ENERGY,gotssolar@gmail.com,8320258395,0,0
GUJARAT,Jamnagar,GOVINDJI POWER,priyankvaghani86@gmail.com,9726643435,0,0
GUJARAT,Jamnagar,GOPI TECHNOLOGIES,epc@gopitechnologies.com,8866077344,0,0
GUJARAT,Jamnagar,GOPAL ENTERPRISE,gokulbharvad@gmail.com,9727756664,0,0
GUJARAT,Jamnagar,GOLDI SOLAR PRIVATE LIMITED,info@goldisolar.com,7211134134,0,0
GUJARAT,Jamnagar,GITANJALI DEVELOPERS,dhavalparmar.dp39@gmail.com,8200332871,0,0
GUJARAT,Jamnagar,GIMS ENERGY PRIVATE LIMITED (FORMERLY KNOWN AS GUPTA INDUSTRIAL MAINTENANCE SERVICES PVT.LTD),yash@gimsindia.com,9879806111,0,0
GUJARAT,Jamnagar,GHANSHYAM SOLAR ENERGY,ghanshyam.solar.energy@gmail.com,9510734317,0,0
GUJARAT,Jamnagar,GHANPRIYA ENERGY SOLUTION PRIVATE LIMITED,subsidy@ghanpriyaenergy.com,9958676060,0,0
GUJARAT,Jamnagar,GESTIC SELICON ENERGY,shivammourya0987@gmail.com,9157621253,0,0
GUJARAT,Jamnagar,GENESIS ELECTRICAL,genesiselectricalindia@gmail.com,8200480623,0,0
GUJARAT,Jamnagar,GEER AGRO WORKS,geeragro@gmail.com,9898799789,0,0
GUJARAT,Jamnagar,GAYATRI SOLAR ENERGY,info@gayatrisolarenergy.com,8866778940,0,0
GUJARAT,Jamnagar,GARUDA POWER,garudapower26@gmail.com,9016555765,0,0
GUJARAT,Jamnagar,GANESH GREEN BHARAT LIMITED,sales@ganeshgreen.com,9519518951,0,0
GUJARAT,Jamnagar,GANESH CORPORATION,ganeshcorporation3003@gmail.com,9979856236,0,0
GUJARAT,Jamnagar,GALO ENERGY PRIVATE LIMITED,info@galo.co.in,9773988289,0,0
GUJARAT,Jamnagar,GALAXY ENTERPRISE,galaxyenterprise265@gmail.com,9998017765,0,0
GUJARAT,Jamnagar,GALAXY ENERGY SOLUTION,galaxyenergysolution@protonmail.com,9428158678,0,0
GUJARAT,Jamnagar,GAJGATI STEEL AND ENERGY PVT LTD.,sales@gajgati.com,7990480061,0,0
GUJARAT,Jamnagar,FRIENDLY FOOTPRINTS LLP,infosolar.ff@gmail.com,7874833399,0,0
GUJARAT,Jamnagar,FRELIT ENERGY PRIVATE LIMITED,frelitenergy@gmail.com,9512700130,0,0
GUJARAT,Jamnagar,FOURCELL ENERGY PRIVATE LIMITED,fourcellenergy@gmail.com,9377776564,0,0
GUJARAT,Jamnagar,FORTUNE TECHNOLOGIST,fortunetechnologist@gmail.com,9427597246,0,0
GUJARAT,Jamnagar,FOREXT GREEN ENERGY PRIVATE LIMITED,Forextgreen@gmail.com,9227145384,0,0
GUJARAT,Jamnagar,FLORIAN VENTURE PVT.LTD.,florianventurepvt.ltd@gmail.com,9081684444,0,0
GUJARAT,Jamnagar,FATHUN RENEWABLE ENERGY (FORMERLY KNOWN AS KENVUE ENERGY),fathunrenewable@gmail.com,9898589612,0,0
GUJARAT,Jamnagar,FASTRISE ENTERPRISE PRIVATE LIMITED,FASTRISEENTERPRISE@GMAIL.COM,7862079768,0,0
GUJARAT,Jamnagar,F Z ENERGY,info@fzenergy.in,9227153030,0,0
GUJARAT,Jamnagar,F SOLAR ROOFTOP,fsolarrooftop@gmail.com,8469525856,0,0
GUJARAT,Jamnagar,EXPERT POWER SOLUTION,info.expertpowersolution@gmail.com,8780287091,0,0
GUJARAT,Jamnagar,EXIDE INDUSTRIES LIMITED,pramit.mukherjee@exide.co.in,6291226448,0,0
GUJARAT,Jamnagar,EWC SOLAR PRIVITED LIMITED (FORMERLY KNOWN AS ENERGY POWER SYSTEMS),ewcsolarpvtltd@gmail.com,8141150688,0,0
GUJARAT,Jamnagar,EWALK ENERGY,info.ewalkenergy@gmail.com,9054927675,0,0
GUJARAT,Jamnagar,EWAA SOLAR TECHNOLOGY PRIVATE LIMITED,info@ewaasolartech.com,6356008400,0,0
GUJARAT,Jamnagar,EVITUS ENERGY SOLUTIONS,evitusenergysolutions@gmail.com,8156006133,0,0
GUJARAT,Jamnagar,EVERSHINE ENERGY,contact@evershineenergy.com,8460167441,0,0
GUJARAT,Jamnagar,EVERGREEN RENEWABLE TECHNOLOGIES,ashishpanchal888@gmail.com,7359743295,0,0
GUJARAT,Jamnagar,EVAANTA ENERGY,info@evaantaenergy.com,9712326261,0,0
GUJARAT,Jamnagar,EUROLITE SOLAR,harshil.patel@euroliteindia.com,7490007847,0,0
GUJARAT,Jamnagar,EURO PREMIUM SOLAR SYSTEM (INDIA) PRIVATE LIMITED,info@europremiumsolar.com,7622023253,0,0
GUJARAT,Jamnagar,ETERNAL SOLAR ENERGY,hiren.p.rathod@gmail.com,9879203040,0,0
GUJARAT,Jamnagar,ETECH ENERGY,admin@etechenergy.com,9328509877,0,0
GUJARAT,Jamnagar,ENWATECH SOLUTION PVT.LTD,enwatechsolutionpvtltd@gmail.com,9427269089,0,0
GUJARAT,Jamnagar,ENERZYTECH INDUSTRIES PRIVATE LIMITED,deep.bhojani@enerzytech.com,9727139999,0,0
GUJARAT,Jamnagar,ENERSOL SOLUTIONS LLP,karan@enersol.co.in,7069555533,0,0
GUJARAT,Jamnagar,ENERGY O & M SERVICES PVT LTD,dhirajsummit@gmail.com,9512775551,0,0
GUJARAT,Jamnagar,ENERGETIC SOLAR,energeticsolar03@gmail.com,9537137427,0,0
GUJARAT,Jamnagar,EMISSIONS FREE WORLD PVT LTD,emissionsfreeworld@gmail.com,8320097477,0,0
GUJARAT,Jamnagar,EMERALD ENTERPRISE,emerald.vadodara@outlook.com,9173591485,0,0
GUJARAT,Jamnagar,EMDERS ENTERPRISE,info.emders@gmail.com,7016614013,0,0
GUJARAT,Jamnagar,ELLENCE ENERGY LLP,dhaval@ellenceenergy.com,9054073345,0,0
GUJARAT,Jamnagar,ELECTROMECH DEVICES MANUFACTURING COMPANY,edmc.rpr@gmail.com,7000189225,0,0
GUJARAT,Jamnagar,EFARM INTERNATIONAL PRIVATE LIMITED,info@efarmenergy.com,9723610012,0,0
GUJARAT,Jamnagar,EE ELECTRIC CO,eelectricrjt@gmail.com,9825309907,0,0
GUJARAT,Jamnagar,ECOWATT ENERGY,ecowattenergy18@gmail.com,9978638437,0,0
GUJARAT,Jamnagar,ECOVIBE RENEWTECH ENERGY,ecoviberenewtechenergy@gmail.com,8401168101,0,0
GUJARAT,Jamnagar,ECOLUX SOLAR,ecoluxsolar007@gmail.com,8980088806,0,0
GUJARAT,Jamnagar,ECLIPTIC SOLAR,davevishalkumar@gmail.com,9825023276,0,0
GUJARAT,Jamnagar,EARTHWAVE TECHNOLOGY PRIVATE LIMITED,EARTHWAVETECHNOLOGY@GMAIL.COM,9426373334,0,0
GUJARAT,Jamnagar,EARTH SOLAR ENERGY,EARTHSOLARE@GMAIL.COM,8200115874,0,0
GUJARAT,Jamnagar,EARTH SOLAR,earthsollar@gmail.com,9879911777,0,0
GUJARAT,Jamnagar,E-POWER SOLAR ENERGY,epowerenergyinfo@gmail.com,9484784798,0,0
GUJARAT,Jamnagar,DWARKESH SOLAR ENERGY,nileshchavda1881@gmail.com,8000799990,0,0
GUJARAT,Jamnagar,DUDANI RENEWABLES LLP,dudanirenewables@gmail.com,9429744710,0,0
GUJARAT,Jamnagar,DREAM MART,dreammart108@gmail.com,9099975489,0,0
GUJARAT,Jamnagar,DRAYS ENERGY SOLUTIONS,draysenergy@gmail.com,7802893258,0,0
GUJARAT,Jamnagar,DRASHTI LIGHT CARE,drashti3411@gmail.com,9825430097,0,0
GUJARAT,Jamnagar,DIWAKAR SOLAR ENTERPRISE,info.diwakarsolar@gmail.com,9104746612,0,0
GUJARAT,Jamnagar,DIVY SOLAR TECHNOLOGY,divysolartechnology@gmail.com,9978551782,0,0
GUJARAT,Jamnagar,DIVU ENTERPRISE,divuenterprise2023@gmail.com,7383114133,0,0
GUJARAT,Jamnagar,DIVINE SOLAR ENERGY,divinesolarenergy33@gmail.com,7069853208,0,0
GUJARAT,Jamnagar,DIVINE ENERGY,divineenergy42@gmail.com,6354051676,0,0
GUJARAT,Jamnagar,DIVINE BATTERY,divinesukam@gmail.com,9879246681,0,0
GUJARAT,Jamnagar,DINESHBHAI CHATURBHAI NANDANA,nandanadinesh62@gmail.com,6351782902,0,0
GUJARAT,Jamnagar,DIMAN SOLAR PVT LTD (FORMERLY KNOWN AS DIMAN OVERSEAS PVT LTD),info@dimansolar.com,9909928959,0,0
GUJARAT,Jamnagar,DIGI SOLAR ENERGY,digisolarenergy@gmail.com,9687818686,0,0
GUJARAT,Jamnagar,DHWANIL LIGHT ZONE,patelrikin3054@gmail.com,9409505790,0,0
GUJARAT,Jamnagar,DHVANI ENERGY,dhvanisolar@gmail.com,9537928064,0,0
GUJARAT,Jamnagar,DHRUVIN ELECTRICALS,kirtipatel86665@gmail.com,9974814614,0,0
GUJARAT,Jamnagar,DHRUVA ENTERPRISE,dhruvaenterprise123@gmail.com,9978124597,0,0
GUJARAT,Jamnagar,DHRUV ENTERPRISE,dhruv.enterprise@aol.com,9825123335,0,0
GUJARAT,Jamnagar,DHM SOLAR POWER PVT LTD,dhmsolarpower@gmail.com,8980508730,0,0
GUJARAT,Jamnagar,DHARMANANDAN SOLAR ENERGY,mayurdhariyaparmar@gmail.com,9016367556,0,0
GUJARAT,Jamnagar,DEVDEEP ELECTRICALS,devdeepelectricals@gmail.com,9726879009,0,0
GUJARAT,Jamnagar,DEVASYAM ENTERPRISE LLP,abpatel4318@gmail.com,9106684467,0,0
GUJARAT,Jamnagar,DEV ELECTRICALS,develectricals2024@gmail.com,9974821967,0,0
GUJARAT,Jamnagar,DESIGNLUX PRIVATE LIMITED,info@designlux.in,9825868523,0,0
GUJARAT,Jamnagar,DESAI'S SOLAR ENERGY,desaisolarenergy@gmail.com,9429021070,0,0
GUJARAT,Jamnagar,DELUXE ENTERPRISE,infodeluxeenterprise@gmail.com,9429040663,0,0
GUJARAT,Jamnagar,DELTA SOLAR ENERGY,deltasolarenergy1@gmail.com,9427539663,0,0
GUJARAT,Jamnagar,DELTA ELECTRICALS,deltaelectricals2020@gmail.com,9714645604,0,0
GUJARAT,Jamnagar,DELICATE SOLAR PRIVATE LIMITED,gabanijemish3@gmail.com,8238340836,0,0
GUJARAT,Jamnagar,DEK AND MAVERICKS GREEN ENERGY LIMITED,lalji.goltar@dmgel.in,8780289470,0,0
GUJARAT,Jamnagar,DAY LIGHT SOLAR ENRGY,daylightsolarahm@gmail.com,8401605515,0,0
GUJARAT,Jamnagar,D.K. & CO.,dkandcompanyrajkot@gmail.com,9925008040,0,0
GUJARAT,Jamnagar,D.J.SOLAR & GENERAL,djsolar111@gmail.com,8401183303,0,0
GUJARAT,Jamnagar,D-LIGHT SOLAR ENERGY LLP,epc@dlightsolarenergy.in,9898511535,0,0
GUJARAT,Jamnagar,D SUN SOLAR,dsunsolar429@gmail.com,9904131777,0,0
GUJARAT,Jamnagar,D S POWER SOLUTION,vipulas094@gmail.com,9106304356,0,0
GUJARAT,Jamnagar,CYMENS ENTERPRISE,jaymakwana2062@gmail.com,9157133330,0,0
GUJARAT,Jamnagar,CYBRID INFRATECH PRIVATE LIMITED,DEEPAK@CYBRIDINFRA.COM,9925299942,0,0
GUJARAT,Jamnagar,CYBRIA SOLUTIONS,jagdish@cybriasolutions.com,9925026091,0,0
GUJARAT,Jamnagar,CROMPTON GREAVES CONSUMER ELECTRICALS LIMITED,solar.rooftop@crompton.co.in,9599589665,0,0
GUJARAT,Jamnagar,CREST ENERGY SOLUTIONS,crestenergysolutions@gmail.com,9327415839,0,0
GUJARAT,Jamnagar,CREASUN ENERGY,creasunenergy25@gmail.com,9624120591,0,0
GUJARAT,Jamnagar,COSMIC SOLAR EPC PVT LTD,cosmicsolarepc@gmail.com,7984721299,0,0
GUJARAT,Jamnagar,COSMIC POWER TECH,cosmicpowertech@gmail.com,9313720672,0,0
GUJARAT,Jamnagar,CONNECT POWER PRIVATE LIMITED,hannan@connect-power.in,9898195122,0,0
GUJARAT,Jamnagar,CONCEPT SOLAR ENERGY,conceptsolarenergy21@gmail.com,9662414865,0,0
GUJARAT,Jamnagar,COMPUTER SHOP,pradeep_deputy@yahoo.com,7043402514,0,0
GUJARAT,Jamnagar,COMPASS ENERGIES,abhishek@compassenergies.in,9974458840,0,0
GUJARAT,Jamnagar,COMET EVSOL,cometevsol@gmail.com,8780440726,0,0
GUJARAT,Jamnagar,CMPLUS QUALITY SERVICES PRIVATE LIMITED,chandramauli_india@yahoo.com,9868881112,0,0
GUJARAT,Jamnagar,CHUDASAMA TEMUBHA BALVANTSINH,adityasolar1987@gmail.com,8200459492,0,0
GUJARAT,Jamnagar,CHEMITEX EXPORTS PVT LTD,shrijichem@hotmail.com,9099940535,0,0
GUJARAT,Jamnagar,CHEHAR ENERGY,cheharenergy@gmail.com,9998077796,0,0
GUJARAT,Jamnagar,CHARLES SOLAR POWER ENERGY,charlessolarpowerenergy1990@gmail.com,7016170076,0,0
GUJARAT,Jamnagar,CHALAKNESI ENERGY,CHALAKNESHIENERGY@GMAIL.COM,9408539887,0,0
GUJARAT,Jamnagar,CEYONE SOLAR,ceyonesolar@gmail.com,7567091000,0,0
GUJARAT,Jamnagar,CER ROOFTOP PVT LTD,susanta.hota@cer-inc.com,8586971731,0,0
GUJARAT,Jamnagar,CELESTRA SOLAR PVT LTD,info@celestrasolar.com,9998805002,0,0
GUJARAT,Jamnagar,CELESTIAL RENEWABLE ENERGY,celestialrenewableenergy@gmail.com,9099033033,0,0
GUJARAT,Jamnagar,C J ENTERPRISE,cjenterprise93@gmail.com,9429670026,0,0
GUJARAT,Jamnagar,BURAK ENERGY,burakenergy7@gmail.com,9173110729,0,0
GUJARAT,Jamnagar,BSN ELECTRICS PRIVATE LIMITED,bsnelectrics162018@gmail.com,9925249658,0,0
GUJARAT,Jamnagar,BSAFAL RENEWABLE ENERGIES PVT LTD,nita.maru@bsrepl.com,9723706665,0,0
GUJARAT,Jamnagar,BRIHASPATHI TECHNOLOGIES PVT LTD,ramu@brihaspathi.com,9989999197,0,0
GUJARAT,Jamnagar,BRIGHT SUN SOLAR SOLUTIONS,brightsun2029@gmai.com,9033398401,0,0
GUJARAT,Jamnagar,BRAHMANI ELECTRICS,brahmanielectrics1987@gmail.com,9429758674,0,0
GUJARAT,Jamnagar,BRAHMADIP ENTERPRISE,brahmadip.solar@yahoo.com,9427230047,0,0
GUJARAT,Jamnagar,BOND SOLAR,bondsolar9@gmail.com,9998118505,0,0
GUJARAT,Jamnagar,BLUTH SERVICES LLP,contact@bluthservices.com,8630697093,0,0
GUJARAT,Jamnagar,BK GROUP & ASSOCIATES,irfansama2704@gmail.com,9879933662,0,0
GUJARAT,Jamnagar,BILIPATRA ENTERPRISE,prajapatijalpesh24@gmail.com,9427928892,0,0
GUJARAT,Jamnagar,BHUMI POLYMERS PRIVATE LIMITED (FORMERLY KNOWN AS BHUMI POLYMERS PRIVATE LIMITES),solar@bhumipolymers.com,9099084938,0,0
GUJARAT,Jamnagar,BHUMI GREEN POWER,bhumigreenpower@gmail.com,9824956161,0,0
GUJARAT,Jamnagar,BHSQUARE SOLAR INSTALLATION SERVICES,harshwork2422@gmail.com,9909431526,0,0
GUJARAT,Jamnagar,BHAVI URJA,bhaviurja@gmail.com,9377359007,0,0
GUJARAT,Jamnagar,BHAVI SOLAR AND ELECTRICALS,chaudharid04@gmail.com,9099754254,0,0
GUJARAT,Jamnagar,BHAVANI ELECTRICALS,beplpatan@gmail.com,9824014075,0,0
GUJARAT,Jamnagar,BHASKAR SOLAR ENTERPRISE,info.bhaskarsolar@gmail.com,8980451231,0,0
GUJARAT,Jamnagar,BHASKAR RAY ENERGY,bhaskarray018@gmail.com,9426975552,0,0
GUJARAT,Jamnagar,BHARTI SOLAR,bhartisolar1@gmail.com,8160804583,0,0
GUJARAT,Jamnagar,BHANU SOLAR ROOFTOP,info@bhanusolar.co.in,7600240535,0,0
GUJARAT,Jamnagar,BHAKTINANDAN POWER PVTLTD,bhaktinandanpower@gmail.com,9724031529,0,0
GUJARAT,Jamnagar,BHAGWATI ELECTRICALS,bhagwatielectricals99091@gmail.com,7990883575,0,0
GUJARAT,Jamnagar,BHAGVATI SOLAR POWER,info@bhagvatisolarpower.com,7770007502,0,0
GUJARAT,Jamnagar,BHAGAT SOLAR ENERGY,bhujbhagatsolarenergy@gmail.com,9930432027,0,0
GUJARAT,Jamnagar,BESIGNATURE SOLAR ENERGY PVT.LTD,signaturesolar975@gmail.com,7265996001,0,0
GUJARAT,Jamnagar,BELIEVER RENEWAL ENERGY,bre.solar20@gmail.com,7434972242,0,0
GUJARAT,Jamnagar,BELIEVE TECH ENERGY SERVICES,infobtes@gmail.com,9499631316,0,0
GUJARAT,Jamnagar,BEACON ELECTROTECH LLP,info@beaconelectrotech.com,8460314011,0,0
GUJARAT,Jamnagar,BAPA SITARAM RENEWABLE ENERGY,BSREVADODARA@GMAIL.COM,9925557878,0,0
GUJARAT,Jamnagar,BANAS POWER,banaspower2020@gmail.com,9998418825,0,0
GUJARAT,Jamnagar,BALA SOLAR,balasolar@yahoo.com,9879188034,0,0
GUJARAT,Jamnagar,BAHUBALI CONSTRUCTION,pintudabhi626@gmail.com,8490005005,0,0
GUJARAT,Jamnagar,AZOLE POWER,azolepower9998@gmail.com,9998743101,0,0
GUJARAT,Jamnagar,AYKKA TECHNOVISION PRIVATE LIMITED,aykka@outlook.in,9586508907,0,0
GUJARAT,Jamnagar,AYAN SOLAR ENERGY,ayansolar25@gmail.com,7623886775,0,0
GUJARAT,Jamnagar,AWAAS SEWA PRIVATE LIMITED,ADMIN@AWAAS.IN,9099189893,0,0
GUJARAT,Jamnagar,AVINYA POWER SOLUTION,avinyapowersolution@gmail.com,9099317212,0,0
GUJARAT,Jamnagar,AVI APPLIANCES PVT. LTD.,design01@avi-products.com,9913759764,0,0
GUJARAT,Jamnagar,AVEE ENERGY,dhavalpatel1973@yahoo.in,9898233244,0,0
GUJARAT,Jamnagar,AVATAR SOLAR PVT LTD,bharat@avatarsolar.com,9687055273,0,0
GUJARAT,Jamnagar,AVANTA,info@avantasolar.com,9586355511,0,0
GUJARAT,Jamnagar,AUTO FORGE ENGINEERS,autoforge2300@gmail.com,9925237321,0,0
GUJARAT,Jamnagar,ATRI ENERGY,atrienergy@gmail.com,7622838008,0,0
GUJARAT,Jamnagar,ATLAS MATRIX PVT LTD,atlassolar01@gmail.com,9016955068,0,0
GUJARAT,Jamnagar,ASV ENERGY SOLUTIONS,vikas30.asv@gmail.com,7879064335,0,0
GUJARAT,Jamnagar,ASTHA ENTERPRISE,asthaenterprise8010@gmail.com,9925668010,0,0
GUJARAT,Jamnagar,ASHISH ELECTROMECH,ashishelectromech@gmail.com,9426048587,0,0
GUJARAT,Jamnagar,ASHAPURA SOLAR POWER,ashapurasolarpower2025@gmail.com,7778095905,0,0
GUJARAT,Jamnagar,ASCENT ENERGY,ascentenergys@gmail.com,8799447675,0,0
GUJARAT,Jamnagar,ARRAYCOM INDIA LIMITED,solar@arraycom.co.in,9909941004,0,0
GUJARAT,Jamnagar,ARRAY ENERGY SOLUTION,ceo.arrayenergysolution@gmail.com,9979898440,0,0
GUJARAT,Jamnagar,ARKURJA INNOVATIONS PRIVATE LIMITED,arkurjarenewables@gmail.com,7383188631,0,0
GUJARAT,Jamnagar,ARKTEC RENEWABLE ENERGY LLP,arktecrenewableenergy@gmail.com,8160038659,0,0
GUJARAT,Jamnagar,ARK SOLAR ENERGY SOLUTIONS,arksolarenergy3@gmail.com,7874463444,0,0
GUJARAT,Jamnagar,ARJUN ENTERPRISE,arjunenter2013@gmail.com,8780886508,0,0
GUJARAT,Jamnagar,ARJAN SOLAR,info@arjansolar.com,9638064824,0,0
GUJARAT,Jamnagar,ARETE ELECTROPOWER PVT LTD,projects@arelectropower.com,9099940283,0,0
GUJARAT,Jamnagar,ARENA AUTOMATION,arenaautomationb@gmail.com,9904018887,0,0
GUJARAT,Jamnagar,ARCHER RENEWABLE PRIVATE LIMITED,info@archersolar.in,8000041003,0,0
GUJARAT,Jamnagar,ARBUDA SOLAR,manan.chaudhari@hotmail.com,9638732097,0,0
GUJARAT,Jamnagar,AQUILINE ENERGY SOLUTION,aquilineenergysolution@gmail.com,7016762587,0,0
GUJARAT,Jamnagar,AQUA AIR ENVIRONMENTAL ENGINEERS PVT LTD,aquasolarsurat@gmail.com,9898068808,0,0
GUJARAT,Jamnagar,APOLLO SOLAR POWER,dhavalsavani@icloud.com,9099006748,0,0
GUJARAT,Jamnagar,APOLLO GREEN ENEGRY,apollogreenenergy2024@gmail.com,9825249415,0,0
GUJARAT,Jamnagar,APN SOLAR ENERGY PVT LTD,nationalportal@apnsolar.com,9702034043,0,0
GUJARAT,Jamnagar,ANUPAM SMART ENERGY SOLAR,anupamsmartenergy@gmail.com,9601719818,0,0
GUJARAT,Jamnagar,ANK SOLAR ENERGY,anksolarenergy@gmail.com,9724816510,0,0
GUJARAT,Jamnagar,ANGEL SOLTECH,angelsoltech@gmail.com,8511029776,0,0
GUJARAT,Jamnagar,ANANYA SOLAR ENTERPRISE,ananyasolarenterprise@gmail.com,9537638499,0,0
GUJARAT,Jamnagar,ANANYA RENEWABLE ENERGY LLP,energy.ananyarenewable@gmail.com,9327003360,0,0
GUJARAT,Jamnagar,ANANY URJA PRIVATE LIMITED,ananyurjapvtltd@outlook.com,8866442477,0,0
GUJARAT,Jamnagar,ANANY URJA,ananyurja@outlook.com,8866442477,0,0
GUJARAT,Jamnagar,ANANT SOLAR,anantsolar4242@gmail.com,8401714242,0,0
GUJARAT,Jamnagar,ANANT ENERGY,anantenergy1910@gmai.com,9773476431,0,0
GUJARAT,Jamnagar,ANAND AND ANAND ASSOCIATES,yogeshanandk@gmail.com,9426546256,0,0
GUJARAT,Jamnagar,AMUL ENTERPRISE,amulenterprise92@gmail.com,9898618448,0,0
GUJARAT,Jamnagar,AMRUTAM RENEWABLE ENERGY,info@amrenergy.in,9016352248,0,0
GUJARAT,Jamnagar,AMRUT ENGINEERS,amrutengineersbhuj@gmail.com,9033492711,0,0
GUJARAT,Jamnagar,AMPLE SOLAR PVT LTD,ravi@amplesolar.in,9979792403,0,0
GUJARAT,Jamnagar,AMPERE GREEN ENERGY,amperegreenenergy@gmail.com,9033116472,0,0
GUJARAT,Jamnagar,ALPHA ENTERPRISE,maulik.solar@gmail.com,9725957991,0,0
GUJARAT,Jamnagar,ALFA SOLAR ENERGY PVT. LTD.,alfaenergypvtltd24@gmail.com,9825374299,0,0
GUJARAT,Jamnagar,ALAYNA GREEN ENERGY,taharkhantna@gmail.com,6353439659,0,0
GUJARAT,Jamnagar,AKUNTHA PROJECTS PVT LTD,ravi@akuntha.com,9426402423,0,0
GUJARAT,Jamnagar,AKHANDDEEP SOLAR SOLUTION,akhanddeepsolar@gmail.com,9978643099,0,0
GUJARAT,Jamnagar,AKHAND SHAKTI SOLAR,apparanjape@gmail.com,9427003484,0,0
GUJARAT,Jamnagar,AK GREEN ENERGY,akgreenenergy49@gmail.com,9974846833,0,0
GUJARAT,Jamnagar,AIRSUN SOLAR ENERGY LLP,jatin@airsunsolarenergy.in,8799571627,0,0
GUJARAT,Jamnagar,AHAD SOLARTECH,ahad.solartech@gmail.com,9724259440,0,0
GUJARAT,Jamnagar,AHAD ENERGY,info@ahadenergy.in,9737673768,0,0
GUJARAT,Jamnagar,AGARIA ENTERPRISE,mahammadikbalagariya@gmail.com,8200605756,0,0
GUJARAT,Jamnagar,AEW SMART SERVICES PVT. LTD.,netmetering@aewsmart.com,8851047092,0,0
GUJARAT,Jamnagar,AEROVOLT ENERGY PRIVATE LIMITED,aerovoltenergy@gmail.com,9558002201,0,0
GUJARAT,Jamnagar,AEILUS RENEWABLE ENERGY,aeilusrenewableenergy@gmail.com,8866581528,0,0
GUJARAT,Jamnagar,ADVANCED ELETRICAL SOLUTIONS,info.aessolar@gmail.com,7574880300,0,0
GUJARAT,Jamnagar,ADVANCE SOLAR,advancesolar139@gmail.com,7698756075,0,0
GUJARAT,Jamnagar,ADVANCE ENERGY SOLUTION,info.advanceenergysolution@gmail.com,8799359849,0,0
GUJARAT,Jamnagar,ADITYAURJA,info.adityaurjasolar@gmail.com,7359935517,0,0
GUJARAT,Jamnagar,ADITYA SOLAR ENERGY,adityasolar220@gmail.com,9664583813,0,0
GUJARAT,Jamnagar,ACTIVE POWER INFRA,activepowerinfra@gmail.com,7228828738,0,0
GUJARAT,Jamnagar,ACS LIGHTING PVT LTD,acslightingsales@gmail.com,9825247252,0,0
GUJARAT,Jamnagar,ACCURATE INFOTECH,accurateinfotech1@gmail.com,8866445623,0,0
GUJARAT,Jamnagar,ACCLIMATE SYSTEMS PRIVATE LIMITED,acclimatesystem@gmail.com,7878538141,0,0
GUJARAT,Jamnagar,AC DC PROJECTS,acdcprojects1@gmail.com,8200193182,0,0
GUJARAT,Jamnagar,ABS SOLAR ENERGY,abssolar16@gmail.com,7574010721,0,0
GUJARAT,Jamnagar,AATREY SOLUTIONS,aatreysolutions@gmail.com,7698120241,0,0
GUJARAT,Jamnagar,AATREY ASSOCIATES PRIVATE LIMITED,aatreyassociates@gmail.com,9824089144,0,0
GUJARAT,Jamnagar,AASHA SOLAR ENERGY,aashasolarenergy1@gmail.com,7016775306,0,0
GUJARAT,Jamnagar,AARUSH ENTERPRISE,info@aarushsolar.com,9724302078,0,0
GUJARAT,Jamnagar,AARSUN ENERGY SOLUTIONS,aarsunenergy@gmail.com,8200328869,0,0
GUJARAT,Jamnagar,AAROHI SOLAR ENERGY,pram8384@gmail.com,8347341291,0,0
GUJARAT,Jamnagar,AARISH POWER,harshpatel5268@gmail.com,7600621060,0,0
GUJARAT,Jamnagar,AARAMBH RENEWABLE,aarambhrenewable@gamil.com,8487861888,0,0
GUJARAT,Jamnagar,AANJNEY ENTERPRISE,aanjneysolar@gmail.com,6353161531,0,0
GUJARAT,Jamnagar,AANGI SOLAR,aangisolar@gmail.com,8000848307,0,0
GUJARAT,Jamnagar,AADITYA SOLAR,adityasolarnarmada@gmail.com,9265740687,0,0
GUJARAT,Jamnagar,AA SOLAR,enquiry.aasolar@gmail.com,7984392322,0,0
GUJARAT,Jamnagar,A S SOLAR ENTERPRISE,assolarenterprise@gmail.com,9510572504,0,0
GUJARAT,Jamnagar,A S RENEWABLE ENERGY PRIVATE LIMITED,info@asre.co.in,9067207226,0,0
GUJARAT,Jamnagar,A J INFRATECH AND SOLAR,aryanpatelvisnagar@gmail.com,9429083193,0,0
GUJARAT,Jamnagar,A J DREAM SOLAR ENERGY,ajdreamsolarenegy@gmail.com,9725551751,0,0
GUJARAT,Jamnagar,A D ENERGY SOLUTIONS,adenergysolutions64@gmail.com,9924503387,0,0
GUJARAT,Jamnagar,5 RAYS ENERGY,5raysenergy@gmail.com,9979595404,0,0
GUJARAT,Jamnagar,4THVED AGROTECH,4thvedagro@gmail.com,9377126082,0,0
GUJARAT,Jamnagar,24R ENERGY,abhinav.24renergy@gmail.com,9898881359,0,0
