state,district,company_name,emails,contact_numbers,total_installed_capacity_kwp,no_of_installations
GUJARAT,Junagadh,AVIRAT ENERGY PVT LTD,aviratenergy@gmail.com,9697443344,6944,2056
GUJARAT,Junagadh,GREEN WATT ENERGY,info@greenwattenergy.co.in,9913853055,2644,795
GUJARAT,Junagadh,MEGHAL POWER,meghalpower23@gmail.com,9712726390,2587,751
GUJARAT,Junagadh,POWERSHINE ENERGY,powershineenergy1993@gmail.com,9723096888,2361,695
GUJARAT,Junagadh,SHREEJI SOLAR & SERVICES,NILVADERA141@GMAIL.COM,9106331904,2107,637
GUJARAT,Junagadh,ANGEL ENGINEERING,angel.engineering11@gmail.com,9574066408,2059,610
GUJARAT,Junagadh,SHREE RAM SOLAR RAJKOT,vikeshchovatiya@gmail.com,9898921527,2031,588
GUJARAT,Junagadh,DHRUVA ENTERPRISE,dhruvaenterprise123@gmail.com,9978124597,1742,566
GUJARAT,Junagadh,KRISHIV ENTERPRISE,jevinpansuriya4@gmail.com,7359294060,1725,513
GUJARAT,Junagadh,GREENTECH ENERGY,bhuvapiyush89@gmail.com,7990053035,1729,498
GUJARAT,Junagadh,TITAN ENERGY,info@titanenergy.in,9054825825,1437,474
GUJARAT,Junagadh,SHREEJI ELECTRICAL - VISAVADAR,rajnik1011@gmail.com,8980042533,1524,472
GUJARAT,Junagadh,R. K. CONSTRUCTION,rkconstruction101@gmail.com,9106065865,1584,468
GUJARAT,Junagadh,BELIANCE ENERGY INDIA PVT.LTD.,belianceenergy@gmail.com,8511651364,1563,450
GUJARAT,Junagadh,HEAVEN GREEN ENERGY LTD. (FORMERLY KNOWN AS HEAVEN SOLAR ENERGY PVT LTD),heavensolarenergy@gmail.com,9979532167,1471,440
GUJARAT,Junagadh,RAGHURAM SOLAR POWER GREEN ENERGY LLP,raghuramsolar9@gmail.com,7575019877,1476,431
GUJARAT,Junagadh,BHANU ENTERPRISES,akkothari1964@gmail.com,9263635946,1342,420
GUJARAT,Junagadh,EMPYREAL SOLAR,liaison@empyreAlsolar.in,9099526261,1252,384
GUJARAT,Junagadh,INOX SOLAR ENERGY,inoxsolarenergy@gmail.com,9904604047,1286,380
GUJARAT,Junagadh,SUNLAND SOLAR ENERGY,sunlandsolarenergy@gmail.com,8141810505,1204,343
GUJARAT,Junagadh,ELIOS ENERGY,info@eliosenergy.co.in,7016192219,1092,333
GUJARAT,Junagadh,TVARIT ENERGY LLP,meet@tvritenergy.in,8511600853,974,313
GUJARAT,Junagadh,UDB ENERGY PVT. LTD.,udbenergypvtltd@gmail.com,7077014714,1014,302
GUJARAT,Junagadh,UNIQUE SOLAR SERVICE,UNIQUESOLARSERVICERAJKOT@GMAIL.COM,7046082382,1035,301
GUJARAT,Junagadh,EFFORTS SOLAR PRIVATE LIMITED (FORMERLY KNOWN AS EFFORTS ENTERPRISES),admin@effortsgroup.in,9067817117,999,296
GUJARAT,Junagadh,SHREE NANDAN INFRA,shreenandan.co@gmail.com,9898345739,943,290
GUJARAT,Junagadh,ONIX RENEWABLE LIMITED,naman.viradiya@onixrenewable.in,9586043661,818,266
GUJARAT,Junagadh,RAICHURA ENERGY,raichuraenergy@gmail.com,9879152830,921,265
GUJARAT,Junagadh,URATOM SOLAR INDIA PVT LTD,pv@uratom.com,9925099249,852,246
GUJARAT,Junagadh,GHANSHYAM ELECTRICALS,ghanshyamkeshod@gmail.com,9824201987,750,229
GUJARAT,Junagadh,BHANU PV SOLAR PVT LTD,bhanupvsolarpvtltd@gmail.com,9510398989,758,227
GUJARAT,Junagadh,ARKAY ICONIC PRIVATE LIMITED,arkaysolar@gmail.com,8401236600,754,227
GUJARAT,Junagadh,RUDRA SOLAR ENERGY,info.rudrasolar@gmail.com,9427903084,766,223
GUJARAT,Junagadh,SYNCHRO ENERGY,synchroenergy389@gmail.com,9974737316,739,221
GUJARAT,Junagadh,GREENERA ENERTECH PVT LTD,greenera.solarenergy@gmail.com,9427726620,658,201
GUJARAT,Junagadh,GREEN ENERGY - RAJKOT,greenenergy123@gmail.com,9428010202,682,201
GUJARAT,Junagadh,GETWAY ENERGY,getwayenergy@gmail.com,9925827815,627,196
GUJARAT,Junagadh,EMITTING ENERGY PRIVATE LIMITED,epc.emittingenergy@gmail.com,9319318586,632,192
GUJARAT,Junagadh,KRIVA TECHNOLOGIES,krivasolartechnologies@gmail.com,7227074480,552,174
GUJARAT,Junagadh,PARSANA GROUP,infoparsanagroup9@gmail.com,6358141994,568,171
GUJARAT,Junagadh,OXOR ELCTRICALS PVT. LTD.,setu.oxor@gmail.com,9726006087,578,167
GUJARAT,Junagadh,KIRTAN MARKETING,kirtanmarketing@gmail.com,9714440026,503,157
GUJARAT,Junagadh,INFRAX RENEWABLE LIMITED,pmsg@infraxrenewable.com,9033260985,549,155
GUJARAT,Junagadh,SKYWIN SOLAR,skywinsolar@gmail.com,7984435493,484,140
GUJARAT,Junagadh,SHAKTI GREEN ENERGY,shaktigreenenergy96@gmail.com,7405252123,512,139
GUJARAT,Junagadh,R N SALES CORPORATION,r.tech.2000@gmail.com,9574472134,460,135
GUJARAT,Junagadh,MITRAYA ELECTRICAL,mitrayaelectrical@gmail.com,7016415834,460,135
GUJARAT,Junagadh,SUN MICRA RENEWABLE ENERGY,info@sunmicra.co.in,7990662677,438,134
GUJARAT,Junagadh,NP ELECTRICALS,info@npelectricals.co.in,9824144945,414,128
GUJARAT,Junagadh,INFINITY SOLAR - RAJKOT,infinitysolar2022@gmail.com,7201070799,433,125
GUJARAT,Junagadh,RADIANT SOLAR SOLUTIONS,paresh@radiantsolarsolution.com,9979632096,405,124
GUJARAT,Junagadh,SOORYABHUMI ENERGY,sooryabhumienergy2024@gmail.com,8155887304,405,123
GUJARAT,Junagadh,SATYAM SALES,kishanagroagencyamreli@gmail.com,9825360183,374,113
GUJARAT,Junagadh,INFINITY SOLAR - SURAT,infinity.solar01@gmail.com,8866860686,366,113
GUJARAT,Junagadh,SHRI KHODIYAR ENTERPRISE,shrikhodiyar1978@gmail.com,9727358029,386,112
GUJARAT,Junagadh,YAGNIKKUMAR VALLABHBHAI SAVALIYA,yagniks1999@gmail.com,9409326590,352,106
GUJARAT,Junagadh,SHYAM ENTERPRISE,shyamsolarenergy10@gmail.com,8000145645,366,103
GUJARAT,Junagadh,QUALITUDE TECHNOLOGY,qualitudetechnology@gmail.com,9909915808,300,102
GUJARAT,Junagadh,GLOBAL SOLAR ENERGY,globalsolar99@gmail.com,8866190358,336,100
GUJARAT,Junagadh,FERUS ENERGIES CO,info@ferusenergies.com,9913341342,336,99
GUJARAT,Junagadh,OXEN ENERGIES,oxenenergies@gmail.com,8866699444,304,94
GUJARAT,Junagadh,AUSTRALIAN PREMIUM SOLAR INDIA PVT LTD,systems@australianpremiumsolar.co.in,7966006600,320,94
GUJARAT,Junagadh,KSQUARE ENERGY PVT LTD,projects@ksquareenergy.com,9725218150,311,92
GUJARAT,Junagadh,DIVINE SOLAR ENERGY,divinesolarenergy33@gmail.com,7069853208,320,92
GUJARAT,Junagadh,BETTER ENERGIES PVT LTD,epc@betterenergies.in,9737583400,301,92
GUJARAT,Junagadh,SOLSKIN ENERGY LLP,solskinenergy@gmail.com,8128988878,296,90
GUJARAT,Junagadh,ERA ENVIRO SOLUTIONS,info.eraenviro@gmail.com,9227849825,302,90
GUJARAT,Junagadh,FATHUN RENEWABLE ENERGY (FORMERLY KNOWN AS KENVUE ENERGY),fathunrenewable@gmail.com,9898589612,289,79
GUJARAT,Junagadh,PRACHI GREEN GREEN ENERGY PVT LTD,prachigreenenergy@gmail.com,9737830854,278,78
GUJARAT,Junagadh,INFRAX INTERNATIONAL,info@infraxsolar.com,7778002780,256,77
GUJARAT,Junagadh,EQUINOX SOLAR PRIVATE LIMITED,info@equinoxsolar.in,7573044078,253,77
GUJARAT,Junagadh,VAGHASIA HITESH B,vaghasia_hitesh@yahoo.com,9979773121,252,76
GUJARAT,Junagadh,SCION POWER,scionpower@yahoo.com,7043511106,225,72
GUJARAT,Junagadh,KARMA POWER,karmapower001@gmail.com,8849370511,238,72
GUJARAT,Junagadh,SURYABHUMI SOLAR ENERGY,suryabhumisolarenergy@gmail.com,8866019146,220,69
GUJARAT,Junagadh,G-POWER PLUS,gpowerplus.in@gmail.com,9898420613,214,65
GUJARAT,Junagadh,OCEAN POWER TECHNOLOGIES,ocean.powertech19@gmail.com,9924065610,205,62
GUJARAT,Junagadh,CAPTAIN POLYPLAST LIMITED,solar@captainpolyplast.in,9313925889,203,62
GUJARAT,Junagadh,SHIV SHAKTI ELECTROTECH PRIVATE LIMITED,purchase.sselectrotech@gmail.com,9099516178,201,61
GUJARAT,Junagadh,RIDHAM ENTERPRISE,ridhamenterprise770@gmail.com,6351158633,195,60
GUJARAT,Junagadh,KRITA GREEN ENERGY,admin@kritagreenenergy.in,9824998266,203,58
GUJARAT,Junagadh,UNIQUE POWER SYSTEM,uniquepowerrajkot@gmail.com,9825224349,161,57
GUJARAT,Junagadh,NETWORK SOLUTION,network.solution.raj@gmail.com,9227707042,186,56
GUJARAT,Junagadh,KVP SOLAR AND SOLUTION,kvpsolarandsolution.22@gmail.com,9033343105,192,56
GUJARAT,Junagadh,SANELITE SOLAR PVT LTD,bhavesh.modi@sanelitesolar.com,9374021722,190,53
GUJARAT,Junagadh,SAT GREENTECH PRIVATE LIMITED,satgreentech25@gmail.com,8758957741,161,49
GUJARAT,Junagadh,ARKAY SOLAR ENERGY LLP,arkaysolar02@gmail.com,9737636600,163,48
GUJARAT,Junagadh,NILESH ENGINEERS,nileshengineers57@gmail.com,9033005732,154,46
GUJARAT,Junagadh,GREEN SUN ENERGY,teamgreensun@gmail.com,9274525232,147,45
GUJARAT,Junagadh,KARTAVY AGROTECH,kartavysolar@gmail.com,9426465233,172,44
GUJARAT,Junagadh,DISHACHI ENERGY,dishachienergy@gmail.com,9898762600,142,44
GUJARAT,Junagadh,SURYANCE SOLAR,suryancesolar@gmail.com,9664504655,128,42
GUJARAT,Junagadh,EFARM INTERNATIONAL PRIVATE LIMITED,info@efarmenergy.com,9723610012,134,41
GUJARAT,Junagadh,SHREE GANGESHWAR ENGINEERING PRIVATE LIMITED,shreegangeshwarengineering@gmail.com,9157974445,139,40
GUJARAT,Junagadh,AAI SHREE KHODIYAR FEBRICATION,ASKF2024@GMAIL.COM,9725001682,123,40
GUJARAT,Junagadh,DIGI SOLAR ENERGY,digisolarenergy@gmail.com,9687818686,125,38
GUJARAT,Junagadh,VERTEX SOLAR SOLUTIONS PVT LTD,vertexnad@gmail.com,8758614088,117,37
GUJARAT,Junagadh,SOLAR SMART PVT LTD,solarsmart2021@gmail.com,7284000580,129,37
GUJARAT,Junagadh,ND ENERGY INDIA PRIVATE LIMITED,ndenergyindia@gmail.com,8000001124,123,37
GUJARAT,Junagadh,VIVAAN INFRA,info@vivaaninfra.in,9909916448,112,35
GUJARAT,Junagadh,BHUMI GREEN POWER,bhumigreenpower@gmail.com,9824956161,116,35
GUJARAT,Junagadh,SOLEOS GREEN ENERGY PRIVATE LIMITED,pruthvi@soleos.in,9512448900,115,31
GUJARAT,Junagadh,SOLARIUM GREEN ENERGY LIMITED,np@solariumenergy.in,9687133338,104,28
GUJARAT,Junagadh,SHREE KHODIYAR SOLAR PRIVATE LIMITED,sk.solar@yahoo.com,9825820612,99,28
GUJARAT,Junagadh,SHIVAM PHOTOVOLTICS PVT LTD,tenders@spvpl.com,9426023829,90,28
GUJARAT,Junagadh,BHANU SOLAR ROOFTOP,info@bhanusolar.co.in,7600240535,95,28
GUJARAT,Junagadh,SHREE SOLAR VENTURE PVT LTD,shreesolarventure@gmail.com,9571211118,86,27
GUJARAT,Junagadh,SAURASHTRA SOLAR SERVICES LLP,SaurashtraSolar.Gujrat@gmail.com,9925448033,92,27
GUJARAT,Junagadh,EARTHWAVE TECHNOLOGY PRIVATE LIMITED,EARTHWAVETECHNOLOGY@GMAIL.COM,9426373334,88,27
GUJARAT,Junagadh,RAYSOLAR ENERGY SOLUTIONS PRIVATE LIMITED,raysolarenergysolutions@gmail.com,7874390654,91,26
GUJARAT,Junagadh,FRELIT ENERGY PRIVATE LIMITED,frelitenergy@gmail.com,9512700130,89,26
GUJARAT,Junagadh,SURYADEV SOLAR,suryadevsolar4@gmail.com,9327175676,93,25
GUJARAT,Junagadh,RECARE ELECTRICAL LLP,projects.recare@gmail.com,7600184425,86,25
GUJARAT,Junagadh,GREEN E SOLAR,greene.vb@hotmail.com,9925751589,90,25
GUJARAT,Junagadh,MADHAV SOLAR ENERGY LIMITED (FORMERLY KNOWN AS MADHAV ENTERPRISE - SURAT),info@madhavsolarenergy.com,8849299212,78,24
GUJARAT,Junagadh,JASMIN J BAMBHAROLIYA,jasmin.bambharolia14@gmail.com,8140916256,77,24
GUJARAT,Junagadh,VENTURE SOLAR SOLUTION,info@venturesolarsolution.com,9979632050,74,23
GUJARAT,Junagadh,SKYVIEW POWER,skyviewpower17@gmail.com,8140055305,78,23
GUJARAT,Junagadh,LGM ENERGY AND INFRACON LLP,lgmenergyandinfraconllp@gmail.com,7574000906,80,23
GUJARAT,Junagadh,ADINSON ENERGY LLP,adinsonenergy2022@gmail.com,9724272728,74,23
GUJARAT,Junagadh,AANGI SOLAR,aangisolar@gmail.com,8000848307,79,23
GUJARAT,Junagadh,GRIWA INTERNATIONAL LLP,prakashkoriya17@gmail.com,8200988481,79,22
GUJARAT,Junagadh,ANGEL PUMPS PVT.LTD.,solar1@pumpsangel.com,9904809409,76,22
GUJARAT,Junagadh,VIDHYUT SOLAR,vidhyutsolarenergy@gmail.com,8347838900,69,21
GUJARAT,Junagadh,SOMNATH ENERGY,somnath.solarenergy@gmail.com,7600250096,74,21
GUJARAT,Junagadh,BHAUTIK ENGINEERING CO.,vegadabhautik2410@gmail.com,9825690528,70,21
GUJARAT,Junagadh,RENEWABLE SUN SOLAR,renewablesunsolar@gmail.com,7600201198,72,20
GUJARAT,Junagadh,JJ PV SOLAR PRIVATE LIMITED,rajesh@jjpvsolar.com,9904809006,60,20
GUJARAT,Junagadh,SHREE GOKUL ENTERPRISE,shreegokulenterprise123@gmail.com,8160000871,62,19
GUJARAT,Junagadh,RVMOVALIYA CONSTRUCTION CO,rvmovaliya.solarenergy@gmail.com,9724543742,62,19
GUJARAT,Junagadh,NIHAL ENTERPRISE,rehanadonakiya786@gmail.com,8733978072,72,19
GUJARAT,Junagadh,LEEJI SOLAR ENERGY,info@leejisolar.com,8320711788,65,19
GUJARAT,Junagadh,INQILAB ENGINEERING PRIVATE LIMITED,inqilabengineering@gmail.com,9099598998,61,19
GUJARAT,Junagadh,FIONIX ELECTRIC COMPANY,fionixelectric2018@gmail.com,9714025565,77,19
GUJARAT,Junagadh,VOLTECH ELECTRICALS,voltechelectricals156@gmail.com,7567771900,61,18
GUJARAT,Junagadh,VEER SOLAR GREEN ENERGY,veersolar2024@gmail.com,8347173977,63,18
GUJARAT,Junagadh,ULTRASUN ENERGY,info@ultrasunenergy.com,9909911071,65,18
GUJARAT,Junagadh,ALFA SOLAR ENERGY,alfasolarenergy2020@gmail.com,9825374250,59,18
GUJARAT,Junagadh,TATVAM INDUSTRIES,parth.tatvam@protonmail.com,7990101643,63,17
GUJARAT,Junagadh,SOLIS ENERGY SYSTEM,bhargavpaneliya@solisenergysystem.com,9601270077,55,17
GUJARAT,Junagadh,SANJEE ENTERPRISE,sanjee.enterprise@gmail.com,9157353735,56,17
GUJARAT,Junagadh,PIXON GREEN ENERGY PRIVATE LIMITED,tender@pixonenergy.in,7229035912,50,17
GUJARAT,Junagadh,GARUDA POWER,garudapower26@gmail.com,9016555765,54,17
GUJARAT,Junagadh,SHREE MARUTI ELECTRIFICATION ENGINEERS,shreemarutieleCtrificationengi@gmail.com,7016480100,55,16
GUJARAT,Junagadh,SHAYONAAM ENTERPRISE,shayonaam12@gmail.com,9638766943,52,16
GUJARAT,Junagadh,SUNCARE ENERTECH PVT LTD,suncaresolar3@gmail.com,7405450545,48,15
GUJARAT,Junagadh,SILVER CONSUMER ELECTRICALS LIMITED (FORMERLY KNOWN AS SILVER CONSUMER ELECTRICALS PRIVATE LIMITED),kevin.patel@silverpumps.com,7486059400,46,15
GUJARAT,Junagadh,SHREEJI ENTERPRISE-SURAT,epc.solar@shreejiconstruction.com,9825108890,50,15
GUJARAT,Junagadh,MS SOLAR SPARK,mssolarspark7@gmail.com,9825590311,52,15
GUJARAT,Junagadh,SOLAR ACE,project.solarace@gmail.com,9909037803,46,14
GUJARAT,Junagadh,SHREE GAJANAND ENERGIES,magicwithparth@gmail.com,6351126699,45,14
GUJARAT,Junagadh,SGK SOLAR,sgksolarrjt@gmail.com,9313885348,45,14
GUJARAT,Junagadh,PATIDAR ENTERPRISE,patidarenterprise13@gmail.com,8980312782,52,14
GUJARAT,Junagadh,ONEVOLT GREEN PVT LTD,onevoltgreens@gmail.com,9925292721,47,14
GUJARAT,Junagadh,NILKANTH ENTERPRISE,nilkanthenterprise96@gmail.com,9157369603,50,14
GUJARAT,Junagadh,JAI SOMNATH ENTERPRISE,msjaisomnathenterprise@gmail.com,9979990909,51,14
GUJARAT,Junagadh,CAPITAL WELDING,freexindia@gmail.com,9499602041,45,14
GUJARAT,Junagadh,APS ROOFTOP SOLAR PRIVATE LIMITED,info@apsrooftopsolar.co.in,7966009900,47,14
GUJARAT,Junagadh,SHREE AMBIKA AGENCIES,niravambika@rediffmail.com,9426158047,47,13
GUJARAT,Junagadh,SAHAYOG ENERGY,sahayogenergy@gmail.com,9429124424,45,13
GUJARAT,Junagadh,GOLDEN SOLAR POWER,goldensolarp@gmail.com,9558887494,48,13
GUJARAT,Junagadh,ECOLUX SOLAR,ecoluxsolar007@gmail.com,8980088806,42,13
GUJARAT,Junagadh,AARISH POWER,harshpatel5268@gmail.com,7600621060,41,13
GUJARAT,Junagadh,SUNSKY SOLAR,trdesai@sunskysolar.co.in,9727518665,41,12
GUJARAT,Junagadh,SP ENGINEERING,sp.engineering2k19@gmail.com,6353577489,37,12
GUJARAT,Junagadh,BANSIDHAR SOLAR ENERGY,banshidharsolarenergy@gmail.com,9726035143,41,12
GUJARAT,Junagadh,RIA SOLAR,riasolar2021@gmail.com,8320210323,34,11
GUJARAT,Junagadh,RADIANT GREEN SOLUTIONS,davda.manthan@yahoo.in,9978911803,36,11
GUJARAT,Junagadh,JANTA RENEWABLE ENRGY,jantarenewableenergy@gmail.com,9898897373,37,11
GUJARAT,Junagadh,I SQUARE SOLAR,work.srbudheliya@gmail.com,9722272775,46,11
GUJARAT,Junagadh,BAPA SITARAM SOLAR POWER PVT LTD,bapasitaramsolarpower@gmail.com,8511362222,35,11
GUJARAT,Junagadh,AKSHAR SOLAR ENERGY,aksharsolarenergy@gmail.com,8200328133,37,11
GUJARAT,Junagadh,TRIDENT POWER,trident.power24@gmail.com,7698264402,35,10
GUJARAT,Junagadh,SIMMS ENGINEERING PVT LTD,simms_eng@yahoo.co.in,9825142376,41,10
GUJARAT,Junagadh,SHREEJI ENTERPRISE - JETPUR,shreeji2017enterprise@gmail.com,9638012929,34,10
GUJARAT,Junagadh,KIRTAN BATTERIES,kirtanbatteries26@gmail.com,7043337333,34,10
GUJARAT,Junagadh,HARSIDDHI ENGINEERING WORKS,harsiddiengineering@yahoo.com,9428342940,32,10
GUJARAT,Junagadh,EFFICIENT ENERTECH PVT LTD,info@efficientenergyindia.com,9925624989,34,10
GUJARAT,Junagadh,TOPCON SOLAR ENERGY,topconsolarenergy@gmail.com,9081773500,29,9
GUJARAT,Junagadh,SOL MAX SOLUTION,mpboricha111@gmail.com,9429343757,29,9
GUJARAT,Junagadh,SHREE KHODIYAR SOLAR & ENTERPRISE,s60358186@gmail.com,9313405580,30,9
GUJARAT,Junagadh,REDREN ENERGY PVT LTD,rooftop@redren.in,9104591041,29,9
GUJARAT,Junagadh,INFINITE ENERGY ANS TECHNOLOGY,planning@infiniteenergy.co.in,9099971778,27,9
GUJARAT,Junagadh,HITECH SOLAR,jayesh@hitechsolar.in,7600059073,31,9
GUJARAT,Junagadh,BNG GREEN ENERGY SOLUTION,bng.greenenergy@gmail.com,9727777171,31,9
GUJARAT,Junagadh,ARYAVEER ENERGY INCORPORATION,aryaveerenergyincorporation@gmail.com,9712987874,29,9
GUJARAT,Junagadh,SKY POWER,skypowersvp@gmail.com,9723070267,26,8
GUJARAT,Junagadh,SCORP ENERGY PRIVATE LIMITED,mohit@scorpenergy.com,9925345121,25,8
GUJARAT,Junagadh,RADIANT SOLAR SYSTEMS,bhargavec40@gmail.com,9408503198,33,8
GUJARAT,Junagadh,MADHVAN POLYPLAST PVT. LTD.,cmp.madhavanpolyplast@gmail.com,9104306162,26,8
GUJARAT,Junagadh,KOSOL ENERGIE PVT. LTD.,bharat@sunray.co.in,8799696356,29,8
GUJARAT,Junagadh,INTIFY SOLAR PVT LTD,intifysolar@gmail.com,6358788735,26,8
GUJARAT,Junagadh,FLAME SOLREN PRIVATE LIMITED,operations@flamesolren.com,8849478907,25,8
GUJARAT,Junagadh,COSMIC POWER TECH,cosmicpowertech@gmail.com,9313720672,25,8
GUJARAT,Junagadh,ADVANCE SOLAR SYSTEMS,advance.solar.systems@gmail.com,9408054253,27,8
GUJARAT,Junagadh,URJASTROT PRIVATE LIMITED,urjastrotenterprise@gmail.com,7621010012,22,7
GUJARAT,Junagadh,SKYLARK ENERGY SOLUTIONS,satyajeetjhala7227@icloud.com,9726200054,26,7
GUJARAT,Junagadh,SHREEJI & SONS,shreejiandsolar2211@gmail.com,8140165509,23,7
GUJARAT,Junagadh,SANGANI ENTERPRISE,sanganienterprise1610@gmail.com,8347958992,23,7
GUJARAT,Junagadh,ROYAL POWER MART,royalmotormart1@gmail.com,9825440269,23,7
GUJARAT,Junagadh,M M PARMAR,sunlightenergy09@outlook.com,9227092099,23,7
GUJARAT,Junagadh,GIR ENTERPRISES,ankitbhaiankit88@gmail.com,8686869015,24,7
GUJARAT,Junagadh,DEEP ENERGY,dipenvyas25@gmail.com,8866212187,22,7
GUJARAT,Junagadh,AXIS ENERTECH,meet@axisenertech.com,9428028009,22,7
GUJARAT,Junagadh,VISHWASH ENTERPRISE,vishwashenterprise2422@gmail.com,6355098324,19,6
GUJARAT,Junagadh,U R ENERGY INDIA PVT LTD,india@urenergyglobal.com,9512040442,21,6
GUJARAT,Junagadh,SURYADEV ENERGY,suryadevenergy@gmail.com,9925336010,20,6
GUJARAT,Junagadh,RELIABLE ELECTRIX,reliableelectrix@gmail.com,9925448033,19,6
GUJARAT,Junagadh,PERFECT RENEWTECH PRIVATE LIMITED,info@perfectrenewtech.com,9965200700,21,6
GUJARAT,Junagadh,PARESH S. VAIDYA,parvaidya2012@gmail.com,9879529203,23,6
GUJARAT,Junagadh,PAHAL SOLAR EPC LLP,avinash@pahalsolar.com,9512323223,19,6
GUJARAT,Junagadh,JAY AMBE GREEN ENERGY,jayambegreenenergy@gmail.com,9824328725,24,6
GUJARAT,Junagadh,HARSH COMMUNICATION,harshcomm.solar@gmail.com,9137373727,25,6
GUJARAT,Junagadh,GLOBAL ENTERPRISE,globalsolarent@gmail.com,9924900304,19,6
GUJARAT,Junagadh,D.J.SOLAR & GENERAL,djsolar111@gmail.com,8401183303,18,6
GUJARAT,Junagadh,AGARIA ENTERPRISE,mahammadikbalagariya@gmail.com,8200605756,18,6
GUJARAT,Junagadh,VIRAT CONSTRUCTION CO,info@viratconstruction.com,9909950605,16,5
GUJARAT,Junagadh,SADGURU SOLAR SYSTEMS,sadgurusolarsystems@gmail.com,9687621666,17,5
GUJARAT,Junagadh,RVV SOLAR PRIVATE LIMITED,rvvsolarpvtltd@gmail.com,8160825026,19,5
GUJARAT,Junagadh,PRAYOSHAM SOLAR ENERGY,jayrajp880@gmail.com,9574242883,16,5
GUJARAT,Junagadh,NIVAN ENERGY,nivanenergy@gmail.com,9998820905,18,5
GUJARAT,Junagadh,N M POWER,gauravkareliya1@gmail.com,8141958041,23,5
GUJARAT,Junagadh,MARUTI SOLAR,marutisolar.bvn@gmail.com,9429292818,16,5
GUJARAT,Junagadh,MAHAKALI POWER,mahakalipower9252@gmail.com,9687209519,18,5
GUJARAT,Junagadh,LAXMI HI TECH,laxmihitech36@gmail.com,7046494649,17,5
GUJARAT,Junagadh,GROWTECH ENERGY,growtechenergy91@gmail.com,9998435528,18,5
GUJARAT,Junagadh,EVAANTA ENERGY,info@evaantaenergy.com,9712326261,17,5
GUJARAT,Junagadh,BRAHMADIP ENTERPRISE,brahmadip.solar@yahoo.com,9427230047,18,5
GUJARAT,Junagadh,YUVARAYS SOLAR,yuvarayssolar@gmail.com,9824624497,17,4
GUJARAT,Junagadh,SN GROUP OF COMPANY,sngroupofcompany2022@gmail.com,9725324439,13,4
GUJARAT,Junagadh,SHIV POWER,shivpowerimpex@gmail.com,9825511115,13,4
GUJARAT,Junagadh,RAYS RENEWABLE ENERGY,raysrenewableenergy@gmail.com,7069175139,13,4
GUJARAT,Junagadh,NEELAM MICRO ELECTRONICS,neelammicro@yahoo.co.in,9824042405,12,4
GUJARAT,Junagadh,JAY ADITYA SOLAR,darshit.dj619@gmail.com,8160931631,13,4
GUJARAT,Junagadh,CEYONE SOLAR,ceyonesolar@gmail.com,7567091000,14,4
GUJARAT,Junagadh,YUG SOLAR,yugsolar@gmail.com,6359410052,9,3
GUJARAT,Junagadh,VRUND ENERGY,vrundenergy@gmail.com,9574779572,9,3
GUJARAT,Junagadh,SUNSHAPE ENERGY,sunshapeenergy@gmail.com,9913783302,10,3
GUJARAT,Junagadh,SUNNOVATIVE SOLAR ENERGY SOLUTION PVT LTD,ravi@sunnovative.com,8153819531,10,3
GUJARAT,Junagadh,SOLAR TECHNOLOGY,info@solartechnology.in,9998063204,11,3
GUJARAT,Junagadh,SIDDHIVINAYAK ENGINEERING COMPANY,shreeganeshaquva@gmail.com,9904954348,11,3
GUJARAT,Junagadh,RISING SUN ENERGY,risingsunenergy2018@gmail.com,7405303305,12,3
GUJARAT,Junagadh,R K ENTERPRISE,atulkotadiya2295@gmail.com,9979657797,10,3
GUJARAT,Junagadh,H.K ENERGY,hkenergy001@gmail.com,9586401312,9,3
GUJARAT,Junagadh,GLOBAL SOLAR SOLUTION,moxakboda111@gmail.com,8460820618,9,3
GUJARAT,Junagadh,ENVIRONMENT SOLUTIONS,environmentsolutions222@gmail.com,9824202220,7,3
GUJARAT,Junagadh,DHM SOLAR POWER PVT LTD,dhmsolarpower@gmail.com,8980508730,10,3
GUJARAT,Junagadh,BHAGVATI SOLAR POWER,info@bhagvatisolarpower.com,7770007502,10,3
GUJARAT,Junagadh,ANADI SOLAR,anadisolar3030@gmail.com,6359248000,9,3
GUJARAT,Junagadh,ALFA SOLAR ENERGY PVT. LTD.,alfaenergypvtltd24@gmail.com,9825374299,9,3
GUJARAT,Junagadh,ZMR ENERGY INCORPORATION,zmrenergyincorporation@gmail.com,9924818113,6,2
GUJARAT,Junagadh,TRADE X,tradex.solarenergy22@gmail.com,9106834748,5,2
GUJARAT,Junagadh,TECHNOCRATS ENGINEERS,technocratsengineers007@gmail.com,9974214007,5,2
GUJARAT,Junagadh,SURYA SHAKTI SOLAR,suryashaktisolar09@gmail.com,7567992734,6,2
GUJARAT,Junagadh,SP TECHNOLOGY,Sptechnology2023@gmail.com,9586267664,6,2
GUJARAT,Junagadh,SOLISTA ENERGY,solistaenergy8@gmail.com,9106194946,6,2
GUJARAT,Junagadh,SKY TECH ENERGY,info.skytechenergy@gmail.com,6355092898,6,2
GUJARAT,Junagadh,SHREE OFFICE SOLUTIONS PRIVATE LIMITED,rajranipa.sospl@gmail.com,9898084466,8,2
GUJARAT,Junagadh,SHIVAY SOLAR ENERGY PRIVATE LIMITED,sanjay1482@gmail.com,7490013700,8,2
GUJARAT,Junagadh,SHIV SALES AGENCY,ghadiyabhaisolar08@gmail.com,9428798679,6,2
GUJARAT,Junagadh,SATYAM SOLAR,satyamsolar823@gmail.com,9227941770,6,2
GUJARAT,Junagadh,RD ENERGY SOLUTIONS,rdenergysolutions@outlook.com,8866226473,9,2
GUJARAT,Junagadh,RAMAA SOLAR,ramaasolar@gmail.com,8866697632,6,2
GUJARAT,Junagadh,RADIANT GREENS SOLAR,info@radiantgreens.in,8140316334,6,2
GUJARAT,Junagadh,RADHE ELECTRICAL,radheelectrical24@gmail.com,9601294783,6,2
GUJARAT,Junagadh,PATEL SOLAR,patelsolarmahuva@gmail.com,9825353092,6,2
GUJARAT,Junagadh,LIGHTRIC POWER SOLUTION,lightricpower@gmail.com,6355768984,6,2
GUJARAT,Junagadh,KOTSON PROJECTS PRIVATE LIMITED,kotsonprojects@gmail.com,9978909595,8,2
GUJARAT,Junagadh,KOTHIYA ELECTRIC CONTRACTOR,kothiyaelectric@gmail.com,9913212056,6,2
GUJARAT,Junagadh,JAY CONSTRUCTION CO,greenerenergy48@gmail.com,8200558867,6,2
GUJARAT,Junagadh,JANSA SOLAR SOLUTIONS PVT LTD,jansa@kalptaru.co.in,9998000769,6,2
GUJARAT,Junagadh,ICONIC SOLAR ENERGY,iconicsolarenergy26@gmail.com,7698504095,6,2
GUJARAT,Junagadh,HILTON RENEWABLES,hiltonrenewables.amr@gmail.com,8181080800,6,2
GUJARAT,Junagadh,GREEN SUN SOLAR,greensunsolar07@gmail.com,7600649582,6,2
GUJARAT,Junagadh,GREEN SOLAR ENERGY,greensolarenergygse@gmail.com,8866566056,5,2
GUJARAT,Junagadh,FOURSUN SOLAR,project@foursunsolar.co.in,7435023502,11,2
GUJARAT,Junagadh,EMISUN SOLAR PVT LTD,care@emisun.in,9510777984,5,2
GUJARAT,Junagadh,E-TECH SOLUTION & SOLAR,etechsolution.solar@gmail.com,9099563174,6,2
GUJARAT,Junagadh,COSMIC SOLAR EPC PVT LTD,cosmicsolarepc@gmail.com,7984721299,6,2
GUJARAT,Junagadh,COSMIC ENTERPRISE,cosmicenergy13.info@gmail.com,9429213406,6,2
GUJARAT,Junagadh,BRAHMANI ELECTRICS,brahmanielectrics1987@gmail.com,9429758674,6,2
GUJARAT,Junagadh,ATHARV ENERTECH,montu.dedakiya@gmail.com,9998943833,7,2
GUJARAT,Junagadh,ARIHAA SOLAR PVT LTD,ashish.arihaasolar@gmail.com,9825877888,6,2
GUJARAT,Junagadh,ANANT SOLAR ENRGY,anantsolarenergy@gmail.com,9904198764,6,2
GUJARAT,Junagadh,AMAR JYOT SPRAY PUMP,ajagriandsolar@gmail.com,9722227299,6,2
GUJARAT,Junagadh,YUVAAN ENERGY PRIVATE LIMITED,sales@yuvaanenergy.com,9825045890,3,1
GUJARAT,Junagadh,YOG ENTERPRISE,yogenterprise.vallabhipur@gmail.com,7600790079,3,1
GUJARAT,Junagadh,VRAJ ENTERPRISE,vrajsolarsolutions@gmail.com,8140000903,4,1
GUJARAT,Junagadh,VITRAG ENTERPRISE,vitrag.enterprise@yahoo.com,8866709860,3,1
GUJARAT,Junagadh,VIABLE SOLAR,viable.solar9990@gmail.com,9913344841,3,1
GUJARAT,Junagadh,UNIQUE ELECTRICAL,sales.epc2016@gmail.com,9099000148,3,1
GUJARAT,Junagadh,SURYAKAMAL INFRA PVT.LTD.,sales@suryakamalinfra.com,9727756866,3,1
GUJARAT,Junagadh,SUNVINE RENEWABLE,sunvinerenewable@gmail.com,8000050580,3,1
GUJARAT,Junagadh,SUNPLUG TECHNOLOGIES LLP,hnchavda87@gmail.com,9427020496,3,1
GUJARAT,Junagadh,SOLAR EARTH RENEWABLES PRIVATE LIMITED,ser@solarearth.in,7990378370,3,1
GUJARAT,Junagadh,SOHAM ENGINEERING,sohamengineering1480@gmail.com,9924146464,3,1
GUJARAT,Junagadh,SKYVOLT POWER TECHNOLOGIES LLP,skyvoltpower25@gmail.com,9909798222,3,1
GUJARAT,Junagadh,SKY POWER ENERGY,skypowerenergy03@gmail.com,8849719837,3,1
GUJARAT,Junagadh,SHREEJI ELECTRICAL - ISANPUR,shreejielec312@yahoo.com,9408197081,3,1
GUJARAT,Junagadh,SHREE SURYA SOLAR SOLUTION,shreesurya2016@gmail.com,8000720006,3,1
GUJARAT,Junagadh,SHREE HARI SOLAR,patelravit1@gmail.com,9819049759,3,1
GUJARAT,Junagadh,SHIVAM SOLAR AND SERVICES,Parmardivyraj.77@gmail.com,8320732424,3,1
GUJARAT,Junagadh,SARJAN CONSTRUCTION PVT LTD,info.solardiv@sarjanconstruction.com,8000052226,4,1
GUJARAT,Junagadh,SAMRUDDDHI ENTERPRISE,samruddhienterprise22@gmail.com,9033676399,4,1
GUJARAT,Junagadh,RAYNEX POWER SOLUTION PRIVATE LIMITED,info@raynexps.com,8758612077,3,1
GUJARAT,Junagadh,RAJKOT E-BIKES AND SOLAR,rajkotebikesandsolar@gmail.com,8306020890,3,1
GUJARAT,Junagadh,PROMECH SOLAR ENERGY,promechsolarenergy@gmail.com,9662026679,3,1
GUJARAT,Junagadh,PRIME ENERGY,primeenergy321@gmail.com,9512022199,3,1
GUJARAT,Junagadh,PRAKASH PUMP INDUSTRIES,prakashpumpindustries@gmail.com,9687222263,2,1
GUJARAT,Junagadh,PDF ENGINEERS PRIVATE LIMITED,project2.pepl@gmail.com,8803910391,5,1
GUJARAT,Junagadh,OM SOLAR SYSTEMS,omsolarsystems.rjt@gmail.com,8141405557,4,1
GUJARAT,Junagadh,OM SHANTI SOLAR GROUP,omshantisolar@gmail.com,8530122612,3,1
GUJARAT,Junagadh,NEWYORK ENGINEERING CO.,akashenergysolar@gmail.com,9824206059,10,1
GUJARAT,Junagadh,N J ENERGY,nj.energy9@gmail.com,7487022943,4,1
GUJARAT,Junagadh,MARUTI SOLAR SYSTEMS,dinesh.navar@gmail.com,9409080149,3,1
GUJARAT,Junagadh,MARUTI ENERGY,marutienrgy@gmail.com,9033408939,3,1
GUJARAT,Junagadh,MANGROLIYA NIKUNJ J.,nikunjmangroliya54@gmail.com,8866685082,3,1
GUJARAT,Junagadh,MAHISAGAR SOLAR ENERGY,mahisagarsolarenergy23@gmail.com,8200154972,3,1
GUJARAT,Junagadh,KESHWALA ENGINEERING CO.,RKESHWALA26@GMAIL.COM,7575082097,3,1
GUJARAT,Junagadh,JAY SARDAR SOLAR PVT.LTD.,jaysardarsolar@gmail.com,8141500062,3,1
GUJARAT,Junagadh,JAY SARDAR SOLAR POWER PRIVATE LIMITED,dbchaudhary108@gmail.com,9737550593,3,1
GUJARAT,Junagadh,J K MACHINE TOOLS (GUJARAT) PVT. LTD.,jk.solarium@gmail.com,9328290518,3,1
GUJARAT,Junagadh,I K SOLAR ENERGY,iksolarenergy2302@gmail.com,6353941652,3,1
GUJARAT,Junagadh,HIREN HARESHBHAI KASHIPARA,hirenkashiparacorpo@gmail.com,8469977709,3,1
GUJARAT,Junagadh,HI TECH ENERGY,hitechenergy17@gmail.com,9924388540,3,1
GUJARAT,Junagadh,GS POWERTECH,info.gspowertech@gmail.com,7567438385,3,1
GUJARAT,Junagadh,GREENBRILLIANCE RENEWABLE ENERGY LLP,jay.patel@gbreenergy.com,9879611302,3,1
GUJARAT,Junagadh,GREEN SOLAR ENERGY,info@greenssolar.in,9687222261,3,1
GUJARAT,Junagadh,GREEN POWER SOLUTION,darjihardik777@gmail.com,8141216635,4,1
GUJARAT,Junagadh,GOLDI SOLAR PRIVATE LIMITED,info@goldisolar.com,7211134134,3,1
GUJARAT,Junagadh,GHADIYA RENEWABLE ENERGY,KALPESHPATEL8914@GMAIL.COM,9714000952,3,1
GUJARAT,Junagadh,FOURCELL ENERGY PRIVATE LIMITED,fourcellenergy@gmail.com,9377776564,3,1
GUJARAT,Junagadh,EVOLUTION,evolutiongujarat@gmail.com,9773296801,8,1
GUJARAT,Junagadh,EMDERS ENTERPRISE,info.emders@gmail.com,7016614013,3,1
GUJARAT,Junagadh,EARTHTECH INNOVATIONS PRIVATE LIMITED,earthtechinnovations@gmail.com,8490850276,3,1
GUJARAT,Junagadh,DK SOLAR TECHNOLOGY,dksolartechno@gmail.com,9824998007,3,1
GUJARAT,Junagadh,CITIZEN SOLAR PVT. LTD.,tsjain@citizensolar.com,9825144499,3,1
GUJARAT,Junagadh,CHARLES SOLAR POWER ENERGY,charlessolarpowerenergy1990@gmail.com,7016170076,3,1
GUJARAT,Junagadh,BACKBONE ELECTRICALS,backbone.electricals@gmail.com,6356044325,5,1
GUJARAT,Junagadh,AVKASH SOLAR SYSTEM,avkashsolarsystemuna@gmail.com,9904061785,3,1
GUJARAT,Junagadh,ABR ENERGY,abrenergy2019@gmail.com,9375208266,3,1
GUJARAT,Junagadh,AAJIVAN SOLAR POWER,aajivansolarpower@gmail.com,9106798337,3,1
GUJARAT,Junagadh,ZY ENTERPRISE,zyenterprise12@gmail.com,8460313094,0,0
GUJARAT,Junagadh,ZUNROOF TECH PVT LTD,gosolar@zunroof.com,9205893368,0,0
GUJARAT,Junagadh,ZODIAC ENERGY LIMITED,info@zodiacenergy.com,7861852582,0,0
GUJARAT,Junagadh,ZENITH SUNSPARK,zenithsunspark@gmail.com,8140946909,0,0
GUJARAT,Junagadh,ZEEPO ELECTRICAL SERVICES PRIVATE LIMITED,zeepoelectricalservices@gmail.com,9664823942,0,0
GUJARAT,Junagadh,ZAVICH INFRASTRUCTURE AND POWER PVT LTD,zavichinfra@gmail.com,9106129608,0,0
GUJARAT,Junagadh,ZALA HAKUBHA NARSISINH,solar.hakubha1508@gmail.com,9925103777,0,0
GUJARAT,Junagadh,YOGI BATTERY CENTRE,yogipowersystem@yahoo.co.in,9824088156,0,0
GUJARAT,Junagadh,YELLOWFELLOW ENERGIES LLP,viraj@yellowfellow.in,8200955676,0,0
GUJARAT,Junagadh,YELLOWCREST ENERGY LLP,yellowcrestenergy@gmail.com,9904675445,0,0
GUJARAT,Junagadh,YELLOW RAY SOLAR,yellowraysolar@gmail.com,9427443581,0,0
GUJARAT,Junagadh,YASHVI ENTERPRISE,yashvientsami@gmail.com,8849331593,0,0
GUJARAT,Junagadh,YASHONAND ELECTRO SERVICE PVT LTD,yashonand2022@gmail.com,9157197171,0,0
GUJARAT,Junagadh,YAMAS ENTERPRISE,doc.yamas@gmail.com,9727928830,0,0
GUJARAT,Junagadh,Y CAME SYSTEMS,ycamesystem009@gmail.com,8320408867,0,0
GUJARAT,Junagadh,WISEN ENERGY LLP,info@wisenenergyllp.com,9016979007,0,0
GUJARAT,Junagadh,WISE GOAL SERVICES PRIVATE LIMITED,hr.wisegoal@gmail.com,7567161902,0,0
GUJARAT,Junagadh,WHITESUN GREEN ENERGY PRIVATE LIMITED,rakesh.bhudia14@hotmail.com,8511740671,0,0
GUJARAT,Junagadh,WHITEDESERT POWER PROJECTS PVT. LTD.,wdplnkt@gmail.com,9427760723,0,0
GUJARAT,Junagadh,VSG ENTERPRISE,SURYAKANTGORASIYA3024@GMAIL.COM,9979632447,0,0
GUJARAT,Junagadh,VR ENERGY,vrenergy4@gmail.com,9924390293,0,0
GUJARAT,Junagadh,VOLTEX SOLUTION,info.voltexsolution@gmail.com,9104629229,0,0
GUJARAT,Junagadh,VOLT'S LEGACY ENERGY SOLUTION,contact@voltslegacy.com,9998765059,0,0
GUJARAT,Junagadh,VOLLT SOLAR ENERGY,volltsolar@gmail.com,8128550011,0,0
GUJARAT,Junagadh,VMD SOLAR ENERGY PRIVATE LIMITED,info@vmdsolarenergy.com,9974095302,0,0
GUJARAT,Junagadh,VIYA ELECTRIC PRIVATE LIMITED,info@viyaelectric.com,9033092026,0,0
GUJARAT,Junagadh,VIVAN ENERGY,vivanenergy09@gmail.com,9979890230,0,0
GUJARAT,Junagadh,VITRAG TECHNO PRIVATE LIMITED,ad.vitragsolar@gmail.com,7778882668,0,0
GUJARAT,Junagadh,VISWAN ENERGY SOLUTIONS,viswanenergy@gmail.com,8866641649,0,0
GUJARAT,Junagadh,VISION SOLAR,visionenergy196@gmail.com,6351131196,0,0
GUJARAT,Junagadh,VISION INFOSYS,info@vision-infosys.in,9825061749,0,0
GUJARAT,Junagadh,VISHWAKARMA ELECTRICALS,info.vishwakarmaelectricals@gmail.com,9426730030,0,0
GUJARAT,Junagadh,VISHWA SOLAR EXPERT,vishwasolar68@gmail.com,9724968018,0,0
GUJARAT,Junagadh,VISHVAM POWER PRIVATE LIMITED,vishvampowerpl@gmail.com,9723191446,0,0
GUJARAT,Junagadh,VISAKA GREEN PRIVATE LIMITED,vsolar@visaka.in,8770905614,0,0
GUJARAT,Junagadh,VIRTA ENTERPRISE,INFO.VIRTAENTERPRISE@GMAIL.COM,7698432673,0,0
GUJARAT,Junagadh,VIRAJBHAI VISUBHAI KHACHAR,gchauhan17388@gmail.com,9898986662,0,0
GUJARAT,Junagadh,VINARA SOLUTIONS,vinarasolutions@gmail.com,8320754771,0,0
GUJARAT,Junagadh,VIMAL ELECTRONICS,kcpatel@vimalelectronics.com,9099777176,0,0
GUJARAT,Junagadh,VIJAY SOLAR ENERGY,vijaysolarenergy940@gmail.com,6351211549,0,0
GUJARAT,Junagadh,VIJAY ELECTRIC COMPANY,vijayelectricco@rediffmail.com,8200337720,0,0
GUJARAT,Junagadh,VIDHYUT URJA,vidhyut.urja10@gmail.com,9664845692,0,0
GUJARAT,Junagadh,VIDE ENERGY,ankita.videenergy@gmail.com,9712668268,0,0
GUJARAT,Junagadh,VIBRANT SOLAR SYSTEMS,sales.vibrantsolar@gmail.com,9408330692,0,0
GUJARAT,Junagadh,VIA ELECTRIC,hello.viaelectric@gmail.com,9925203764,0,0
GUJARAT,Junagadh,VENUS ENTERPRISE,venusenergy2228@gmail.com,7990678583,0,0
GUJARAT,Junagadh,VEERASOL TECHNOLOGY,info@veerasol.com,9558899931,0,0
GUJARAT,Junagadh,VEE SECURE,veesecure.in@gmail.com,9825070982,0,0
GUJARAT,Junagadh,VEDA ENTERPRISE,info.vedaenterprise@gmail.com,8401103393,0,0
GUJARAT,Junagadh,VECTON ENERGY,vectonenergy@gmail.com,8000140159,0,0
GUJARAT,Junagadh,VCL ENERGY,vclenergy777@gmail.com,9825492605,0,0
GUJARAT,Junagadh,VASUSENA SOLAR ENERGY,vasusenasolarenergy07@gmail.com,9265356623,0,0
GUJARAT,Junagadh,VASTUSHILP SOLAR SOLUTION,vastushilpsolar@gmail.com,7016687155,0,0
GUJARAT,Junagadh,VASHRAMBHAI LAKHABHAI GHED,satrang.com@gmail.com,9624152555,0,0
GUJARAT,Junagadh,VASANI SOLAR SOLUTION,vasani.solar.solution@gmail.com,9998404646,0,0
GUJARAT,Junagadh,VARUN ENGINEERING,varunpatel2027@gmail.com,9727854101,0,0
GUJARAT,Junagadh,VARRCHASVA ENERGY PRIVATE LIMITED,vaibhav@varrchasva.com,9100520101,0,0
GUJARAT,Junagadh,VARIZONE SOLAR PRIVATE LIMITED,varizonesolar@gmail.com,9426111113,0,0
GUJARAT,Junagadh,VARDHAN SALES,vardhansolar91@gmail.com,9512020935,0,0
GUJARAT,Junagadh,VALAM ENTERPRISE,valamenterprise007@gmail.com,9824881693,0,0
GUJARAT,Junagadh,VAKRATUND INNOVATION PRIVATE LIMITED,operation@vakratundinnovation.com,6351039120,0,0
GUJARAT,Junagadh,VAIJNATH GLOBAL,vaijnathglobal@gmail.com,9106991946,0,0
GUJARAT,Junagadh,VAATI POWER,vaatipower@gmail.com,9510010005,0,0
GUJARAT,Junagadh,VA PATEL INFRA PRIVATE LIMITED,mayurdhavajsinhgohil00@gmail.com,9428269204,0,0
GUJARAT,Junagadh,V-GUARD INDUSTRIES LIMITED,solar@vguard.in,9895550313,0,0
GUJARAT,Junagadh,V-GRID POWER,vgridpower22@gmail.com,9714892380,0,0
GUJARAT,Junagadh,V SOLAR,vsolar8521@gmail.com,7698297821,0,0
GUJARAT,Junagadh,V POWER SOLAR SERVICES,vpowersolarservices@gmail.com,9904254440,0,0
GUJARAT,Junagadh,UVR TECHSOL PRIVATE LIMITED,uvrtechsol@gmail.com,9227106799,0,0
GUJARAT,Junagadh,UTSAV TECHNO ENTERPRISE,utsavtechnoenterprise@gmail.com,7046612340,0,0
GUJARAT,Junagadh,URJA GLOBAL LIMITED,bhagwan.verma@urjaglobal.in,7290005823,0,0
GUJARAT,Junagadh,URJA ELECTRICALS,urja.electricals.dhg@gmail.com,8469551508,0,0
GUJARAT,Junagadh,UPVOLTAGE SOLUTIONS LLP,upvoltagesolutions@gmail.com,7990618259,0,0
GUJARAT,Junagadh,UNIVERSE ENTERPRISE,muljinakum1103@gmail.com,7878789968,0,0
GUJARAT,Junagadh,UNITY ENERGY SOLUTION,unityenergysolution@gmail.com,9099094027,0,0
GUJARAT,Junagadh,UNICORN ENTERPRISE,unicornsolarvyara@gmail.com,8200121328,0,0
GUJARAT,Junagadh,UNICORN ELECTRICALS AND PROJECTS,unicornelectricals20@gmail.com,9510968626,0,0
GUJARAT,Junagadh,UNICON ENERGY,info@uniconenergy.com,9974545444,0,0
GUJARAT,Junagadh,UMIYA ENTERPRISE - NARODA,umiyaenterprise1981@gmail.com,9725033295,0,0
GUJARAT,Junagadh,UMA POWER SOLUTIONS,umapowersolution@gmail.com,9638953281,0,0
GUJARAT,Junagadh,ULTRAVIOLET SOLAR PVT.LTD.,info@uvrays.co.in,7878699099,0,0
GUJARAT,Junagadh,ULTRA RAYS ENERGY SOLUTION,ultrarays2019@gmail.com,7984482472,0,0
GUJARAT,Junagadh,UKEL AUTOMATION LLP,ukelautomation@gmail.com,9998008889,0,0
GUJARAT,Junagadh,UJALA COMPANY,ujalasolarcompany@gmail.com,7874157474,0,0
GUJARAT,Junagadh,TULAJA ENTERPRISE,tulajaenterprise@gmail.com,9904866630,0,0
GUJARAT,Junagadh,TROM INDUSTRIES LIMITED,marketing@tromsolar.in,9081017444,0,0
GUJARAT,Junagadh,TRIZONE POWER,trizonepower05@gmail.com,9638052084,0,0
GUJARAT,Junagadh,TRINITY RENEWABLE ENERGY,info.trinityrenewableenergy@gmail.com,9227000392,0,0
GUJARAT,Junagadh,TOUCHCORE CONSULTANCY,touchcore27@gmail.com,9909284285,0,0
GUJARAT,Junagadh,TIRUPATI SOLAR,tirupatisolar@hotmail.com,7043343509,0,0
GUJARAT,Junagadh,THE WOLT TECHNIQUES,director@woltsolarproducts.com,9904238777,0,0
GUJARAT,Junagadh,THE SHIVSHAKTI ENTERPRISE,Shivshakti2688@gmail.com,9913418634,0,0
GUJARAT,Junagadh,THE MOON KNIGHT,themoonknight913@gmail.com,9081313777,0,0
GUJARAT,Junagadh,THE MECHTECH SOLUTIONS,themechtechsolutions@gmail.com,9714928728,0,0
GUJARAT,Junagadh,TERAIYA ENTERPRISE,teraiyaenterprise@gmail.com,8780802225,0,0
GUJARAT,Junagadh,TEJ ENERGY LLP,director@tejenergy.com,9426856508,0,0
GUJARAT,Junagadh,TECHSUNBIO GREEN ENERGY PRIVATE LIMITED,info@techsunbio.com,9925336536,0,0
GUJARAT,Junagadh,TECHNOVATIVE GREEN ENERGY SOLUTIONS,technovativesolar@gmail.com,6354031108,0,0
GUJARAT,Junagadh,TECHNOGOODS ENTERPRISES,TechnoGoods@outlook.com,9904709693,0,0
GUJARAT,Junagadh,TECHNOCELL INDUSTRIAL SERVICES,skg23aqua@yahoo.in,9979348446,0,0
GUJARAT,Junagadh,TECHNO POWER,technopower0001@gmail.com,8200360798,0,0
GUJARAT,Junagadh,TECHNO ELECTRONICS,sales@technopower.co.in,9825236894,0,0
GUJARAT,Junagadh,TATSAT NRGS,tatsatnrgs@gmail.com,7984576567,0,0
GUJARAT,Junagadh,TARUN AND CO,taruncopwr@gmail.com,9879534866,0,0
GUJARAT,Junagadh,TARA SOLAR ENERGY,tara.solar.2111@gmail.com,9408966600,0,0
GUJARAT,Junagadh,TAPTI SOLAR,taptisolar@gmail.com,9157028811,0,0
GUJARAT,Junagadh,TANAY SS LLP,tanayss.llp@gmail.com,7778910000,0,0
GUJARAT,Junagadh,TAJ ELECTRICALS,tajelectricals.daman@gmail.com,9824790965,0,0
GUJARAT,Junagadh,TAIYO SOLAR SYTEM INTEGRATOR LLP,info@taiyosolar.co.in,9825324580,0,0
GUJARAT,Junagadh,SYSTEM RENEWABLE ENERGY,nbagwan8@gmail.com,9662361740,0,0
GUJARAT,Junagadh,SYSTEM LEVEL SOLUTIONS INDIA PVT LTD,sales@getsunsights.com,7486992856,0,0
GUJARAT,Junagadh,SYNNOVE POWER TECHNOLOGY,synnovepowertechnology@gmail.com,9033346701,0,0
GUJARAT,Junagadh,SWEV INDIA PVT LIMITED,swevindia@gmail.com,7984328691,0,0
GUJARAT,Junagadh,SWASTIK SOLAR SYSTEM,swastiksolar07@gmail.com,9712412011,0,0
GUJARAT,Junagadh,SWARG INDUSTRIES PVT LTD,info@swargworld.com,9824999527,0,0
GUJARAT,Junagadh,SWAMI INTEGRATOR AND CONSULTANTS LLP,sanjib@swamisolar.com,8980800743,0,0
GUJARAT,Junagadh,SUTARIAS SOLUTIONS PRIVATE LTD,sspl.hasmukh@gmail.com,9099510408,0,0
GUJARAT,Junagadh,SURYOSA SOLAR PRIVATE LIMITED,info@suryosa.com,9998018314,0,0
GUJARAT,Junagadh,SURYATRIC SOLAR PVT LTD,info.suryatrick@gmail.com,9979652010,0,0
GUJARAT,Junagadh,SURYASTRA GREEN INITIATIVES PRIVATE LIMITED,suryastraindia@gmail.com,8128007602,0,0
GUJARAT,Junagadh,SURYASIDDHI ENERGY SOLUTION PRIVATE LIMITED,suryasiddhienergysolutions@gmail.com,8460641891,0,0
GUJARAT,Junagadh,SURYASE ENERGY,suryaseenergy@gmail.com,9662047390,0,0
GUJARAT,Junagadh,SURYAMANI SOLAR,suryamanisolar@gmail.com,8140000257,0,0
GUJARAT,Junagadh,SURYAMAAN ENERGY,info.suryamaan@gmail.com,9722243637,0,0
GUJARAT,Junagadh,SURYAM INTERNATIONAL PRIVATE LIMITED,marketing@groupsurya.co.in,8093011632,0,0
GUJARAT,Junagadh,SURYAM ENERGY,dhavalpatel7037@gmail.com,8320698043,0,0
GUJARAT,Junagadh,SURYADEV SALES & SERVICE,suryadev2k20@gmail.com,7016946571,0,0
GUJARAT,Junagadh,SURYA URJA SYSTEMS,suryaurjasystems@gmail.com,9824276142,0,0
GUJARAT,Junagadh,SURYA SOLAR AND WATERS,rooftop@suryasolarwaters.com,9033266039,0,0
GUJARAT,Junagadh,SURYA SHAKTI,suryashaktisolar.18@gmail.com,8488010488,0,0
GUJARAT,Junagadh,SURYA INTERNATIONAL,suryavishnu159@yahoo.com,9825802298,0,0
GUJARAT,Junagadh,SURYA ENTERPRISE,suryaenterprise8324@gmail.com,9687975891,0,0
GUJARAT,Junagadh,SUREWORTH SOLAR,Sureworthsolar@gmail.com,7698763040,0,0
GUJARAT,Junagadh,SURESHBHAI SADURBHAI BARBACHIYA,surechbarbachiya41@gmail.com,9879299136,0,0
GUJARAT,Junagadh,SURAYAY NAMAH ENERGY PRIVATE LIMITED,rahul@surayaynamahenergy.com,9554055565,0,0
GUJARAT,Junagadh,SURAJGEMA POWER,SURAJGEMAPOWER@GMAIL.COM,8460515124,0,0
GUJARAT,Junagadh,SUPER WATT POWER SOLUTIONS LLP,power.superwatt@gmail.com,9920320366,0,0
GUJARAT,Junagadh,SUNWAY SOLAR,sunwaysolar02@gmail.com,7698832340,0,0
GUJARAT,Junagadh,SUNWAVE ENERGY,sunwave.energy123@gmail.com,7046070468,0,0
GUJARAT,Junagadh,SUNTRAC SOLAR,suntrac.jh@gmail.com,9979363442,0,0
GUJARAT,Junagadh,SUNSPOT ENERGY LLP,info.sunspotenergy@gmail.com,8866110577,0,0
GUJARAT,Junagadh,SUNSPOT,msn.sunspot@gmail.com,6356810701,0,0
GUJARAT,Junagadh,SUNSPARK SOLAR SOLUTIONS (FORMERLY KNOWN AS SUSSPARK SOLAR SOLUTIONS ),sunsparksolarsolutions23@gmail.com,9664693254,0,0
GUJARAT,Junagadh,SUNSOLAR SOLUTIONS (INDIA) PRIVATE LIMITED,jigar@sunsolarsolutions.co.in,9638189589,0,0
GUJARAT,Junagadh,SUNSNATCH SOLUTIONS LLP,monark.sunsnatch@gmail.com,7698536878,0,0
GUJARAT,Junagadh,SUNSHREE SOLAR,sunshreesolar@gmail.com,9157838777,0,0
GUJARAT,Junagadh,SUNSHINE SOLAR,sunshinesolarsurat@gmail.com,9537733133,0,0
GUJARAT,Junagadh,SUNSETLIFE SOLAR PRIVATE LIMITED,sunsetlifesolar@gmail.com,9574427119,0,0
GUJARAT,Junagadh,SUNSAI SOLAR SYSTEMS,solar@sunsai.co.in,9925808788,0,0
GUJARAT,Junagadh,SUNSAFE INFRA SERVICES,INFO@SUNSAFE.IN,9033673308,0,0
GUJARAT,Junagadh,SUNSAFE INFRA PRIVATE LIMITED,sunsafe.np@gmail.com,7227050091,0,0
GUJARAT,Junagadh,SUNRUN GREEN ENERGY,sunrungreenenergy@gmail.com,6354883949,0,0
GUJARAT,Junagadh,SUNROOF ELECTRICAL ENERGY,sunroofenergy100@gmail.com,9687893989,0,0
GUJARAT,Junagadh,SUNRISE INDIA,satyanarayantiwari2022@gmail.com,7208291414,0,0
GUJARAT,Junagadh,SUNRISE ENTERPRISE,sunriseenterprise6388@gmail.com,9904889087,0,0
GUJARAT,Junagadh,SUNREST INFRA ENERGY,sunrestinfraenergy@gmail.com,9638063381,0,0
GUJARAT,Junagadh,SUNRAYS ENERGY,keyursheth.14@gmail.com,9978724010,0,0
GUJARAT,Junagadh,SUNRAISE INDUSTRIES,info@sunraiseindustries.com,9722106810,0,0
GUJARAT,Junagadh,SUNPOWER ENERGY,sunpowerenergy.solar@gmail.com,7405095299,0,0
GUJARAT,Junagadh,SUNLIGHT SOLAR ENTERPRISE,bhaveshparmar4793@gmail.com,8320866769,0,0
GUJARAT,Junagadh,SUNLIGHT INFRA ENERGY PRIVATE LIMITED,tender@sunlights.in,9998374580,0,0
GUJARAT,Junagadh,SUNLIGHT GREEN ENERGY,sunlightgreenmeh@gmail.com,8460043385,0,0
GUJARAT,Junagadh,SUNLIGHT ENERGY SOLUTIONS,sunlightenergysolutions01@gmail.com,9824668001,0,0
GUJARAT,Junagadh,SUNISTIC SOLAR ENERGY LLP,info@sunisticsolarenergy.com,9909507507,0,0
GUJARAT,Junagadh,SUNIFY SOLAR LLP,sunifysolar@gmail.com,8141455505,0,0
GUJARAT,Junagadh,SUNGOLD ENTERPRISE,sungoldenterprise123@gmail.com,9737147433,0,0
GUJARAT,Junagadh,SUNFRAA RENEWABLES LLP,partner@sunfraa.com,6354296570,0,0
GUJARAT,Junagadh,SUNCENTER SOLAR ENERGY,suncentersolarenergy@gmail.com,8905055513,0,0
GUJARAT,Junagadh,SUNCELL SOLAR LLP,suncellsolarenergy@gmail.com,9512668884,0,0
GUJARAT,Junagadh,SUNBYTE ENERGY SOLUTIONS LLP,info.sunbyteenergy@gmail.com,7698971717,0,0
GUJARAT,Junagadh,SUNBUY RENEWABLES PVT LTD,darshan@sunbuy.in,9328281611,0,0
GUJARAT,Junagadh,SUNBURST GREEN ENERGY LLP,office@sunburstgreen.com,9879514559,0,0
GUJARAT,Junagadh,SUNBOOST PRIVATE LTD,info@sunboostenergy.com,9104227788,0,0
GUJARAT,Junagadh,SUNBLOOM ENERGY PRIVATE LIMITED,info@sunbloomenergy.com,9662874669,0,0
GUJARAT,Junagadh,SUNARC ELECTRICALS,sunarcelectricals@gmail.com,9687025729,0,0
GUJARAT,Junagadh,SUN VISION SOLAR,info@sunvisionsolar.in,9924112225,0,0
GUJARAT,Junagadh,SUN TECH ENERGY SOLUTION,suntech.rutvij@gmail.com,8320301975,0,0
GUJARAT,Junagadh,SUN SPARKLE ENERGY,sunsparkleenergy@gmail.com,9016093505,0,0
GUJARAT,Junagadh,SUN SAVER SOLAR,support@sunsaversolar.in,9909908879,0,0
GUJARAT,Junagadh,SUN LIGHT SOLAR,sunlightsolar0106@gmail.com,9726215972,0,0
GUJARAT,Junagadh,SUN ENERGY,sunenergybharat@gmail.com,9427352326,0,0
GUJARAT,Junagadh,SUMERU SOLUTION,sumerusolution22@gmail.com,8866426625,0,0
GUJARAT,Junagadh,SUKOON POWER TECHNOLOGY,sukoonpowertech@gmail.com,9712946594,0,0
GUJARAT,Junagadh,SUKARM,sukarmsolar@gmail.com,9925045163,0,0
GUJARAT,Junagadh,SUCCESS TECHNOCRAT,khatri292@gmail.com,9624001021,0,0
GUJARAT,Junagadh,STRONG SUN SOLAR ENERGY,strongsunsolarenergy@gmail.com,7622011292,0,0
GUJARAT,Junagadh,STEELHACKS INDUSTRIES,unisolsolar2000@yahoo.com,9825049997,0,0
GUJARAT,Junagadh,STARLUMEN ENERGY LLP,sales.starlumen@gmail.com,8758737125,0,0
GUJARAT,Junagadh,STAR ENERGY SYSTEMS,starenergyindia@gmail.com,9825014314,0,0
GUJARAT,Junagadh,STAR ELECTRICALS,starhalol389350@gmail.com,9909118137,0,0
GUJARAT,Junagadh,STANDARD ENGINEERS & CONTRACTORS,standardelectricals7177@gmail.com,8140080726,0,0
GUJARAT,Junagadh,SSB ICONIC LLP,s2belectricals@gmail.com,9016903767,0,0
GUJARAT,Junagadh,SRI BALAJI SUN ENERGY,info@sribalajienergy.com,7878375444,0,0
GUJARAT,Junagadh,SPY AUTOMATION,spyautomation61@gmail.com,7227000497,0,0
GUJARAT,Junagadh,SPIKE ENERGY,vspikeenergy@gmail.com,9662485355,0,0
GUJARAT,Junagadh,SPEED O ENERGY,INFO.SPEEDOENERGY@GMAIL.COM,7016826003,0,0
GUJARAT,Junagadh,SPARQ ENERTECH PVT LTD,info@sparqenertech.com,9558971268,0,0
GUJARAT,Junagadh,SPARCO MULTIPLAST PVT LTD,info@sparcoenergy.com,9409269062,0,0
GUJARAT,Junagadh,SP POWERTECH,sppowertech44@gmail.com,9408129713,0,0
GUJARAT,Junagadh,SP EPC SOLUTIONS,psbuma@gmail.com,9537824788,0,0
GUJARAT,Junagadh,SOULTRUST SOLAR,soultrustsolar@gmail.com,9099663390,0,0
GUJARAT,Junagadh,SOULSHINE RENEWABLE ENERGY,epc.soulshine@gmail.com,9913895893,0,0
GUJARAT,Junagadh,SOR ENTERPRISE,sorsolar@yahoo.com,9824428293,0,0
GUJARAT,Junagadh,SONIK SOLAR POWER SOLUTION,Sonikpanchal27@gmail.com,8200291250,0,0
GUJARAT,Junagadh,SOM ENERGY SYSTEMS,info@somenergysystems.com,8401909576,0,0
GUJARAT,Junagadh,SOLYUG RENEWABLES,info@solyugrenewables.com,9099562009,0,0
GUJARAT,Junagadh,SOLVEIG SOLAR PRIVATE LIMITED,solveigsolar@gmail.com,9724362544,0,0
GUJARAT,Junagadh,SOLNCE ENERGY PRIVATE LIMITED,NATIONALPORTALSOLNCE@GMAIL.COM,7990480061,0,0
GUJARAT,Junagadh,SOLMECH ENERGY,solmechenergy@gmail.com,9998930960,0,0
GUJARAT,Junagadh,SOLINE SOLAR PRIVATE LIMITED,info@soline.in,9898535056,0,0
GUJARAT,Junagadh,SOLEXY SOLAR POWER PVT. LTD.,ssepl1962@gmail.com,9810725280,0,0
GUJARAT,Junagadh,SOLEX GREEN ENERGY PRIVATE LIMITED,pravin.d@solex.in,9376820081,0,0
GUJARAT,Junagadh,SOLEX ENERGY LIMITED,solexcd@gmail.com,6354605180,0,0
GUJARAT,Junagadh,SOLARWISE-NEXG PRIVATE LIMITED,solarwise69@gmail.com,9910803171,0,0
GUJARAT,Junagadh,SOLARWAVE ENERGY,solarwaveenergy2@gmail.com,7490083005,0,0
GUJARAT,Junagadh,SOLARTRONICS ENERGY,info.solartronics@gmail.com,9426424973,0,0
GUJARAT,Junagadh,SOLART,solart.sunfuel@gmail.com,8866506193,0,0
GUJARAT,Junagadh,SOLARSYS GREENTECH PRIVATE LIMITED,deepak@solarsysgreentech.in,8488976829,0,0
GUJARAT,Junagadh,SOLARMAX ENERGY PRIVATE LIMITED,info@solarmaxenergy.in,9409222221,0,0
GUJARAT,Junagadh,SOLARLOGIX PRIVATE LIMITED,contact@solarlogix.in,7979053489,0,0
GUJARAT,Junagadh,SOLARIZE RENEWABLES PVT. LTD.,info@solarizerenewables.com,9081999400,0,0
GUJARAT,Junagadh,SOLARISE TECHNOLOGIES,solarisetechnologies1@gmail.com,6351562596,0,0
GUJARAT,Junagadh,SOLARIS TECHNO,solaristechno@gmail.com,8767917570,0,0
GUJARAT,Junagadh,SOLARIS 360,info@solaris360.com,9998117531,0,0
GUJARAT,Junagadh,SOLARINA RENEWABLE PRIVATE LIMITED,solarinarenewable@gmail.com,9824351021,0,0
GUJARAT,Junagadh,SOLARBERG SOLUTIONS,sureshbavishiya@gmail.com,9879200821,0,0
GUJARAT,Junagadh,SOLARATIVE ENERGY SOLUTION,pavan.solarative@gmail.com,9327151411,0,0
GUJARAT,Junagadh,SOLARAM POWER INFRASTRUCTURE PRIVATE LIMITED,solarampower@gmail.com,9898041008,0,0
GUJARAT,Junagadh,SOLAR4U ENTERPRISE,solar4uenterprise1@gmail.com,9510708411,0,0
GUJARAT,Junagadh,SOLAR TECH WORLD,support@solartechworld.com,8460728007,0,0
GUJARAT,Junagadh,SOLAR SUNPOWER,solarsunpower2020@gmail.com,8238835771,0,0
GUJARAT,Junagadh,SOLAR ONLINE SKP,onlinesk044@gmail.com,8238539443,0,0
GUJARAT,Junagadh,SOLAR GREEN DEVELOPERS,solargreendevelopers@gmail.com,9924507751,0,0
GUJARAT,Junagadh,SOLAR ENERGY,solarpioneer19@gmail.com,9033868265,0,0
GUJARAT,Junagadh,SOLAR EDITION,solaredition18@gmail.com,7990909838,0,0
GUJARAT,Junagadh,SOLAR EARTH,solarearth7@gmail.com,7990378370,0,0
GUJARAT,Junagadh,SOLAR CLEAN ENERGY LIMITED,socleanenergy@gmail.com,9712666866,0,0
GUJARAT,Junagadh,SOL ENERGY,solenergyn@gmail.com,7621852735,0,0
GUJARAT,Junagadh,SOHAM TECHNO SOLUTIONS,stssolar.document@gmail.com,9274349757,0,0
GUJARAT,Junagadh,SOHAM SOLAR SOLUTION,sohamsolarsolution@yahoo.com,9601751327,0,0
GUJARAT,Junagadh,SOHAM ENTERPRISE,sachinpatel3132@gmail.com,9924142513,0,0
GUJARAT,Junagadh,SODHA ELECTRIC SERVICE,sohail.sodha@gmail.com,8000093095,0,0
GUJARAT,Junagadh,SNS ENERGY PVT. LTD.,sujitsharma@snsenergy.co.in,7043136049,0,0
GUJARAT,Junagadh,SNAP SOLAR,snapsolar7@gmail.com,7572851098,0,0
GUJARAT,Junagadh,SMIT SOLAR SOLUTIONS,smitsolarsolutions@gmail.com,9924793020,0,0
GUJARAT,Junagadh,SMIT ENGINEERING SOLUTION,smitengineering10@gmail.com,9033381684,0,0
GUJARAT,Junagadh,SMART SOLAR ENERGY,smartsolarenergy8542@gmail.com,7435907512,0,0
GUJARAT,Junagadh,SMART ROOF SOLAR SOLUTION PVT. LTD.,enquiry@gosmartroof.com,9971481718,0,0
GUJARAT,Junagadh,SMART ENERGY SOLUTIONS,smartenergysolutions99@gmail.com,8511495982,0,0
GUJARAT,Junagadh,SKYLINE SOLAR SYSTEM,skylinesolarsystem@gmail.com,9106430159,0,0
GUJARAT,Junagadh,SKYLIGHT SOLAR,skylightsolar03@gmail.com,9510905126,0,0
GUJARAT,Junagadh,SKYLAR INDIA,darshansolarkheda@gmail.com,8530252952,0,0
GUJARAT,Junagadh,SKY WINGS SOLAR ENERGY,skywingssolar@gmail.com,9974839830,0,0
GUJARAT,Junagadh,SKY SUN ENTERPRISE,skysunenterprise@gmail.com,9408931070,0,0
GUJARAT,Junagadh,SKY RISE SOLAR,skyrisesolar@gmail.com,9328009285,0,0
GUJARAT,Junagadh,SKY RENEWABLE,piush123.pp@gmail.com,9638166779,0,0
GUJARAT,Junagadh,SKY LARK SOLAR PRIVATE LIMITED,skylarksolar7@gmail.com,7016360083,0,0
GUJARAT,Junagadh,SKY ENTERPRISE,skyenterprise.re@gmail.com,9428164222,0,0
GUJARAT,Junagadh,SKY BLUE SOLAR PVT .LTD,Skybluesolarpvtltd@gmail.com,9104566242,0,0
GUJARAT,Junagadh,SKY BLUE SOLAR,skybluesolar56@gmail.com,9824965349,0,0
GUJARAT,Junagadh,SIYAVAR ENERGY,SIYAVARENERGY@GMAIL.COM,9773131455,0,0
GUJARAT,Junagadh,SITARAM CORPORATION,sitaramcorporation2025@gmail.com,8141427041,0,0
GUJARAT,Junagadh,SILVER CYPHER TECHNOLOGIES,silvercyphersolar@gmail.com,8460699699,0,0
GUJARAT,Junagadh,SIGNAL AUTOMATION,solarservices1188@gmail.com,9978215636,0,0
GUJARAT,Junagadh,SIGMA SUN ENERGY,info.sigmasunenergy@gmail.com,9726764498,0,0
GUJARAT,Junagadh,SIGMA ENGINEERING,sigma_engg@yahoo.co.in,9825205934,0,0
GUJARAT,Junagadh,SIDOM SYNERGY PRIVATE LIMITED,sidomsynergy@gmail.com,9408454029,0,0
GUJARAT,Junagadh,SIDDHI ELECTRICAL ENGINEER AND CONTRACTOR,siddhielectrical77@gmail.com,9662061492,0,0
GUJARAT,Junagadh,SHYAM SOLAR ENERGY,vschohla@GMAIL.COM,8140796593,0,0
GUJARAT,Junagadh,SHRIJI ENERGY,shrijienergy@gmail.com,9909930405,0,0
GUJARAT,Junagadh,SHRI SAI ELECTRICAL,rooftop@shrisaielectrical.co.in,6353970979,0,0
GUJARAT,Junagadh,SHRI RAM SOLAR ENERGY LLP,admin@shriramsolarenergy.com,9712912421,0,0
GUJARAT,Junagadh,SHRI MARUTI ENTERPRISE,tdoshi76@gmail.com,9428358150,0,0
GUJARAT,Junagadh,SHRI KHATRI BATTERY SERVICE,khatribattery@gmail.com,9426029459,0,0
GUJARAT,Junagadh,SHREYISHA ENGINEERING,shreyishaengineering@gmail.com,8460445802,0,0
GUJARAT,Junagadh,SHREEMAD ENGINEERS,shreemadbg@gmail.com,9913721961,0,0
GUJARAT,Junagadh,SHREEJI SOLAR SYSTEM,shreejisolars@gmail.com,9265296741,0,0
GUJARAT,Junagadh,SHREEJI SOLAR SOLUTION,npparikh@hotmail.com,9879537250,0,0
GUJARAT,Junagadh,SHREEJI SOLAR ENERGY SYSTEMS,snpatel2605@gmail.com,9712914272,0,0
GUJARAT,Junagadh,SHREEJI SOLAR,info.shreejisolar@gmail.com,9904351125,0,0
GUJARAT,Junagadh,SHREEJI SALES - KARAMSAD,shreejisales125@gmail.com,9586548051,0,0
GUJARAT,Junagadh,SHREEJI POWER SOLUTIONS,shreejiss@yahoo.com,9824338633,0,0
GUJARAT,Junagadh,SHREEJI MARKETING - TALOD,rajuksales@gmail.com,9974612008,0,0
GUJARAT,Junagadh,SHREEJI GRIN SOLAR,shrijigreensolar@gmail.com,7203005770,0,0
GUJARAT,Junagadh,SHREEJI ENTERPRISES - WADI,Sandipgandhi113@gmail.com,9825077605,0,0
GUJARAT,Junagadh,SHREEJI ENTERPRISES - BHAYLI,shreejie1@gmail.com,9099710184,0,0
GUJARAT,Junagadh,SHREEJI ENTERPRISE - MANJALPUR,shreejienergy844@gmail.com,7041803421,0,0
GUJARAT,Junagadh,SHREEJI ENERGY SOLUTION,shreejienergysolution@gmail.com,8460595980,0,0
GUJARAT,Junagadh,SHREEJI ELECTRICALS,shreejiele@gmail.com,9825089343,0,0
GUJARAT,Junagadh,SHREE VISHNU SALES AGENCY,shreevishnusalesagency@gmail.com,9825324608,0,0
GUJARAT,Junagadh,SHREE UMIYA CORPORATION,shreeumiyacorp@gmail.com,8866731185,0,0
GUJARAT,Junagadh,SHREE SOLAR POWER,nileshsorthiya2@gmail.com,9727620417,0,0
GUJARAT,Junagadh,SHREE SOLAR,dinkarparekh1983@gmail.com,9104030777,0,0
GUJARAT,Junagadh,SHREE SAI SOLAR,Hiteshrane37@gmail.com,9879268362,0,0
GUJARAT,Junagadh,SHREE SAI ENTERPRISE,shreesaienterprise75@gmail.com,8128171111,0,0
GUJARAT,Junagadh,SHREE RAM SOLAR,shreeramsolar12@gmail.com,9726671212,0,0
GUJARAT,Junagadh,SHREE RADHE ELECTRICALS,shreeradhesolar24@gmail.com,9974842981,0,0
GUJARAT,Junagadh,SHREE LALGHAR CORPORATION,shreelalgharcorporation@gmail.com,8200149120,0,0
GUJARAT,Junagadh,SHREE KRISHNA SALES AND SERVICES,info@skss.co.in,9998990694,0,0
GUJARAT,Junagadh,SHREE KRISHNA ENERGY,shreekrishna.energy@gmail.com,9979559334,0,0
GUJARAT,Junagadh,SHREE KHODIYAR REFRIGERATION SALES AND SERVICE,shreekhodiyarref85@gmail.com,9825289293,0,0
GUJARAT,Junagadh,SHREE HARI SALES & SERVICES,shreeharisales16@gmail.com,7698916121,0,0
GUJARAT,Junagadh,SHREE HARGANGESHWAR WATER CARE,shreehargangeshwarenergy@gmail.com,8128362108,0,0
GUJARAT,Junagadh,SHREE GOR SOLAR,shreegorsolar@gmail.com,6361983041,0,0
GUJARAT,Junagadh,SHREE GAUTAM RENEWABLES AND CLEAN ENERGIES,shreegautam.energy@gmail.com,9408188809,0,0
GUJARAT,Junagadh,SHREE GAJANAND SOLAR,gajanandsolar@gmail.com,8347972590,0,0
GUJARAT,Junagadh,SHREE ENERGY SOLUTIONS,shreeenergysolution8@gmail.com,9904335293,0,0
GUJARAT,Junagadh,SHREE CHAMUNDESHVARI TRADING,hareshdodiya75@gmail.com,9327523737,0,0
GUJARAT,Junagadh,SHREE CHAMUNDA SOLAR SOLUTIONS,shreechamundasolarsolutions29@gmail.com,9409694196,0,0
GUJARAT,Junagadh,SHREE BRAHMANI ELECTRICALS,shreebrahmanisolar@gmail.com,9909995675,0,0
GUJARAT,Junagadh,SHOOLIN WATT PRIVATE LIMITED,shoolinwattpvtltd@gmail.com,9909967894,0,0
GUJARAT,Junagadh,SHIVRON INDUSTRY,shivronind.contr@gmail.com,9925248752,0,0
GUJARAT,Junagadh,SHIVIK ENTERPRISE,shivikenterprise@gmail.com,9512839262,0,0
GUJARAT,Junagadh,SHIVHARDHA SHD PROJECTS,shivhardha@gmail.com,9898692603,0,0
GUJARAT,Junagadh,SHIVDHARA SALES,shivdharasales8060@gmail.com,7433004040,0,0
GUJARAT,Junagadh,SHIVAS SOLAR,shivassolar4418@gmail.com,9537611795,0,0
GUJARAT,Junagadh,SHIVAM SOLAR,solar.shivam2020@gmail.com,7575007551,0,0
GUJARAT,Junagadh,SHIVAM ENTERPRISE (SURAT),shivamenterprise24365@gmail.com,9998883132,0,0
GUJARAT,Junagadh,SHIVAM ENTERPRISE,ERJAYPATHAK1@GMAIL.COM,9376099001,0,0
GUJARAT,Junagadh,SHIVAM ENERGY TECH,shivamenergytech2023@gmail.com,9687001450,0,0
GUJARAT,Junagadh,SHIVAM ELECTRICAL,kaushaldave2@gmail.com,9687575600,0,0
GUJARAT,Junagadh,SHIVA SOLAR ENERGY,admin@shivasolarenergy.com,9624220197,0,0
GUJARAT,Junagadh,SHIV TRADERS,shivtraders7233@gmail.com,9998820863,0,0
GUJARAT,Junagadh,SHIV SOLARTECH,info.shivsolartech@gmail.com,9825245956,0,0
GUJARAT,Junagadh,SHIV ENTERPRISE,shiventerprisesolor@gmail.com,7600438578,0,0
GUJARAT,Junagadh,SHINE SOLAR,shinesolar.marketing@gmail.com,7622023355,0,0
GUJARAT,Junagadh,SHINE ENERGY SOLUTION,info@shineenergysolution.in,9687959342,0,0
GUJARAT,Junagadh,SHAURYAM ENTERPRISE,shauryamsolarenterprise@gmail.com,9173645491,0,0
GUJARAT,Junagadh,SHATRAS AGRI,shatrasagri@gmail.com,9714616040,0,0
GUJARAT,Junagadh,SHARVA SOLAR,sharvasolar@gmail.com,9909449650,0,0
GUJARAT,Junagadh,SHANTI CORPORATION,info.shanticorporation@gmail.com,8980524444,0,0
GUJARAT,Junagadh,SHAKTI SOLAR SERVICE,ktptl52@gmail.com,9737854634,0,0
GUJARAT,Junagadh,SHAKTI GREEN ENERGY SERVICES,shakti.green25@gmail.com,9898860648,0,0
GUJARAT,Junagadh,SHAKTI ENTERPRISE,shaktienterprise082025@gmal.com,8511288555,0,0
GUJARAT,Junagadh,SHAKTI ENTERPRISE,shaktienterprise0507@gmail.com,8866124840,0,0
GUJARAT,Junagadh,SHAILEE PROJECTS PRIVATE LIMITED,shaileeprojects99@gmail.com,7600755058,0,0
GUJARAT,Junagadh,SEVENTH SKY RENEWABLE LLP,seventhskyrenewable@gmail.com,7874524574,0,0
GUJARAT,Junagadh,SEVEN SOLAR ENERGY,divyang@sevensolarenergy.com,9825554277,0,0
GUJARAT,Junagadh,SERVOTECH POWER SYSTEMS LIMITED,pmsuryaghar@servotechindia.com,9266918120,0,0
GUJARAT,Junagadh,SAVIOR SOLAR ENERGY,saviorsolarenergy@outlook.com,8980517729,0,0
GUJARAT,Junagadh,SAVEGRID ENERGY,savegridenergy@gmail.com,6355785758,0,0
GUJARAT,Junagadh,SAVARIYA CORPORATION,savariyacorporation@gmail.com,9274166507,0,0
GUJARAT,Junagadh,SAUR SOLAR SOLUTION LLP,piyushpatel1974@gmail.com,9909417258,0,0
GUJARAT,Junagadh,SATYAY SOLAR,satyaysolar@gmail.com,9157716540,0,0
GUJARAT,Junagadh,SATYASARA ENERGY PRIVATE LIMITED,satyasaraenergy@gmail.com,9909365808,0,0
GUJARAT,Junagadh,SATYAM ELECTRICALS,satyamelectrical@yahoo.com,9824256257,0,0
GUJARAT,Junagadh,SATYAKRISHNA LIGHTING,SATYAKRISHNALIGHTING@GMAIL.COM,9428369990,0,0
GUJARAT,Junagadh,SATTVA ENERGIES,sattvaenergies@gmail.com,8401156604,0,0
GUJARAT,Junagadh,SASA ENERGY LLP,sasaenergyllp@gmail.com,9099207722,0,0
GUJARAT,Junagadh,SARVAYOGAM SOLAR PRIVATE LIMITED,sarvayogamsolar@gmail.com,6356633355,0,0
GUJARAT,Junagadh,SARDAR SOLAR ENERGY PRIVATE LIMITED,sardarsolarenergypvtltd015@gmail.com,9664915598,0,0
GUJARAT,Junagadh,SARATHI ENERGY,sarathienergy@gmail.com,9016747295,0,0
GUJARAT,Junagadh,SANTKRUPA ELECTRICALS,santkrupaelectricals19@gmail.com,8849254993,0,0
GUJARAT,Junagadh,SANJAY SOLAR,sbheaters@gmail.com,7016893192,0,0
GUJARAT,Junagadh,SANGAM ELECTRONICS CO,info.sangamsolar@gmail.com,9825929552,0,0
GUJARAT,Junagadh,SAMRUDDH SOLAR,samruddhsolar1@gmail.com,7859827859,0,0
GUJARAT,Junagadh,SAMPTEL ENERGY PRIVATE LIMITED,project@samptelenergy.com,9727755187,0,0
GUJARAT,Junagadh,SAMAR SOLAR,samarsolar183@gmail.com,7046164346,0,0
GUJARAT,Junagadh,SAMAR ENERGY SOLUTIONS,samarenergysolutions@gmail.com,9662727432,0,0
GUJARAT,Junagadh,SAICAB TECH PVT LTD,info@saicabtech.com,8511130328,0,0
GUJARAT,Junagadh,SAHJANAND ENTERPRISE,sahjanandeprise@gmail.com,9737671777,0,0
GUJARAT,Junagadh,SAHAJ SOLAR PRIVATE LIMITED,bparmar@sahajsolar.com,7573006832,0,0
GUJARAT,Junagadh,SAFVI ELECTRICALS SOLUTIONS,safvielectricalssolutions2013@gmail.com,9374754648,0,0
GUJARAT,Junagadh,SAFFRON RENEWTECH,saffronrenewtech24@gmail.com,7600507557,0,0
GUJARAT,Junagadh,SAFECON INDUSTRIAL MAINTENANCE & ENGINEERING SERVICES,safeconservices2013@gmail.com,9925854491,0,0
GUJARAT,Junagadh,SADGURU ELECTRICALS,sadguruelectricals23@gmail.com,9714715649,0,0
GUJARAT,Junagadh,SAAN ELECTRICAL,saanelectrical@gmail.com,9033735490,0,0
GUJARAT,Junagadh,S P MULTI ENGINEERING SERVICES,spmultiengineeringservices@gmail.com,9104556095,0,0
GUJARAT,Junagadh,S MEERA ELECTRICALS,s.meeraelectricals@gmail.com,9328249939,0,0
GUJARAT,Junagadh,S DIPAK AND CO,sdipaksolar@gmail.com,9898664858,0,0
GUJARAT,Junagadh,RV INFOTECH,rvinfotech2020@gmail.com,8141560037,0,0
GUJARAT,Junagadh,RUPABHAI MAGANBHAI PATEL,RMP.GEMPORTAL@GMAIL.COM,9426004861,0,0
GUJARAT,Junagadh,RUDRASOL ENERGY PRIVATE LIMITED,rudrasolenergy@gmail.com,9408397604,0,0
GUJARAT,Junagadh,RUDRAKSH SOLAR POWER,rudrakshsolarpower@gmail.com,9016203365,0,0
GUJARAT,Junagadh,RUDRAKSH ELECTRICALS,rudrakshelectricals4@gmail.com,6353460657,0,0
GUJARAT,Junagadh,RUDRA SOLAR AND ELECTRICAL,rudrasolar2019@gmail.com,9510514672,0,0
GUJARAT,Junagadh,RUDRA ENTERPRISE,rudraenterprise3489@gmail.com,9586158985,0,0
GUJARAT,Junagadh,RUDRA ENTERPRISE,rudraenterprise1110@gmail.com,8758462848,0,0
GUJARAT,Junagadh,RSV POWER ENGINEERING,rsv.power.engineering@gmail.com,9033590507,0,0
GUJARAT,Junagadh,ROYAL ENTERPRISE,royalenterprise.vadodara@gmail.com,6352205345,0,0
GUJARAT,Junagadh,ROLEX GREEN ENERGY,ghediyamilan@gmail.com,9429476592,0,0
GUJARAT,Junagadh,RK SUN POWER LLP,rksunpowertrading@gmail.com,9913785000,0,0
GUJARAT,Junagadh,RK RENEWABLE ENERGY & ENGINEERING WORKS,rkrenewable.engineering2020@gmail.com,9824961523,0,0
GUJARAT,Junagadh,RITUDHAN SOLAR POWER,ritudhansolarpower@gmail.com,9879111390,0,0
GUJARAT,Junagadh,RISING GREEN ENERGY,rgesolar@gmail.com,9033119375,0,0
GUJARAT,Junagadh,RISING ENERGY SOLUTIONS,risingenergy@yahoo.com,7990391839,0,0
GUJARAT,Junagadh,RISHAV POWERTECH LLP,rishavpowertech@gmail.com,9898203470,0,0
GUJARAT,Junagadh,RIMPLE CORPORATION LLP,rimpleco@gmail.com,6351076702,0,0
GUJARAT,Junagadh,RIGHT POWER INFRA PVT LTD,darshana@right-infra.com,9898661067,0,0
GUJARAT,Junagadh,RIDDLE ENERGY PVT. LTD.,riddleenergy2101@gmail.com,9879556196,0,0
GUJARAT,Junagadh,RIA POWER,riapower24@gmail.com,8758463929,0,0
GUJARAT,Junagadh,RG SOLAR SOLUTIONS,info@rgsolarsolutions.com,7718719713,0,0
GUJARAT,Junagadh,REVA RENEWABLES,revarenewables@gmail.com,6358844490,0,0
GUJARAT,Junagadh,RESONAGE GREEN ENERGY PRIVATE LIMITED,rgepl2024gujarat@gmail.com,9879402000,0,0
GUJARAT,Junagadh,RENEWZA ENERGY,renewzaenergy@gmail.com,8511148225,0,0
GUJARAT,Junagadh,RENEWIX INNOVATIONS PVT LTD,hello@renewix.in,9998980947,0,0
GUJARAT,Junagadh,RENEW ENERGIES,information.renew@gmail.com,7405507073,0,0
GUJARAT,Junagadh,RENEVIK SOLAR SOLUTIONS PRIVATE LIMITED,sejal.c@vikasaryagroup.com,9327572645,0,0
GUJARAT,Junagadh,RENEURJA ENERGY,reneurjaenergy@gmail.com,8460611110,0,0
GUJARAT,Junagadh,RENESYS POWER SYSTEMS PRIVATE LIMITED,project@renesys.in,7069751110,0,0
GUJARAT,Junagadh,RENAISSANCE CORPORATE SOLUTIONS PVT. LTD.,rcplsolar@gmail.com,9572032363,0,0
GUJARAT,Junagadh,RELIGHT ENERGY LLP,relightenergy.info@gmail.com,8000194738,0,0
GUJARAT,Junagadh,RELIABLE CONSULTING ENGINEERS,jaymin.fajalia@onlinerce.com,9327168907,0,0
GUJARAT,Junagadh,REKSON ELECTROTECH,REKSONELECTROTECH37@GMAIL.COM,9904994494,0,0
GUJARAT,Junagadh,REGAL ELECTRICALS,balochvikarali60@gmail.com,8141028100,0,0
GUJARAT,Junagadh,REFLECTION SOLAR & ENERGY PRIVATE LIMITED,piyushraval.1984@gmail.com,9725019493,0,0
GUJARAT,Junagadh,REFLECT SOLAR,reflect.solar.energy@gmail.com,9998419211,0,0
GUJARAT,Junagadh,REEWA SOLAR ENERGY,reewasolarenergy@gmail.com,9879353053,0,0
GUJARAT,Junagadh,REDSUN SOLAR INDUSTRIES,info@redsunin.com,9825632875,0,0
GUJARAT,Junagadh,REAL MULTIPLE SOLUTIONS,rmssolar.bhavnagar@rediffmail.com,9099722722,0,0
GUJARAT,Junagadh,RE360,gogreen@re360.in,8258976667,0,0
GUJARAT,Junagadh,RAYOLT ENERGY LLP,info@rayolt.com,9998745706,0,0
GUJARAT,Junagadh,RAYNEX POWER SOLUTION,raynexps@gmail.com,8758239470,0,0
GUJARAT,Junagadh,RAYCAL POWER INFRA PVT LTD,darshan@raycal.in,6358196472,0,0
GUJARAT,Junagadh,RAY ENERGY,info.rayenergy@gmail.com,8401481453,0,0
GUJARAT,Junagadh,RAVIJA ENTERPRISES,ravijaenterprises09@gmail.com,6356956938,0,0
GUJARAT,Junagadh,RARA-AVIS RENEWABLE ENERGY PRIVATE LIMITED,info@raraavisenergy.com,7043374434,0,0
GUJARAT,Junagadh,RANJAN INDUSTRIES,ranjan28496@gmail.com,9924818113,0,0
GUJARAT,Junagadh,RAMSUN ENERGY,ramsunenergy09@gmail.com,7984300271,0,0
GUJARAT,Junagadh,RAMESH POWER POINTS,rameshpowerpoint@gmail.com,9825225585,0,0
GUJARAT,Junagadh,RAMDEV SOLAR SYSTEM,ramdevsolarsytem@gmail.com,8758911969,0,0
GUJARAT,Junagadh,RAJDEEP SOLAR ENERGY PVT. LTD.,dharmesh@rajdeepsolarnergy.com,9099089749,0,0
GUJARAT,Junagadh,RAJAVI ELECTRICAL SERVICES,rajvielectricalservices@gmail.com,9723613718,0,0
GUJARAT,Junagadh,RAJANJI ENTERPRISE,RAJANJI72.LV@GMAIL.COM,8849116749,0,0
GUJARAT,Junagadh,RAJANI MOTORS,rajanimotors21@gmail.com,7227807262,0,0
GUJARAT,Junagadh,RAJ ELECTRICALS,solar.rajelectricals@gmail.com,9998656539,0,0
GUJARAT,Junagadh,RADIANT SOLAR ENERGY,info@radiantsolarenergy.co.in,9512337513,0,0
GUJARAT,Junagadh,RADIANT INDIA,RADIANTINDIA007@GMAIL.COM,9163559963,0,0
GUJARAT,Junagadh,RABBIT ELECTRICAL AND SOLAR PVT. LTD.,respvtltd24@gmai.com,9727646420,0,0
GUJARAT,Junagadh,RAASON ENERTECH LLP,info@raasonenertech.com,9624768483,0,0
GUJARAT,Junagadh,R V SOLAR,rvsolarvijapur@gmail.com,9726801070,0,0
GUJARAT,Junagadh,R K ENTERPRICE,jayswal.ravi@ymail.com,9722252875,0,0
GUJARAT,Junagadh,R K BHABHOR,rkbhabhor78@gmail.com,9909161378,0,0
GUJARAT,Junagadh,R C ELECTRICALS,info@rcelectricals.in,9824757160,0,0
GUJARAT,Junagadh,R B RENEWABLES LLP,info@brrenewables.com,9898985672,0,0
GUJARAT,Junagadh,QORX ENERGY,qorxenergy1366@gmail.com,9904000629,0,0
GUJARAT,Junagadh,PYRAMID PROJECTS,pyramidsolarindia@gmail.com,9726430137,0,0
GUJARAT,Junagadh,PV RENEWABLES,keyurdudhat871@gmail.com,9714872871,0,0
GUJARAT,Junagadh,PV RAYS ENERGY,pvraysenergy@gmail.com,9898097222,0,0
GUJARAT,Junagadh,PURNIMA SOLAR ENERGY,rpateldeesa@gmail.com,9824320856,0,0
GUJARAT,Junagadh,PURMA ENERGY PVT LTD,purmaenergy@gmail.com,7069628193,0,0
GUJARAT,Junagadh,PROTON POWER SERVICE,sprotonpower@gmail.com,9033765370,0,0
GUJARAT,Junagadh,PROSTARM INFO SYSTEMS LIMITED,mktg.ahm@prostarm.com,9316466272,0,0
GUJARAT,Junagadh,PROSPER ENTERPRISE,prosperenterprise07@gmail.com,9824420913,0,0
GUJARAT,Junagadh,PRODES CONSULTING ENGINEERS PRIVATE LIMITED,rajiv.ranjan.prakash786@gmail.com,8690444556,0,0
GUJARAT,Junagadh,PRIYANKA ENTERPRISE,enterpriseriya8002@gmail.com,9913032779,0,0
GUJARAT,Junagadh,PRIVA ENTERPRISE,vickysheth1987@gmail.com,9825241949,0,0
GUJARAT,Junagadh,PRISM ECOENERGIA PRIVATE LIMITED,info@prismecoenergia.com,9704710101,0,0
GUJARAT,Junagadh,PRISHA CORPORATION,prishacorporation183@gmail.com,9825505023,0,0
GUJARAT,Junagadh,PRINIX POWER OPC PRIVATE LIMITED,prinixpower@gmail.com,7600755058,0,0
GUJARAT,Junagadh,PRINCE ELECTRICAL,princeelectrical20@gmail.com,8866507173,0,0
GUJARAT,Junagadh,PRIDE SOLAR ENERGY LLP,Pridesolarenergyllp@outlook.com,9664975264,0,0
GUJARAT,Junagadh,PRAYOSHA CORPORATION,prayoshacorporation.india@gmail.com,9825390162,0,0
GUJARAT,Junagadh,PRATYUSH RENEWABLE ENERGY PRIVATE LIMITED,pratyushrenewables@gmail.com,8780737839,0,0
GUJARAT,Junagadh,PRATIKSHA ENTERPRISE,pratikshaenterprise1006@gmail.com,8238516417,0,0
GUJARAT,Junagadh,PRASHANT ENTERPRISE,prashantenterprise.solar@gmail.com,9409337000,0,0
GUJARAT,Junagadh,PRANIL CORPORATION,riddhistart@yahoo.co.in,9825411575,0,0
GUJARAT,Junagadh,PRANIK POWER INFRA PRIVATE LIMITED,solar.pranik@gmail.com,9925237347,0,0
GUJARAT,Junagadh,PRAHAR SOLAR SOLUTIONS,info.praharsolar@gmail.com,9016360702,0,0
GUJARAT,Junagadh,PRAGATI URZA PRIVATE LIMITED,pragatiurza@gmail.com,8347009697,0,0
GUJARAT,Junagadh,PRAGATI ENTERPRISE,pragatienterprise1985@gmail.com,9825254567,0,0
GUJARAT,Junagadh,POWERTRONICS TECHNOLOGY,powertronics1990@gmail.com,9974772070,0,0
GUJARAT,Junagadh,POWERTRAC INDUSTRIES LIMITED,info@powertracsolar.com,7573014610,0,0
GUJARAT,Junagadh,POWERTECH ENGINEERS SURAT,sanatbarot@gmail.com,9377625242,0,0
GUJARAT,Junagadh,POWERSOL,office@re.digital,9016681762,0,0
GUJARAT,Junagadh,POWERON ELECTRICAL,poweron.electricalservice@gmail.com,7990528002,0,0
GUJARAT,Junagadh,POWERMAC TECHNOLOGY,info@powermacgroup.com,9099939972,0,0
GUJARAT,Junagadh,POWER TECH ENERGY SOLUTUIONS,epc@ptes.in,6357502081,0,0
GUJARAT,Junagadh,POWER SYSTEM,powersystem2k11@gmail.com,9898068224,0,0
GUJARAT,Junagadh,POWER RISE,powerrise16@gmail.com,8460145311,0,0
GUJARAT,Junagadh,POWER PLUS ENERGY,powerplussolarenergy@gmail.com,9998183339,0,0
GUJARAT,Junagadh,POWER PLUS,powerplusbhabhar@gmail.com,8128435584,0,0
GUJARAT,Junagadh,POWER PACK SOLUTIONS,powerpacksolutions12195@gmail.com,9725787004,0,0
GUJARAT,Junagadh,POWER GENESYS ENERGY SOLUTIONS PRIVATE LIMITED,subbu@powergenesys.com,8618279431,0,0
GUJARAT,Junagadh,POOJA ELECTRICALS,PE9711@gmail.com,8758668166,0,0
GUJARAT,Junagadh,POOJA ELECTRICALS,poojaelectrical21@gmail.com,7434034056,0,0
GUJARAT,Junagadh,POINTER INSTRUMENTS SERVICES,pointer1729@gmail.com,9033543187,0,0
GUJARAT,Junagadh,PLUGIN ELECTRICAL,info@pluginelectrical.in,9512020316,0,0
GUJARAT,Junagadh,PHOTOVOLTAIC SOLAR,info@photovoltaicsolar.in,8866488000,0,0
GUJARAT,Junagadh,PHOTONICS WATERTECH PRIVATE LIMITED,vasant@photonicslights.com,6353704460,0,0
GUJARAT,Junagadh,PHOENIX RENEWABLE ENERGY,PHOENIXRE6@GMAIL.COM,9586110114,0,0
GUJARAT,Junagadh,PHOENIX CREATIONS LIMITED,phoenixcreations2011@gmail.com,9978578599,0,0
GUJARAT,Junagadh,PETLAD SOJITRA TALUKA SAURAURJA UTPADAK SAHKARI MANDALI LIMITED,pssumandali@gmail.com,8140968999,0,0
GUJARAT,Junagadh,PEGASUS POWER AND INFRA LLP,info@pegasusllp.com,8160259454,0,0
GUJARAT,Junagadh,PEAKSUN ENERGY PRIVATE LIMITED,info@peaksunenergy.co.in,7486089901,0,0
GUJARAT,Junagadh,PAVAN ENERGY,pavanenergy1209@gmail.com,7016265112,0,0
GUJARAT,Junagadh,PATEL JOYATABHAI GALABHAI,pateljoytabhai1134@gmail.com,9724674544,0,0
GUJARAT,Junagadh,PATEL GREEN ENERGY SALES AND SERVICE,patelgreenenergyinfo@gmail.com,9427412983,0,0
GUJARAT,Junagadh,PATEL ELECTRONICS,hardikpatelelec@gmail.com,9377767508,0,0
GUJARAT,Junagadh,PATEL ELECTRICALS,info.patelelectricals@gmail.com,9998896555,0,0
GUJARAT,Junagadh,PASHAVA ENERGY PRIVATE LIMITED,pashavaenergy@yahoo.com,9909904332,0,0
GUJARAT,Junagadh,PARTHKUMAR VIKRAMBHAI KAMANIYA,kpv2322@gmail.com,9313098584,0,0
GUJARAT,Junagadh,PARTH SALES,parthsalessolar@gmail.com,9712426671,0,0
GUJARAT,Junagadh,PAROT RENEWABLES LIMITED,gn@parotrenewables.com,9274692942,0,0
GUJARAT,Junagadh,PARMAR ENTERPRISE,parmarenterprise2024@gmail.com,9574944345,0,0
GUJARAT,Junagadh,PARK SHELDRAKE,parksheldrake@gmail.com,7862991878,0,0
GUJARAT,Junagadh,PARISHRAM INFOENERGY,parishraminfoenergy@gmail.com,9909433132,0,0
GUJARAT,Junagadh,PARECHA ENTERPRISES,sagarmparecha999@gmail.com,9537704244,0,0
GUJARAT,Junagadh,PARAS TECHNOCRAT PVT. LTD,info@parastechnocrat.in,7621983131,0,0
GUJARAT,Junagadh,PANCHAMRUT ENTERPRISE,panchamrut2019@gmail.com,7016103662,0,0
GUJARAT,Junagadh,P.M.BAROT GREEN ENERGY,jaybarotkdbm@gmail.com,9327129667,0,0
GUJARAT,Junagadh,P V ENERGY,pvenergy999@gmail.com,9924195999,0,0
GUJARAT,Junagadh,P C LINK ENTERPRISE,pclinkenterprise@gmail.com,8238053941,0,0
GUJARAT,Junagadh,P AND N ENGINEERING AND MARKETING,pandnsolarenergy@gmail.com,7622023251,0,0
GUJARAT,Junagadh,OSAM STEEL,mansukh.kateshiya93@gmail.com,9106570620,0,0
GUJARAT,Junagadh,ORTEX CORPORATION,ortexcorporation@gmail.com,9276103457,0,0
GUJARAT,Junagadh,OORJA ELECTRIC,oorjaforeveryone@gmail.com,9067598727,0,0
GUJARAT,Junagadh,ONETIME SOLAR SYSTEM,onetimesolarsystem@gmail.com,9925296957,0,0
GUJARAT,Junagadh,OMKARA INFOTECH,omkarinfotechlakhani@gmail.com,9428847854,0,0
GUJARAT,Junagadh,OMEGA POWER,omegapower2018@gmail.com,7990226349,0,0
GUJARAT,Junagadh,OMEGA ELECTRICALS,omele452@gmail.com,9979888452,0,0
GUJARAT,Junagadh,OM SOLAR,VIPULKUMARPATEL43@YAHOO.IN,9714384884,0,0
GUJARAT,Junagadh,OM SHANTI MACHINERIES EXIM,grandosolar@gmail.com,9824868078,0,0
GUJARAT,Junagadh,OM SALES ENTERPRISE,rahul.redrenbardoli@gmail.com,9428631515,0,0
GUJARAT,Junagadh,OM ELECTRICALS,jaydratsinhzala09@gmail.com,9265589234,0,0
GUJARAT,Junagadh,ODHAV ENTERPRISE,odhaventerpriseindia@gmail.com,9033231303,0,0
GUJARAT,Junagadh,OCTA ENTERPRISE,octaenterprise7@gmail.com,8469023543,0,0
GUJARAT,Junagadh,OCEANIC POWER ENGINEERS PRIVATE LIMITED,oceanicpower.in@gmail.com,7778065600,0,0
GUJARAT,Junagadh,NYALKARAN RENEWABLE ENERGY,nyalkaranrenewableenergy@gmail.com,9998473073,0,0
GUJARAT,Junagadh,NYALKARAN ENERGY LLP,kaushik@nyalkaranenergy.com,9825412783,0,0
GUJARAT,Junagadh,NVVP GREEN ENERGY PRIVATE LIMITED,nvvpgreenepl@gmail.com,9979941234,0,0
GUJARAT,Junagadh,NUJUM INDUSTRIES PRIVATE LIMITED,thenujum@gmail.com,9375188422,0,0
GUJARAT,Junagadh,NU SOLAR INFRACON PRIVATE LIMITED,nu.solar.infracon@gmail.com,9033181196,0,0
GUJARAT,Junagadh,NRS SOLAR SOLUTION,info.nrssolarsolution@gmail.com,8488953026,0,0
GUJARAT,Junagadh,NP RENEWABLE ENERGY,nprenewableenergy@gmail.com,7016917174,0,0
GUJARAT,Junagadh,NORTHGREEN ENERGY PVT LTD,solar@northgreenenergy.com,9099931707,0,0
GUJARAT,Junagadh,NJ ELECTRICALS,njelectricals.21@gmail.com,9886309619,0,0
GUJARAT,Junagadh,NISHRAY SOLAR,mkshahexport@gmail.com,9825409639,0,0
GUJARAT,Junagadh,NIRAJ TRADERS,nirajtraders@yahoo.com,9825030321,0,0
GUJARAT,Junagadh,NINE TECH AUTOMATION,ninetechautomation09@gmail.com,9313375388,0,0
GUJARAT,Junagadh,NILKANTH ENGINEERING,nilkanthengineering9@gmail.com,8155928825,0,0
GUJARAT,Junagadh,NIL ENGINEERING,nil.engineering@yahoo.com,9228387183,0,0
GUJARAT,Junagadh,NIDHI ELECTRICALS,thakkarumang82@gmail.com,9409322020,0,0
GUJARAT,Junagadh,NEXUS RENEWTECH,nexusrenewtech@gmail.com,8849277955,0,0
GUJARAT,Junagadh,NEW RESEARCH TECHNOLOGY,nrtsolar@gmail.com,9427809253,0,0
GUJARAT,Junagadh,NES ENERGY SOLUTIONS,info.nesenergy@gmail.com,9825071551,0,0
GUJARAT,Junagadh,NEOTERIX SOLUTION PVT. LTD.,neoterixsolutions@gmail.com,9414010579,0,0
GUJARAT,Junagadh,NEOCENT SOLAR SYSTEM LLP,m.neocent@gmail.com,9974710486,0,0
GUJARAT,Junagadh,NEETY EURO ASIA SOLAR ENERGY,falgun@nease.in,9909595442,0,0
GUJARAT,Junagadh,NEELKANTHESHWAR SOLAR ENERGY,neelkantheshwarsolarenergy@gmail.com,8460048549,0,0
GUJARAT,Junagadh,NAYRA ELECTRONICS,info.nayraelectronics@gmail.com,9054244430,0,0
GUJARAT,Junagadh,NAVKAR POWER SOLUTIONS,contact@navkarpower.co.in,9879613334,0,0
GUJARAT,Junagadh,NAVKALP GROUPS,navkalprenewable@gmail.com,8460109090,0,0
GUJARAT,Junagadh,NAVI ENERGY,contact@navienergy.in,9979435742,0,0
GUJARAT,Junagadh,NATURE CARE ADVISORS,naturecare.gujarat@gmail.com,8469991098,0,0
GUJARAT,Junagadh,NAMAH SOLAR ENERGY,namahsolar@gmail.com,6351500821,0,0
GUJARAT,Junagadh,NAKSHATRA INFOSYS,nakshatrainfosys178@gmail.com,9909697193,0,0
GUJARAT,Junagadh,NAKSH POWER,bhumikarana1989@gmail.com,8141113593,0,0
GUJARAT,Junagadh,MS SOLAR,shersiyamujahid@gmail.com,9725097291,0,0
GUJARAT,Junagadh,MOVA GREEN ENERGY,movagreenenergy1112@gmail.com,7778033298,0,0
GUJARAT,Junagadh,MOTHER ELECTRICALS,motherelectricals@yahoo.com,8128105018,0,0
GUJARAT,Junagadh,MNS GLOBAL ENGINEERING AND SERVICES,mnsglobalengineeringservices@gmail.com,9727207075,0,0
GUJARAT,Junagadh,MK ENTERPRISE,mkenterprise061@gmail.com,8780069239,0,0
GUJARAT,Junagadh,MK ELECTRICALS,digant.shah10@gmail.com,9825349554,0,0
GUJARAT,Junagadh,MK ELECTRICAL AND CO,mkelectrical.co@gmail.com,8866525483,0,0
GUJARAT,Junagadh,MJR INDUSTRIES PRIVATE LIMITED,mjrindustriespvtltd@gmail.com,9426998993,0,0
GUJARAT,Junagadh,MITTALS GREEN ENERGY PRIVATE LIMITED,info@mittalsgreenenergy.com,8053004999,0,0
GUJARAT,Junagadh,MITRAY ENGINEERING,mitray.engineering@gmail.com,7621895796,0,0
GUJARAT,Junagadh,MITRA SOLAR ENERGY,mitrasolarenergy@gmail.com,9725777143,0,0
GUJARAT,Junagadh,MITCON CONSULTANCY AND ENGINEERING SERVICES LTD,tendercell@mitconindia.com,7447420680,0,0
GUJARAT,Junagadh,MICROVISE SOLUTIONS,info@microviseindia.com,7778092462,0,0
GUJARAT,Junagadh,MH POWER SYSTEM,info.mhpowersystem@gmail.com,9016581006,0,0
GUJARAT,Junagadh,MFINS SERVICES PVT. LTD.,vidya@m-fins.in,8356843342,0,0
GUJARAT,Junagadh,MESHWA ENTERPRISE,meshwaelectricals@gmail.com,9574409148,0,0
GUJARAT,Junagadh,MERIDIAN INTERNATIONAL,ghetiya.ashish@gmail.com,7990847552,0,0
GUJARAT,Junagadh,MEKTECH SOLUTION,mektechsolution@gmail.com,7984595405,0,0
GUJARAT,Junagadh,MEHUL ELECTRIC,fivestarsolar2025@gmail.com,7984547908,0,0
GUJARAT,Junagadh,MEERASUN ENERGY,meerasunenergy@gmail.com,9016680239,0,0
GUJARAT,Junagadh,MEERA SUN ENERGIES,info@meerasunenergies.com,8200447359,0,0
GUJARAT,Junagadh,MEENA SOLAR,ripalsonpal@gmail.com,8408944904,0,0
GUJARAT,Junagadh,MECPOWER SOLUTIONS LIMITED,tender@mecpower.in,9328911577,0,0
GUJARAT,Junagadh,MEAN RAYS RENEWABLE POWER PRIVATE LIMITED,sales.meanrays@gmail.com,9898251352,0,0
GUJARAT,Junagadh,MD ENERGIES,mdenergies01@gmail.com,9099260004,0,0
GUJARAT,Junagadh,MBTION ENGINEERING,mbtionengineering@gmail.com,8320565108,0,0
GUJARAT,Junagadh,MAXSUN ENERGY PRIVATE LIMITED,maxsunsolarenergy@gmail.com,7990361324,0,0
GUJARAT,Junagadh,MAXIM ENERGY,maximenergy21@gmail.com,9265123804,0,0
GUJARAT,Junagadh,MAXIFLUENCE TECHNOVATE LLP,info@maxifluencetechnovate.com,9662298809,0,0
GUJARAT,Junagadh,MATRIX ENTERPRISE,matrixsolar41@gmail.com,8905314234,0,0
GUJARAT,Junagadh,MARUTI SUNSOLREN,marutisunsolren@gmail.com,8238145153,0,0
GUJARAT,Junagadh,MARUTI SOLAR PUMP SYSTEM,patelsandip0226@gmail.com,9426849250,0,0
GUJARAT,Junagadh,MARUTI ENTERPRISE,marutienterprise148@gmail.com,7698803938,0,0
GUJARAT,Junagadh,MARUTI ENTERPRISE,maruti.enterprise0915@hotmail.com,8866239646,0,0
GUJARAT,Junagadh,MANYAH ENERGY PVTLTD,manyahenergy@gmail.com,9925065224,0,0
GUJARAT,Junagadh,MANTRA SOLAR SOLUTIONS,MantraSolarSolutions@gmail.com,7016462899,0,0
GUJARAT,Junagadh,MANAN SOLAR,manansolar2022@gmail.com,9714352719,0,0
GUJARAT,Junagadh,MAKE INSIDE SOLUTIONS,info@makeinside.co.in,9898302030,0,0
GUJARAT,Junagadh,MAHEK SOLAR POWER,mahek.tech1@gmail.com,9925805953,0,0
GUJARAT,Junagadh,MAHAVEER ENTRPRISE,me.solarmaster@gmail.com,7878647771,0,0
GUJARAT,Junagadh,MAHALAXMI ELECTRICALS - AHEMDABAD,mahalaxmi.electricals_07@yahoo.com,8238914975,0,0
GUJARAT,Junagadh,MAHADEV SOLAR ENTERPRISE,mahadevsolar2526@gmail.com,8758610449,0,0
GUJARAT,Junagadh,MAHADEV SOLAR ENETERPRISE,mahadevsolarjamnagar@gmail.com,9978999939,0,0
GUJARAT,Junagadh,MAHADEV SOLAR,MAHADEVSOLAR2311@GMAIL.COM,9313618167,0,0
GUJARAT,Junagadh,MAHADEV SALES AGENCY,mahadevsolarproject@gmail.com,7393939139,0,0
GUJARAT,Junagadh,MAGLARE TECHNOLOGIES PVT.LTD.,info@maglare.com,8460183838,0,0
GUJARAT,Junagadh,MADYSON ELECTRICAL,madyson.electrical41@gmail.com,9998864567,0,0
GUJARAT,Junagadh,MADHULI CORPORATION,madhulicorporation@gmail.com,9904990630,0,0
GUJARAT,Junagadh,MADHAV GREEN ENERGY,madhavgreene@gmail.com,9408102358,0,0
GUJARAT,Junagadh,MADHAV ENTERPRISE,madhavsolarshop@gmail.com,7990485674,0,0
GUJARAT,Junagadh,MADHAV ENERGY SOLUTION,info.madhavenergy@gmail.com,9408354018,0,0
GUJARAT,Junagadh,MADHAV ELECTRICAL,madhavelectrical23@gmail.com,9426755766,0,0
GUJARAT,Junagadh,MAA MOGAL ENTERPRISE,maamogale1999@gmail.com,8401237990,0,0
GUJARAT,Junagadh,M/S. BRAMHA VISHNU MAHESH INFRASTRUCTURE,BVM.INFRASTRUCTURE@REDIFFMAIL.COM,9099980199,0,0
GUJARAT,Junagadh,M SUN ENERGY,msunenergy30@gmail.com,9104145599,0,0
GUJARAT,Junagadh,M R ENTERPRISE,mrenterprisesolar@gmail.com,9924370232,0,0
GUJARAT,Junagadh,M AND P POWER SOLUTIONS,mnppowersolutions2021@gmail.com,9537006733,0,0
GUJARAT,Junagadh,LUCRATIVE ENERGY PRIVATE LIMITED,lucrativein24@gmail.com,9408152427,0,0
GUJARAT,Junagadh,LUCIDUS ENERGY PRIVATE LIMITED,lucidusenergy21@gmail.com,9327990722,0,0
GUJARAT,Junagadh,LOGICTECH SOLAR AND AUTOMATION PVT LTD,logictechsolar@gmail.com,9429580846,0,0
GUJARAT,Junagadh,LOBEL SOLAR POWER SYSTEM,info@lobelpower.com,9327007854,0,0
GUJARAT,Junagadh,LIPO TECHNOLOGY PRIVATE LIMITED,kalpesh@lipotechnology.in,9722266550,0,0
GUJARAT,Junagadh,LIFE MAGIC MARVELL STORE PRIVATE LIMITED,lifemagicmarvel@gmail.com,9098698493,0,0
GUJARAT,Junagadh,LED LIGHT HOUSE,ledlighthouse161921@gmail.com,9624132754,0,0
GUJARAT,Junagadh,LA CARTE RETAILERS PVT LTD,lacarte09@gmail.com,9909920700,0,0
GUJARAT,Junagadh,L L ELECTRICALS,llelect89@yahoo.com,9879078908,0,0
GUJARAT,Junagadh,L G ELECTRICALS,lgelectricals29@gmail.com,9825949200,0,0
GUJARAT,Junagadh,KUTCH SOLAR AND EV,kutchsolarev@gmail.com,9725436751,0,0
GUJARAT,Junagadh,KUNTHU CONSULTANTS PVT LTD,neelesh@kunthusolar.com,7405992700,0,0
GUJARAT,Junagadh,KSHETRAPAL GREEN ENERGY,kshetrapalgreenenergy@gmail.com,7874098869,0,0
GUJARAT,Junagadh,KRIVI ENERGY PRIVATE LIMITED,solar@krivienergy.com,9326275972,0,0
GUJARAT,Junagadh,KRISHNA GREEN ENERGY,krishnagreenenergy18@gmail.com,9773285374,0,0
GUJARAT,Junagadh,KRISHNA ENTERPRISE,krishnaenterprise4568@gmail.com,9712658209,0,0
GUJARAT,Junagadh,KRISHIVA INNOVATIVES,info@krishivainnovatives.com,9409435861,0,0
GUJARAT,Junagadh,KRISHA SOLAR SOLUTIONS,acctkrishasolar@gmail.com,7622919575,0,0
GUJARAT,Junagadh,KRISHA SOLAR & AGRO INDUSTRIES,krishasolarandagro21@gmail.com,9574856582,0,0
GUJARAT,Junagadh,KREYA ENTERPRISES,kreyaentp@gmail.com,6359233332,0,0
GUJARAT,Junagadh,KP GREEN ENGINEERING LIMITED,imam.syed@kpgroup.co,9104677596,0,0
GUJARAT,Junagadh,KP GREEN ENERGY,kpgreenenergy46@gmail.com,7048370774,0,0
GUJARAT,Junagadh,KOMAL ELECTRIC,chetanramprasadi@gmail.com,9825047503,0,0
GUJARAT,Junagadh,KK SOLAR TECHNOLOGY,kksolartechnology@gmail.com,9586118331,0,0
GUJARAT,Junagadh,KK ENTERPRISE,LATHIYA410@GMAIL.COM,9925590208,0,0
GUJARAT,Junagadh,KITE SOLAR ENERGY,kitesolarenergy@gmail.com,6352523489,0,0
GUJARAT,Junagadh,KIRAN SOLAR TECH PT. LT,info@kiransolartech.com,9800932333,0,0
GUJARAT,Junagadh,KHUSHI SOLAR,khushisolar13.info@gmail.com,7600094866,0,0
GUJARAT,Junagadh,KHUSHI IRRIGATION AND SOLAR,khushi.irrigationandsolar@gmail.com,9638370303,0,0
GUJARAT,Junagadh,KHODIYAR ENTERPRISE,k_enter_m@rediffmail.com,9825162853,0,0
GUJARAT,Junagadh,KHODIYAR ELECTRICAL,khodiyarelectrical9199@gmail.com,6355714181,0,0
GUJARAT,Junagadh,KHODAL CORPORATION,khodalcorporation10@gmail.com,9974129558,0,0
GUJARAT,Junagadh,KHANAK SYSTEM,khanaksystem@yahoo.com,9824751581,0,0
GUJARAT,Junagadh,KASTBHANJAN SOLAR,kastbhanjansolar@gmail.com,9099863647,0,0
GUJARAT,Junagadh,KASHYAP INFRAPROJECTS PVT. LTD.,info@kashyap.in,9898031010,0,0
GUJARAT,Junagadh,KARM ENTERPRISE,KARMSOLAR24@GMAIL.COM,9586363071,0,0
GUJARAT,Junagadh,KANHA ENTERPRISE,kanhaenterprise4161@gmail.com,6355636703,0,0
GUJARAT,Junagadh,KAMAXI ELECTRICAL ENGINEERS,dharmesh@kamaxielectricals.com,9974744036,0,0
GUJARAT,Junagadh,KALPTARU RENEWABLE POWER PVT LTD,support@kalptaru.co,7600780720,0,0
GUJARAT,Junagadh,KAIZEN UNIVERSAL PRIVATE LIMITED,ketan@kaizen.in,9825119674,0,0
GUJARAT,Junagadh,KAIZEN NOW,kaizennowahd@gmail.com,9978985558,0,0
GUJARAT,Junagadh,KAIZEN ENERGY,info.kaizenenergy@gmail.com,8347424158,0,0
GUJARAT,Junagadh,KAGI RENEWABLE ENERGY,info.kagirenew@gmail.com,8401935902,0,0
GUJARAT,Junagadh,KAASHIVA POWER INNOVATIONS PVT LTD,nikunjprajapati@kaashiva.com,7227854857,0,0
GUJARAT,Junagadh,KAARVI GREEN ENERGY,kaarvienergy01@gmail.com,9824094291,0,0
GUJARAT,Junagadh,K T ELECTRICALS,ktthakkar567@gmail.com,8905168423,0,0
GUJARAT,Junagadh,K P ENTERPRISE,kpenterprise39@gmail.com,9974383839,0,0
GUJARAT,Junagadh,K K SOLAR SOLUTIONS,kksolarsolutions@gmail.com,9537279900,0,0
GUJARAT,Junagadh,JUPISOL POWER INDIA PRIVATE LIMITED,spatel@jupisolpower.com,9879284007,0,0
GUJARAT,Junagadh,JOYSTICK BIO HEALTH,jstvalsad@gmail.com,9714163052,0,0
GUJARAT,Junagadh,JJV CORPORATION,info@jjvcorporation.in,9016987377,0,0
GUJARAT,Junagadh,JIYAAN SOLAR COMPANY,jiyaansolar.co@gmail.com,8160645436,0,0
GUJARAT,Junagadh,JIGS ELECTRICAL,jigselectrical@gmail.com,9979129392,0,0
GUJARAT,Junagadh,JIGAR SYSTEM TECHNOLOGY,jigar@jigarsystems.com,9511768710,0,0
GUJARAT,Junagadh,JD SOLAR,jdsolar5005@gmail.com,9157590905,0,0
GUJARAT,Junagadh,JD INFRA ENERGY PRIVATE LIMITED,jdinfraenergy0725@gmail.com,9714061118,0,0
GUJARAT,Junagadh,JAYVEER ELECTRICAL PRIVATE LIMITED,jayveerelectrical@gmail.com,9601679621,0,0
GUJARAT,Junagadh,JAYRAJ SOLAR LLP,tejas@jayrajsolar.com,9033963450,0,0
GUJARAT,Junagadh,JAYKAMAL ENERGY,JAYKAMAL.ENERGY@GMAIL.COM,9726862780,0,0
GUJARAT,Junagadh,JAYDEV ENERGY,jaydevenergy83@gmail.com,9824885237,0,0
GUJARAT,Junagadh,JAY KHODIYAR IMPEX,pareshramoliya310@gmail.com,9537164431,0,0
GUJARAT,Junagadh,JAY ELECTRICALS,jayelec2021@gmail.com,9427261002,0,0
GUJARAT,Junagadh,JAY DADA SOLAR,jaydadasolar@gmail.com,6353659868,0,0
GUJARAT,Junagadh,JAY AMBE ELECTRICALS,jayambeelectricals091@gmail.com,6355252020,0,0
GUJARAT,Junagadh,JANGID SOLAR ENERGY PVT LTD,info@jsepl.in,6358931609,0,0
GUJARAT,Junagadh,JANETA SOLAR,info.janetasolar90@gmail.com,8734829145,0,0
GUJARAT,Junagadh,JALESHWAR GREEN ENERGY,info.jaleshwargreen@gmail.com,8140023662,0,0
GUJARAT,Junagadh,JALARK SOLAR SOLUTIONS OPC PVT LTD,infojalark@gmail.com,9426661857,0,0
GUJARAT,Junagadh,JAISHANAVI SOLAR,rishikeshthakkar@gmail.com,9974143899,0,0
GUJARAT,Junagadh,JAIMAX SUNBIM PVT LTD,jaimaxsunbim@gmail.com,8980024055,0,0
GUJARAT,Junagadh,JAI INDUSTRIES,jaielectronic@yahoo.com,9828104233,0,0
GUJARAT,Junagadh,JAGRUTI TRADERS,jagrutitraders.solar@gmail.com,8980498030,0,0
GUJARAT,Junagadh,JAGDAMBA TRADERS,jagdambatraders.padra@gmail.com,7284841054,0,0
GUJARAT,Junagadh,JAGDAMBA ENTERPRISE,adarshrajput542@gmail.com,9316321978,0,0
GUJARAT,Junagadh,JAFFINS ENTERPRISE,solarbhavnagar@gmail.com,9375465252,0,0
GUJARAT,Junagadh,JAAC TECHNO SERVICES PVT LTD,Jwalant.raval@jaacservice.com,9824000545,0,0
GUJARAT,Junagadh,J S COMPANY,jscompany9@gmail.com,7990307424,0,0
GUJARAT,Junagadh,J D ELECTRICAL AND TRADING,jdelectrical26@gmail.com,8320397049,0,0
GUJARAT,Junagadh,J B POWER SOLAR,jbpowersolar@gmail.com,9173390835,0,0
GUJARAT,Junagadh,IZZY ENERGY SOLUTION,izzyenergysolution@gmail.com,9909236062,0,0
GUJARAT,Junagadh,ISHITA ENGINEERING,ishitaengineering13@gmail.com,8866649177,0,0
GUJARAT,Junagadh,ISHA SALES,ishasolar027@gmail.com,9824739373,0,0
GUJARAT,Junagadh,INSTANT TECHNOLOGY,info@instantgroup.live,8200782232,0,0
GUJARAT,Junagadh,INSTANT SOLUTION,info@instantsolar.in,9512123598,0,0
GUJARAT,Junagadh,INSTANT ELECTRIC SERVICES,instantelectricservices@gmail.com,9909415407,0,0
GUJARAT,Junagadh,INRAYS TECHNOLOGY,inraystechnology@gmail.com,9898878734,0,0
GUJARAT,Junagadh,INFLUX SOLAR SOLUTIONS,influxsolarsolution@gmail.com,6352563582,0,0
GUJARAT,Junagadh,INFINITY RENEWABLE ENERGY,anand.infinityrenewableenergy@gmail.com,9913784000,0,0
GUJARAT,Junagadh,INFINITY POWER,infinitypower1026@gmail.com,8758875751,0,0
GUJARAT,Junagadh,INFINITE URJA LLP,info@infiniteurja.in,8000049380,0,0
GUJARAT,Junagadh,IMPULSE SYSTEM,info@impulsesystem.in,9426471057,0,0
GUJARAT,Junagadh,IMMIX SOLUTION,immixsolution@gmail.com,9265493249,0,0
GUJARAT,Junagadh,IMAGINE POWERTREE PRIVATE LIMITED,imagine.powertree@gmail.com,9586121111,0,0
GUJARAT,Junagadh,IDEAL RENEWABLE LLP,idealrenewable@gmail.com,9979083323,0,0
GUJARAT,Junagadh,IDEAL ELECTRICAL,idealelectric7@gmail.com,9638324167,0,0
GUJARAT,Junagadh,ICON ENERGY,info@iconenergy.in,9909999162,0,0
GUJARAT,Junagadh,I-TECH STORE,info.itechsolar@gmail.com,9879603933,0,0
GUJARAT,Junagadh,I CARE ENGINEERING,icareengr@gmail.com,9978920284,0,0
GUJARAT,Junagadh,HYSUN SOLAR PRIVATE LIMITED,prajapatiomaram62@gmail.com,7573999961,0,0
GUJARAT,Junagadh,HORIZON POWER SOLUTIONS,horizonpowersolutions2024@gmail.com,9909009525,0,0
GUJARAT,Junagadh,HIYASHA SOLAR SYSTEMS LLP,hiyashasolarsystems@gmail.com,9727097250,0,0
GUJARAT,Junagadh,HIYA ELECTRO ENGINEERS,hiyaelectroengineers@gmail.com,8128672333,0,0
GUJARAT,Junagadh,HIRANYA,chintan6310@gmail.com,9909009425,0,0
GUJARAT,Junagadh,HIPANAX ENERGY,hipanaxenergy@outlook.com,9727063026,0,0
GUJARAT,Junagadh,HINDUSTAN SOLAR AND POWER PACK,hindustansolar86@gmail.com,7016087359,0,0
GUJARAT,Junagadh,HIMSON ENERGY,himson.energy@gmail.com,9825242728,0,0
GUJARAT,Junagadh,HILL LIGHTING,rndungrani@gmail.com,9328385858,0,0
GUJARAT,Junagadh,HI TECH TRANSPOWER PVT. LTD.,solar@hitechprofile.com,9723706488,0,0
GUJARAT,Junagadh,HI TECH SOLAR SOLUTION,hitechsolarsolu@gmail.com,8140535380,0,0
GUJARAT,Junagadh,HET CONSULTANCY,hetconsultancy01@gmail.com,9586618784,0,0
GUJARAT,Junagadh,HEMALI ELECTRICALS,hemali_elect@rocketmail.com,9979874161,0,0
GUJARAT,Junagadh,HELIOSNATURAL RENEWTECH PRIVATE LIMITED,marketing@heliosnatural.com,7600052305,0,0
GUJARAT,Junagadh,HELIOPATH SOLAR TECHNOLOGIES,enquiry.heliopath@gmail.com,8238664332,0,0
GUJARAT,Junagadh,HEER SOLAR ENERGY,heersolarenergy@gmail.com,9427063399,0,0
GUJARAT,Junagadh,HAVTON INDIA,ravivarmora0803@gmail.com,9265496953,0,0
GUJARAT,Junagadh,HATKESH ENGINEERING,hatkeshengineering@gmail.com,9898105579,0,0
GUJARAT,Junagadh,HARSH ENTERPRISE,harshenterprise.ele@gmail.com,9586703597,0,0
GUJARAT,Junagadh,HARISH ENGINEERING WORKS,harish.engg91@gmail.com,9428618859,0,0
GUJARAT,Junagadh,HARIPRIY INDUSTRIES,haripriyindustries@gmail.com,9725022146,0,0
GUJARAT,Junagadh,HARIOM ENGINEERING,hariomsolarbotad@gmail.com,8140771766,0,0
GUJARAT,Junagadh,HARIOM ELECTRICS,manoj.patiwala.in@gmail.com,8140438508,0,0
GUJARAT,Junagadh,HARI INFRA PROJECTS,info@hariindia.in,9998037067,0,0
GUJARAT,Junagadh,HAPPY ENTERPRISE,divyeshchavda007@gmail.com,9510887781,0,0
GUJARAT,Junagadh,HANU ENTERPRISE,hanuenterprise2023@gmail.com,9067322910,0,0
GUJARAT,Junagadh,HADAF GREEN ENERGY PRIVATE LIMITED,hadafgreenenergy@gmail.com,8320986239,0,0
GUJARAT,Junagadh,H.B.CHOPDA,hasmukhchopda@gmail.com,9797979261,0,0
GUJARAT,Junagadh,H S ENTERPRISE,hiralpatel3031@gmail.com,9773257603,0,0
GUJARAT,Junagadh,H K SOLAR ENERGY,hkenergy16@gmail.com,9714516576,0,0
GUJARAT,Junagadh,H AND S ENGINEERING,HSENGINEERING9698@GMAIL.COM,8980818699,0,0
GUJARAT,Junagadh,H & M COMPANY,info@hmcompany.in,9157768561,0,0
GUJARAT,Junagadh,GWE INFRA PROJECTS PRIVATE LIMITED,dhaval.gwe@gmail.com,9726198989,0,0
GUJARAT,Junagadh,GURUKRUPA SOLAR SOLUTION,gurukrupasolarsolution@gmail.com,8469952443,0,0
GUJARAT,Junagadh,GURUKRUPA SOLAR AND AGRO INDUSTRIES,vishal@vishal-group.com,9328854525,0,0
GUJARAT,Junagadh,GURUKRUPA ENTERPRISE,gurukrupaenterprise.head9@gmail.com,8320627280,0,0
GUJARAT,Junagadh,GURU RENEWABLE,gururenewable@gmail.com,9687672620,0,0
GUJARAT,Junagadh,GUJARAT SOLAR ENERGY,gujaratsolarenergy010@gmail.com,9898472919,0,0
GUJARAT,Junagadh,GSL ENERGY,gslenergy09@gmail.com,8320945187,0,0
GUJARAT,Junagadh,GROWW SOLAR ENERGY,growwsolarenergy8@gmail.com,7874707545,0,0
GUJARAT,Junagadh,GROWSUN RENEWABLE LLP,info.growsunrenewablellp@gmail.com,9925590193,0,0
GUJARAT,Junagadh,GROW ENERGY SOLAR SOLUTION,growenergysolarsolution@gmail.com,7778999695,0,0
GUJARAT,Junagadh,GROW EARTH RENEWABLE TECHNOLOGIES,divyesh@growearthsolar.com,9104495364,0,0
GUJARAT,Junagadh,GRIDSOL ENERGY,GRIDSOLENERGY@GMAIL.COM,9724634747,0,0
GUJARAT,Junagadh,GREYANAS INDUSTRIES PRIVATE LIMITED,greyanassolar@gmail.com,9408715033,0,0
GUJARAT,Junagadh,GREENNETIC RENEWABLE PRIVATE LIMITED,sales.greenneticrenewable@gmail.com,8320563819,0,0
GUJARAT,Junagadh,GREENLEAF SOLAR ENERGY,info.greenleaf1@gmail.com,9313945225,0,0
GUJARAT,Junagadh,GREENLAND,greenlandsolar.np@gmail.com,9825545043,0,0
GUJARAT,Junagadh,GREENLAND,greenlandsolar.projects@gmail.com,9825545043,0,0
GUJARAT,Junagadh,GREENEXCEL ENERGY SOLUTION PVT LTD,info@greenexcelenergy.com,9898949719,0,0
GUJARAT,Junagadh,GREENERGY SOLAR SOLUTIONS,greenergysolarsolutions26@gmail.com,9409215712,0,0
GUJARAT,Junagadh,GREENERGEE,greenergee@vikasaryagroup.com,9374635103,0,0
GUJARAT,Junagadh,GREENCUBE ENERGIES PRIVATE LIMITED,nirankush@gcepl.in,9106836019,0,0
GUJARAT,Junagadh,GREENARCH SOLAR PRIVATE LIMITED,greenarchsolar@gmail.com,9879262766,0,0
GUJARAT,Junagadh,GREEN WATT SOLAR ENERGY,greenwattsolarenergy2022@gmail.com,9898383910,0,0
GUJARAT,Junagadh,GREEN SOLAR ENERGY ENTERPRISES,greensolar.ahmedabad@gmail.com,9712909823,0,0
GUJARAT,Junagadh,GREEN POWER ENERGY,info.greenenergy07@gmail.com,8780002027,0,0
GUJARAT,Junagadh,GREEN LIGHT ENERGY,glenergy2024@gmail.com,9998754265,0,0
GUJARAT,Junagadh,GREEN IMPAQ SOLAR ENERGY,greenimpaqsolarenergypm@mail.com,9974414600,0,0
GUJARAT,Junagadh,GREEN EVER SYSTEMS PRIVATE LIMITED,greeneversystems@gmail.com,8866167111,0,0
GUJARAT,Junagadh,GREEN ENERGY-VALSAD,solar@greenenergy.ind.in,8866249369,0,0
GUJARAT,Junagadh,GREEN ENERGY SOLAR,ges.solar24@gmail.com,8866993164,0,0
GUJARAT,Junagadh,GREAT SOLUTION,greatsolution07@gmail.com,9924131317,0,0
GUJARAT,Junagadh,GRACE RENEWABLE ENERGY PVT LTD,project1@gracerenew.com,7573027788,0,0
GUJARAT,Junagadh,GRACE OF THE SUN ENERGY,gotssolar@gmail.com,8320258395,0,0
GUJARAT,Junagadh,GOVINDJI POWER,priyankvaghani86@gmail.com,9726643435,0,0
GUJARAT,Junagadh,GOPI TECHNOLOGIES,epc@gopitechnologies.com,8866077344,0,0
GUJARAT,Junagadh,GOPAL ENTERPRISE,gokulbharvad@gmail.com,9727756664,0,0
GUJARAT,Junagadh,GOLDSUN SOLAR,dhruvpadasumbiya@gmail.com,9409016021,0,0
GUJARAT,Junagadh,GLOWX SOLAR PROJECTS,accounts@glowxsolar.com,9909517000,0,0
GUJARAT,Junagadh,GITANJALI DEVELOPERS,dhavalparmar.dp39@gmail.com,8200332871,0,0
GUJARAT,Junagadh,GHANSHYAM SOLAR ENERGY,ghanshyam.solar.energy@gmail.com,9510734317,0,0
GUJARAT,Junagadh,GHANPRIYA ENERGY SOLUTION PRIVATE LIMITED,subsidy@ghanpriyaenergy.com,9958676060,0,0
GUJARAT,Junagadh,GESTIC SELICON ENERGY,shivammourya0987@gmail.com,9157621253,0,0
GUJARAT,Junagadh,GENESIS ELECTRICAL,genesiselectricalindia@gmail.com,8200480623,0,0
GUJARAT,Junagadh,GENESIS CLEAN ENERGY,genesiscleanenergy1@gmail.com,9714125515,0,0
GUJARAT,Junagadh,GEER AGRO WORKS,geeragro@gmail.com,9898799789,0,0
GUJARAT,Junagadh,GAYATRI SOLAR ENERGY,info@gayatrisolarenergy.com,8866778940,0,0
GUJARAT,Junagadh,GAYATRI CONSTRUCTION,chetansinh270@gmail.com,7408636363,0,0
GUJARAT,Junagadh,GANESH GREEN BHARAT LIMITED,sales@ganeshgreen.com,9519518951,0,0
GUJARAT,Junagadh,GANESH CORPORATION,ganeshcorporation3003@gmail.com,9979856236,0,0
GUJARAT,Junagadh,GALO ENERGY PRIVATE LIMITED,info@galo.co.in,9773988289,0,0
GUJARAT,Junagadh,GALAXY ENTERPRISE,galaxyenterprise265@gmail.com,9998017765,0,0
GUJARAT,Junagadh,GALAXY ENERGY SOLUTION,galaxyenergysolution@protonmail.com,9428158678,0,0
GUJARAT,Junagadh,GAJGATI STEEL AND ENERGY PVT LTD.,sales@gajgati.com,7990480061,0,0
GUJARAT,Junagadh,FRS ENTERPRISE,frsenterprise1@gmail.com,7990366078,0,0
GUJARAT,Junagadh,FRIENDLY FOOTPRINTS LLP,infosolar.ff@gmail.com,7874833399,0,0
GUJARAT,Junagadh,FORTUNE TECHNOLOGIST,fortunetechnologist@gmail.com,9427597246,0,0
GUJARAT,Junagadh,FOREXT GREEN ENERGY PRIVATE LIMITED,Forextgreen@gmail.com,9227145384,0,0
GUJARAT,Junagadh,FLORIAN VENTURE PVT.LTD.,florianventurepvt.ltd@gmail.com,9081684444,0,0
GUJARAT,Junagadh,FASTRISE ENTERPRISE PRIVATE LIMITED,FASTRISEENTERPRISE@GMAIL.COM,7862079768,0,0
GUJARAT,Junagadh,F Z ENERGY,info@fzenergy.in,9227153030,0,0
GUJARAT,Junagadh,F SOLAR ROOFTOP,fsolarrooftop@gmail.com,8469525856,0,0
GUJARAT,Junagadh,EXPERT POWER SOLUTION,info.expertpowersolution@gmail.com,8780287091,0,0
GUJARAT,Junagadh,EXIDE INDUSTRIES LIMITED,pramit.mukherjee@exide.co.in,6291226448,0,0
GUJARAT,Junagadh,EWC SOLAR PRIVITED LIMITED (FORMERLY KNOWN AS ENERGY POWER SYSTEMS),ewcsolarpvtltd@gmail.com,8141150688,0,0
GUJARAT,Junagadh,EWALK ENERGY,info.ewalkenergy@gmail.com,9054927675,0,0
GUJARAT,Junagadh,EWAA SOLAR TECHNOLOGY PRIVATE LIMITED,info@ewaasolartech.com,6356008400,0,0
GUJARAT,Junagadh,EVOTAR TECHNOLOGIES PRIVATE LIMITED,info@evotartech.com,6358999573,0,0
GUJARAT,Junagadh,EVITUS ENERGY SOLUTIONS,evitusenergysolutions@gmail.com,8156006133,0,0
GUJARAT,Junagadh,EVERSHINE ENERGY,contact@evershineenergy.com,8460167441,0,0
GUJARAT,Junagadh,EVERGREEN RENEWABLE TECHNOLOGIES,ashishpanchal888@gmail.com,7359743295,0,0
GUJARAT,Junagadh,EUROLITE SOLAR,harshil.patel@euroliteindia.com,7490007847,0,0
GUJARAT,Junagadh,EURO PREMIUM SOLAR SYSTEM (INDIA) PRIVATE LIMITED,info@europremiumsolar.com,7622023253,0,0
GUJARAT,Junagadh,ETERNAL SOLAR ENERGY,hiren.p.rathod@gmail.com,9879203040,0,0
GUJARAT,Junagadh,ETECH ENERGY,admin@etechenergy.com,9328509877,0,0
GUJARAT,Junagadh,ENWATECH SOLUTION PVT.LTD,enwatechsolutionpvtltd@gmail.com,9427269089,0,0
GUJARAT,Junagadh,ENJOY TECHNOLOGY,care.enjoytechnology@gmail.com,9727718887,0,0
GUJARAT,Junagadh,ENERZYTECH INDUSTRIES PRIVATE LIMITED,deep.bhojani@enerzytech.com,9727139999,0,0
GUJARAT,Junagadh,ENERSOL SOLUTIONS LLP,karan@enersol.co.in,7069555533,0,0
GUJARAT,Junagadh,ENERGY O & M SERVICES PVT LTD,dhirajsummit@gmail.com,9512775551,0,0
GUJARAT,Junagadh,ENERGETIC SOLAR,energeticsolar03@gmail.com,9537137427,0,0
GUJARAT,Junagadh,EMISSIONS FREE WORLD PVT LTD,emissionsfreeworld@gmail.com,8320097477,0,0
GUJARAT,Junagadh,EMERALD ENTERPRISE,emerald.vadodara@outlook.com,9173591485,0,0
GUJARAT,Junagadh,ELLINZA ENERGY,ELLINZAENERGY@GMAIL.COM,9725001682,0,0
GUJARAT,Junagadh,ELLENCE ENERGY LLP,dhaval@ellenceenergy.com,9054073345,0,0
GUJARAT,Junagadh,ELECTROMECH DEVICES MANUFACTURING COMPANY,edmc.rpr@gmail.com,7000189225,0,0
GUJARAT,Junagadh,EE ELECTRIC CO,eelectricrjt@gmail.com,9825309907,0,0
GUJARAT,Junagadh,ECOWATT ENERGY,ecowattenergy18@gmail.com,9978638437,0,0
GUJARAT,Junagadh,ECOVIBE RENEWTECH ENERGY,ecoviberenewtechenergy@gmail.com,8401168101,0,0
GUJARAT,Junagadh,ECLIPTIC SOLAR,davevishalkumar@gmail.com,9825023276,0,0
GUJARAT,Junagadh,EARTH SOLARISM,earthsolarism@gmail.com,9724990231,0,0
GUJARAT,Junagadh,EARTH SOLAR ENERGY,EARTHSOLARE@GMAIL.COM,8200115874,0,0
GUJARAT,Junagadh,EARTH SOLAR,earthsollar@gmail.com,9879911777,0,0
GUJARAT,Junagadh,E-POWER SOLAR ENERGY,epowerenergyinfo@gmail.com,9484784798,0,0
GUJARAT,Junagadh,DWARKESH SOLAR ENERGY,nileshchavda1881@gmail.com,8000799990,0,0
GUJARAT,Junagadh,DUDANI RENEWABLES LLP,dudanirenewables@gmail.com,9429744710,0,0
GUJARAT,Junagadh,DREAM MART,dreammart108@gmail.com,9099975489,0,0
GUJARAT,Junagadh,DRAYS ENERGY SOLUTIONS,draysenergy@gmail.com,7802893258,0,0
GUJARAT,Junagadh,DRASHTI LIGHT CARE,drashti3411@gmail.com,9825430097,0,0
GUJARAT,Junagadh,DIWAKAR SOLAR ENTERPRISE,info.diwakarsolar@gmail.com,9104746612,0,0
GUJARAT,Junagadh,DIVY SOLAR TECHNOLOGY,divysolartechnology@gmail.com,9978551782,0,0
GUJARAT,Junagadh,DIVU ENTERPRISE,divuenterprise2023@gmail.com,7383114133,0,0
GUJARAT,Junagadh,DIVINE ENERGY,divineenergy42@gmail.com,6354051676,0,0
GUJARAT,Junagadh,DIVINE BATTERY,divinesukam@gmail.com,9879246681,0,0
GUJARAT,Junagadh,DINESHBHAI CHATURBHAI NANDANA,nandanadinesh62@gmail.com,6351782902,0,0
GUJARAT,Junagadh,DIMAN SOLAR PVT LTD (FORMERLY KNOWN AS DIMAN OVERSEAS PVT LTD),info@dimansolar.com,9909928959,0,0
GUJARAT,Junagadh,DHWANIL LIGHT ZONE,patelrikin3054@gmail.com,9409505790,0,0
GUJARAT,Junagadh,DHVANI ENERGY,dhvanisolar@gmail.com,9537928064,0,0
GUJARAT,Junagadh,DHRUVIN ELECTRICALS,kirtipatel86665@gmail.com,9974814614,0,0
GUJARAT,Junagadh,DHRUV ENTERPRISE,dhruv.enterprise@aol.com,9825123335,0,0
GUJARAT,Junagadh,DHAVAL ELECTRIC SOLUTION,dhavalelectricsolution@gmail.com,8490990138,0,0
GUJARAT,Junagadh,DHARMANANDAN SOLAR ENERGY,mayurdhariyaparmar@gmail.com,9016367556,0,0
GUJARAT,Junagadh,DEVDEEP ELECTRICALS,devdeepelectricals@gmail.com,9726879009,0,0
GUJARAT,Junagadh,DEVASYAM ENTERPRISE LLP,abpatel4318@gmail.com,9106684467,0,0
GUJARAT,Junagadh,DEV TECHNO,devtechno14@gmail.com,9898242190,0,0
GUJARAT,Junagadh,DEV ENTERPRISE,deventerprise424@gmail.com,9428121408,0,0
GUJARAT,Junagadh,DEV ELECTRICALS,develectricals2024@gmail.com,9974821967,0,0
GUJARAT,Junagadh,DESTINY ELECTRICAL,destinyelectricals@gmail.com,9016172698,0,0
GUJARAT,Junagadh,DESIGNLUX PRIVATE LIMITED,info@designlux.in,9825868523,0,0
GUJARAT,Junagadh,DESAI'S SOLAR ENERGY,desaisolarenergy@gmail.com,9429021070,0,0
GUJARAT,Junagadh,DELUXE ENTERPRISE,infodeluxeenterprise@gmail.com,9429040663,0,0
GUJARAT,Junagadh,DELTA SOLAR ENERGY,deltasolarenergy1@gmail.com,9427539663,0,0
GUJARAT,Junagadh,DELTA ELECTRICALS,deltaelectricals2020@gmail.com,9714645604,0,0
GUJARAT,Junagadh,DELICATE SOLAR PRIVATE LIMITED,gabanijemish3@gmail.com,8238340836,0,0
GUJARAT,Junagadh,DEK AND MAVERICKS GREEN ENERGY LIMITED,lalji.goltar@dmgel.in,8780289470,0,0
GUJARAT,Junagadh,DAY LIGHT SOLAR ENRGY,daylightsolarahm@gmail.com,8401605515,0,0
GUJARAT,Junagadh,D.K. & CO.,dkandcompanyrajkot@gmail.com,9925008040,0,0
GUJARAT,Junagadh,D-LIGHT SOLAR ENERGY LLP,epc@dlightsolarenergy.in,9898511535,0,0
GUJARAT,Junagadh,D SUN SOLAR,dsunsolar429@gmail.com,9904131777,0,0
GUJARAT,Junagadh,D S POWER SOLUTION,vipulas094@gmail.com,9106304356,0,0
GUJARAT,Junagadh,CYMENS ENTERPRISE,jaymakwana2062@gmail.com,9157133330,0,0
GUJARAT,Junagadh,CYBRID INFRATECH PRIVATE LIMITED,DEEPAK@CYBRIDINFRA.COM,9925299942,0,0
GUJARAT,Junagadh,CYBRIA SOLUTIONS,jagdish@cybriasolutions.com,9925026091,0,0
GUJARAT,Junagadh,CTONE METAL INDUSTRIES,hasmukhjoshi82@gmail.com,9909517156,0,0
GUJARAT,Junagadh,CRYSTASOL ENERGY SOLUTIONS PRIVATE LIMITED,n.s.pathak18@gmail.com,7069335544,0,0
GUJARAT,Junagadh,CROMPTON GREAVES CONSUMER ELECTRICALS LIMITED,solar.rooftop@crompton.co.in,9599589665,0,0
GUJARAT,Junagadh,CREST ENERGY SOLUTIONS,crestenergysolutions@gmail.com,9327415839,0,0
GUJARAT,Junagadh,CREASUN ENERGY,creasunenergy25@gmail.com,9624120591,0,0
GUJARAT,Junagadh,CORWIND RENERGY LLP,corwind.renergy@gmail.com,9428490118,0,0
GUJARAT,Junagadh,CONVEX SOLAR,convexsolar92@gmail.com,9737710095,0,0
GUJARAT,Junagadh,CONNECT POWER PRIVATE LIMITED,hannan@connect-power.in,9898195122,0,0
GUJARAT,Junagadh,CONCEPT SOLAR ENERGY,conceptsolarenergy21@gmail.com,9662414865,0,0
GUJARAT,Junagadh,COMPUTER SHOP,pradeep_deputy@yahoo.com,7043402514,0,0
GUJARAT,Junagadh,COMPASS ENERGIES,abhishek@compassenergies.in,9974458840,0,0
GUJARAT,Junagadh,COMET EVSOL,cometevsol@gmail.com,8780440726,0,0
GUJARAT,Junagadh,CMPLUS QUALITY SERVICES PRIVATE LIMITED,chandramauli_india@yahoo.com,9868881112,0,0
GUJARAT,Junagadh,CHUDASAMA TEMUBHA BALVANTSINH,adityasolar1987@gmail.com,8200459492,0,0
GUJARAT,Junagadh,CHEMITEX EXPORTS PVT LTD,shrijichem@hotmail.com,9099940535,0,0
GUJARAT,Junagadh,CHEHAR ENERGY,cheharenergy@gmail.com,9998077796,0,0
GUJARAT,Junagadh,CHAMUNDA ELECTRICAL,chamundaelectrical1@gmail.coml,9723603864,0,0
GUJARAT,Junagadh,CHALAKNESI ENERGY,CHALAKNESHIENERGY@GMAIL.COM,9408539887,0,0
GUJARAT,Junagadh,CER ROOFTOP PVT LTD,susanta.hota@cer-inc.com,8586971731,0,0
GUJARAT,Junagadh,CELESTRA SOLAR PVT LTD,info@celestrasolar.com,9998805002,0,0
GUJARAT,Junagadh,CELESTIAL RENEWABLE ENERGY,celestialrenewableenergy@gmail.com,9099033033,0,0
GUJARAT,Junagadh,BURAK ENERGY,burakenergy7@gmail.com,9173110729,0,0
GUJARAT,Junagadh,BSN ELECTRICS PRIVATE LIMITED,bsnelectrics162018@gmail.com,9925249658,0,0
GUJARAT,Junagadh,BSAFAL RENEWABLE ENERGIES PVT LTD,nita.maru@bsrepl.com,9723706665,0,0
GUJARAT,Junagadh,BRITI ENERGY,britienergy2021@gmail.com,8460227728,0,0
GUJARAT,Junagadh,BRIHASPATHI TECHNOLOGIES PVT LTD,ramu@brihaspathi.com,9989999197,0,0
GUJARAT,Junagadh,BRIGHT SUN SOLAR SOLUTIONS,brightsun2029@gmai.com,9033398401,0,0
GUJARAT,Junagadh,BOND SOLAR,bondsolar9@gmail.com,9998118505,0,0
GUJARAT,Junagadh,BLUTH SERVICES LLP,contact@bluthservices.com,8630697093,0,0
GUJARAT,Junagadh,BK GROUP & ASSOCIATES,irfansama2704@gmail.com,9879933662,0,0
GUJARAT,Junagadh,BILIPATRA ENTERPRISE,prajapatijalpesh24@gmail.com,9427928892,0,0
GUJARAT,Junagadh,BHUMI POLYMERS PRIVATE LIMITED (FORMERLY KNOWN AS BHUMI POLYMERS PRIVATE LIMITES),solar@bhumipolymers.com,9099084938,0,0
GUJARAT,Junagadh,BHSQUARE SOLAR INSTALLATION SERVICES,harshwork2422@gmail.com,9909431526,0,0
GUJARAT,Junagadh,BHAVI URJA,bhaviurja@gmail.com,9377359007,0,0
GUJARAT,Junagadh,BHAVI SOLAR AND ELECTRICALS,chaudharid04@gmail.com,9099754254,0,0
GUJARAT,Junagadh,BHAVANI ELECTRICALS,beplpatan@gmail.com,9824014075,0,0
GUJARAT,Junagadh,BHASKAR SOLAR ENTERPRISE,info.bhaskarsolar@gmail.com,8980451231,0,0
GUJARAT,Junagadh,BHASKAR RAY ENERGY,bhaskarray018@gmail.com,9426975552,0,0
GUJARAT,Junagadh,BHARTI SOLAR,bhartisolar1@gmail.com,8160804583,0,0
GUJARAT,Junagadh,BHAKTINANDAN POWER PVTLTD,bhaktinandanpower@gmail.com,9724031529,0,0
GUJARAT,Junagadh,BHAGWATI ELECTRICALS,bhagwatielectricals99091@gmail.com,7990883575,0,0
GUJARAT,Junagadh,BHAGAT SOLAR ENERGY,bhujbhagatsolarenergy@gmail.com,9930432027,0,0
GUJARAT,Junagadh,BEYOND ENERGY,beyondenergy2025@gmail.com,8849608389,0,0
GUJARAT,Junagadh,BESIGNATURE SOLAR ENERGY PVT.LTD,signaturesolar975@gmail.com,7265996001,0,0
GUJARAT,Junagadh,BELIEVER RENEWAL ENERGY,bre.solar20@gmail.com,7434972242,0,0
GUJARAT,Junagadh,BELIEVE TECH ENERGY SERVICES,infobtes@gmail.com,9499631316,0,0
GUJARAT,Junagadh,BELIEF GREEN TECH PVT LTD,mandaviyakanji@gmail.com,6351555029,0,0
GUJARAT,Junagadh,BEACON ELECTROTECH LLP,info@beaconelectrotech.com,8460314011,0,0
GUJARAT,Junagadh,BAPA SITARAM RENEWABLE ENERGY,BSREVADODARA@GMAIL.COM,9925557878,0,0
GUJARAT,Junagadh,BANAS POWER,banaspower2020@gmail.com,9998418825,0,0
GUJARAT,Junagadh,BALA SOLAR,balasolar@yahoo.com,9879188034,0,0
GUJARAT,Junagadh,BAHUBALI CONSTRUCTION,pintudabhi626@gmail.com,8490005005,0,0
GUJARAT,Junagadh,AZOLE POWER,azolepower9998@gmail.com,9998743101,0,0
GUJARAT,Junagadh,AYKKA TECHNOVISION PRIVATE LIMITED,aykka@outlook.in,9586508907,0,0
GUJARAT,Junagadh,AYAN SOLAR ENERGY,ayansolar25@gmail.com,7623886775,0,0
GUJARAT,Junagadh,AWAAS SEWA PRIVATE LIMITED,ADMIN@AWAAS.IN,9099189893,0,0
GUJARAT,Junagadh,AVINYA POWER SOLUTION,avinyapowersolution@gmail.com,9099317212,0,0
GUJARAT,Junagadh,AVI APPLIANCES PVT. LTD.,design01@avi-products.com,9913759764,0,0
GUJARAT,Junagadh,AVEE ENERGY,dhavalpatel1973@yahoo.in,9898233244,0,0
GUJARAT,Junagadh,AVATAR SOLAR PVT LTD,bharat@avatarsolar.com,9687055273,0,0
GUJARAT,Junagadh,AVANTA,info@avantasolar.com,9586355511,0,0
GUJARAT,Junagadh,AUTO FORGE ENGINEERS,autoforge2300@gmail.com,9925237321,0,0
GUJARAT,Junagadh,ATRI ENERGY,atrienergy@gmail.com,7622838008,0,0
GUJARAT,Junagadh,ATLAS MATRIX PVT LTD,atlassolar01@gmail.com,9016955068,0,0
GUJARAT,Junagadh,ASV ENERGY SOLUTIONS,vikas30.asv@gmail.com,7879064335,0,0
GUJARAT,Junagadh,ASTHA ENTERPRISE,asthaenterprise8010@gmail.com,9925668010,0,0
GUJARAT,Junagadh,ASHISH ELECTROMECH,ashishelectromech@gmail.com,9426048587,0,0
GUJARAT,Junagadh,ASHAPURA SOLAR POWER,ashapurasolarpower2025@gmail.com,7778095905,0,0
GUJARAT,Junagadh,ASCENT ENERGY,ascentenergys@gmail.com,8799447675,0,0
GUJARAT,Junagadh,ARRAYCOM INDIA LIMITED,solar@arraycom.co.in,9909941004,0,0
GUJARAT,Junagadh,ARRAY ENERGY SOLUTION,ceo.arrayenergysolution@gmail.com,9979898440,0,0
GUJARAT,Junagadh,ARKURJA INNOVATIONS PRIVATE LIMITED,arkurjarenewables@gmail.com,7383188631,0,0
GUJARAT,Junagadh,ARKTEC RENEWABLE ENERGY LLP,arktecrenewableenergy@gmail.com,8160038659,0,0
GUJARAT,Junagadh,ARK SOLAR ENERGY SOLUTIONS,arksolarenergy3@gmail.com,7874463444,0,0
GUJARAT,Junagadh,ARJUN ENTERPRISE,arjunenter2013@gmail.com,8780886508,0,0
GUJARAT,Junagadh,ARJAN SOLAR,info@arjansolar.com,9638064824,0,0
GUJARAT,Junagadh,ARETE ELECTROPOWER PVT LTD,projects@arelectropower.com,9099940283,0,0
GUJARAT,Junagadh,ARENA AUTOMATION,arenaautomationb@gmail.com,9904018887,0,0
GUJARAT,Junagadh,ARCHER RENEWABLE PRIVATE LIMITED,info@archersolar.in,8000041003,0,0
GUJARAT,Junagadh,ARBUDA SOLAR,manan.chaudhari@hotmail.com,9638732097,0,0
GUJARAT,Junagadh,AQUILINE ENERGY SOLUTION,aquilineenergysolution@gmail.com,7016762587,0,0
GUJARAT,Junagadh,AQUA AIR ENVIRONMENTAL ENGINEERS PVT LTD,aquasolarsurat@gmail.com,9898068808,0,0
GUJARAT,Junagadh,APOLLO SOLAR POWER,dhavalsavani@icloud.com,9099006748,0,0
GUJARAT,Junagadh,APOLLO GREEN ENEGRY,apollogreenenergy2024@gmail.com,9825249415,0,0
GUJARAT,Junagadh,APN SOLAR ENERGY PVT LTD,nationalportal@apnsolar.com,9702034043,0,0
GUJARAT,Junagadh,AONE RENEWABLE ENERGY,md.aonerenewableenergy@gmail.com,7435061657,0,0
GUJARAT,Junagadh,ANUPAM SMART ENERGY SOLAR,anupamsmartenergy@gmail.com,9601719818,0,0
GUJARAT,Junagadh,ANSH SOLAR PRIVATE LIMITED,info@anshsolar.com,7575035750,0,0
GUJARAT,Junagadh,ANK SOLAR ENERGY,anksolarenergy@gmail.com,9724816510,0,0
GUJARAT,Junagadh,ANGEL SOLTECH,angelsoltech@gmail.com,8511029776,0,0
GUJARAT,Junagadh,ANANYA SOLAR ENTERPRISE,ananyasolarenterprise@gmail.com,9537638499,0,0
GUJARAT,Junagadh,ANANYA RENEWABLE ENERGY LLP,energy.ananyarenewable@gmail.com,9327003360,0,0
GUJARAT,Junagadh,ANANY URJA PRIVATE LIMITED,ananyurjapvtltd@outlook.com,8866442477,0,0
GUJARAT,Junagadh,ANANY URJA,ananyurja@outlook.com,8866442477,0,0
GUJARAT,Junagadh,ANANT SOLAR,anantsolar4242@gmail.com,8401714242,0,0
GUJARAT,Junagadh,ANANT ENERGY,anantenergy1910@gmai.com,9773476431,0,0
GUJARAT,Junagadh,ANAND AND ANAND ASSOCIATES,yogeshanandk@gmail.com,9426546256,0,0
GUJARAT,Junagadh,AMUL ENTERPRISE,amulenterprise92@gmail.com,9898618448,0,0
GUJARAT,Junagadh,AMSUNTECH SOLAR,amsuntechsolar@gmail.com,8238150585,0,0
GUJARAT,Junagadh,AMRUTAM RENEWABLE ENERGY,info@amrenergy.in,9016352248,0,0
GUJARAT,Junagadh,AMRUT ENGINEERS,amrutengineersbhuj@gmail.com,9033492711,0,0
GUJARAT,Junagadh,AMPLE SOLAR PVT LTD,ravi@amplesolar.in,9979792403,0,0
GUJARAT,Junagadh,AMPERE GREEN ENERGY,amperegreenenergy@gmail.com,9033116472,0,0
GUJARAT,Junagadh,ALPHA ENTERPRISE,maulik.solar@gmail.com,9725957991,0,0
GUJARAT,Junagadh,ALAYNA GREEN ENERGY,taharkhantna@gmail.com,6353439659,0,0
GUJARAT,Junagadh,AKUNTHA PROJECTS PVT LTD,ravi@akuntha.com,9426402423,0,0
GUJARAT,Junagadh,AKHANDDEEP SOLAR SOLUTION,akhanddeepsolar@gmail.com,9978643099,0,0
GUJARAT,Junagadh,AKHAND SHAKTI SOLAR,apparanjape@gmail.com,9427003484,0,0
GUJARAT,Junagadh,AK GREEN ENERGY,akgreenenergy49@gmail.com,9974846833,0,0
GUJARAT,Junagadh,AIRSUN SOLAR ENERGY LLP,jatin@airsunsolarenergy.in,8799571627,0,0
GUJARAT,Junagadh,AILIS ENERGY PRIVATE LIMITED,suryagujarat@ailisenergy.com,8401541048,0,0
GUJARAT,Junagadh,AHAD SOLARTECH,ahad.solartech@gmail.com,9724259440,0,0
GUJARAT,Junagadh,AHAD ENERGY,info@ahadenergy.in,9737673768,0,0
GUJARAT,Junagadh,AEW SMART SERVICES PVT. LTD.,netmetering@aewsmart.com,8851047092,0,0
GUJARAT,Junagadh,AEROVOLT ENERGY PRIVATE LIMITED,aerovoltenergy@gmail.com,9558002201,0,0
GUJARAT,Junagadh,AEILUS RENEWABLE ENERGY,aeilusrenewableenergy@gmail.com,8866581528,0,0
GUJARAT,Junagadh,ADVANCED ELETRICAL SOLUTIONS,info.aessolar@gmail.com,7574880300,0,0
GUJARAT,Junagadh,ADVANCE SOLAR,advancesolar139@gmail.com,7698756075,0,0
GUJARAT,Junagadh,ADVANCE ENERGY SOLUTION,info.advanceenergysolution@gmail.com,8799359849,0,0
GUJARAT,Junagadh,ADITYAURJA,info.adityaurjasolar@gmail.com,7359935517,0,0
GUJARAT,Junagadh,ADITYA SOLAR ENERGY,adityasolar220@gmail.com,9664583813,0,0
GUJARAT,Junagadh,ACTIVE POWER INFRA,activepowerinfra@gmail.com,7228828738,0,0
GUJARAT,Junagadh,ACS LIGHTING PVT LTD,acslightingsales@gmail.com,9825247252,0,0
GUJARAT,Junagadh,ACCURATE INFOTECH,accurateinfotech1@gmail.com,8866445623,0,0
GUJARAT,Junagadh,ACCLIMATE SYSTEMS PRIVATE LIMITED,acclimatesystem@gmail.com,7878538141,0,0
GUJARAT,Junagadh,AC DC PROJECTS,acdcprojects1@gmail.com,8200193182,0,0
GUJARAT,Junagadh,ABS SOLAR ENERGY,abssolar16@gmail.com,7574010721,0,0
GUJARAT,Junagadh,AATREY SOLUTIONS,aatreysolutions@gmail.com,7698120241,0,0
GUJARAT,Junagadh,AATREY ASSOCIATES PRIVATE LIMITED,aatreyassociates@gmail.com,9824089144,0,0
GUJARAT,Junagadh,AASHA SOLAR ENERGY,aashasolarenergy1@gmail.com,7016775306,0,0
GUJARAT,Junagadh,AARUSH ENTERPRISE,info@aarushsolar.com,9724302078,0,0
GUJARAT,Junagadh,AARSUN ENERGY SOLUTIONS,aarsunenergy@gmail.com,8200328869,0,0
GUJARAT,Junagadh,AAROHI SOLAR ENERGY,pram8384@gmail.com,8347341291,0,0
GUJARAT,Junagadh,AARAMBH RENEWABLE,aarambhrenewable@gamil.com,8487861888,0,0
GUJARAT,Junagadh,AANJNEY ENTERPRISE,aanjneysolar@gmail.com,6353161531,0,0
GUJARAT,Junagadh,AAMOKSH ELECTRICALS PRIVATE LIMITED,hardik.pandya4166@gmail.com,9998367462,0,0
GUJARAT,Junagadh,AADITYA SOLAR,adityasolarnarmada@gmail.com,9265740687,0,0
GUJARAT,Junagadh,AA SOLAR,enquiry.aasolar@gmail.com,7984392322,0,0
GUJARAT,Junagadh,A S SOLAR ENTERPRISE,assolarenterprise@gmail.com,9510572504,0,0
GUJARAT,Junagadh,A S RENEWABLE ENERGY PRIVATE LIMITED,info@asre.co.in,9067207226,0,0
GUJARAT,Junagadh,A J INFRATECH AND SOLAR,aryanpatelvisnagar@gmail.com,9429083193,0,0
GUJARAT,Junagadh,A D ENERGY SOLUTIONS,adenergysolutions64@gmail.com,9924503387,0,0
GUJARAT,Junagadh,7 STAR SOLAR ENERGY,7STAR51751@GMAIL.COM,9624899019,0,0
GUJARAT,Junagadh,5 RAYS ENERGY,5raysenergy@gmail.com,9979595404,0,0
GUJARAT,Junagadh,4THVED AGROTECH,4thvedagro@gmail.com,9377126082,0,0
GUJARAT,Junagadh,24R ENERGY,abhinav.24renergy@gmail.com,9898881359,0,0
