state,district,company_name,emails,contact_numbers,total_installed_capacity_kwp,no_of_installations
GUJARAT,Kachchh,SHREE SOLAR POWER,nileshsorthiya2@gmail.com,9727620417,5037,1247
GUJARAT,Kachchh,V S INDUSTRIES,info@vsindustry.in,6354165443,4527,1230
GUJARAT,Kachchh,WHITESUN GREEN ENERGY PRIVATE LIMITED,rakesh.bhudia14@hotmail.com,8511740671,3800,1124
GUJARAT,Kachchh,RADIANT GREENS SOLAR,info@radiantgreens.in,8140316334,3774,981
GUJARAT,Kachchh,SHREE KRISHNA ENERGY,shreekrishna.energy@gmail.com,9979559334,3031,800
GUJARAT,Kachchh,CHEHAR ENERGY,cheharenergy@gmail.com,9998077796,3020,746
GUJARAT,Kachchh,JAY ENTERPRISE,solosunenergy.office@gmail.com,9879516380,2294,603
GUJARAT,Kachchh,GREEN ENERGY - RAJKOT,greenenergy123@gmail.com,9428010202,1789,453
GUJARAT,Kachchh,URJA ASSOCIATES,chetan.gusai@urjagroups.com,8905030726,1636,447
GUJARAT,Kachchh,KUTCH SOLAR PVT LTD,kutchsolarpvtltd@gmail.com,8980044344,1942,447
GUJARAT,Kachchh,SOLAR ACE,project.solarace@gmail.com,9909037803,974,255
GUJARAT,Kachchh,AVIRAT ENERGY PVT LTD,aviratenergy@gmail.com,9697443344,967,248
GUJARAT,Kachchh,JAIMAX SUNBIM PVT LTD,jaimaxsunbim@gmail.com,8980024055,905,245
GUJARAT,Kachchh,WATERSUN ELECTRICAL SOLUTIONS PVT LTD,watersunelectrical@gmail.com,7016589864,984,242
GUJARAT,Kachchh,SUNPOWER EPC PVT LTD,operations@sunpowerenergy.in,9099277377,1092,241
GUJARAT,Kachchh,SUNPOWER ENERGY SYSTEMS,sunpowerskutch@gmail.com,9099277377,963,240
GUJARAT,Kachchh,AUSTRALIAN PREMIUM SOLAR INDIA PVT LTD,systems@australianpremiumsolar.co.in,7966006600,844,234
GUJARAT,Kachchh,STANDARD TRADING,standardtrading1999@gmail.com,9426666133,1047,206
GUJARAT,Kachchh,DIVINE TECHNO SOLAR INDIA LLP,divinetechnosolar@gmail.com,9825229205,897,200
GUJARAT,Kachchh,CITIZEN SOLAR PVT. LTD.,tsjain@citizensolar.com,9825144499,672,184
GUJARAT,Kachchh,POWERSHINE ENERGY,powershineenergy1993@gmail.com,9723096888,624,175
GUJARAT,Kachchh,TECHNO ELECTRONICS,sales@technopower.co.in,9825236894,630,170
GUJARAT,Kachchh,AAI SHREE KHODIYAR FEBRICATION,ASKF2024@GMAIL.COM,9725001682,666,164
GUJARAT,Kachchh,BHANU PV SOLAR PVT LTD,bhanupvsolarpvtltd@gmail.com,9510398989,614,162
GUJARAT,Kachchh,PDF ENGINEERS PRIVATE LIMITED,project2.pepl@gmail.com,8803910391,669,148
GUJARAT,Kachchh,KUTCH SOLAR ENERGY,kutchsolarenergy@gmail.com,9879603242,537,136
GUJARAT,Kachchh,BHANU ENTERPRISES,akkothari1964@gmail.com,9263635946,424,120
GUJARAT,Kachchh,HARSH COMMUNICATION,harshcomm.solar@gmail.com,9137373727,419,114
GUJARAT,Kachchh,SOLARIUM GREEN ENERGY LIMITED,np@solariumenergy.in,9687133338,403,110
GUJARAT,Kachchh,CAPTAIN POLYPLAST LIMITED,solar@captainpolyplast.in,9313925889,351,103
GUJARAT,Kachchh,WHITEDESERT POWER PROJECTS PVT. LTD.,wdplnkt@gmail.com,9427760723,386,96
GUJARAT,Kachchh,KUTCH SOLAR AND EV,kutchsolarev@gmail.com,9725436751,364,91
GUJARAT,Kachchh,FLORIAN VENTURE PVT.LTD.,florianventurepvt.ltd@gmail.com,9081684444,356,91
GUJARAT,Kachchh,HITECH SOLAR,jayesh@hitechsolar.in,7600059073,406,88
GUJARAT,Kachchh,INFRAX INTERNATIONAL,info@infraxsolar.com,7778002780,317,83
GUJARAT,Kachchh,EVOTAR TECHNOLOGIES PRIVATE LIMITED,info@evotartech.com,6358999573,318,79
GUJARAT,Kachchh,SURYAKAMAL INFRA PVT.LTD.,sales@suryakamalinfra.com,9727756866,290,77
GUJARAT,Kachchh,MAA MOGAL ENTERPRISE,maamogale1999@gmail.com,8401237990,299,77
GUJARAT,Kachchh,AMRUT ENGINEERS,amrutengineersbhuj@gmail.com,9033492711,269,73
GUJARAT,Kachchh,AARISH POWER,harshpatel5268@gmail.com,7600621060,298,73
GUJARAT,Kachchh,SURYANCE SOLAR,suryancesolar@gmail.com,9664504655,285,70
GUJARAT,Kachchh,DEV ENTERPRISE,deventerprise424@gmail.com,9428121408,263,66
GUJARAT,Kachchh,KARTAVY AGROTECH,kartavysolar@gmail.com,9426465233,221,61
GUJARAT,Kachchh,APS ROOFTOP SOLAR PRIVATE LIMITED,info@apsrooftopsolar.co.in,7966009900,220,60
GUJARAT,Kachchh,REDREN ENERGY PVT LTD,rooftop@redren.in,9104591041,185,54
GUJARAT,Kachchh,K K SOLAR SOLUTIONS,kksolarsolutions@gmail.com,9537279900,213,54
GUJARAT,Kachchh,U R ENERGY INDIA PVT LTD,india@urenergyglobal.com,9512040442,187,53
GUJARAT,Kachchh,BHANU SOLAR ROOFTOP,info@bhanusolar.co.in,7600240535,261,53
GUJARAT,Kachchh,SHREE HARI SALES & SERVICES,shreeharisales16@gmail.com,7698916121,175,50
GUJARAT,Kachchh,GREENNETIC RENEWABLE PRIVATE LIMITED,sales.greenneticrenewable@gmail.com,8320563819,105,50
GUJARAT,Kachchh,ODHAV ENTERPRISE,odhaventerpriseindia@gmail.com,9033231303,206,48
GUJARAT,Kachchh,ASHAPURA SOLAR POWER,ashapurasolarpower2025@gmail.com,7778095905,204,48
GUJARAT,Kachchh,EQUINOX SOLAR PRIVATE LIMITED,info@equinoxsolar.in,7573044078,177,47
GUJARAT,Kachchh,SOLAR SMART PVT LTD,solarsmart2021@gmail.com,7284000580,164,41
GUJARAT,Kachchh,HARISH ENGINEERING WORKS,harish.engg91@gmail.com,9428618859,155,41
GUJARAT,Kachchh,RK SUN POWER LLP,rksunpowertrading@gmail.com,9913785000,148,40
GUJARAT,Kachchh,SHRI SAI ELECTRICAL,rooftop@shrisaielectrical.co.in,6353970979,139,38
GUJARAT,Kachchh,GANDHIDHAM SOLAR,gandhidhamsolar@gmail.com,9924877886,150,37
GUJARAT,Kachchh,RCUBE RENEWABLE,tarani.jayesh27@gmail.com,7874233433,180,36
GUJARAT,Kachchh,PATEL GREEN ENERGY SALES AND SERVICE,patelgreenenergyinfo@gmail.com,9427412983,144,33
GUJARAT,Kachchh,JAI SOMNATH ENTERPRISE,msjaisomnathenterprise@gmail.com,9979990909,133,32
GUJARAT,Kachchh,INFRAX RENEWABLE LIMITED,pmsg@infraxrenewable.com,9033260985,129,32
GUJARAT,Kachchh,TRIZONE POWER,trizonepower05@gmail.com,9638052084,122,31
GUJARAT,Kachchh,SHRI RAM SOLAR ENERGY LLP,admin@shriramsolarenergy.com,9712912421,139,31
GUJARAT,Kachchh,RAMESH POWER POINTS,rameshpowerpoint@gmail.com,9825225585,115,30
GUJARAT,Kachchh,RAJKOT E-BIKES AND SOLAR,rajkotebikesandsolar@gmail.com,8306020890,103,30
GUJARAT,Kachchh,UNIQUE SOLAR SERVICE,UNIQUESOLARSERVICERAJKOT@GMAIL.COM,7046082382,105,28
GUJARAT,Kachchh,BNG GREEN ENERGY SOLUTION,bng.greenenergy@gmail.com,9727777171,89,28
GUJARAT,Kachchh,BHAGAT SOLAR ENERGY,bhujbhagatsolarenergy@gmail.com,9930432027,103,26
GUJARAT,Kachchh,ULTRASUN ENERGY,info@ultrasunenergy.com,9909911071,88,25
GUJARAT,Kachchh,KSQUARE ENERGY PVT LTD,projects@ksquareenergy.com,9725218150,98,25
GUJARAT,Kachchh,BK GROUP & ASSOCIATES,irfansama2704@gmail.com,9879933662,93,23
GUJARAT,Kachchh,BHAKTINANDAN POWER PVTLTD,bhaktinandanpower@gmail.com,9724031529,81,23
GUJARAT,Kachchh,RADIANT SOLAR ENERGY,info@radiantsolarenergy.co.in,9512337513,88,22
GUJARAT,Kachchh,SANELITE SOLAR PVT LTD,bhavesh.modi@sanelitesolar.com,9374021722,68,21
GUJARAT,Kachchh,ONIX RENEWABLE LIMITED,naman.viradiya@onixrenewable.in,9586043661,71,21
GUJARAT,Kachchh,SUN MICRA RENEWABLE ENERGY,info@sunmicra.co.in,7990662677,72,20
GUJARAT,Kachchh,PRIVA ENTERPRISE,vickysheth1987@gmail.com,9825241949,72,19
GUJARAT,Kachchh,GREENERA ENERTECH PVT LTD,greenera.solarenergy@gmail.com,9427726620,68,19
GUJARAT,Kachchh,KRISHNA ENTERPRISE,krishnaenterprise4568@gmail.com,9712658209,63,18
GUJARAT,Kachchh,JANTA RENEWABLE ENRGY,jantarenewableenergy@gmail.com,9898897373,66,18
GUJARAT,Kachchh,JANGID SOLAR ENERGY PVT LTD,info@jsepl.in,6358931609,73,18
GUJARAT,Kachchh,URJASTROT PRIVATE LIMITED,urjastrotenterprise@gmail.com,7621010012,61,17
GUJARAT,Kachchh,SUNSHINE SOLAR ENERGY,sunshine1992@gmail.com,7698993172,56,15
GUJARAT,Kachchh,SHREEJI & SONS,shreejiandsolar2211@gmail.com,8140165509,52,14
GUJARAT,Kachchh,ELLINZA ENERGY,ELLINZAENERGY@GMAIL.COM,9725001682,57,14
GUJARAT,Kachchh,AGARIA ENTERPRISE,mahammadikbalagariya@gmail.com,8200605756,59,14
GUJARAT,Kachchh,SHAKTI GREEN ENERGY SERVICES,shakti.green25@gmail.com,9898860648,51,13
GUJARAT,Kachchh,SAFECON INDUSTRIAL MAINTENANCE & ENGINEERING SERVICES,safeconservices2013@gmail.com,9925854491,49,13
GUJARAT,Kachchh,SCORP ENERGY PRIVATE LIMITED,mohit@scorpenergy.com,9925345121,40,12
GUJARAT,Kachchh,GREEN WATT ENERGY,info@greenwattenergy.co.in,9913853055,42,12
GUJARAT,Kachchh,AMPERE GREEN ENERGY,amperegreenenergy@gmail.com,9033116472,39,12
GUJARAT,Kachchh,AKSHAR SOLAR ENERGY,aksharsolarenergy@gmail.com,8200328133,46,12
GUJARAT,Kachchh,RAGHURAM SOLAR POWER GREEN ENERGY LLP,raghuramsolar9@gmail.com,7575019877,37,11
GUJARAT,Kachchh,GRIWA INTERNATIONAL LLP,prakashkoriya17@gmail.com,8200988481,35,10
GUJARAT,Kachchh,EFARM INTERNATIONAL PRIVATE LIMITED,info@efarmenergy.com,9723610012,37,10
GUJARAT,Kachchh,TERAIYA ENTERPRISE,teraiyaenterprise@gmail.com,8780802225,33,9
GUJARAT,Kachchh,SUNIFY SOLAR LLP,sunifysolar@gmail.com,8141455505,32,9
GUJARAT,Kachchh,SATYASARA ENERGY PRIVATE LIMITED,satyasaraenergy@gmail.com,9909365808,30,9
GUJARAT,Kachchh,QORX ENERGY,qorxenergy1366@gmail.com,9904000629,39,9
GUJARAT,Kachchh,HET CONSULTANCY,hetconsultancy01@gmail.com,9586618784,31,9
GUJARAT,Kachchh,H AND S ENGINEERING,HSENGINEERING9698@GMAIL.COM,8980818699,32,9
GUJARAT,Kachchh,VSG ENTERPRISE,SURYAKANTGORASIYA3024@GMAIL.COM,9979632447,29,8
GUJARAT,Kachchh,RAJDEEP SOLAR ENERGY PVT. LTD.,dharmesh@rajdeepsolarnergy.com,9099089749,44,8
GUJARAT,Kachchh,PRAKASH PUMP INDUSTRIES,prakashpumpindustries@gmail.com,9687222263,28,8
GUJARAT,Kachchh,GOLDSUN SOLAR,dhruvpadasumbiya@gmail.com,9409016021,35,8
GUJARAT,Kachchh,VISHVAM POWER PRIVATE LIMITED,vishvampowerpl@gmail.com,9723191446,23,7
GUJARAT,Kachchh,SOLEOS GREEN ENERGY PRIVATE LIMITED,pruthvi@soleos.in,9512448900,31,7
GUJARAT,Kachchh,SHREE NILKANTH ENERGY,shreenilkanthenergy@gmail.com,9909764368,26,7
GUJARAT,Kachchh,GREENCLEAN POWER SOLUTION,greencleanpowersolution@gmail.com,9909047056,25,7
GUJARAT,Kachchh,RAICHURA ENERGY,raichuraenergy@gmail.com,9879152830,24,6
GUJARAT,Kachchh,RADHE ELECTRICAL,radheelectrical24@gmail.com,9601294783,23,6
GUJARAT,Kachchh,PARECHA ENTERPRISES,sagarmparecha999@gmail.com,9537704244,20,6
GUJARAT,Kachchh,NAVKALP GROUPS,navkalprenewable@gmail.com,8460109090,26,6
GUJARAT,Kachchh,INSTANT SOLUTION,info@instantsolar.in,9512123598,19,6
GUJARAT,Kachchh,BELIEVE TECH ENERGY SERVICES,infobtes@gmail.com,9499631316,27,6
GUJARAT,Kachchh,SUNNOVATIVE SOLAR ENERGY SOLUTION PVT LTD,ravi@sunnovative.com,8153819531,17,5
GUJARAT,Kachchh,SUNBUY RENEWABLES PVT LTD,darshan@sunbuy.in,9328281611,16,5
GUJARAT,Kachchh,RADIANT SOLAR SOLUTIONS,paresh@radiantsolarsolution.com,9979632096,16,5
GUJARAT,Kachchh,POWERMAC TECHNOLOGY,info@powermacgroup.com,9099939972,17,5
GUJARAT,Kachchh,NYALKARAN ENERGY LLP,kaushik@nyalkaranenergy.com,9825412783,21,5
GUJARAT,Kachchh,VENTURE SOLAR SOLUTION,info@venturesolarsolution.com,9979632050,18,4
GUJARAT,Kachchh,SUNBOOST PRIVATE LTD,info@sunboostenergy.com,9104227788,13,4
GUJARAT,Kachchh,GREEN POWER SOLUTION,darjihardik777@gmail.com,8141216635,13,4
GUJARAT,Kachchh,ERA ENVIRO SOLUTIONS,info.eraenviro@gmail.com,9227849825,19,4
GUJARAT,Kachchh,ARYAVEER ENERGY INCORPORATION,aryaveerenergyincorporation@gmail.com,9712987874,15,4
GUJARAT,Kachchh,7 STAR SOLAR ENERGY,7STAR51751@GMAIL.COM,9624899019,16,4
GUJARAT,Kachchh,SHREE UMIYA CORPORATION,shreeumiyacorp@gmail.com,8866731185,9,3
GUJARAT,Kachchh,RUDRA SOLAR ENERGY,info.rudrasolar@gmail.com,9427903084,10,3
GUJARAT,Kachchh,RISING SUN ENERGY,risingsunenergy2018@gmail.com,7405303305,10,3
GUJARAT,Kachchh,NRS SOLAR SOLUTION,info.nrssolarsolution@gmail.com,8488953026,9,3
GUJARAT,Kachchh,LEEJI SOLAR ENERGY,info@leejisolar.com,8320711788,9,3
GUJARAT,Kachchh,JAY DADA SOLAR,jaydadasolar@gmail.com,6353659868,9,3
GUJARAT,Kachchh,INFINITY SOLAR - RAJKOT,infinitysolar2022@gmail.com,7201070799,9,3
GUJARAT,Kachchh,GREEN LIGHT ENERGY,glenergy2024@gmail.com,9998754265,10,3
GUJARAT,Kachchh,GREEN ENERGY-VALSAD,solar@greenenergy.ind.in,8866249369,9,3
GUJARAT,Kachchh,ATRI ENERGY,atrienergy@gmail.com,7622838008,7,3
GUJARAT,Kachchh,AMAR JYOT SPRAY PUMP,ajagriandsolar@gmail.com,9722227299,17,3
GUJARAT,Kachchh,VIRTA ENTERPRISE,INFO.VIRTAENTERPRISE@GMAIL.COM,7698432673,9,2
GUJARAT,Kachchh,VIDE ENERGY,ankita.videenergy@gmail.com,9712668268,9,2
GUJARAT,Kachchh,URATOM SOLAR INDIA PVT LTD,pv@uratom.com,9925099249,8,2
GUJARAT,Kachchh,UMAA ENTERPRISE,sales.umaa@gmail.com,9898701758,9,2
GUJARAT,Kachchh,THE SHIVSHAKTI ENTERPRISE,Shivshakti2688@gmail.com,9913418634,8,2
GUJARAT,Kachchh,TECHNOCRATS ENGINEERS,technocratsengineers007@gmail.com,9974214007,6,2
GUJARAT,Kachchh,TATVAM INDUSTRIES,parth.tatvam@protonmail.com,7990101643,7,2
GUJARAT,Kachchh,SPY AUTOMATION,spyautomation61@gmail.com,7227000497,10,2
GUJARAT,Kachchh,SOLIS ENERGY SYSTEM,bhargavpaneliya@solisenergysystem.com,9601270077,7,2
GUJARAT,Kachchh,SOLINE SOLAR PRIVATE LIMITED,info@soline.in,9898535056,6,2
GUJARAT,Kachchh,SOLAR EARTH RENEWABLES PRIVATE LIMITED,ser@solarearth.in,7990378370,9,2
GUJARAT,Kachchh,MITRAYA ELECTRICAL,mitrayaelectrical@gmail.com,7016415834,6,2
GUJARAT,Kachchh,LIPO TECHNOLOGY PRIVATE LIMITED,kalpesh@lipotechnology.in,9722266550,11,2
GUJARAT,Kachchh,JAYKAMAL ENERGY,JAYKAMAL.ENERGY@GMAIL.COM,9726862780,6,2
GUJARAT,Kachchh,JANSA SOLAR SOLUTIONS PVT LTD,jansa@kalptaru.co.in,9998000769,6,2
GUJARAT,Kachchh,INOX SOLAR ENERGY,inoxsolarenergy@gmail.com,9904604047,6,2
GUJARAT,Kachchh,HIREN HARESHBHAI KASHIPARA,hirenkashiparacorpo@gmail.com,8469977709,14,2
GUJARAT,Kachchh,HIRANYA,chintan6310@gmail.com,9909009425,6,2
GUJARAT,Kachchh,H S ENTERPRISE,hiralpatel3031@gmail.com,9773257603,13,2
GUJARAT,Kachchh,GREENTECH ENERGY,bhuvapiyush89@gmail.com,7990053035,6,2
GUJARAT,Kachchh,GREEN SUN SOLAR,greensunsolar07@gmail.com,7600649582,6,2
GUJARAT,Kachchh,GLOBAL SOLAR ENERGY,globalsolar99@gmail.com,8866190358,11,2
GUJARAT,Kachchh,FERUS ENERGIES CO,info@ferusenergies.com,9913341342,6,2
GUJARAT,Kachchh,EARTHTECH INNOVATIONS PRIVATE LIMITED,earthtechinnovations@gmail.com,8490850276,6,2
GUJARAT,Kachchh,ARKAY ICONIC PRIVATE LIMITED,arkaysolar@gmail.com,8401236600,6,2
GUJARAT,Kachchh,ADVANCED ELETRICAL SOLUTIONS,info.aessolar@gmail.com,7574880300,9,2
GUJARAT,Kachchh,VRAJ ENTERPRISE,vrajsolarsolutions@gmail.com,8140000903,4,1
GUJARAT,Kachchh,VISHWASH ENTERPRISE,vishwashenterprise2422@gmail.com,6355098324,3,1
GUJARAT,Kachchh,VERTEX SOLAR SOLUTIONS PVT LTD,vertexnad@gmail.com,8758614088,5,1
GUJARAT,Kachchh,UNIQUE POWER SYSTEM,uniquepowerrajkot@gmail.com,9825224349,3,1
GUJARAT,Kachchh,SURYASE ENERGY,suryaseenergy@gmail.com,9662047390,4,1
GUJARAT,Kachchh,SUNPOWER ENERGY,sunpowerenergy.solar@gmail.com,7405095299,3,1
GUJARAT,Kachchh,SHREEJI SOLAR,info.shreejisolar@gmail.com,9904351125,2,1
GUJARAT,Kachchh,SHIVHARDHA SHD PROJECTS,shivhardha@gmail.com,9898692603,3,1
GUJARAT,Kachchh,SHINE ENERGY SOLUTION,info@shineenergysolution.in,9687959342,3,1
GUJARAT,Kachchh,SCION POWER,scionpower@yahoo.com,7043511106,4,1
GUJARAT,Kachchh,SATYAM SALES,kishanagroagencyamreli@gmail.com,9825360183,3,1
GUJARAT,Kachchh,ROYAL POWER MART,royalmotormart1@gmail.com,9825440269,5,1
GUJARAT,Kachchh,R B RENEWABLES LLP,info@brrenewables.com,9898985672,3,1
GUJARAT,Kachchh,PURNIMA SOLAR ENERGY,rpateldeesa@gmail.com,9824320856,3,1
GUJARAT,Kachchh,POWER PLUS,powerplusbhabhar@gmail.com,8128435584,3,1
GUJARAT,Kachchh,ONEVOLT GREEN PVT LTD,onevoltgreens@gmail.com,9925292721,3,1
GUJARAT,Kachchh,OCEANIC POWER ENGINEERS PRIVATE LIMITED,oceanicpower.in@gmail.com,7778065600,3,1
GUJARAT,Kachchh,NEELAM MICRO ELECTRONICS,neelammicro@yahoo.co.in,9824042405,4,1
GUJARAT,Kachchh,MAHAVEER ENTRPRISE,me.solarmaster@gmail.com,7878647771,3,1
GUJARAT,Kachchh,MADHAV ENERGY SOLUTION,info.madhavenergy@gmail.com,9408354018,3,1
GUJARAT,Kachchh,LGM ENERGY AND INFRACON LLP,lgmenergyandinfraconllp@gmail.com,7574000906,5,1
GUJARAT,Kachchh,KUNTHU CONSULTANTS PVT LTD,neelesh@kunthusolar.com,7405992700,3,1
GUJARAT,Kachchh,JJ PV SOLAR PRIVATE LIMITED,rajesh@jjpvsolar.com,9904809006,3,1
GUJARAT,Kachchh,INQILAB ENGINEERING PRIVATE LIMITED,inqilabengineering@gmail.com,9099598998,4,1
GUJARAT,Kachchh,I K SOLAR ENERGY,iksolarenergy2302@gmail.com,6353941652,5,1
GUJARAT,Kachchh,HIYASHA SOLAR SYSTEMS LLP,hiyashasolarsystems@gmail.com,9727097250,3,1
GUJARAT,Kachchh,GREENCUBE ENERGIES PRIVATE LIMITED,nirankush@gcepl.in,9106836019,4,1
GUJARAT,Kachchh,EVOLUTION,evolutiongujarat@gmail.com,9773296801,6,1
GUJARAT,Kachchh,EARTH SOLARISM,earthsolarism@gmail.com,9724990231,3,1
GUJARAT,Kachchh,DHM SOLAR POWER PVT LTD,dhmsolarpower@gmail.com,8980508730,4,1
GUJARAT,Kachchh,DELICATE SOLAR PRIVATE LIMITED,gabanijemish3@gmail.com,8238340836,4,1
GUJARAT,Kachchh,CHEMITEX EXPORTS PVT LTD,shrijichem@hotmail.com,9099940535,3,1
GUJARAT,Kachchh,BHAVANI ELECTRICALS,beplpatan@gmail.com,9824014075,3,1
GUJARAT,Kachchh,BENCHMARK AGENCIES PRIVATE LIMITED,tarang@benchmarkagencies.com,8200267346,8,1
GUJARAT,Kachchh,APN SOLAR ENERGY PVT LTD,nationalportal@apnsolar.com,9702034043,3,1
GUJARAT,Kachchh,AARSUN ENERGY SOLUTIONS,aarsunenergy@gmail.com,8200328869,5,1
GUJARAT,Kachchh,4THVED AGROTECH,4thvedagro@gmail.com,9377126082,3,1
GUJARAT,Kachchh,ZY ENTERPRISE,zyenterprise12@gmail.com,8460313094,0,0
GUJARAT,Kachchh,ZUNROOF TECH PVT LTD,gosolar@zunroof.com,9205893368,0,0
GUJARAT,Kachchh,ZODIAC ENERGY LIMITED,info@zodiacenergy.com,7861852582,0,0
GUJARAT,Kachchh,ZMR ENERGY INCORPORATION,zmrenergyincorporation@gmail.com,9924818113,0,0
GUJARAT,Kachchh,ZENITH SUNSPARK,zenithsunspark@gmail.com,8140946909,0,0
GUJARAT,Kachchh,ZEEPO ELECTRICAL SERVICES PRIVATE LIMITED,zeepoelectricalservices@gmail.com,9664823942,0,0
GUJARAT,Kachchh,ZEBRON SOLAR POWER SOLUTIONS,zebronsolar@gmail.com,9510370572,0,0
GUJARAT,Kachchh,ZAVICH INFRASTRUCTURE AND POWER PVT LTD,zavichinfra@gmail.com,9106129608,0,0
GUJARAT,Kachchh,ZALA HAKUBHA NARSISINH,solar.hakubha1508@gmail.com,9925103777,0,0
GUJARAT,Kachchh,YUVARAYS SOLAR,yuvarayssolar@gmail.com,9824624497,0,0
GUJARAT,Kachchh,YUVAAN ENERGY PRIVATE LIMITED,sales@yuvaanenergy.com,9825045890,0,0
GUJARAT,Kachchh,YUG SOLAR,yugsolar@gmail.com,6359410052,0,0
GUJARAT,Kachchh,YOGI BATTERY CENTRE,yogipowersystem@yahoo.co.in,9824088156,0,0
GUJARAT,Kachchh,YOG ENTERPRISE,yogenterprise.vallabhipur@gmail.com,7600790079,0,0
GUJARAT,Kachchh,YELLOWFELLOW ENERGIES LLP,viraj@yellowfellow.in,8200955676,0,0
GUJARAT,Kachchh,YELLOWCREST ENERGY LLP,yellowcrestenergy@gmail.com,9904675445,0,0
GUJARAT,Kachchh,YELLOW RAY SOLAR,yellowraysolar@gmail.com,9427443581,0,0
GUJARAT,Kachchh,YASHVI ENTERPRISE,yashvientsami@gmail.com,8849331593,0,0
GUJARAT,Kachchh,YASHONAND ELECTRO SERVICE PVT LTD,yashonand2022@gmail.com,9157197171,0,0
GUJARAT,Kachchh,YAGNIKKUMAR VALLABHBHAI SAVALIYA,yagniks1999@gmail.com,9409326590,0,0
GUJARAT,Kachchh,Y CAME SYSTEMS,ycamesystem009@gmail.com,8320408867,0,0
GUJARAT,Kachchh,WISEN ENERGY LLP,info@wisenenergyllp.com,9016979007,0,0
GUJARAT,Kachchh,WISE GOAL SERVICES PRIVATE LIMITED,hr.wisegoal@gmail.com,7567161902,0,0
GUJARAT,Kachchh,VYAS IMPEX,vyasimpex1982@gmail.com,8200849398,0,0
GUJARAT,Kachchh,VRUND ENERGY,vrundenergy@gmail.com,9574779572,0,0
GUJARAT,Kachchh,VR ENERGY,vrenergy4@gmail.com,9924390293,0,0
GUJARAT,Kachchh,VOLTEX SOLUTION,info.voltexsolution@gmail.com,9104629229,0,0
GUJARAT,Kachchh,VOLTECH ELECTRICALS,voltechelectricals156@gmail.com,7567771900,0,0
GUJARAT,Kachchh,VOLT'S LEGACY ENERGY SOLUTION,contact@voltslegacy.com,9998765059,0,0
GUJARAT,Kachchh,VOLLT SOLAR ENERGY,volltsolar@gmail.com,8128550011,0,0
GUJARAT,Kachchh,VMD SOLAR ENERGY PRIVATE LIMITED,info@vmdsolarenergy.com,9974095302,0,0
GUJARAT,Kachchh,VIYA ELECTRIC PRIVATE LIMITED,info@viyaelectric.com,9033092026,0,0
GUJARAT,Kachchh,VIVAN ENERGY,vivanenergy09@gmail.com,9979890230,0,0
GUJARAT,Kachchh,VIVAAN INFRA,info@vivaaninfra.in,9909916448,0,0
GUJARAT,Kachchh,VITRAG TECHNO PRIVATE LIMITED,ad.vitragsolar@gmail.com,7778882668,0,0
GUJARAT,Kachchh,VISWAN ENERGY SOLUTIONS,viswanenergy@gmail.com,8866641649,0,0
GUJARAT,Kachchh,VISION SOLAR,visionenergy196@gmail.com,6351131196,0,0
GUJARAT,Kachchh,VISION INFOSYS,info@vision-infosys.in,9825061749,0,0
GUJARAT,Kachchh,VISHWAKARMA ELECTRICALS,info.vishwakarmaelectricals@gmail.com,9426730030,0,0
GUJARAT,Kachchh,VISHWA SOLAR EXPERT,vishwasolar68@gmail.com,9724968018,0,0
GUJARAT,Kachchh,VISAKA GREEN PRIVATE LIMITED,vsolar@visaka.in,8770905614,0,0
GUJARAT,Kachchh,VIRAT CONSTRUCTION CO,info@viratconstruction.com,9909950605,0,0
GUJARAT,Kachchh,VIRAJBHAI VISUBHAI KHACHAR,gchauhan17388@gmail.com,9898986662,0,0
GUJARAT,Kachchh,VINARA SOLUTIONS,vinarasolutions@gmail.com,8320754771,0,0
GUJARAT,Kachchh,VIMAL ELECTRONICS,kcpatel@vimalelectronics.com,9099777176,0,0
GUJARAT,Kachchh,VIJAY SOLAR ENERGY,vijaysolarenergy940@gmail.com,6351211549,0,0
GUJARAT,Kachchh,VIJAY ELECTRIC COMPANY,vijayelectricco@rediffmail.com,8200337720,0,0
GUJARAT,Kachchh,VIDHYUT URJA,vidhyut.urja10@gmail.com,9664845692,0,0
GUJARAT,Kachchh,VIDHYUT SOLAR,vidhyutsolarenergy@gmail.com,8347838900,0,0
GUJARAT,Kachchh,VIBRANT SOLAR SYSTEMS,sales.vibrantsolar@gmail.com,9408330692,0,0
GUJARAT,Kachchh,VIABLE SOLAR,viable.solar9990@gmail.com,9913344841,0,0
GUJARAT,Kachchh,VIA ELECTRIC,hello.viaelectric@gmail.com,9925203764,0,0
GUJARAT,Kachchh,VENUS ENTERPRISE,venusenergy2228@gmail.com,7990678583,0,0
GUJARAT,Kachchh,VEERASOL TECHNOLOGY,info@veerasol.com,9558899931,0,0
GUJARAT,Kachchh,VEER SOLAR GREEN ENERGY,veersolar2024@gmail.com,8347173977,0,0
GUJARAT,Kachchh,VEE SECURE,veesecure.in@gmail.com,9825070982,0,0
GUJARAT,Kachchh,VEDA ENTERPRISE,info.vedaenterprise@gmail.com,8401103393,0,0
GUJARAT,Kachchh,VECTON ENERGY,vectonenergy@gmail.com,8000140159,0,0
GUJARAT,Kachchh,VCL ENERGY,vclenergy777@gmail.com,9825492605,0,0
GUJARAT,Kachchh,VASUSENA SOLAR ENERGY,vasusenasolarenergy07@gmail.com,9265356623,0,0
GUJARAT,Kachchh,VASHRAMBHAI LAKHABHAI GHED,satrang.com@gmail.com,9624152555,0,0
GUJARAT,Kachchh,VASANI SOLAR SOLUTION,vasani.solar.solution@gmail.com,9998404646,0,0
GUJARAT,Kachchh,VARUN ENGINEERING,varunpatel2027@gmail.com,9727854101,0,0
GUJARAT,Kachchh,VARRCHASVA ENERGY PRIVATE LIMITED,vaibhav@varrchasva.com,9100520101,0,0
GUJARAT,Kachchh,VARIZONE SOLAR PRIVATE LIMITED,varizonesolar@gmail.com,9426111113,0,0
GUJARAT,Kachchh,VARDHAN SALES,vardhansolar91@gmail.com,9512020935,0,0
GUJARAT,Kachchh,VALAM ENTERPRISE,valamenterprise007@gmail.com,9824881693,0,0
GUJARAT,Kachchh,VAKRATUND INNOVATION PRIVATE LIMITED,operation@vakratundinnovation.com,6351039120,0,0
GUJARAT,Kachchh,VAIJNATH GLOBAL,vaijnathglobal@gmail.com,9106991946,0,0
GUJARAT,Kachchh,VAGHASIA HITESH B,vaghasia_hitesh@yahoo.com,9979773121,0,0
GUJARAT,Kachchh,VAATI POWER,vaatipower@gmail.com,9510010005,0,0
GUJARAT,Kachchh,VA PATEL INFRA PRIVATE LIMITED,mayurdhavajsinhgohil00@gmail.com,9428269204,0,0
GUJARAT,Kachchh,V-GUARD INDUSTRIES LIMITED,solar@vguard.in,9895550313,0,0
GUJARAT,Kachchh,V-GRID POWER,vgridpower22@gmail.com,9714892380,0,0
GUJARAT,Kachchh,V SOLAR,vsolar8521@gmail.com,7698297821,0,0
GUJARAT,Kachchh,V POWER SOLAR SERVICES,vpowersolarservices@gmail.com,9904254440,0,0
GUJARAT,Kachchh,UVR TECHSOL PRIVATE LIMITED,uvrtechsol@gmail.com,9227106799,0,0
GUJARAT,Kachchh,UTSAV TECHNO ENTERPRISE,utsavtechnoenterprise@gmail.com,7046612340,0,0
GUJARAT,Kachchh,URJA GLOBAL LIMITED,bhagwan.verma@urjaglobal.in,7290005823,0,0
GUJARAT,Kachchh,URJA ELECTRICALS,urja.electricals.dhg@gmail.com,8469551508,0,0
GUJARAT,Kachchh,UPVOLTAGE SOLUTIONS LLP,upvoltagesolutions@gmail.com,7990618259,0,0
GUJARAT,Kachchh,UNIVERSE ENTERPRISE,muljinakum1103@gmail.com,7878789968,0,0
GUJARAT,Kachchh,UNITY ENERGY SOLUTION,unityenergysolution@gmail.com,9099094027,0,0
GUJARAT,Kachchh,UNIQUE ELECTRICAL,sales.epc2016@gmail.com,9099000148,0,0
GUJARAT,Kachchh,UNICORN ENTERPRISE,unicornsolarvyara@gmail.com,8200121328,0,0
GUJARAT,Kachchh,UNICORN ELECTRICALS AND PROJECTS,unicornelectricals20@gmail.com,9510968626,0,0
GUJARAT,Kachchh,UNICON ENERGY,info@uniconenergy.com,9974545444,0,0
GUJARAT,Kachchh,UMIYA ENTERPRISE - NARODA,umiyaenterprise1981@gmail.com,9725033295,0,0
GUJARAT,Kachchh,UMA POWER SOLUTIONS,umapowersolution@gmail.com,9638953281,0,0
GUJARAT,Kachchh,ULTRAVIOLET SOLAR PVT.LTD.,info@uvrays.co.in,7878699099,0,0
GUJARAT,Kachchh,ULTRA RAYS ENERGY SOLUTION,ultrarays2019@gmail.com,7984482472,0,0
GUJARAT,Kachchh,UKEL AUTOMATION LLP,ukelautomation@gmail.com,9998008889,0,0
GUJARAT,Kachchh,UJALA COMPANY,ujalasolarcompany@gmail.com,7874157474,0,0
GUJARAT,Kachchh,UDB ENERGY PVT. LTD.,udbenergypvtltd@gmail.com,7077014714,0,0
GUJARAT,Kachchh,TVARIT ENERGY LLP,meet@tvritenergy.in,8511600853,0,0
GUJARAT,Kachchh,TULAJA ENTERPRISE,tulajaenterprise@gmail.com,9904866630,0,0
GUJARAT,Kachchh,TROM INDUSTRIES LIMITED,marketing@tromsolar.in,9081017444,0,0
GUJARAT,Kachchh,TRINITY RENEWABLE ENERGY,info.trinityrenewableenergy@gmail.com,9227000392,0,0
GUJARAT,Kachchh,TRIDENT POWER,trident.power24@gmail.com,7698264402,0,0
GUJARAT,Kachchh,TRADE X,tradex.solarenergy22@gmail.com,9106834748,0,0
GUJARAT,Kachchh,TOUCHCORE CONSULTANCY,touchcore27@gmail.com,9909284285,0,0
GUJARAT,Kachchh,TOPCON SOLAR ENERGY,topconsolarenergy@gmail.com,9081773500,0,0
GUJARAT,Kachchh,TITAN ENERGY,info@titanenergy.in,9054825825,0,0
GUJARAT,Kachchh,TIRUPATI SOLAR,tirupatisolar@hotmail.com,7043343509,0,0
GUJARAT,Kachchh,THE WOLT TECHNIQUES,director@woltsolarproducts.com,9904238777,0,0
GUJARAT,Kachchh,THE MOON KNIGHT,themoonknight913@gmail.com,9081313777,0,0
GUJARAT,Kachchh,THE MECHTECH SOLUTIONS,themechtechsolutions@gmail.com,9714928728,0,0
GUJARAT,Kachchh,TEJ ENERGY LLP,director@tejenergy.com,9426856508,0,0
GUJARAT,Kachchh,TECHSUNBIO GREEN ENERGY PRIVATE LIMITED,info@techsunbio.com,9925336536,0,0
GUJARAT,Kachchh,TECHNOVATIVE GREEN ENERGY SOLUTIONS,technovativesolar@gmail.com,6354031108,0,0
GUJARAT,Kachchh,TECHNOGOODS ENTERPRISES,TechnoGoods@outlook.com,9904709693,0,0
GUJARAT,Kachchh,TECHNOCELL INDUSTRIAL SERVICES,skg23aqua@yahoo.in,9979348446,0,0
GUJARAT,Kachchh,TECHNO POWER,technopower0001@gmail.com,8200360798,0,0
GUJARAT,Kachchh,TATSAT NRGS,tatsatnrgs@gmail.com,7984576567,0,0
GUJARAT,Kachchh,TARUN AND CO,taruncopwr@gmail.com,9879534866,0,0
GUJARAT,Kachchh,TARA SOLAR ENERGY,tara.solar.2111@gmail.com,9408966600,0,0
GUJARAT,Kachchh,TAPTI SOLAR,taptisolar@gmail.com,9157028811,0,0
GUJARAT,Kachchh,TAJ ELECTRICALS,tajelectricals.daman@gmail.com,9824790965,0,0
GUJARAT,Kachchh,TAIYO SOLAR SYTEM INTEGRATOR LLP,info@taiyosolar.co.in,9825324580,0,0
GUJARAT,Kachchh,SYSTEM RENEWABLE ENERGY,nbagwan8@gmail.com,9662361740,0,0
GUJARAT,Kachchh,SYSTEM LEVEL SOLUTIONS INDIA PVT LTD,sales@getsunsights.com,7486992856,0,0
GUJARAT,Kachchh,SYNNOVE POWER TECHNOLOGY,synnovepowertechnology@gmail.com,9033346701,0,0
GUJARAT,Kachchh,SYNCHRO ENERGY,synchroenergy389@gmail.com,9974737316,0,0
GUJARAT,Kachchh,SWEV INDIA PVT LIMITED,swevindia@gmail.com,7984328691,0,0
GUJARAT,Kachchh,SWASTIK SOLAR SYSTEM,swastiksolar07@gmail.com,9712412011,0,0
GUJARAT,Kachchh,SWARG INDUSTRIES PVT LTD,info@swargworld.com,9824999527,0,0
GUJARAT,Kachchh,SWAMI INTEGRATOR AND CONSULTANTS LLP,sanjib@swamisolar.com,8980800743,0,0
GUJARAT,Kachchh,SUTARIAS SOLUTIONS PRIVATE LTD,sspl.hasmukh@gmail.com,9099510408,0,0
GUJARAT,Kachchh,SURYOSA SOLAR PRIVATE LIMITED,info@suryosa.com,9998018314,0,0
GUJARAT,Kachchh,SURYATRIC SOLAR PVT LTD,info.suryatrick@gmail.com,9979652010,0,0
GUJARAT,Kachchh,SURYASTRA GREEN INITIATIVES PRIVATE LIMITED,suryastraindia@gmail.com,8128007602,0,0
GUJARAT,Kachchh,SURYASIDDHI ENERGY SOLUTION PRIVATE LIMITED,suryasiddhienergysolutions@gmail.com,8460641891,0,0
GUJARAT,Kachchh,SURYAMANI SOLAR,suryamanisolar@gmail.com,8140000257,0,0
GUJARAT,Kachchh,SURYAMAAN ENERGY,info.suryamaan@gmail.com,9722243637,0,0
GUJARAT,Kachchh,SURYAM INTERNATIONAL PRIVATE LIMITED,marketing@groupsurya.co.in,8093011632,0,0
GUJARAT,Kachchh,SURYAM ENERGY,dhavalpatel7037@gmail.com,8320698043,0,0
GUJARAT,Kachchh,SURYADEV SOLAR,suryadevsolar4@gmail.com,9327175676,0,0
GUJARAT,Kachchh,SURYADEV SALES & SERVICE,suryadev2k20@gmail.com,7016946571,0,0
GUJARAT,Kachchh,SURYABHUMI SOLAR ENERGY,suryabhumisolarenergy@gmail.com,8866019146,0,0
GUJARAT,Kachchh,SURYA URJA SYSTEMS,suryaurjasystems@gmail.com,9824276142,0,0
GUJARAT,Kachchh,SURYA SOLAR AND WATERS,rooftop@suryasolarwaters.com,9033266039,0,0
GUJARAT,Kachchh,SURYA SHAKTI SOLAR,suryashaktisolar09@gmail.com,7567992734,0,0
GUJARAT,Kachchh,SURYA SHAKTI,suryashaktisolar.18@gmail.com,8488010488,0,0
GUJARAT,Kachchh,SURYA INTERNATIONAL,suryavishnu159@yahoo.com,9825802298,0,0
GUJARAT,Kachchh,SURYA ENTERPRISE,suryaenterprise8324@gmail.com,9687975891,0,0
GUJARAT,Kachchh,SUREWORTH SOLAR,Sureworthsolar@gmail.com,7698763040,0,0
GUJARAT,Kachchh,SURESHBHAI SADURBHAI BARBACHIYA,surechbarbachiya41@gmail.com,9879299136,0,0
GUJARAT,Kachchh,SURAYAY NAMAH ENERGY PRIVATE LIMITED,rahul@surayaynamahenergy.com,9554055565,0,0
GUJARAT,Kachchh,SURAJGEMA POWER,SURAJGEMAPOWER@GMAIL.COM,8460515124,0,0
GUJARAT,Kachchh,SUPER WATT POWER SOLUTIONS LLP,power.superwatt@gmail.com,9920320366,0,0
GUJARAT,Kachchh,SUNWAY SOLAR,sunwaysolar02@gmail.com,7698832340,0,0
GUJARAT,Kachchh,SUNWAVE ENERGY,sunwave.energy123@gmail.com,7046070468,0,0
GUJARAT,Kachchh,SUNVINE RENEWABLE,sunvinerenewable@gmail.com,8000050580,0,0
GUJARAT,Kachchh,SUNTRAC SOLAR,suntrac.jh@gmail.com,9979363442,0,0
GUJARAT,Kachchh,SUNSPOT ENERGY LLP,info.sunspotenergy@gmail.com,8866110577,0,0
GUJARAT,Kachchh,SUNSPOT,msn.sunspot@gmail.com,6356810701,0,0
GUJARAT,Kachchh,SUNSPARK SOLAR SOLUTIONS (FORMERLY KNOWN AS SUSSPARK SOLAR SOLUTIONS ),sunsparksolarsolutions23@gmail.com,9664693254,0,0
GUJARAT,Kachchh,SUNSOLAR SOLUTIONS (INDIA) PRIVATE LIMITED,jigar@sunsolarsolutions.co.in,9638189589,0,0
GUJARAT,Kachchh,SUNSNATCH SOLUTIONS LLP,monark.sunsnatch@gmail.com,7698536878,0,0
GUJARAT,Kachchh,SUNSKY SOLAR,trdesai@sunskysolar.co.in,9727518665,0,0
GUJARAT,Kachchh,SUNSHREE SOLAR,sunshreesolar@gmail.com,9157838777,0,0
GUJARAT,Kachchh,SUNSHINE SOLAR,sunshinesolarsurat@gmail.com,9537733133,0,0
GUJARAT,Kachchh,SUNSHAPE ENERGY,sunshapeenergy@gmail.com,9913783302,0,0
GUJARAT,Kachchh,SUNSETLIFE SOLAR PRIVATE LIMITED,sunsetlifesolar@gmail.com,9574427119,0,0
GUJARAT,Kachchh,SUNSAI SOLAR SYSTEMS,solar@sunsai.co.in,9925808788,0,0
GUJARAT,Kachchh,SUNSAFE INFRA SERVICES,INFO@SUNSAFE.IN,9033673308,0,0
GUJARAT,Kachchh,SUNSAFE INFRA PRIVATE LIMITED,sunsafe.np@gmail.com,7227050091,0,0
GUJARAT,Kachchh,SUNRUN GREEN ENERGY,sunrungreenenergy@gmail.com,6354883949,0,0
GUJARAT,Kachchh,SUNROOF ELECTRICAL ENERGY,sunroofenergy100@gmail.com,9687893989,0,0
GUJARAT,Kachchh,SUNRISE INDIA,satyanarayantiwari2022@gmail.com,7208291414,0,0
GUJARAT,Kachchh,SUNRISE ENTERPRISE,sunriseenterprise6388@gmail.com,9904889087,0,0
GUJARAT,Kachchh,SUNREST INFRA ENERGY,sunrestinfraenergy@gmail.com,9638063381,0,0
GUJARAT,Kachchh,SUNRAYS ENERGY,keyursheth.14@gmail.com,9978724010,0,0
GUJARAT,Kachchh,SUNRAISE INDUSTRIES,info@sunraiseindustries.com,9722106810,0,0
GUJARAT,Kachchh,SUNPLUG TECHNOLOGIES LLP,hnchavda87@gmail.com,9427020496,0,0
GUJARAT,Kachchh,SUNLIGHT SOLAR ENTERPRISE,bhaveshparmar4793@gmail.com,8320866769,0,0
GUJARAT,Kachchh,SUNLIGHT INFRA ENERGY PRIVATE LIMITED,tender@sunlights.in,9998374580,0,0
GUJARAT,Kachchh,SUNLIGHT GREEN ENERGY,sunlightgreenmeh@gmail.com,8460043385,0,0
GUJARAT,Kachchh,SUNLIGHT ENERGY SOLUTIONS,sunlightenergysolutions01@gmail.com,9824668001,0,0
GUJARAT,Kachchh,SUNLAND SOLAR ENERGY,sunlandsolarenergy@gmail.com,8141810505,0,0
GUJARAT,Kachchh,SUNISTIC SOLAR ENERGY LLP,info@sunisticsolarenergy.com,9909507507,0,0
GUJARAT,Kachchh,SUNGOLD ENTERPRISE,sungoldenterprise123@gmail.com,9737147433,0,0
GUJARAT,Kachchh,SUNFRAA RENEWABLES LLP,partner@sunfraa.com,6354296570,0,0
GUJARAT,Kachchh,SUNCENTER SOLAR ENERGY,suncentersolarenergy@gmail.com,8905055513,0,0
GUJARAT,Kachchh,SUNCARE ENERTECH PVT LTD,suncaresolar3@gmail.com,7405450545,0,0
GUJARAT,Kachchh,SUNBYTE ENERGY SOLUTIONS LLP,info.sunbyteenergy@gmail.com,7698971717,0,0
GUJARAT,Kachchh,SUNBURST GREEN ENERGY LLP,office@sunburstgreen.com,9879514559,0,0
GUJARAT,Kachchh,SUNBLOOM ENERGY PRIVATE LIMITED,info@sunbloomenergy.com,9662874669,0,0
GUJARAT,Kachchh,SUNARC ELECTRICALS,sunarcelectricals@gmail.com,9687025729,0,0
GUJARAT,Kachchh,SUN VISION SOLAR,info@sunvisionsolar.in,9924112225,0,0
GUJARAT,Kachchh,SUN TECH ENERGY SOLUTION,suntech.rutvij@gmail.com,8320301975,0,0
GUJARAT,Kachchh,SUN SPARKLE ENERGY,sunsparkleenergy@gmail.com,9016093505,0,0
GUJARAT,Kachchh,SUN SAVER SOLAR,support@sunsaversolar.in,9909908879,0,0
GUJARAT,Kachchh,SUN LIGHT SOLAR,sunlightsolar0106@gmail.com,9726215972,0,0
GUJARAT,Kachchh,SUN ENERGY,sunenergybharat@gmail.com,9427352326,0,0
GUJARAT,Kachchh,SUMERU SOLUTION,sumerusolution22@gmail.com,8866426625,0,0
GUJARAT,Kachchh,SUKOON POWER TECHNOLOGY,sukoonpowertech@gmail.com,9712946594,0,0
GUJARAT,Kachchh,SUKARM,sukarmsolar@gmail.com,9925045163,0,0
GUJARAT,Kachchh,SUCCESS TECHNOCRAT,khatri292@gmail.com,9624001021,0,0
GUJARAT,Kachchh,STRONG SUN SOLAR ENERGY,strongsunsolarenergy@gmail.com,7622011292,0,0
GUJARAT,Kachchh,STEELHACKS INDUSTRIES,unisolsolar2000@yahoo.com,9825049997,0,0
GUJARAT,Kachchh,STARLUMEN ENERGY LLP,sales.starlumen@gmail.com,8758737125,0,0
GUJARAT,Kachchh,STAR ENERGY SYSTEMS,starenergyindia@gmail.com,9825014314,0,0
GUJARAT,Kachchh,STAR ELECTRICALS,starhalol389350@gmail.com,9909118137,0,0
GUJARAT,Kachchh,STANDARD ENGINEERS & CONTRACTORS,standardelectricals7177@gmail.com,8140080726,0,0
GUJARAT,Kachchh,SSB ICONIC LLP,s2belectricals@gmail.com,9016903767,0,0
GUJARAT,Kachchh,SRI BALAJI SUN ENERGY,info@sribalajienergy.com,7878375444,0,0
GUJARAT,Kachchh,SPIKE ENERGY,vspikeenergy@gmail.com,9662485355,0,0
GUJARAT,Kachchh,SPEED O ENERGY,INFO.SPEEDOENERGY@GMAIL.COM,7016826003,0,0
GUJARAT,Kachchh,SPARQ ENERTECH PVT LTD,info@sparqenertech.com,9558971268,0,0
GUJARAT,Kachchh,SPARCO MULTIPLAST PVT LTD,info@sparcoenergy.com,9409269062,0,0
GUJARAT,Kachchh,SP TECHNOLOGY,Sptechnology2023@gmail.com,9586267664,0,0
GUJARAT,Kachchh,SP POWERTECH,sppowertech44@gmail.com,9408129713,0,0
GUJARAT,Kachchh,SP EPC SOLUTIONS,psbuma@gmail.com,9537824788,0,0
GUJARAT,Kachchh,SP ENGINEERING,sp.engineering2k19@gmail.com,6353577489,0,0
GUJARAT,Kachchh,SOULSHINE RENEWABLE ENERGY,epc.soulshine@gmail.com,9913895893,0,0
GUJARAT,Kachchh,SOR ENTERPRISE,sorsolar@yahoo.com,9824428293,0,0
GUJARAT,Kachchh,SOORYABHUMI ENERGY,sooryabhumienergy2024@gmail.com,8155887304,0,0
GUJARAT,Kachchh,SONIK SOLAR POWER SOLUTION,Sonikpanchal27@gmail.com,8200291250,0,0
GUJARAT,Kachchh,SOMNATH ENERGY,somnath.solarenergy@gmail.com,7600250096,0,0
GUJARAT,Kachchh,SOM ENERGY SYSTEMS,info@somenergysystems.com,8401909576,0,0
GUJARAT,Kachchh,SOLYUG RENEWABLES,info@solyugrenewables.com,9099562009,0,0
GUJARAT,Kachchh,SOLWAVE SOLAR,solwave4solar@gmail.com,9409344465,0,0
GUJARAT,Kachchh,SOLVEIG SOLAR PRIVATE LIMITED,solveigsolar@gmail.com,9724362544,0,0
GUJARAT,Kachchh,SOLSKIN ENERGY LLP,solskinenergy@gmail.com,8128988878,0,0
GUJARAT,Kachchh,SOLNCE ENERGY PRIVATE LIMITED,NATIONALPORTALSOLNCE@GMAIL.COM,7990480061,0,0
GUJARAT,Kachchh,SOLMECH ENERGY,solmechenergy@gmail.com,9998930960,0,0
GUJARAT,Kachchh,SOLISTA ENERGY,solistaenergy8@gmail.com,9106194946,0,0
GUJARAT,Kachchh,SOLEXY SOLAR POWER PVT. LTD.,ssepl1962@gmail.com,9810725280,0,0
GUJARAT,Kachchh,SOLEX GREEN ENERGY PRIVATE LIMITED,pravin.d@solex.in,9376820081,0,0
GUJARAT,Kachchh,SOLEX ENERGY LIMITED,solexcd@gmail.com,6354605180,0,0
GUJARAT,Kachchh,SOLARWISE-NEXG PRIVATE LIMITED,solarwise69@gmail.com,9910803171,0,0
GUJARAT,Kachchh,SOLARWAVE ENERGY,solarwaveenergy2@gmail.com,7490083005,0,0
GUJARAT,Kachchh,SOLARTRONICS ENERGY,info.solartronics@gmail.com,9426424973,0,0
GUJARAT,Kachchh,SOLART,solart.sunfuel@gmail.com,8866506193,0,0
GUJARAT,Kachchh,SOLARSYS GREENTECH PRIVATE LIMITED,deepak@solarsysgreentech.in,8488976829,0,0
GUJARAT,Kachchh,SOLARMAX ENERGY PRIVATE LIMITED,info@solarmaxenergy.in,9409222221,0,0
GUJARAT,Kachchh,SOLARLOGIX PRIVATE LIMITED,contact@solarlogix.in,7979053489,0,0
GUJARAT,Kachchh,SOLARIZE RENEWABLES PVT. LTD.,info@solarizerenewables.com,9081999400,0,0
GUJARAT,Kachchh,SOLARISE TECHNOLOGIES,solarisetechnologies1@gmail.com,6351562596,0,0
GUJARAT,Kachchh,SOLARIS TECHNO,solaristechno@gmail.com,8767917570,0,0
GUJARAT,Kachchh,SOLARIS 360,info@solaris360.com,9998117531,0,0
GUJARAT,Kachchh,SOLARINA RENEWABLE PRIVATE LIMITED,solarinarenewable@gmail.com,9824351021,0,0
GUJARAT,Kachchh,SOLARBERG SOLUTIONS,sureshbavishiya@gmail.com,9879200821,0,0
GUJARAT,Kachchh,SOLARATIVE ENERGY SOLUTION,pavan.solarative@gmail.com,9327151411,0,0
GUJARAT,Kachchh,SOLARAM POWER INFRASTRUCTURE PRIVATE LIMITED,solarampower@gmail.com,9898041008,0,0
GUJARAT,Kachchh,SOLAR4U ENTERPRISE,solar4uenterprise1@gmail.com,9510708411,0,0
GUJARAT,Kachchh,SOLAR TECHNOLOGY,info@solartechnology.in,9998063204,0,0
GUJARAT,Kachchh,SOLAR SUNPOWER,solarsunpower2020@gmail.com,8238835771,0,0
GUJARAT,Kachchh,SOLAR ONLINE SKP,onlinesk044@gmail.com,8238539443,0,0
GUJARAT,Kachchh,SOLAR GREEN DEVELOPERS,solargreendevelopers@gmail.com,9924507751,0,0
GUJARAT,Kachchh,SOLAR ENERGY,solarpioneer19@gmail.com,9033868265,0,0
GUJARAT,Kachchh,SOLAR EDITION,solaredition18@gmail.com,7990909838,0,0
GUJARAT,Kachchh,SOLAR EARTH,solarearth7@gmail.com,7990378370,0,0
GUJARAT,Kachchh,SOLAR CLEAN ENERGY LIMITED,socleanenergy@gmail.com,9712666866,0,0
GUJARAT,Kachchh,SOL MAX SOLUTION,mpboricha111@gmail.com,9429343757,0,0
GUJARAT,Kachchh,SOL ENERGY,solenergyn@gmail.com,7621852735,0,0
GUJARAT,Kachchh,SOHAM SOLAR SOLUTION,sohamsolarsolution@yahoo.com,9601751327,0,0
GUJARAT,Kachchh,SOHAM ENTERPRISE,sachinpatel3132@gmail.com,9924142513,0,0
GUJARAT,Kachchh,SODHA ELECTRIC SERVICE,sohail.sodha@gmail.com,8000093095,0,0
GUJARAT,Kachchh,SNS ENERGY PVT. LTD.,sujitsharma@snsenergy.co.in,7043136049,0,0
GUJARAT,Kachchh,SNAP SOLAR,snapsolar7@gmail.com,7572851098,0,0
GUJARAT,Kachchh,SN GROUP OF COMPANY,sngroupofcompany2022@gmail.com,9725324439,0,0
GUJARAT,Kachchh,SMIT SOLAR SOLUTIONS,smitsolarsolutions@gmail.com,9924793020,0,0
GUJARAT,Kachchh,SMIT ENGINEERING SOLUTION,smitengineering10@gmail.com,9033381684,0,0
GUJARAT,Kachchh,SMART SOLAR ENERGY,smartsolarenergy8542@gmail.com,7435907512,0,0
GUJARAT,Kachchh,SMART ROOF SOLAR SOLUTION PVT. LTD.,enquiry@gosmartroof.com,9971481718,0,0
GUJARAT,Kachchh,SMART ENERGY SOLUTIONS,smartenergysolutions99@gmail.com,8511495982,0,0
GUJARAT,Kachchh,SKYWIN SOLAR,skywinsolar@gmail.com,7984435493,0,0
GUJARAT,Kachchh,SKYVOLT POWER TECHNOLOGIES LLP,skyvoltpower25@gmail.com,9909798222,0,0
GUJARAT,Kachchh,SKYVIEW POWER,skyviewpower17@gmail.com,8140055305,0,0
GUJARAT,Kachchh,SKYLINE SOLAR SYSTEM,skylinesolarsystem@gmail.com,9106430159,0,0
GUJARAT,Kachchh,SKYLIGHT SOLAR,skylightsolar03@gmail.com,9510905126,0,0
GUJARAT,Kachchh,SKYLARK ENERGY SOLUTIONS,satyajeetjhala7227@icloud.com,9726200054,0,0
GUJARAT,Kachchh,SKYLAR INDIA,darshansolarkheda@gmail.com,8530252952,0,0
GUJARAT,Kachchh,SKY WINGS SOLAR ENERGY,skywingssolar@gmail.com,9974839830,0,0
GUJARAT,Kachchh,SKY TECH ENERGY,info.skytechenergy@gmail.com,6355092898,0,0
GUJARAT,Kachchh,SKY SUN ENTERPRISE,skysunenterprise@gmail.com,9408931070,0,0
GUJARAT,Kachchh,SKY RISE SOLAR,skyrisesolar@gmail.com,9328009285,0,0
GUJARAT,Kachchh,SKY RENEWABLE,piush123.pp@gmail.com,9638166779,0,0
GUJARAT,Kachchh,SKY POWER ENERGY,skypowerenergy03@gmail.com,8849719837,0,0
GUJARAT,Kachchh,SKY POWER,skypowersvp@gmail.com,9723070267,0,0
GUJARAT,Kachchh,SKY LARK SOLAR PRIVATE LIMITED,skylarksolar7@gmail.com,7016360083,0,0
GUJARAT,Kachchh,SKY ENTERPRISE,skyenterprise.re@gmail.com,9428164222,0,0
GUJARAT,Kachchh,SIYAVAR ENERGY,SIYAVARENERGY@GMAIL.COM,9773131455,0,0
GUJARAT,Kachchh,SITARAM CORPORATION,sitaramcorporation2025@gmail.com,8141427041,0,0
GUJARAT,Kachchh,SIMMS ENGINEERING PVT LTD,simms_eng@yahoo.co.in,9825142376,0,0
GUJARAT,Kachchh,SILVER CYPHER TECHNOLOGIES,silvercyphersolar@gmail.com,8460699699,0,0
GUJARAT,Kachchh,SILVER CONSUMER ELECTRICALS LIMITED (FORMERLY KNOWN AS SILVER CONSUMER ELECTRICALS PRIVATE LIMITED),kevin.patel@silverpumps.com,7486059400,0,0
GUJARAT,Kachchh,SIGNAL AUTOMATION,solarservices1188@gmail.com,9978215636,0,0
GUJARAT,Kachchh,SIGMA SUN ENERGY,info.sigmasunenergy@gmail.com,9726764498,0,0
GUJARAT,Kachchh,SIGMA ENGINEERING,sigma_engg@yahoo.co.in,9825205934,0,0
GUJARAT,Kachchh,SIDDHIVINAYAK ENGINEERING COMPANY,shreeganeshaquva@gmail.com,9904954348,0,0
GUJARAT,Kachchh,SIDDHI ELECTRICAL ENGINEER AND CONTRACTOR,siddhielectrical77@gmail.com,9662061492,0,0
GUJARAT,Kachchh,SHYAM SOLAR ENERGY,vschohla@GMAIL.COM,8140796593,0,0
GUJARAT,Kachchh,SHYAM ENTERPRISE,shyamsolarenergy10@gmail.com,8000145645,0,0
GUJARAT,Kachchh,SHRIJI ENERGY,shrijienergy@gmail.com,9909930405,0,0
GUJARAT,Kachchh,SHRI MARUTI ENTERPRISE,tdoshi76@gmail.com,9428358150,0,0
GUJARAT,Kachchh,SHRI KHODIYAR ENTERPRISE,shrikhodiyar1978@gmail.com,9727358029,0,0
GUJARAT,Kachchh,SHRI KHATRI BATTERY SERVICE,khatribattery@gmail.com,9426029459,0,0
GUJARAT,Kachchh,SHREYISHA ENGINEERING,shreyishaengineering@gmail.com,8460445802,0,0
GUJARAT,Kachchh,SHREEMAD ENGINEERS,shreemadbg@gmail.com,9913721961,0,0
GUJARAT,Kachchh,SHREEJI SOLAR SYSTEM,shreejisolars@gmail.com,9265296741,0,0
GUJARAT,Kachchh,SHREEJI SOLAR SOLUTION,npparikh@hotmail.com,9879537250,0,0
GUJARAT,Kachchh,SHREEJI SOLAR ENERGY SYSTEMS,snpatel2605@gmail.com,9712914272,0,0
GUJARAT,Kachchh,SHREEJI SOLAR & SERVICES,NILVADERA141@GMAIL.COM,9106331904,0,0
GUJARAT,Kachchh,SHREEJI SALES - KARAMSAD,shreejisales125@gmail.com,9586548051,0,0
GUJARAT,Kachchh,SHREEJI POWER SOLUTIONS,shreejiss@yahoo.com,9824338633,0,0
GUJARAT,Kachchh,SHREEJI MARKETING - TALOD,rajuksales@gmail.com,9974612008,0,0
GUJARAT,Kachchh,SHREEJI GRIN SOLAR,shrijigreensolar@gmail.com,7203005770,0,0
GUJARAT,Kachchh,SHREEJI ENTERPRISES - WADI,Sandipgandhi113@gmail.com,9825077605,0,0
GUJARAT,Kachchh,SHREEJI ENTERPRISES - BHAYLI,shreejie1@gmail.com,9099710184,0,0
GUJARAT,Kachchh,SHREEJI ENTERPRISE-SURAT,epc.solar@shreejiconstruction.com,9825108890,0,0
GUJARAT,Kachchh,SHREEJI ENTERPRISE - MANJALPUR,shreejienergy844@gmail.com,7041803421,0,0
GUJARAT,Kachchh,SHREEJI ENERGY SOLUTION,shreejienergysolution@gmail.com,8460595980,0,0
GUJARAT,Kachchh,SHREEJI ELECTRICALS,shreejiele@gmail.com,9825089343,0,0
GUJARAT,Kachchh,SHREEJI ELECTRICAL - ISANPUR,shreejielec312@yahoo.com,9408197081,0,0
GUJARAT,Kachchh,SHREE VISHNU SALES AGENCY,shreevishnusalesagency@gmail.com,9825324608,0,0
GUJARAT,Kachchh,SHREE SURYA SOLAR SOLUTION,shreesurya2016@gmail.com,8000720006,0,0
GUJARAT,Kachchh,SHREE SOLAR VENTURE PVT LTD,shreesolarventure@gmail.com,9571211118,0,0
GUJARAT,Kachchh,SHREE SOLAR,dinkarparekh1983@gmail.com,9104030777,0,0
GUJARAT,Kachchh,SHREE SAI SOLAR,Hiteshrane37@gmail.com,9879268362,0,0
GUJARAT,Kachchh,SHREE SAI ENTERPRISE,shreesaienterprise75@gmail.com,8128171111,0,0
GUJARAT,Kachchh,SHREE RAM SOLAR RAJKOT,vikeshchovatiya@gmail.com,9898921527,0,0
GUJARAT,Kachchh,SHREE RAM SOLAR,shreeramsolar12@gmail.com,9726671212,0,0
GUJARAT,Kachchh,SHREE RADHE ELECTRICALS,shreeradhesolar24@gmail.com,9974842981,0,0
GUJARAT,Kachchh,SHREE OFFICE SOLUTIONS PRIVATE LIMITED,rajranipa.sospl@gmail.com,9898084466,0,0
GUJARAT,Kachchh,SHREE MARUTI ELECTRIFICATION ENGINEERS,shreemarutieleCtrificationengi@gmail.com,7016480100,0,0
GUJARAT,Kachchh,SHREE LALGHAR CORPORATION,shreelalgharcorporation@gmail.com,8200149120,0,0
GUJARAT,Kachchh,SHREE KRISHNA SALES AND SERVICES,info@skss.co.in,9998990694,0,0
GUJARAT,Kachchh,SHREE KHODIYAR SOLAR PRIVATE LIMITED,sk.solar@yahoo.com,9825820612,0,0
GUJARAT,Kachchh,SHREE KHODIYAR SOLAR & ENTERPRISE,s60358186@gmail.com,9313405580,0,0
GUJARAT,Kachchh,SHREE HARI SOLAR,patelravit1@gmail.com,9819049759,0,0
GUJARAT,Kachchh,SHREE HARGANGESHWAR WATER CARE,shreehargangeshwarenergy@gmail.com,8128362108,0,0
GUJARAT,Kachchh,SHREE GOR SOLAR,shreegorsolar@gmail.com,6361983041,0,0
GUJARAT,Kachchh,SHREE GOKUL ENTERPRISE,shreegokulenterprise123@gmail.com,8160000871,0,0
GUJARAT,Kachchh,SHREE GAUTAM RENEWABLES AND CLEAN ENERGIES,shreegautam.energy@gmail.com,9408188809,0,0
GUJARAT,Kachchh,SHREE GANGESHWAR ENGINEERING PRIVATE LIMITED,shreegangeshwarengineering@gmail.com,9157974445,0,0
GUJARAT,Kachchh,SHREE GAJANAND SOLAR,gajanandsolar@gmail.com,8347972590,0,0
GUJARAT,Kachchh,SHREE GAJANAND ENERGIES,magicwithparth@gmail.com,6351126699,0,0
GUJARAT,Kachchh,SHREE ENERGY SOLUTIONS,shreeenergysolution8@gmail.com,9904335293,0,0
GUJARAT,Kachchh,SHREE CHAMUNDESHVARI TRADING,hareshdodiya75@gmail.com,9327523737,0,0
GUJARAT,Kachchh,SHREE CHAMUNDA SOLAR SOLUTIONS,shreechamundasolarsolutions29@gmail.com,9409694196,0,0
GUJARAT,Kachchh,SHREE BRAHMANI ELECTRICALS,shreebrahmanisolar@gmail.com,9909995675,0,0
GUJARAT,Kachchh,SHREE AMBIKA AGENCIES,niravambika@rediffmail.com,9426158047,0,0
GUJARAT,Kachchh,SHOOLIN WATT PRIVATE LIMITED,shoolinwattpvtltd@gmail.com,9909967894,0,0
GUJARAT,Kachchh,SHIVRON INDUSTRY,shivronind.contr@gmail.com,9925248752,0,0
GUJARAT,Kachchh,SHIVIK ENTERPRISE,shivikenterprise@gmail.com,9512839262,0,0
GUJARAT,Kachchh,SHIVDHARA SALES,shivdharasales8060@gmail.com,7433004040,0,0
GUJARAT,Kachchh,SHIVAY SOLAR ENERGY PRIVATE LIMITED,sanjay1482@gmail.com,7490013700,0,0
GUJARAT,Kachchh,SHIVAS SOLAR,shivassolar4418@gmail.com,9537611795,0,0
GUJARAT,Kachchh,SHIVAM SOLAR AND SERVICES,Parmardivyraj.77@gmail.com,8320732424,0,0
GUJARAT,Kachchh,SHIVAM PHOTOVOLTICS PVT LTD,tenders@spvpl.com,9426023829,0,0
GUJARAT,Kachchh,SHIVAM ENTERPRISE,ERJAYPATHAK1@GMAIL.COM,9376099001,0,0
GUJARAT,Kachchh,SHIVAM ENERGY TECH,shivamenergytech2023@gmail.com,9687001450,0,0
GUJARAT,Kachchh,SHIVAM ELECTRICAL,kaushaldave2@gmail.com,9687575600,0,0
GUJARAT,Kachchh,SHIVA SOLAR ENERGY,admin@shivasolarenergy.com,9624220197,0,0
GUJARAT,Kachchh,SHIV TRADERS,shivtraders7233@gmail.com,9998820863,0,0
GUJARAT,Kachchh,SHIV SOLARTECH,info.shivsolartech@gmail.com,9825245956,0,0
GUJARAT,Kachchh,SHIV SHAKTI ELECTROTECH PRIVATE LIMITED,purchase.sselectrotech@gmail.com,9099516178,0,0
GUJARAT,Kachchh,SHIV SALES AGENCY,ghadiyabhaisolar08@gmail.com,9428798679,0,0
GUJARAT,Kachchh,SHIV ENTERPRISE,shiventerprisesolor@gmail.com,7600438578,0,0
GUJARAT,Kachchh,SHINE SOLAR,shinesolar.marketing@gmail.com,7622023355,0,0
GUJARAT,Kachchh,SHAYONAAM ENTERPRISE,shayonaam12@gmail.com,9638766943,0,0
GUJARAT,Kachchh,SHAURYAM ENTERPRISE,shauryamsolarenterprise@gmail.com,9173645491,0,0
GUJARAT,Kachchh,SHATRAS AGRI,shatrasagri@gmail.com,9714616040,0,0
GUJARAT,Kachchh,SHARVA SOLAR,sharvasolar@gmail.com,9909449650,0,0
GUJARAT,Kachchh,SHANTI CORPORATION,info.shanticorporation@gmail.com,8980524444,0,0
GUJARAT,Kachchh,SHAKTI SOLAR SERVICE,ktptl52@gmail.com,9737854634,0,0
GUJARAT,Kachchh,SHAKTI GREEN ENERGY,shaktigreenenergy96@gmail.com,7405252123,0,0
GUJARAT,Kachchh,SHAKTI ENTERPRISE,shaktienterprise082025@gmal.com,8511288555,0,0
GUJARAT,Kachchh,SHAKTI ENTERPRISE,shaktienterprise0507@gmail.com,8866124840,0,0
GUJARAT,Kachchh,SHAILEE PROJECTS PRIVATE LIMITED,shaileeprojects99@gmail.com,7600755058,0,0
GUJARAT,Kachchh,SGK SOLAR,sgksolarrjt@gmail.com,9313885348,0,0
GUJARAT,Kachchh,SEVENTH SKY RENEWABLE LLP,seventhskyrenewable@gmail.com,7874524574,0,0
GUJARAT,Kachchh,SEVEN SOLAR ENERGY,divyang@sevensolarenergy.com,9825554277,0,0
GUJARAT,Kachchh,SERVOTECH POWER SYSTEMS LIMITED,pmsuryaghar@servotechindia.com,9266918120,0,0
GUJARAT,Kachchh,SAVIOR SOLAR ENERGY,saviorsolarenergy@outlook.com,8980517729,0,0
GUJARAT,Kachchh,SAVEGRID ENERGY,savegridenergy@gmail.com,6355785758,0,0
GUJARAT,Kachchh,SAVARIYA CORPORATION,savariyacorporation@gmail.com,9274166507,0,0
GUJARAT,Kachchh,SAURASHTRA SOLAR SERVICES LLP,SaurashtraSolar.Gujrat@gmail.com,9925448033,0,0
GUJARAT,Kachchh,SAUR SOLAR SOLUTION LLP,piyushpatel1974@gmail.com,9909417258,0,0
GUJARAT,Kachchh,SATYAY SOLAR,satyaysolar@gmail.com,9157716540,0,0
GUJARAT,Kachchh,SATYAM SOLAR,satyamsolar823@gmail.com,9227941770,0,0
GUJARAT,Kachchh,SATYAM ELECTRICALS,satyamelectrical@yahoo.com,9824256257,0,0
GUJARAT,Kachchh,SATYAKRISHNA LIGHTING,SATYAKRISHNALIGHTING@GMAIL.COM,9428369990,0,0
GUJARAT,Kachchh,SATTVA ENERGIES,sattvaenergies@gmail.com,8401156604,0,0
GUJARAT,Kachchh,SAT GREENTECH PRIVATE LIMITED,satgreentech25@gmail.com,8758957741,0,0
GUJARAT,Kachchh,SASA ENERGY LLP,sasaenergyllp@gmail.com,9099207722,0,0
GUJARAT,Kachchh,SARVAYOGAM SOLAR PRIVATE LIMITED,sarvayogamsolar@gmail.com,6356633355,0,0
GUJARAT,Kachchh,SARJAN CONSTRUCTION PVT LTD,info.solardiv@sarjanconstruction.com,8000052226,0,0
GUJARAT,Kachchh,SARDAR SOLAR ENERGY PRIVATE LIMITED,sardarsolarenergypvtltd015@gmail.com,9664915598,0,0
GUJARAT,Kachchh,SANTKRUPA ELECTRICALS,santkrupaelectricals19@gmail.com,8849254993,0,0
GUJARAT,Kachchh,SANJEE ENTERPRISE,sanjee.enterprise@gmail.com,9157353735,0,0
GUJARAT,Kachchh,SANJAY SOLAR,sbheaters@gmail.com,7016893192,0,0
GUJARAT,Kachchh,SANGANI ENTERPRISE,sanganienterprise1610@gmail.com,8347958992,0,0
GUJARAT,Kachchh,SANGAM ELECTRONICS CO,info.sangamsolar@gmail.com,9825929552,0,0
GUJARAT,Kachchh,SAMRUDDH SOLAR,samruddhsolar1@gmail.com,7859827859,0,0
GUJARAT,Kachchh,SAMRUDDDHI ENTERPRISE,samruddhienterprise22@gmail.com,9033676399,0,0
GUJARAT,Kachchh,SAMPTEL ENERGY PRIVATE LIMITED,project@samptelenergy.com,9727755187,0,0
GUJARAT,Kachchh,SAMAR SOLAR,samarsolar183@gmail.com,7046164346,0,0
GUJARAT,Kachchh,SAMAR ENERGY SOLUTIONS,samarenergysolutions@gmail.com,9662727432,0,0
GUJARAT,Kachchh,SAICAB TECH PVT LTD,info@saicabtech.com,8511130328,0,0
GUJARAT,Kachchh,SAHJANAND ENTERPRISE,sahjanandeprise@gmail.com,9737671777,0,0
GUJARAT,Kachchh,SAHAYOG ENERGY,sahayogenergy@gmail.com,9429124424,0,0
GUJARAT,Kachchh,SAHAJ SOLAR PRIVATE LIMITED,bparmar@sahajsolar.com,7573006832,0,0
GUJARAT,Kachchh,SAFVI ELECTRICALS SOLUTIONS,safvielectricalssolutions2013@gmail.com,9374754648,0,0
GUJARAT,Kachchh,SAFFRON RENEWTECH,saffronrenewtech24@gmail.com,7600507557,0,0
GUJARAT,Kachchh,SADGURU SOLAR SYSTEMS,sadgurusolarsystems@gmail.com,9687621666,0,0
GUJARAT,Kachchh,SADGURU ELECTRICALS,sadguruelectricals23@gmail.com,9714715649,0,0
GUJARAT,Kachchh,SAAN ELECTRICAL,saanelectrical@gmail.com,9033735490,0,0
GUJARAT,Kachchh,S P MULTI ENGINEERING SERVICES,spmultiengineeringservices@gmail.com,9104556095,0,0
GUJARAT,Kachchh,S MEERA ELECTRICALS,s.meeraelectricals@gmail.com,9328249939,0,0
GUJARAT,Kachchh,S DIPAK AND CO,sdipaksolar@gmail.com,9898664858,0,0
GUJARAT,Kachchh,RVV SOLAR PRIVATE LIMITED,rvvsolarpvtltd@gmail.com,8160825026,0,0
GUJARAT,Kachchh,RVMOVALIYA CONSTRUCTION CO,rvmovaliya.solarenergy@gmail.com,9724543742,0,0
GUJARAT,Kachchh,RV INFOTECH,rvinfotech2020@gmail.com,8141560037,0,0
GUJARAT,Kachchh,RUPABHAI MAGANBHAI PATEL,RMP.GEMPORTAL@GMAIL.COM,9426004861,0,0
GUJARAT,Kachchh,RUDRASOL ENERGY PRIVATE LIMITED,rudrasolenergy@gmail.com,9408397604,0,0
GUJARAT,Kachchh,RUDRAKSH SOLAR POWER,rudrakshsolarpower@gmail.com,9016203365,0,0
GUJARAT,Kachchh,RUDRAKSH ELECTRICALS,rudrakshelectricals4@gmail.com,6353460657,0,0
GUJARAT,Kachchh,RUDRA SOLAR AND ELECTRICAL,rudrasolar2019@gmail.com,9510514672,0,0
GUJARAT,Kachchh,RUDRA ENTERPRISE,rudraenterprise1110@gmail.com,8758462848,0,0
GUJARAT,Kachchh,RSV POWER ENGINEERING,rsv.power.engineering@gmail.com,9033590507,0,0
GUJARAT,Kachchh,ROYAL ENTERPRISE,royalenterprise.vadodara@gmail.com,6352205345,0,0
GUJARAT,Kachchh,ROLEX GREEN ENERGY,ghediyamilan@gmail.com,9429476592,0,0
GUJARAT,Kachchh,RK RENEWABLE ENERGY & ENGINEERING WORKS,rkrenewable.engineering2020@gmail.com,9824961523,0,0
GUJARAT,Kachchh,RITUDHAN SOLAR POWER,ritudhansolarpower@gmail.com,9879111390,0,0
GUJARAT,Kachchh,RISING GREEN ENERGY,rgesolar@gmail.com,9033119375,0,0
GUJARAT,Kachchh,RISING ENERGY SOLUTIONS,risingenergy@yahoo.com,7990391839,0,0
GUJARAT,Kachchh,RISHAV POWERTECH LLP,rishavpowertech@gmail.com,9898203470,0,0
GUJARAT,Kachchh,RIMPLE CORPORATION LLP,rimpleco@gmail.com,6351076702,0,0
GUJARAT,Kachchh,RIGHT POWER INFRA PVT LTD,darshana@right-infra.com,9898661067,0,0
GUJARAT,Kachchh,RIDHAM ENTERPRISE,ridhamenterprise770@gmail.com,6351158633,0,0
GUJARAT,Kachchh,RIDDLE ENERGY PVT. LTD.,riddleenergy2101@gmail.com,9879556196,0,0
GUJARAT,Kachchh,RIA SOLAR,riasolar2021@gmail.com,8320210323,0,0
GUJARAT,Kachchh,RIA POWER,riapower24@gmail.com,8758463929,0,0
GUJARAT,Kachchh,RG SOLAR SOLUTIONS,info@rgsolarsolutions.com,7718719713,0,0
GUJARAT,Kachchh,REVA RENEWABLES,revarenewables@gmail.com,6358844490,0,0
GUJARAT,Kachchh,RESONAGE GREEN ENERGY PRIVATE LIMITED,rgepl2024gujarat@gmail.com,9879402000,0,0
GUJARAT,Kachchh,RENEWZA ENERGY,renewzaenergy@gmail.com,8511148225,0,0
GUJARAT,Kachchh,RENEWIX INNOVATIONS PVT LTD,hello@renewix.in,9998980947,0,0
GUJARAT,Kachchh,RENEWABLE SUN SOLAR,renewablesunsolar@gmail.com,7600201198,0,0
GUJARAT,Kachchh,RENEW ENERGIES,information.renew@gmail.com,7405507073,0,0
GUJARAT,Kachchh,RENEVIK SOLAR SOLUTIONS PRIVATE LIMITED,sejal.c@vikasaryagroup.com,9327572645,0,0
GUJARAT,Kachchh,RENEURJA ENERGY,reneurjaenergy@gmail.com,8460611110,0,0
GUJARAT,Kachchh,RENESYS POWER SYSTEMS PRIVATE LIMITED,project@renesys.in,7069751110,0,0
GUJARAT,Kachchh,RENAISSANCE CORPORATE SOLUTIONS PVT. LTD.,rcplsolar@gmail.com,9572032363,0,0
GUJARAT,Kachchh,RELIGHT ENERGY LLP,relightenergy.info@gmail.com,8000194738,0,0
GUJARAT,Kachchh,RELIABLE ELECTRIX,reliableelectrix@gmail.com,9925448033,0,0
GUJARAT,Kachchh,REKSON ELECTROTECH,REKSONELECTROTECH37@GMAIL.COM,9904994494,0,0
GUJARAT,Kachchh,REGAL ELECTRICALS,balochvikarali60@gmail.com,8141028100,0,0
GUJARAT,Kachchh,REFLECTION SOLAR & ENERGY PRIVATE LIMITED,piyushraval.1984@gmail.com,9725019493,0,0
GUJARAT,Kachchh,REFLECT SOLAR,reflect.solar.energy@gmail.com,9998419211,0,0
GUJARAT,Kachchh,REEWA SOLAR ENERGY,reewasolarenergy@gmail.com,9879353053,0,0
GUJARAT,Kachchh,REDSUN SOLAR INDUSTRIES,info@redsunin.com,9825632875,0,0
GUJARAT,Kachchh,RECARE ELECTRICAL LLP,projects.recare@gmail.com,7600184425,0,0
GUJARAT,Kachchh,REAL MULTIPLE SOLUTIONS,rmssolar.bhavnagar@rediffmail.com,9099722722,0,0
GUJARAT,Kachchh,RE360,gogreen@re360.in,8258976667,0,0
GUJARAT,Kachchh,RD ENERGY SOLUTIONS,rdenergysolutions@outlook.com,8866226473,0,0
GUJARAT,Kachchh,RAYSOLAR ENERGY SOLUTIONS PRIVATE LIMITED,raysolarenergysolutions@gmail.com,7874390654,0,0
GUJARAT,Kachchh,RAYS RENEWABLE ENERGY,raysrenewableenergy@gmail.com,7069175139,0,0
GUJARAT,Kachchh,RAYOLT ENERGY LLP,info@rayolt.com,9998745706,0,0
GUJARAT,Kachchh,RAYCAL POWER INFRA PVT LTD,darshan@raycal.in,6358196472,0,0
GUJARAT,Kachchh,RAYBOTIX TECHNOLOGIES PVT LTD,info@raybotix.com,9978100900,0,0
GUJARAT,Kachchh,RAY ENERGY,info.rayenergy@gmail.com,8401481453,0,0
GUJARAT,Kachchh,RAVIJA ENTERPRISES,ravijaenterprises09@gmail.com,6356956938,0,0
GUJARAT,Kachchh,RARA-AVIS RENEWABLE ENERGY PRIVATE LIMITED,info@raraavisenergy.com,7043374434,0,0
GUJARAT,Kachchh,RANJAN INDUSTRIES,ranjan28496@gmail.com,9924818113,0,0
GUJARAT,Kachchh,RAMSUN ENERGY,ramsunenergy09@gmail.com,7984300271,0,0
GUJARAT,Kachchh,RAMDEV SOLAR SYSTEM,ramdevsolarsytem@gmail.com,8758911969,0,0
GUJARAT,Kachchh,RAMAA SOLAR,ramaasolar@gmail.com,8866697632,0,0
GUJARAT,Kachchh,RAJAVI ELECTRICAL SERVICES,rajvielectricalservices@gmail.com,9723613718,0,0
GUJARAT,Kachchh,RAJANJI ENTERPRISE,RAJANJI72.LV@GMAIL.COM,8849116749,0,0
GUJARAT,Kachchh,RAJANI MOTORS,rajanimotors21@gmail.com,7227807262,0,0
GUJARAT,Kachchh,RAJ ELECTRICALS,solar.rajelectricals@gmail.com,9998656539,0,0
GUJARAT,Kachchh,RAJ CORPORATION,raj.corporation07@gmail.com,7990452182,0,0
GUJARAT,Kachchh,RADIANT SOLAR SYSTEMS,bhargavec40@gmail.com,9408503198,0,0
GUJARAT,Kachchh,RADIANT INDIA,RADIANTINDIA007@GMAIL.COM,9163559963,0,0
GUJARAT,Kachchh,RADIANT GREEN SOLUTIONS,davda.manthan@yahoo.in,9978911803,0,0
GUJARAT,Kachchh,RADHASWAMI CORPOPRATION,radhaswamicorporation1@gmail.com,9687607072,0,0
GUJARAT,Kachchh,RABBIT ELECTRICAL AND SOLAR PVT. LTD.,respvtltd24@gmai.com,9727646420,0,0
GUJARAT,Kachchh,RAASON ENERTECH LLP,info@raasonenertech.com,9624768483,0,0
GUJARAT,Kachchh,R. K. CONSTRUCTION,rkconstruction101@gmail.com,9106065865,0,0
GUJARAT,Kachchh,R V SOLAR,rvsolarvijapur@gmail.com,9726801070,0,0
GUJARAT,Kachchh,R N SALES CORPORATION,r.tech.2000@gmail.com,9574472134,0,0
GUJARAT,Kachchh,R K ENTERPRICE,jayswal.ravi@ymail.com,9722252875,0,0
GUJARAT,Kachchh,R K BHABHOR,rkbhabhor78@gmail.com,9909161378,0,0
GUJARAT,Kachchh,R C ELECTRICALS,info@rcelectricals.in,9824757160,0,0
GUJARAT,Kachchh,PYRAMID PROJECTS,pyramidsolarindia@gmail.com,9726430137,0,0
GUJARAT,Kachchh,PV RENEWABLES,keyurdudhat871@gmail.com,9714872871,0,0
GUJARAT,Kachchh,PV RAYS ENERGY,pvraysenergy@gmail.com,9898097222,0,0
GUJARAT,Kachchh,PURMA ENERGY PVT LTD,purmaenergy@gmail.com,7069628193,0,0
GUJARAT,Kachchh,PRUTHVI SOLAR ENERGY,pruthvisolar@yahoo.com,9537659989,0,0
GUJARAT,Kachchh,PROTON POWER SERVICE,sprotonpower@gmail.com,9033765370,0,0
GUJARAT,Kachchh,PROSTARM INFO SYSTEMS LIMITED,mktg.ahm@prostarm.com,9316466272,0,0
GUJARAT,Kachchh,PROSPER ENTERPRISE,prosperenterprise07@gmail.com,9824420913,0,0
GUJARAT,Kachchh,PROMECH SOLAR ENERGY,promechsolarenergy@gmail.com,9662026679,0,0
GUJARAT,Kachchh,PRODES CONSULTING ENGINEERS PRIVATE LIMITED,rajiv.ranjan.prakash786@gmail.com,8690444556,0,0
GUJARAT,Kachchh,PRIYANKA ENTERPRISE,enterpriseriya8002@gmail.com,9913032779,0,0
GUJARAT,Kachchh,PRISM ECOENERGIA PRIVATE LIMITED,info@prismecoenergia.com,9704710101,0,0
GUJARAT,Kachchh,PRISHA CORPORATION,prishacorporation183@gmail.com,9825505023,0,0
GUJARAT,Kachchh,PRINIX POWER OPC PRIVATE LIMITED,prinixpower@gmail.com,7600755058,0,0
GUJARAT,Kachchh,PRINCE ELECTRICAL,princeelectrical20@gmail.com,8866507173,0,0
GUJARAT,Kachchh,PRIME ENERGY,primeenergy321@gmail.com,9512022199,0,0
GUJARAT,Kachchh,PRIDE SOLAR ENERGY LLP,Pridesolarenergyllp@outlook.com,9664975264,0,0
GUJARAT,Kachchh,PRAYOSHAM SOLAR ENERGY,jayrajp880@gmail.com,9574242883,0,0
GUJARAT,Kachchh,PRAYOSHA CORPORATION,prayoshacorporation.india@gmail.com,9825390162,0,0
GUJARAT,Kachchh,PRATYUSH RENEWABLE ENERGY PRIVATE LIMITED,pratyushrenewables@gmail.com,8780737839,0,0
GUJARAT,Kachchh,PRATIKSHA ENTERPRISE,pratikshaenterprise1006@gmail.com,8238516417,0,0
GUJARAT,Kachchh,PRASHANT ENTERPRISE,prashantenterprise.solar@gmail.com,9409337000,0,0
GUJARAT,Kachchh,PRANIL CORPORATION,riddhistart@yahoo.co.in,9825411575,0,0
GUJARAT,Kachchh,PRANIK POWER INFRA PRIVATE LIMITED,solar.pranik@gmail.com,9925237347,0,0
GUJARAT,Kachchh,PRAHAR SOLAR SOLUTIONS,info.praharsolar@gmail.com,9016360702,0,0
GUJARAT,Kachchh,PRAGATI URZA PRIVATE LIMITED,pragatiurza@gmail.com,8347009697,0,0
GUJARAT,Kachchh,PRAGATI ENTERPRISE,pragatienterprise1985@gmail.com,9825254567,0,0
GUJARAT,Kachchh,PRACHI GREEN GREEN ENERGY PVT LTD,prachigreenenergy@gmail.com,9737830854,0,0
GUJARAT,Kachchh,POWERTRONICS TECHNOLOGY,powertronics1990@gmail.com,9974772070,0,0
GUJARAT,Kachchh,POWERTRAC INDUSTRIES LIMITED,info@powertracsolar.com,7573014610,0,0
GUJARAT,Kachchh,POWERTECH ENGINEERS SURAT,sanatbarot@gmail.com,9377625242,0,0
GUJARAT,Kachchh,POWERSOL,office@re.digital,9016681762,0,0
GUJARAT,Kachchh,POWERON ELECTRICAL,poweron.electricalservice@gmail.com,7990528002,0,0
GUJARAT,Kachchh,POWER TECH ENERGY SOLUTUIONS,epc@ptes.in,6357502081,0,0
GUJARAT,Kachchh,POWER SYSTEM,powersystem2k11@gmail.com,9898068224,0,0
GUJARAT,Kachchh,POWER RISE,powerrise16@gmail.com,8460145311,0,0
GUJARAT,Kachchh,POWER PLUS ENERGY,powerplussolarenergy@gmail.com,9998183339,0,0
GUJARAT,Kachchh,POWER PACK SOLUTIONS,powerpacksolutions12195@gmail.com,9725787004,0,0
GUJARAT,Kachchh,POWER GENESYS ENERGY SOLUTIONS PRIVATE LIMITED,subbu@powergenesys.com,8618279431,0,0
GUJARAT,Kachchh,POOJA ELECTRICALS,PE9711@gmail.com,8758668166,0,0
GUJARAT,Kachchh,POOJA ELECTRICALS,poojaelectrical21@gmail.com,7434034056,0,0
GUJARAT,Kachchh,POINTER INSTRUMENTS SERVICES,pointer1729@gmail.com,9033543187,0,0
GUJARAT,Kachchh,PLUGIN ELECTRICAL,info@pluginelectrical.in,9512020316,0,0
GUJARAT,Kachchh,PIXON GREEN ENERGY PRIVATE LIMITED,tender@pixonenergy.in,7229035912,0,0
GUJARAT,Kachchh,PHOTOVOLTAIC SOLAR,info@photovoltaicsolar.in,8866488000,0,0
GUJARAT,Kachchh,PHOTONICS WATERTECH PRIVATE LIMITED,vasant@photonicslights.com,6353704460,0,0
GUJARAT,Kachchh,PHOENIX RENEWABLE ENERGY,PHOENIXRE6@GMAIL.COM,9586110114,0,0
GUJARAT,Kachchh,PHOENIX CREATIONS LIMITED,phoenixcreations2011@gmail.com,9978578599,0,0
GUJARAT,Kachchh,PETLAD SOJITRA TALUKA SAURAURJA UTPADAK SAHKARI MANDALI LIMITED,pssumandali@gmail.com,8140968999,0,0
GUJARAT,Kachchh,PERFECT RENEWTECH PRIVATE LIMITED,info@perfectrenewtech.com,9965200700,0,0
GUJARAT,Kachchh,PEGASUS POWER AND INFRA LLP,info@pegasusllp.com,8160259454,0,0
GUJARAT,Kachchh,PEAKSUN ENERGY PRIVATE LIMITED,info@peaksunenergy.co.in,7486089901,0,0
GUJARAT,Kachchh,PAVAN ENERGY,pavanenergy1209@gmail.com,7016265112,0,0
GUJARAT,Kachchh,PATIDAR ENTERPRISE,patidarenterprise13@gmail.com,8980312782,0,0
GUJARAT,Kachchh,PATEL JOYATABHAI GALABHAI,pateljoytabhai1134@gmail.com,9724674544,0,0
GUJARAT,Kachchh,PATEL ELECTRONICS,hardikpatelelec@gmail.com,9377767508,0,0
GUJARAT,Kachchh,PATEL ELECTRICALS,info.patelelectricals@gmail.com,9998896555,0,0
GUJARAT,Kachchh,PASHAVA ENERGY PRIVATE LIMITED,pashavaenergy@yahoo.com,9909904332,0,0
GUJARAT,Kachchh,PARTHKUMAR VIKRAMBHAI KAMANIYA,kpv2322@gmail.com,9313098584,0,0
GUJARAT,Kachchh,PARTH SALES,parthsalessolar@gmail.com,9712426671,0,0
GUJARAT,Kachchh,PARSANA GROUP,infoparsanagroup9@gmail.com,6358141994,0,0
GUJARAT,Kachchh,PAROT RENEWABLES LIMITED,gn@parotrenewables.com,9274692942,0,0
GUJARAT,Kachchh,PARMAR ENTERPRISE,parmarenterprise2024@gmail.com,9574944345,0,0
GUJARAT,Kachchh,PARK SHELDRAKE,parksheldrake@gmail.com,7862991878,0,0
GUJARAT,Kachchh,PARISHRAM INFOENERGY,parishraminfoenergy@gmail.com,9909433132,0,0
GUJARAT,Kachchh,PARESH S. VAIDYA,parvaidya2012@gmail.com,9879529203,0,0
GUJARAT,Kachchh,PARAS TECHNOCRAT PVT. LTD,info@parastechnocrat.in,7621983131,0,0
GUJARAT,Kachchh,PANCHAMRUT ENTERPRISE,panchamrut2019@gmail.com,7016103662,0,0
GUJARAT,Kachchh,PAHAL SOLAR EPC LLP,avinash@pahalsolar.com,9512323223,0,0
GUJARAT,Kachchh,P.M.BAROT GREEN ENERGY,jaybarotkdbm@gmail.com,9327129667,0,0
GUJARAT,Kachchh,P V ENERGY,pvenergy999@gmail.com,9924195999,0,0
GUJARAT,Kachchh,P C LINK ENTERPRISE,pclinkenterprise@gmail.com,8238053941,0,0
GUJARAT,Kachchh,P AND N ENGINEERING AND MARKETING,pandnsolarenergy@gmail.com,7622023251,0,0
GUJARAT,Kachchh,OXEN ENERGIES,oxenenergies@gmail.com,8866699444,0,0
GUJARAT,Kachchh,ORTEX CORPORATION,ortexcorporation@gmail.com,9276103457,0,0
GUJARAT,Kachchh,OORJA ELECTRIC,oorjaforeveryone@gmail.com,9067598727,0,0
GUJARAT,Kachchh,ONETIME SOLAR SYSTEM,onetimesolarsystem@gmail.com,9925296957,0,0
GUJARAT,Kachchh,OMKARA INFOTECH,omkarinfotechlakhani@gmail.com,9428847854,0,0
GUJARAT,Kachchh,OMEGA POWER,omegapower2018@gmail.com,7990226349,0,0
GUJARAT,Kachchh,OMEGA ELECTRICALS,omele452@gmail.com,9979888452,0,0
GUJARAT,Kachchh,OM SOLAR SYSTEMS,omsolarsystems.rjt@gmail.com,8141405557,0,0
GUJARAT,Kachchh,OM SOLAR,VIPULKUMARPATEL43@YAHOO.IN,9714384884,0,0
GUJARAT,Kachchh,OM SHANTI SOLAR GROUP,omshantisolar@gmail.com,8530122612,0,0
GUJARAT,Kachchh,OM SHANTI MACHINERIES EXIM,grandosolar@gmail.com,9824868078,0,0
GUJARAT,Kachchh,OM SALES ENTERPRISE,rahul.redrenbardoli@gmail.com,9428631515,0,0
GUJARAT,Kachchh,OM ELECTRICALS SERVICES,omelectricals2104@gmail.com,9998004891,0,0
GUJARAT,Kachchh,OM ELECTRICALS,jaydratsinhzala09@gmail.com,9265589234,0,0
GUJARAT,Kachchh,OCTA ENTERPRISE,octaenterprise7@gmail.com,8469023543,0,0
GUJARAT,Kachchh,NYALKARAN RENEWABLE ENERGY,nyalkaranrenewableenergy@gmail.com,9998473073,0,0
GUJARAT,Kachchh,NVVP GREEN ENERGY PRIVATE LIMITED,nvvpgreenepl@gmail.com,9979941234,0,0
GUJARAT,Kachchh,NUJUM INDUSTRIES PRIVATE LIMITED,thenujum@gmail.com,9375188422,0,0
GUJARAT,Kachchh,NU SOLAR INFRACON PRIVATE LIMITED,nu.solar.infracon@gmail.com,9033181196,0,0
GUJARAT,Kachchh,NRG TECHNOLOGISTS PVT. LTD.,sales@nrgtechnologists.com,9824652624,0,0
GUJARAT,Kachchh,NP RENEWABLE ENERGY,nprenewableenergy@gmail.com,7016917174,0,0
GUJARAT,Kachchh,NORTHGREEN ENERGY PVT LTD,solar@northgreenenergy.com,9099931707,0,0
GUJARAT,Kachchh,NJ ELECTRICALS,njelectricals.21@gmail.com,9886309619,0,0
GUJARAT,Kachchh,NIVAN ENERGY,nivanenergy@gmail.com,9998820905,0,0
GUJARAT,Kachchh,NISHRAY SOLAR,mkshahexport@gmail.com,9825409639,0,0
GUJARAT,Kachchh,NIRAJ TRADERS,nirajtraders@yahoo.com,9825030321,0,0
GUJARAT,Kachchh,NINE TECH AUTOMATION,ninetechautomation09@gmail.com,9313375388,0,0
GUJARAT,Kachchh,NILKANTH ENTERPRISE,nilkanthenterprise96@gmail.com,9157369603,0,0
GUJARAT,Kachchh,NILESH ENGINEERS,nileshengineers57@gmail.com,9033005732,0,0
GUJARAT,Kachchh,NIL ENGINEERING,nil.engineering@yahoo.com,9228387183,0,0
GUJARAT,Kachchh,NIHAL ENTERPRISE,rehanadonakiya786@gmail.com,8733978072,0,0
GUJARAT,Kachchh,NIDHI ELECTRICALS,thakkarumang82@gmail.com,9409322020,0,0
GUJARAT,Kachchh,NEXUS RENEWTECH,nexusrenewtech@gmail.com,8849277955,0,0
GUJARAT,Kachchh,NEWYORK ENGINEERING CO.,akashenergysolar@gmail.com,9824206059,0,0
GUJARAT,Kachchh,NEW RESEARCH TECHNOLOGY,nrtsolar@gmail.com,9427809253,0,0
GUJARAT,Kachchh,NETWORK SOLUTION,network.solution.raj@gmail.com,9227707042,0,0
GUJARAT,Kachchh,NES ENERGY SOLUTIONS,info.nesenergy@gmail.com,9825071551,0,0
GUJARAT,Kachchh,NEOTERIX SOLUTION PVT. LTD.,neoterixsolutions@gmail.com,9414010579,0,0
GUJARAT,Kachchh,NEOCENT SOLAR SYSTEM LLP,m.neocent@gmail.com,9974710486,0,0
GUJARAT,Kachchh,NEETY EURO ASIA SOLAR ENERGY,falgun@nease.in,9909595442,0,0
GUJARAT,Kachchh,NEELKANTHESHWAR SOLAR ENERGY,neelkantheshwarsolarenergy@gmail.com,8460048549,0,0
GUJARAT,Kachchh,ND ENERGY INDIA PRIVATE LIMITED,ndenergyindia@gmail.com,8000001124,0,0
GUJARAT,Kachchh,NAYRA ELECTRONICS,info.nayraelectronics@gmail.com,9054244430,0,0
GUJARAT,Kachchh,NAVKAR POWER SOLUTIONS,contact@navkarpower.co.in,9879613334,0,0
GUJARAT,Kachchh,NAVI ENERGY,contact@navienergy.in,9979435742,0,0
GUJARAT,Kachchh,NATURE CARE ADVISORS,naturecare.gujarat@gmail.com,8469991098,0,0
GUJARAT,Kachchh,NAMAH SOLAR ENERGY,namahsolar@gmail.com,6351500821,0,0
GUJARAT,Kachchh,NAKSHATRA INFOSYS,nakshatrainfosys178@gmail.com,9909697193,0,0
GUJARAT,Kachchh,NAKSH POWER,bhumikarana1989@gmail.com,8141113593,0,0
GUJARAT,Kachchh,N J ENERGY,nj.energy9@gmail.com,7487022943,0,0
GUJARAT,Kachchh,MS SOLAR SPARK,mssolarspark7@gmail.com,9825590311,0,0
GUJARAT,Kachchh,MS SOLAR,shersiyamujahid@gmail.com,9725097291,0,0
GUJARAT,Kachchh,MOVA GREEN ENERGY,movagreenenergy1112@gmail.com,7778033298,0,0
GUJARAT,Kachchh,MOTHER ELECTRICALS,motherelectricals@yahoo.com,8128105018,0,0
GUJARAT,Kachchh,MNS GLOBAL ENGINEERING AND SERVICES,mnsglobalengineeringservices@gmail.com,9727207075,0,0
GUJARAT,Kachchh,MK ENTERPRISE,mkenterprise061@gmail.com,8780069239,0,0
GUJARAT,Kachchh,MK ELECTRICALS,digant.shah10@gmail.com,9825349554,0,0
GUJARAT,Kachchh,MK ELECTRICAL AND CO,mkelectrical.co@gmail.com,8866525483,0,0
GUJARAT,Kachchh,MJR INDUSTRIES PRIVATE LIMITED,mjrindustriespvtltd@gmail.com,9426998993,0,0
GUJARAT,Kachchh,MITTALS GREEN ENERGY PRIVATE LIMITED,info@mittalsgreenenergy.com,8053004999,0,0
GUJARAT,Kachchh,MITRAY ENGINEERING,mitray.engineering@gmail.com,7621895796,0,0
GUJARAT,Kachchh,MITRA SOLAR ENERGY,mitrasolarenergy@gmail.com,9725777143,0,0
GUJARAT,Kachchh,MITCON CONSULTANCY AND ENGINEERING SERVICES LTD,tendercell@mitconindia.com,7447420680,0,0
GUJARAT,Kachchh,MICROVISE SOLUTIONS,info@microviseindia.com,7778092462,0,0
GUJARAT,Kachchh,MH POWER SYSTEM,info.mhpowersystem@gmail.com,9016581006,0,0
GUJARAT,Kachchh,MFINS SERVICES PVT. LTD.,vidya@m-fins.in,8356843342,0,0
GUJARAT,Kachchh,MESHWA ENTERPRISE,meshwaelectricals@gmail.com,9574409148,0,0
GUJARAT,Kachchh,MERIDIAN INTERNATIONAL,ghetiya.ashish@gmail.com,7990847552,0,0
GUJARAT,Kachchh,MEKTECH SOLUTION,mektechsolution@gmail.com,7984595405,0,0
GUJARAT,Kachchh,MEHUL ELECTRIC,fivestarsolar2025@gmail.com,7984547908,0,0
GUJARAT,Kachchh,MEGHAL POWER,meghalpower23@gmail.com,9712726390,0,0
GUJARAT,Kachchh,MEERASUN ENERGY,meerasunenergy@gmail.com,9016680239,0,0
GUJARAT,Kachchh,MEERA SUN ENERGIES,info@meerasunenergies.com,8200447359,0,0
GUJARAT,Kachchh,MEENA SOLAR,ripalsonpal@gmail.com,8408944904,0,0
GUJARAT,Kachchh,MECPOWER SOLUTIONS LIMITED,tender@mecpower.in,9328911577,0,0
GUJARAT,Kachchh,MEAN RAYS RENEWABLE POWER PRIVATE LIMITED,sales.meanrays@gmail.com,9898251352,0,0
GUJARAT,Kachchh,MD ENERGIES,mdenergies01@gmail.com,9099260004,0,0
GUJARAT,Kachchh,MBTION ENGINEERING,mbtionengineering@gmail.com,8320565108,0,0
GUJARAT,Kachchh,MAXSUN ENERGY PRIVATE LIMITED,maxsunsolarenergy@gmail.com,7990361324,0,0
GUJARAT,Kachchh,MAXIM ENERGY,maximenergy21@gmail.com,9265123804,0,0
GUJARAT,Kachchh,MAXIFLUENCE TECHNOVATE LLP,info@maxifluencetechnovate.com,9662298809,0,0
GUJARAT,Kachchh,MATRIX ENTERPRISE,matrixsolar41@gmail.com,8905314234,0,0
GUJARAT,Kachchh,MARUTI SUNSOLREN,marutisunsolren@gmail.com,8238145153,0,0
GUJARAT,Kachchh,MARUTI SOLAR SYSTEMS,dinesh.navar@gmail.com,9409080149,0,0
GUJARAT,Kachchh,MARUTI SOLAR PUMP SYSTEM,patelsandip0226@gmail.com,9426849250,0,0
GUJARAT,Kachchh,MARUTI ENTERPRISE,marutienterprise148@gmail.com,7698803938,0,0
GUJARAT,Kachchh,MARUTI ENTERPRISE,maruti.enterprise0915@hotmail.com,8866239646,0,0
GUJARAT,Kachchh,MARUTI ENERGY,marutienrgy@gmail.com,9033408939,0,0
GUJARAT,Kachchh,MAPS TECHNO SOLUTIONS,mapstechnosolutions@gmail.com,9974386038,0,0
GUJARAT,Kachchh,MANYAH ENERGY PVTLTD,manyahenergy@gmail.com,9925065224,0,0
GUJARAT,Kachchh,MANTRA SOLAR SOLUTIONS,MantraSolarSolutions@gmail.com,7016462899,0,0
GUJARAT,Kachchh,MANGROLIYA NIKUNJ J.,nikunjmangroliya54@gmail.com,8866685082,0,0
GUJARAT,Kachchh,MANAN SOLAR,manansolar2022@gmail.com,9714352719,0,0
GUJARAT,Kachchh,MAKE INSIDE SOLUTIONS,info@makeinside.co.in,9898302030,0,0
GUJARAT,Kachchh,MAHISAGAR SOLAR ENERGY,mahisagarsolarenergy23@gmail.com,8200154972,0,0
GUJARAT,Kachchh,MAHEK SOLAR POWER,mahek.tech1@gmail.com,9925805953,0,0
GUJARAT,Kachchh,MAHALAXMI ELECTRICALS - AHEMDABAD,mahalaxmi.electricals_07@yahoo.com,8238914975,0,0
GUJARAT,Kachchh,MAHAKALI POWER,mahakalipower9252@gmail.com,9687209519,0,0
GUJARAT,Kachchh,MAHADEV SOLAR ENTERPRISE,mahadevsolar2526@gmail.com,8758610449,0,0
GUJARAT,Kachchh,MAHADEV SOLAR ENETERPRISE,mahadevsolarjamnagar@gmail.com,9978999939,0,0
GUJARAT,Kachchh,MAHADEV SOLAR,MAHADEVSOLAR2311@GMAIL.COM,9313618167,0,0
GUJARAT,Kachchh,MAHADEV SALES AGENCY,mahadevsolarproject@gmail.com,7393939139,0,0
GUJARAT,Kachchh,MAGLARE TECHNOLOGIES PVT.LTD.,info@maglare.com,8460183838,0,0
GUJARAT,Kachchh,MADYSON ELECTRICAL,madyson.electrical41@gmail.com,9998864567,0,0
GUJARAT,Kachchh,MADHVAN POLYPLAST PVT. LTD.,cmp.madhavanpolyplast@gmail.com,9104306162,0,0
GUJARAT,Kachchh,MADHULI CORPORATION,madhulicorporation@gmail.com,9904990630,0,0
GUJARAT,Kachchh,MADHAV SOLAR ENERGY LIMITED (FORMERLY KNOWN AS MADHAV ENTERPRISE - SURAT),info@madhavsolarenergy.com,8849299212,0,0
GUJARAT,Kachchh,MADHAV GREEN ENERGY,madhavgreene@gmail.com,9408102358,0,0
GUJARAT,Kachchh,MADHAV ENTERPRISE,madhavsolarshop@gmail.com,7990485674,0,0
GUJARAT,Kachchh,MADHAV ELECTRICAL,madhavelectrical23@gmail.com,9426755766,0,0
GUJARAT,Kachchh,M/S. BRAMHA VISHNU MAHESH INFRASTRUCTURE,BVM.INFRASTRUCTURE@REDIFFMAIL.COM,9099980199,0,0
GUJARAT,Kachchh,M SUN ENERGY,msunenergy30@gmail.com,9104145599,0,0
GUJARAT,Kachchh,M R ENTERPRISE,mrenterprisesolar@gmail.com,9924370232,0,0
GUJARAT,Kachchh,M M PARMAR,sunlightenergy09@outlook.com,9227092099,0,0
GUJARAT,Kachchh,M AND S ELECTRICALS AND TECHNICAL SERVICES,mselect.technical@gmail.com,7359128003,0,0
GUJARAT,Kachchh,M AND P POWER SOLUTIONS,mnppowersolutions2021@gmail.com,9537006733,0,0
GUJARAT,Kachchh,LUCRATIVE ENERGY PRIVATE LIMITED,lucrativein24@gmail.com,9408152427,0,0
GUJARAT,Kachchh,LUCIDUS ENERGY PRIVATE LIMITED,lucidusenergy21@gmail.com,9327990722,0,0
GUJARAT,Kachchh,LOGICTECH SOLAR AND AUTOMATION PVT LTD,logictechsolar@gmail.com,9429580846,0,0
GUJARAT,Kachchh,LOBEL SOLAR POWER SYSTEM,info@lobelpower.com,9327007854,0,0
GUJARAT,Kachchh,LIGHTRIC POWER SOLUTION,lightricpower@gmail.com,6355768984,0,0
GUJARAT,Kachchh,LIFE MAGIC MARVELL STORE PRIVATE LIMITED,lifemagicmarvel@gmail.com,9098698493,0,0
GUJARAT,Kachchh,LED LIGHT HOUSE,ledlighthouse161921@gmail.com,9624132754,0,0
GUJARAT,Kachchh,LAXMI HI TECH,laxmihitech36@gmail.com,7046494649,0,0
GUJARAT,Kachchh,LA CARTE RETAILERS PVT LTD,lacarte09@gmail.com,9909920700,0,0
GUJARAT,Kachchh,L L ELECTRICALS,llelect89@yahoo.com,9879078908,0,0
GUJARAT,Kachchh,L G ELECTRICALS,lgelectricals29@gmail.com,9825949200,0,0
GUJARAT,Kachchh,KVP SOLAR AND SOLUTION,kvpsolarandsolution.22@gmail.com,9033343105,0,0
GUJARAT,Kachchh,KSHETRAPAL GREEN ENERGY,kshetrapalgreenenergy@gmail.com,7874098869,0,0
GUJARAT,Kachchh,KRIVI ENERGY PRIVATE LIMITED,solar@krivienergy.com,9326275972,0,0
GUJARAT,Kachchh,KRIVA TECHNOLOGIES,krivasolartechnologies@gmail.com,7227074480,0,0
GUJARAT,Kachchh,KRITA GREEN ENERGY,admin@kritagreenenergy.in,9824998266,0,0
GUJARAT,Kachchh,KRISHIVA INNOVATIVES,info@krishivainnovatives.com,9409435861,0,0
GUJARAT,Kachchh,KRISHIV ENTERPRISE,jevinpansuriya4@gmail.com,7359294060,0,0
GUJARAT,Kachchh,KRISHA SOLAR & AGRO INDUSTRIES,krishasolarandagro21@gmail.com,9574856582,0,0
GUJARAT,Kachchh,KREYA ENTERPRISES,kreyaentp@gmail.com,6359233332,0,0
GUJARAT,Kachchh,KP GREEN ENGINEERING LIMITED,imam.syed@kpgroup.co,9104677596,0,0
GUJARAT,Kachchh,KP GREEN ENERGY,kpgreenenergy46@gmail.com,7048370774,0,0
GUJARAT,Kachchh,KOTSON PROJECTS PRIVATE LIMITED,kotsonprojects@gmail.com,9978909595,0,0
GUJARAT,Kachchh,KOTHIYA ELECTRIC CONTRACTOR,kothiyaelectric@gmail.com,9913212056,0,0
GUJARAT,Kachchh,KOSOL ENERGIE PVT. LTD.,bharat@sunray.co.in,8799696356,0,0
GUJARAT,Kachchh,KOMAL ELECTRIC,chetanramprasadi@gmail.com,9825047503,0,0
GUJARAT,Kachchh,KK SOLAR TECHNOLOGY,kksolartechnology@gmail.com,9586118331,0,0
GUJARAT,Kachchh,KK ENTERPRISE,LATHIYA410@GMAIL.COM,9925590208,0,0
GUJARAT,Kachchh,KITE SOLAR ENERGY,kitesolarenergy@gmail.com,6352523489,0,0
GUJARAT,Kachchh,KIRTAN MARKETING,kirtanmarketing@gmail.com,9714440026,0,0
GUJARAT,Kachchh,KIRTAN BATTERIES,kirtanbatteries26@gmail.com,7043337333,0,0
GUJARAT,Kachchh,KIRAN SOLAR TECH PT. LT,info@kiransolartech.com,9800932333,0,0
GUJARAT,Kachchh,KHUSHI SOLAR,khushisolar13.info@gmail.com,7600094866,0,0
GUJARAT,Kachchh,KHUSHI IRRIGATION AND SOLAR,khushi.irrigationandsolar@gmail.com,9638370303,0,0
GUJARAT,Kachchh,KHODIYAR ENTERPRISE,k_enter_m@rediffmail.com,9825162853,0,0
GUJARAT,Kachchh,KHODIYAR ELECTRICAL,khodiyarelectrical9199@gmail.com,6355714181,0,0
GUJARAT,Kachchh,KHODAL CORPORATION,khodalcorporation10@gmail.com,9974129558,0,0
GUJARAT,Kachchh,KHANAK SYSTEM,khanaksystem@yahoo.com,9824751581,0,0
GUJARAT,Kachchh,KESHWALA ENGINEERING CO.,RKESHWALA26@GMAIL.COM,7575082097,0,0
GUJARAT,Kachchh,KESHRI NANDANAM ENERGY,keshrinandanamenergy@gmail.com,8200147522,0,0
GUJARAT,Kachchh,KASTBHANJAN SOLAR,kastbhanjansolar@gmail.com,9099863647,0,0
GUJARAT,Kachchh,KASHYAP INFRAPROJECTS PVT. LTD.,info@kashyap.in,9898031010,0,0
GUJARAT,Kachchh,KARMA POWER,karmapower001@gmail.com,8849370511,0,0
GUJARAT,Kachchh,KARM ENTERPRISE,KARMSOLAR24@GMAIL.COM,9586363071,0,0
GUJARAT,Kachchh,KANHA ENTERPRISE,kanhaenterprise4161@gmail.com,6355636703,0,0
GUJARAT,Kachchh,KAMAXI ELECTRICAL ENGINEERS,dharmesh@kamaxielectricals.com,9974744036,0,0
GUJARAT,Kachchh,KALPTARU RENEWABLE POWER PVT LTD,support@kalptaru.co,7600780720,0,0
GUJARAT,Kachchh,KAIZEN UNIVERSAL PRIVATE LIMITED,ketan@kaizen.in,9825119674,0,0
GUJARAT,Kachchh,KAIZEN NOW,kaizennowahd@gmail.com,9978985558,0,0
GUJARAT,Kachchh,KAGI RENEWABLE ENERGY,info.kagirenew@gmail.com,8401935902,0,0
GUJARAT,Kachchh,KAASHIVA POWER INNOVATIONS PVT LTD,nikunjprajapati@kaashiva.com,7227854857,0,0
GUJARAT,Kachchh,KAARVI GREEN ENERGY,kaarvienergy01@gmail.com,9824094291,0,0
GUJARAT,Kachchh,K T ELECTRICALS,ktthakkar567@gmail.com,8905168423,0,0
GUJARAT,Kachchh,K P ENTERPRISE,kpenterprise39@gmail.com,9974383839,0,0
GUJARAT,Kachchh,JUPISOL POWER INDIA PRIVATE LIMITED,spatel@jupisolpower.com,9879284007,0,0
GUJARAT,Kachchh,JOYSTICK BIO HEALTH,jstvalsad@gmail.com,9714163052,0,0
GUJARAT,Kachchh,JJV CORPORATION,info@jjvcorporation.in,9016987377,0,0
GUJARAT,Kachchh,JIYAAN SOLAR COMPANY,jiyaansolar.co@gmail.com,8160645436,0,0
GUJARAT,Kachchh,JIGS ELECTRICAL,jigselectrical@gmail.com,9979129392,0,0
GUJARAT,Kachchh,JIGAR SYSTEM TECHNOLOGY,jigar@jigarsystems.com,9511768710,0,0
GUJARAT,Kachchh,JD SOLAR,jdsolar5005@gmail.com,9157590905,0,0
GUJARAT,Kachchh,JD INFRA ENERGY PRIVATE LIMITED,jdinfraenergy0725@gmail.com,9714061118,0,0
GUJARAT,Kachchh,JAYVEER ELECTRICAL PRIVATE LIMITED,jayveerelectrical@gmail.com,9601679621,0,0
GUJARAT,Kachchh,JAYRAJ SOLAR LLP,tejas@jayrajsolar.com,9033963450,0,0
GUJARAT,Kachchh,JAYDEV ENERGY,jaydevenergy83@gmail.com,9824885237,0,0
GUJARAT,Kachchh,JAY SARDAR SOLAR PVT.LTD.,jaysardarsolar@gmail.com,8141500062,0,0
GUJARAT,Kachchh,JAY SARDAR SOLAR POWER PRIVATE LIMITED,dbchaudhary108@gmail.com,9737550593,0,0
GUJARAT,Kachchh,JAY KHODIYAR IMPEX,pareshramoliya310@gmail.com,9537164431,0,0
GUJARAT,Kachchh,JAY ELECTRICALS,jayelec2021@gmail.com,9427261002,0,0
GUJARAT,Kachchh,JAY CONSTRUCTION CO,greenerenergy48@gmail.com,8200558867,0,0
GUJARAT,Kachchh,JAY AMBE GREEN ENERGY,jayambegreenenergy@gmail.com,9824328725,0,0
GUJARAT,Kachchh,JAY AMBE ELECTRICALS,jayambeelectricals091@gmail.com,6355252020,0,0
GUJARAT,Kachchh,JAY ADITYA SOLAR,darshit.dj619@gmail.com,8160931631,0,0
GUJARAT,Kachchh,JASMIN J BAMBHAROLIYA,jasmin.bambharolia14@gmail.com,8140916256,0,0
GUJARAT,Kachchh,JANETA SOLAR,info.janetasolar90@gmail.com,8734829145,0,0
GUJARAT,Kachchh,JALESHWAR GREEN ENERGY,info.jaleshwargreen@gmail.com,8140023662,0,0
GUJARAT,Kachchh,JALARK SOLAR SOLUTIONS OPC PVT LTD,infojalark@gmail.com,9426661857,0,0
GUJARAT,Kachchh,JAISHANAVI SOLAR,rishikeshthakkar@gmail.com,9974143899,0,0
GUJARAT,Kachchh,JAI INDUSTRIES,jaielectronic@yahoo.com,9828104233,0,0
GUJARAT,Kachchh,JAGRUTI TRADERS,jagrutitraders.solar@gmail.com,8980498030,0,0
GUJARAT,Kachchh,JAGDAMBA TRADERS,jagdambatraders.padra@gmail.com,7284841054,0,0
GUJARAT,Kachchh,JAGDAMBA ENTERPRISE,adarshrajput542@gmail.com,9316321978,0,0
GUJARAT,Kachchh,JAFFINS ENTERPRISE,solarbhavnagar@gmail.com,9375465252,0,0
GUJARAT,Kachchh,JAAC TECHNO SERVICES PVT LTD,Jwalant.raval@jaacservice.com,9824000545,0,0
GUJARAT,Kachchh,J S COMPANY,jscompany9@gmail.com,7990307424,0,0
GUJARAT,Kachchh,J K MACHINE TOOLS (GUJARAT) PVT. LTD.,jk.solarium@gmail.com,9328290518,0,0
GUJARAT,Kachchh,J D ELECTRICAL AND TRADING,jdelectrical26@gmail.com,8320397049,0,0
GUJARAT,Kachchh,J B POWER SOLAR,jbpowersolar@gmail.com,9173390835,0,0
GUJARAT,Kachchh,IZZY ENERGY SOLUTION,izzyenergysolution@gmail.com,9909236062,0,0
GUJARAT,Kachchh,ISHITA ENGINEERING,ishitaengineering13@gmail.com,8866649177,0,0
GUJARAT,Kachchh,ISHA SALES,ishasolar027@gmail.com,9824739373,0,0
GUJARAT,Kachchh,INSTANT TECHNOLOGY,info@instantgroup.live,8200782232,0,0
GUJARAT,Kachchh,INSTANT ELECTRIC SERVICES,instantelectricservices@gmail.com,9909415407,0,0
GUJARAT,Kachchh,INRAYS TECHNOLOGY,inraystechnology@gmail.com,9898878734,0,0
GUJARAT,Kachchh,INFLUX SOLAR SOLUTIONS,influxsolarsolution@gmail.com,6352563582,0,0
GUJARAT,Kachchh,INFINITY SOLAR - SURAT,infinity.solar01@gmail.com,8866860686,0,0
GUJARAT,Kachchh,INFINITY RENEWABLE ENERGY,anand.infinityrenewableenergy@gmail.com,9913784000,0,0
GUJARAT,Kachchh,INFINITY POWER,infinitypower1026@gmail.com,8758875751,0,0
GUJARAT,Kachchh,INFINITE URJA LLP,info@infiniteurja.in,8000049380,0,0
GUJARAT,Kachchh,INFINITE ENERGY ANS TECHNOLOGY,planning@infiniteenergy.co.in,9099971778,0,0
GUJARAT,Kachchh,IMPULSE SYSTEM,info@impulsesystem.in,9426471057,0,0
GUJARAT,Kachchh,IMMIX SOLUTION,immixsolution@gmail.com,9265493249,0,0
GUJARAT,Kachchh,IMAGINE POWERTREE PRIVATE LIMITED,imagine.powertree@gmail.com,9586121111,0,0
GUJARAT,Kachchh,IDEAL RENEWABLE LLP,idealrenewable@gmail.com,9979083323,0,0
GUJARAT,Kachchh,IDEAL ELECTRICAL,idealelectric7@gmail.com,9638324167,0,0
GUJARAT,Kachchh,ICONIC SOLAR ENERGY,iconicsolarenergy26@gmail.com,7698504095,0,0
GUJARAT,Kachchh,ICON ENERGY,info@iconenergy.in,9909999162,0,0
GUJARAT,Kachchh,I-TECH STORE,info.itechsolar@gmail.com,9879603933,0,0
GUJARAT,Kachchh,I SQUARE SOLAR,work.srbudheliya@gmail.com,9722272775,0,0
GUJARAT,Kachchh,I CARE ENGINEERING,icareengr@gmail.com,9978920284,0,0
GUJARAT,Kachchh,HYSUN SOLAR PRIVATE LIMITED,prajapatiomaram62@gmail.com,7573999961,0,0
GUJARAT,Kachchh,HORIZON POWER SOLUTIONS,horizonpowersolutions2024@gmail.com,9909009525,0,0
GUJARAT,Kachchh,HIYA ELECTRO ENGINEERS,hiyaelectroengineers@gmail.com,8128672333,0,0
GUJARAT,Kachchh,HIPANAX ENERGY,hipanaxenergy@outlook.com,9727063026,0,0
GUJARAT,Kachchh,HINDUSTAN SOLAR AND POWER PACK,hindustansolar86@gmail.com,7016087359,0,0
GUJARAT,Kachchh,HIMSON ENERGY,himson.energy@gmail.com,9825242728,0,0
GUJARAT,Kachchh,HILTON RENEWABLES,hiltonrenewables.amr@gmail.com,8181080800,0,0
GUJARAT,Kachchh,HILL LIGHTING,rndungrani@gmail.com,9328385858,0,0
GUJARAT,Kachchh,HI TECH SOLAR SOLUTION,hitechsolarsolu@gmail.com,8140535380,0,0
GUJARAT,Kachchh,HI TECH ENERGY,hitechenergy17@gmail.com,9924388540,0,0
GUJARAT,Kachchh,HEMALI ELECTRICALS,hemali_elect@rocketmail.com,9979874161,0,0
GUJARAT,Kachchh,HELIOSNATURAL RENEWTECH PRIVATE LIMITED,marketing@heliosnatural.com,7600052305,0,0
GUJARAT,Kachchh,HELIOPATH SOLAR TECHNOLOGIES,enquiry.heliopath@gmail.com,8238664332,0,0
GUJARAT,Kachchh,HEER SOLAR ENERGY,heersolarenergy@gmail.com,9427063399,0,0
GUJARAT,Kachchh,HEAVEN GREEN ENERGY LTD. (FORMERLY KNOWN AS HEAVEN SOLAR ENERGY PVT LTD),heavensolarenergy@gmail.com,9979532167,0,0
GUJARAT,Kachchh,HAVTON INDIA,ravivarmora0803@gmail.com,9265496953,0,0
GUJARAT,Kachchh,HATKESH ENGINEERING,hatkeshengineering@gmail.com,9898105579,0,0
GUJARAT,Kachchh,HARSIDDHI ENGINEERING WORKS,harsiddiengineering@yahoo.com,9428342940,0,0
GUJARAT,Kachchh,HARSH ENTERPRISE,harshenterprise.ele@gmail.com,9586703597,0,0
GUJARAT,Kachchh,HARIPRIY INDUSTRIES,haripriyindustries@gmail.com,9725022146,0,0
GUJARAT,Kachchh,HARIOM ENGINEERING,hariomsolarbotad@gmail.com,8140771766,0,0
GUJARAT,Kachchh,HARIOM ELECTRICS,manoj.patiwala.in@gmail.com,8140438508,0,0
GUJARAT,Kachchh,HARI INFRA PROJECTS,info@hariindia.in,9998037067,0,0
GUJARAT,Kachchh,HAPPY ENTERPRISE,divyeshchavda007@gmail.com,9510887781,0,0
GUJARAT,Kachchh,HANU ENTERPRISE,hanuenterprise2023@gmail.com,9067322910,0,0
GUJARAT,Kachchh,HADAF GREEN ENERGY PRIVATE LIMITED,hadafgreenenergy@gmail.com,8320986239,0,0
GUJARAT,Kachchh,H.K ENERGY,hkenergy001@gmail.com,9586401312,0,0
GUJARAT,Kachchh,H K SOLAR ENERGY,hkenergy16@gmail.com,9714516576,0,0
GUJARAT,Kachchh,H & M COMPANY,info@hmcompany.in,9157768561,0,0
GUJARAT,Kachchh,GWE INFRA PROJECTS PRIVATE LIMITED,dhaval.gwe@gmail.com,9726198989,0,0
GUJARAT,Kachchh,GURUKRUPA SOLAR SOLUTION,gurukrupasolarsolution@gmail.com,8469952443,0,0
GUJARAT,Kachchh,GURUKRUPA SOLAR AND AGRO INDUSTRIES,vishal@vishal-group.com,9328854525,0,0
GUJARAT,Kachchh,GURUKRUPA ENTERPRISE,gurukrupaenterprise.head9@gmail.com,8320627280,0,0
GUJARAT,Kachchh,GURU RENEWABLE,gururenewable@gmail.com,9687672620,0,0
GUJARAT,Kachchh,GUJARAT SOLAR ENERGY,gujaratsolarenergy010@gmail.com,9898472919,0,0
GUJARAT,Kachchh,GSL ENERGY,gslenergy09@gmail.com,8320945187,0,0
GUJARAT,Kachchh,GS POWERTECH,info.gspowertech@gmail.com,7567438385,0,0
GUJARAT,Kachchh,GROWW SOLAR ENERGY,growwsolarenergy8@gmail.com,7874707545,0,0
GUJARAT,Kachchh,GROWTECH ENERGY,growtechenergy91@gmail.com,9998435528,0,0
GUJARAT,Kachchh,GROWSUN RENEWABLE LLP,info.growsunrenewablellp@gmail.com,9925590193,0,0
GUJARAT,Kachchh,GROW ENERGY SOLAR SOLUTION,growenergysolarsolution@gmail.com,7778999695,0,0
GUJARAT,Kachchh,GROW EARTH RENEWABLE TECHNOLOGIES,divyesh@growearthsolar.com,9104495364,0,0
GUJARAT,Kachchh,GRIDSOL ENERGY,GRIDSOLENERGY@GMAIL.COM,9724634747,0,0
GUJARAT,Kachchh,GREYANAS INDUSTRIES PRIVATE LIMITED,greyanassolar@gmail.com,9408715033,0,0
GUJARAT,Kachchh,GREENMAX ENERGY PVT. LTD.,sales1@greenmaxenergy.in,9601100759,0,0
GUJARAT,Kachchh,GREENLEAF SOLAR ENERGY,info.greenleaf1@gmail.com,9313945225,0,0
GUJARAT,Kachchh,GREENLAND,greenlandsolar.np@gmail.com,9825545043,0,0
GUJARAT,Kachchh,GREENLAND,greenlandsolar.projects@gmail.com,9825545043,0,0
GUJARAT,Kachchh,GREENEXCEL ENERGY SOLUTION PVT LTD,info@greenexcelenergy.com,9898949719,0,0
GUJARAT,Kachchh,GREENERGY SOLAR SOLUTIONS,greenergysolarsolutions26@gmail.com,9409215712,0,0
GUJARAT,Kachchh,GREENERGEE,greenergee@vikasaryagroup.com,9374635103,0,0
GUJARAT,Kachchh,GREENEABLE SOLAR SOLUTION,greeneablesolar@gmail.com,6357555660,0,0
GUJARAT,Kachchh,GREENBRILLIANCE RENEWABLE ENERGY LLP,jay.patel@gbreenergy.com,9879611302,0,0
GUJARAT,Kachchh,GREENARCH SOLAR PRIVATE LIMITED,greenarchsolar@gmail.com,9879262766,0,0
GUJARAT,Kachchh,GREEN WATT SOLAR ENERGY,greenwattsolarenergy2022@gmail.com,9898383910,0,0
GUJARAT,Kachchh,GREEN SUN ENERGY,teamgreensun@gmail.com,9274525232,0,0
GUJARAT,Kachchh,GREEN SOLAR ENERGY ENTERPRISES,greensolar.ahmedabad@gmail.com,9712909823,0,0
GUJARAT,Kachchh,GREEN SOLAR ENERGY,info@greenssolar.in,9687222261,0,0
GUJARAT,Kachchh,GREEN POWER ENERGY,info.greenenergy07@gmail.com,8780002027,0,0
GUJARAT,Kachchh,GREEN IMPAQ SOLAR ENERGY,greenimpaqsolarenergypm@mail.com,9974414600,0,0
GUJARAT,Kachchh,GREEN EVER SYSTEMS PRIVATE LIMITED,greeneversystems@gmail.com,8866167111,0,0
GUJARAT,Kachchh,GREEN ENERGY SOLAR,ges.solar24@gmail.com,8866993164,0,0
GUJARAT,Kachchh,GREEN E SOLAR,greene.vb@hotmail.com,9925751589,0,0
GUJARAT,Kachchh,GREAT SOLUTION,greatsolution07@gmail.com,9924131317,0,0
GUJARAT,Kachchh,GRACE RENEWABLE ENERGY PVT LTD,project1@gracerenew.com,7573027788,0,0
GUJARAT,Kachchh,GRACE OF THE SUN ENERGY,gotssolar@gmail.com,8320258395,0,0
GUJARAT,Kachchh,GOVINDJI POWER,priyankvaghani86@gmail.com,9726643435,0,0
GUJARAT,Kachchh,GOPI TECHNOLOGIES,epc@gopitechnologies.com,8866077344,0,0
GUJARAT,Kachchh,GOPAL ENTERPRISE,gokulbharvad@gmail.com,9727756664,0,0
GUJARAT,Kachchh,GOLDI SOLAR PRIVATE LIMITED,info@goldisolar.com,7211134134,0,0
GUJARAT,Kachchh,GOLDEN SOLAR POWER,goldensolarp@gmail.com,9558887494,0,0
GUJARAT,Kachchh,GLOBAL SOLAR SOLUTION,moxakboda111@gmail.com,8460820618,0,0
GUJARAT,Kachchh,GLOBAL ENTERPRISE,globalsolarent@gmail.com,9924900304,0,0
GUJARAT,Kachchh,GITANJALI DEVELOPERS,dhavalparmar.dp39@gmail.com,8200332871,0,0
GUJARAT,Kachchh,GIR ENTERPRISES,ankitbhaiankit88@gmail.com,8686869015,0,0
GUJARAT,Kachchh,GHANSHYAM SOLAR ENERGY,ghanshyam.solar.energy@gmail.com,9510734317,0,0
GUJARAT,Kachchh,GHANPRIYA ENERGY SOLUTION PRIVATE LIMITED,subsidy@ghanpriyaenergy.com,9958676060,0,0
GUJARAT,Kachchh,GHADIYA RENEWABLE ENERGY,KALPESHPATEL8914@GMAIL.COM,9714000952,0,0
GUJARAT,Kachchh,GESTIC SELICON ENERGY,shivammourya0987@gmail.com,9157621253,0,0
GUJARAT,Kachchh,GENESIS CLEAN ENERGY,genesiscleanenergy1@gmail.com,9714125515,0,0
GUJARAT,Kachchh,GEER AGRO WORKS,geeragro@gmail.com,9898799789,0,0
GUJARAT,Kachchh,GAYATRI SOLAR ENERGY,info@gayatrisolarenergy.com,8866778940,0,0
GUJARAT,Kachchh,GAYATRI CONSTRUCTION,chetansinh270@gmail.com,7408636363,0,0
GUJARAT,Kachchh,GARUDA POWER,garudapower26@gmail.com,9016555765,0,0
GUJARAT,Kachchh,GANESH GREEN BHARAT LIMITED,sales@ganeshgreen.com,9519518951,0,0
GUJARAT,Kachchh,GANESH CORPORATION,ganeshcorporation3003@gmail.com,9979856236,0,0
GUJARAT,Kachchh,GALO ENERGY PRIVATE LIMITED,info@galo.co.in,9773988289,0,0
GUJARAT,Kachchh,GALAXY ENTERPRISE,galaxyenterprise265@gmail.com,9998017765,0,0
GUJARAT,Kachchh,GALAXY ENERGY SOLUTION,galaxyenergysolution@protonmail.com,9428158678,0,0
GUJARAT,Kachchh,GAJGATI STEEL AND ENERGY PVT LTD.,sales@gajgati.com,7990480061,0,0
GUJARAT,Kachchh,G-POWER PLUS,gpowerplus.in@gmail.com,9898420613,0,0
GUJARAT,Kachchh,FRS ENTERPRISE,frsenterprise1@gmail.com,7990366078,0,0
GUJARAT,Kachchh,FRIENDLY FOOTPRINTS LLP,infosolar.ff@gmail.com,7874833399,0,0
GUJARAT,Kachchh,FOURSUN SOLAR,project@foursunsolar.co.in,7435023502,0,0
GUJARAT,Kachchh,FOURCELL ENERGY PRIVATE LIMITED,fourcellenergy@gmail.com,9377776564,0,0
GUJARAT,Kachchh,FORTUNE TECHNOLOGIST,fortunetechnologist@gmail.com,9427597246,0,0
GUJARAT,Kachchh,FOREXT GREEN ENERGY PRIVATE LIMITED,Forextgreen@gmail.com,9227145384,0,0
GUJARAT,Kachchh,FLAME SOLREN PRIVATE LIMITED,operations@flamesolren.com,8849478907,0,0
GUJARAT,Kachchh,FATHUN RENEWABLE ENERGY (FORMERLY KNOWN AS KENVUE ENERGY),fathunrenewable@gmail.com,9898589612,0,0
GUJARAT,Kachchh,FASTRISE ENTERPRISE PRIVATE LIMITED,FASTRISEENTERPRISE@GMAIL.COM,7862079768,0,0
GUJARAT,Kachchh,F Z ENERGY,info@fzenergy.in,9227153030,0,0
GUJARAT,Kachchh,F SOLAR ROOFTOP,fsolarrooftop@gmail.com,8469525856,0,0
GUJARAT,Kachchh,EXPERT POWER SOLUTION,info.expertpowersolution@gmail.com,8780287091,0,0
GUJARAT,Kachchh,EXIDE INDUSTRIES LIMITED,pramit.mukherjee@exide.co.in,6291226448,0,0
GUJARAT,Kachchh,EWC SOLAR PRIVITED LIMITED (FORMERLY KNOWN AS ENERGY POWER SYSTEMS),ewcsolarpvtltd@gmail.com,8141150688,0,0
GUJARAT,Kachchh,EWALK ENERGY,info.ewalkenergy@gmail.com,9054927675,0,0
GUJARAT,Kachchh,EWAA SOLAR TECHNOLOGY PRIVATE LIMITED,info@ewaasolartech.com,6356008400,0,0
GUJARAT,Kachchh,EVITUS ENERGY SOLUTIONS,evitusenergysolutions@gmail.com,8156006133,0,0
GUJARAT,Kachchh,EVERSHINE ENERGY,contact@evershineenergy.com,8460167441,0,0
GUJARAT,Kachchh,EVERGREEN RENEWABLE TECHNOLOGIES,ashishpanchal888@gmail.com,7359743295,0,0
GUJARAT,Kachchh,EVAANTA ENERGY,info@evaantaenergy.com,9712326261,0,0
GUJARAT,Kachchh,EUROLITE SOLAR,harshil.patel@euroliteindia.com,7490007847,0,0
GUJARAT,Kachchh,EURO PREMIUM SOLAR SYSTEM (INDIA) PRIVATE LIMITED,info@europremiumsolar.com,7622023253,0,0
GUJARAT,Kachchh,ETERNAL SOLAR ENERGY,hiren.p.rathod@gmail.com,9879203040,0,0
GUJARAT,Kachchh,ETECH ENERGY,admin@etechenergy.com,9328509877,0,0
GUJARAT,Kachchh,ENWATECH SOLUTION PVT.LTD,enwatechsolutionpvtltd@gmail.com,9427269089,0,0
GUJARAT,Kachchh,ENJOY TECHNOLOGY,care.enjoytechnology@gmail.com,9727718887,0,0
GUJARAT,Kachchh,ENERZYTECH INDUSTRIES PRIVATE LIMITED,deep.bhojani@enerzytech.com,9727139999,0,0
GUJARAT,Kachchh,ENERSOL SOLUTIONS LLP,karan@enersol.co.in,7069555533,0,0
GUJARAT,Kachchh,ENERGY O & M SERVICES PVT LTD,dhirajsummit@gmail.com,9512775551,0,0
GUJARAT,Kachchh,ENERGETIC SOLAR,energeticsolar03@gmail.com,9537137427,0,0
GUJARAT,Kachchh,EMPYREAL SOLAR,liaison@empyreAlsolar.in,9099526261,0,0
GUJARAT,Kachchh,EMISUN SOLAR PVT LTD,care@emisun.in,9510777984,0,0
GUJARAT,Kachchh,EMISSIONS FREE WORLD PVT LTD,emissionsfreeworld@gmail.com,8320097477,0,0
GUJARAT,Kachchh,EMERALD ENTERPRISE,emerald.vadodara@outlook.com,9173591485,0,0
GUJARAT,Kachchh,EMDERS ENTERPRISE,info.emders@gmail.com,7016614013,0,0
GUJARAT,Kachchh,ELLENCE ENERGY LLP,dhaval@ellenceenergy.com,9054073345,0,0
GUJARAT,Kachchh,ELIOS ENERGY,info@eliosenergy.co.in,7016192219,0,0
GUJARAT,Kachchh,ELECTROMECH DEVICES MANUFACTURING COMPANY,edmc.rpr@gmail.com,7000189225,0,0
GUJARAT,Kachchh,EFFORTS SOLAR PRIVATE LIMITED (FORMERLY KNOWN AS EFFORTS ENTERPRISES),admin@effortsgroup.in,9067817117,0,0
GUJARAT,Kachchh,EFFICIENT ENERTECH PVT LTD,info@efficientenergyindia.com,9925624989,0,0
GUJARAT,Kachchh,ECOWATT ENERGY,ecowattenergy18@gmail.com,9978638437,0,0
GUJARAT,Kachchh,ECOVIBE RENEWTECH ENERGY,ecoviberenewtechenergy@gmail.com,8401168101,0,0
GUJARAT,Kachchh,ECOLUX SOLAR,ecoluxsolar007@gmail.com,8980088806,0,0
GUJARAT,Kachchh,ECLIPTIC SOLAR,davevishalkumar@gmail.com,9825023276,0,0
GUJARAT,Kachchh,EARTHWAVE TECHNOLOGY PRIVATE LIMITED,EARTHWAVETECHNOLOGY@GMAIL.COM,9426373334,0,0
GUJARAT,Kachchh,EARTH SOLAR ENERGY,EARTHSOLARE@GMAIL.COM,8200115874,0,0
GUJARAT,Kachchh,EARTH SOLAR,earthsollar@gmail.com,9879911777,0,0
GUJARAT,Kachchh,E-TECH SOLUTION & SOLAR,etechsolution.solar@gmail.com,9099563174,0,0
GUJARAT,Kachchh,E-POWER SOLAR ENERGY,epowerenergyinfo@gmail.com,9484784798,0,0
GUJARAT,Kachchh,DWARKESH SOLAR ENERGY,nileshchavda1881@gmail.com,8000799990,0,0
GUJARAT,Kachchh,DUDANI RENEWABLES LLP,dudanirenewables@gmail.com,9429744710,0,0
GUJARAT,Kachchh,DREAM MART,dreammart108@gmail.com,9099975489,0,0
GUJARAT,Kachchh,DRAYS ENERGY SOLUTIONS,draysenergy@gmail.com,7802893258,0,0
GUJARAT,Kachchh,DRASHTI LIGHT CARE,drashti3411@gmail.com,9825430097,0,0
GUJARAT,Kachchh,DIWAKAR SOLAR ENTERPRISE,info.diwakarsolar@gmail.com,9104746612,0,0
GUJARAT,Kachchh,DIVY SOLAR TECHNOLOGY,divysolartechnology@gmail.com,9978551782,0,0
GUJARAT,Kachchh,DIVU ENTERPRISE,divuenterprise2023@gmail.com,7383114133,0,0
GUJARAT,Kachchh,DIVINE SOLAR ENERGY,divinesolarenergy33@gmail.com,7069853208,0,0
GUJARAT,Kachchh,DIVINE ENERGY INC,divinein17@gmail.com,7874391679,0,0
GUJARAT,Kachchh,DIVINE ENERGY,divineenergy42@gmail.com,6354051676,0,0
GUJARAT,Kachchh,DINESHBHAI CHATURBHAI NANDANA,nandanadinesh62@gmail.com,6351782902,0,0
GUJARAT,Kachchh,DIMAN SOLAR PVT LTD (FORMERLY KNOWN AS DIMAN OVERSEAS PVT LTD),info@dimansolar.com,9909928959,0,0
GUJARAT,Kachchh,DIGI SOLAR ENERGY,digisolarenergy@gmail.com,9687818686,0,0
GUJARAT,Kachchh,DHWANIL LIGHT ZONE,patelrikin3054@gmail.com,9409505790,0,0
GUJARAT,Kachchh,DHVANI ENERGY,dhvanisolar@gmail.com,9537928064,0,0
GUJARAT,Kachchh,DHRUVIN ELECTRICALS,kirtipatel86665@gmail.com,9974814614,0,0
GUJARAT,Kachchh,DHRUVA ENTERPRISE,dhruvaenterprise123@gmail.com,9978124597,0,0
GUJARAT,Kachchh,DHRUV ENTERPRISE,dhruv.enterprise@aol.com,9825123335,0,0
GUJARAT,Kachchh,DHAVAL ELECTRIC SOLUTION,dhavalelectricsolution@gmail.com,8490990138,0,0
GUJARAT,Kachchh,DHARMANANDAN SOLAR ENERGY,mayurdhariyaparmar@gmail.com,9016367556,0,0
GUJARAT,Kachchh,DEVDEEP ELECTRICALS,devdeepelectricals@gmail.com,9726879009,0,0
GUJARAT,Kachchh,DEVASYAM ENTERPRISE LLP,abpatel4318@gmail.com,9106684467,0,0
GUJARAT,Kachchh,DEV TECHNO,devtechno14@gmail.com,9898242190,0,0
GUJARAT,Kachchh,DEV ELECTRICALS,develectricals2024@gmail.com,9974821967,0,0
GUJARAT,Kachchh,DESTINY ELECTRICAL,destinyelectricals@gmail.com,9016172698,0,0
GUJARAT,Kachchh,DESIGNLUX PRIVATE LIMITED,info@designlux.in,9825868523,0,0
GUJARAT,Kachchh,DESAI'S SOLAR ENERGY,desaisolarenergy@gmail.com,9429021070,0,0
GUJARAT,Kachchh,DELUXE ENTERPRISE,infodeluxeenterprise@gmail.com,9429040663,0,0
GUJARAT,Kachchh,DELTA SOLAR ENERGY,deltasolarenergy1@gmail.com,9427539663,0,0
GUJARAT,Kachchh,DEK AND MAVERICKS GREEN ENERGY LIMITED,lalji.goltar@dmgel.in,8780289470,0,0
GUJARAT,Kachchh,DAY LIGHT SOLAR ENRGY,daylightsolarahm@gmail.com,8401605515,0,0
GUJARAT,Kachchh,DARSHAN CONSTRUCTION,darshhirpara911@gmail.com,8980278258,0,0
GUJARAT,Kachchh,D.K. & CO.,dkandcompanyrajkot@gmail.com,9925008040,0,0
GUJARAT,Kachchh,D.J.SOLAR & GENERAL,djsolar111@gmail.com,8401183303,0,0
GUJARAT,Kachchh,D-LIGHT SOLAR ENERGY LLP,epc@dlightsolarenergy.in,9898511535,0,0
GUJARAT,Kachchh,D SUN SOLAR,dsunsolar429@gmail.com,9904131777,0,0
GUJARAT,Kachchh,D S POWER SOLUTION,vipulas094@gmail.com,9106304356,0,0
GUJARAT,Kachchh,CYMENS ENTERPRISE,jaymakwana2062@gmail.com,9157133330,0,0
GUJARAT,Kachchh,CYBRID INFRATECH PRIVATE LIMITED,DEEPAK@CYBRIDINFRA.COM,9925299942,0,0
GUJARAT,Kachchh,CYBRIA SOLUTIONS,jagdish@cybriasolutions.com,9925026091,0,0
GUJARAT,Kachchh,CTONE METAL INDUSTRIES,hasmukhjoshi82@gmail.com,9909517156,0,0
GUJARAT,Kachchh,CROMPTON GREAVES CONSUMER ELECTRICALS LIMITED,solar.rooftop@crompton.co.in,9599589665,0,0
GUJARAT,Kachchh,CREST ENERGY SOLUTIONS,crestenergysolutions@gmail.com,9327415839,0,0
GUJARAT,Kachchh,CREASUN ENERGY,creasunenergy25@gmail.com,9624120591,0,0
GUJARAT,Kachchh,COSMIC SOLAR EPC PVT LTD,cosmicsolarepc@gmail.com,7984721299,0,0
GUJARAT,Kachchh,COSMIC POWER TECH,cosmicpowertech@gmail.com,9313720672,0,0
GUJARAT,Kachchh,COSMIC ENTERPRISE,cosmicenergy13.info@gmail.com,9429213406,0,0
GUJARAT,Kachchh,CORWIND RENERGY LLP,corwind.renergy@gmail.com,9428490118,0,0
GUJARAT,Kachchh,CONNECT POWER PRIVATE LIMITED,hannan@connect-power.in,9898195122,0,0
GUJARAT,Kachchh,CONCEPT SOLAR ENERGY,conceptsolarenergy21@gmail.com,9662414865,0,0
GUJARAT,Kachchh,COMPUTER SHOP,pradeep_deputy@yahoo.com,7043402514,0,0
GUJARAT,Kachchh,COMPASS ENERGIES,abhishek@compassenergies.in,9974458840,0,0
GUJARAT,Kachchh,COMET EVSOL,cometevsol@gmail.com,8780440726,0,0
GUJARAT,Kachchh,CMPLUS QUALITY SERVICES PRIVATE LIMITED,chandramauli_india@yahoo.com,9868881112,0,0
GUJARAT,Kachchh,CHUDASAMA TEMUBHA BALVANTSINH,adityasolar1987@gmail.com,8200459492,0,0
GUJARAT,Kachchh,CHARLES SOLAR POWER ENERGY,charlessolarpowerenergy1990@gmail.com,7016170076,0,0
GUJARAT,Kachchh,CHAMUNDA ELECTRICAL,chamundaelectrical1@gmail.coml,9723603864,0,0
GUJARAT,Kachchh,CHALAKNESI ENERGY,CHALAKNESHIENERGY@GMAIL.COM,9408539887,0,0
GUJARAT,Kachchh,CEYONE SOLAR,ceyonesolar@gmail.com,7567091000,0,0
GUJARAT,Kachchh,CER ROOFTOP PVT LTD,susanta.hota@cer-inc.com,8586971731,0,0
GUJARAT,Kachchh,CELESTRA SOLAR PVT LTD,info@celestrasolar.com,9998805002,0,0
GUJARAT,Kachchh,CELESTIAL RENEWABLE ENERGY,celestialrenewableenergy@gmail.com,9099033033,0,0
GUJARAT,Kachchh,CAPITAL WELDING,freexindia@gmail.com,9499602041,0,0
GUJARAT,Kachchh,C J ENTERPRISE,cjenterprise93@gmail.com,9429670026,0,0
GUJARAT,Kachchh,BURAK ENERGY,burakenergy7@gmail.com,9173110729,0,0
GUJARAT,Kachchh,BSN ELECTRICS PRIVATE LIMITED,bsnelectrics162018@gmail.com,9925249658,0,0
GUJARAT,Kachchh,BSAFAL RENEWABLE ENERGIES PVT LTD,nita.maru@bsrepl.com,9723706665,0,0
GUJARAT,Kachchh,BRITI ENERGY,britienergy2021@gmail.com,8460227728,0,0
GUJARAT,Kachchh,BRIHASPATHI TECHNOLOGIES PVT LTD,ramu@brihaspathi.com,9989999197,0,0
GUJARAT,Kachchh,BRIGHT SUN SOLAR SOLUTIONS,brightsun2029@gmai.com,9033398401,0,0
GUJARAT,Kachchh,BRAHMANI ELECTRICS,brahmanielectrics1987@gmail.com,9429758674,0,0
GUJARAT,Kachchh,BRAHMADIP ENTERPRISE,brahmadip.solar@yahoo.com,9427230047,0,0
GUJARAT,Kachchh,BOND SOLAR,bondsolar9@gmail.com,9998118505,0,0
GUJARAT,Kachchh,BLUTH SERVICES LLP,contact@bluthservices.com,8630697093,0,0
GUJARAT,Kachchh,BISON ENGINEERS,bisonengineers19@gmail.com,7573984542,0,0
GUJARAT,Kachchh,BILIPATRA ENTERPRISE,prajapatijalpesh24@gmail.com,9427928892,0,0
GUJARAT,Kachchh,BHUMI POLYMERS PRIVATE LIMITED (FORMERLY KNOWN AS BHUMI POLYMERS PRIVATE LIMITES),solar@bhumipolymers.com,9099084938,0,0
GUJARAT,Kachchh,BHUMI GREEN POWER,bhumigreenpower@gmail.com,9824956161,0,0
GUJARAT,Kachchh,BHSQUARE SOLAR INSTALLATION SERVICES,harshwork2422@gmail.com,9909431526,0,0
GUJARAT,Kachchh,BHAVI URJA,bhaviurja@gmail.com,9377359007,0,0
GUJARAT,Kachchh,BHAVI SOLAR AND ELECTRICALS,chaudharid04@gmail.com,9099754254,0,0
GUJARAT,Kachchh,BHAUTIK ENGINEERING CO.,vegadabhautik2410@gmail.com,9825690528,0,0
GUJARAT,Kachchh,BHASKAR SOLAR ENTERPRISE,info.bhaskarsolar@gmail.com,8980451231,0,0
GUJARAT,Kachchh,BHASKAR RAY ENERGY,bhaskarray018@gmail.com,9426975552,0,0
GUJARAT,Kachchh,BHARTI SOLAR,bhartisolar1@gmail.com,8160804583,0,0
GUJARAT,Kachchh,BHAGWATI ELECTRICALS,bhagwatielectricals99091@gmail.com,7990883575,0,0
GUJARAT,Kachchh,BHAGVATI SOLAR POWER,info@bhagvatisolarpower.com,7770007502,0,0
GUJARAT,Kachchh,BEYOND ENERGY,beyondenergy2025@gmail.com,8849608389,0,0
GUJARAT,Kachchh,BESIGNATURE SOLAR ENERGY PVT.LTD,signaturesolar975@gmail.com,7265996001,0,0
GUJARAT,Kachchh,BELIEVER RENEWAL ENERGY,bre.solar20@gmail.com,7434972242,0,0
GUJARAT,Kachchh,BELIEF GREEN TECH PVT LTD,mandaviyakanji@gmail.com,6351555029,0,0
GUJARAT,Kachchh,BELIANCE ENERGY INDIA PVT.LTD.,belianceenergy@gmail.com,8511651364,0,0
GUJARAT,Kachchh,BEACON ELECTROTECH LLP,info@beaconelectrotech.com,8460314011,0,0
GUJARAT,Kachchh,BAPA SITARAM SOLAR POWER PVT LTD,bapasitaramsolarpower@gmail.com,8511362222,0,0
GUJARAT,Kachchh,BAPA SITARAM RENEWABLE ENERGY,BSREVADODARA@GMAIL.COM,9925557878,0,0
GUJARAT,Kachchh,BANSIDHAR SOLAR ENERGY,banshidharsolarenergy@gmail.com,9726035143,0,0
GUJARAT,Kachchh,BANAS POWER,banaspower2020@gmail.com,9998418825,0,0
GUJARAT,Kachchh,BALA SOLAR,balasolar@yahoo.com,9879188034,0,0
GUJARAT,Kachchh,BAHUBALI CONSTRUCTION,pintudabhi626@gmail.com,8490005005,0,0
GUJARAT,Kachchh,BACKBONE ELECTRICALS,backbone.electricals@gmail.com,6356044325,0,0
GUJARAT,Kachchh,B-SOLAR CONSULTANT AND ENGINEER PVT LTD,md@bsolar.in,8000888019,0,0
GUJARAT,Kachchh,AZOLE POWER,azolepower9998@gmail.com,9998743101,0,0
GUJARAT,Kachchh,AYKKA TECHNOVISION PRIVATE LIMITED,aykka@outlook.in,9586508907,0,0
GUJARAT,Kachchh,AYAN SOLAR ENERGY,ayansolar25@gmail.com,7623886775,0,0
GUJARAT,Kachchh,AXIS ENERTECH,meet@axisenertech.com,9428028009,0,0
GUJARAT,Kachchh,AWAAS SEWA PRIVATE LIMITED,ADMIN@AWAAS.IN,9099189893,0,0
GUJARAT,Kachchh,AVINYA POWER SOLUTION,avinyapowersolution@gmail.com,9099317212,0,0
GUJARAT,Kachchh,AVI APPLIANCES PVT. LTD.,design01@avi-products.com,9913759764,0,0
GUJARAT,Kachchh,AVEE ENERGY,dhavalpatel1973@yahoo.in,9898233244,0,0
GUJARAT,Kachchh,AVATAR SOLAR PVT LTD,bharat@avatarsolar.com,9687055273,0,0
GUJARAT,Kachchh,AVANTA,info@avantasolar.com,9586355511,0,0
GUJARAT,Kachchh,AUTO FORGE ENGINEERS,autoforge2300@gmail.com,9925237321,0,0
GUJARAT,Kachchh,ATLAS MATRIX PVT LTD,atlassolar01@gmail.com,9016955068,0,0
GUJARAT,Kachchh,ATHARV ENERTECH,montu.dedakiya@gmail.com,9998943833,0,0
GUJARAT,Kachchh,ASV ENERGY SOLUTIONS,vikas30.asv@gmail.com,7879064335,0,0
GUJARAT,Kachchh,ASTHA ENTERPRISE,asthaenterprise8010@gmail.com,9925668010,0,0
GUJARAT,Kachchh,ASHISH ELECTROMECH,ashishelectromech@gmail.com,9426048587,0,0
GUJARAT,Kachchh,ASCENT ENERGY,ascentenergys@gmail.com,8799447675,0,0
GUJARAT,Kachchh,ARYA ELECTRICALS,arya.electricals2013@gmail.com,9428266003,0,0
GUJARAT,Kachchh,ARRAYCOM INDIA LIMITED,solar@arraycom.co.in,9909941004,0,0
GUJARAT,Kachchh,ARRAY ENERGY SOLUTION,ceo.arrayenergysolution@gmail.com,9979898440,0,0
GUJARAT,Kachchh,ARKURJA INNOVATIONS PRIVATE LIMITED,arkurjarenewables@gmail.com,7383188631,0,0
GUJARAT,Kachchh,ARKTEC RENEWABLE ENERGY LLP,arktecrenewableenergy@gmail.com,8160038659,0,0
GUJARAT,Kachchh,ARKAY SOLAR ENERGY LLP,arkaysolar02@gmail.com,9737636600,0,0
GUJARAT,Kachchh,ARK SOLAR ENERGY SOLUTIONS,arksolarenergy3@gmail.com,7874463444,0,0
GUJARAT,Kachchh,ARJUN ENTERPRISE,arjunenter2013@gmail.com,8780886508,0,0
GUJARAT,Kachchh,ARJAN SOLAR,info@arjansolar.com,9638064824,0,0
GUJARAT,Kachchh,ARIHAA SOLAR PVT LTD,ashish.arihaasolar@gmail.com,9825877888,0,0
GUJARAT,Kachchh,ARETE ELECTROPOWER PVT LTD,projects@arelectropower.com,9099940283,0,0
GUJARAT,Kachchh,ARENA AUTOMATION,arenaautomationb@gmail.com,9904018887,0,0
GUJARAT,Kachchh,ARCHER RENEWABLE PRIVATE LIMITED,info@archersolar.in,8000041003,0,0
GUJARAT,Kachchh,ARBUDA SOLAR,manan.chaudhari@hotmail.com,9638732097,0,0
GUJARAT,Kachchh,AQUILINE ENERGY SOLUTION,aquilineenergysolution@gmail.com,7016762587,0,0
GUJARAT,Kachchh,AQUA AIR ENVIRONMENTAL ENGINEERS PVT LTD,aquasolarsurat@gmail.com,9898068808,0,0
GUJARAT,Kachchh,APOLLO SOLAR POWER,dhavalsavani@icloud.com,9099006748,0,0
GUJARAT,Kachchh,APOLLO GREEN ENEGRY,apollogreenenergy2024@gmail.com,9825249415,0,0
GUJARAT,Kachchh,AONE RENEWABLE ENERGY,md.aonerenewableenergy@gmail.com,7435061657,0,0
GUJARAT,Kachchh,ANUPAM SMART ENERGY SOLAR,anupamsmartenergy@gmail.com,9601719818,0,0
GUJARAT,Kachchh,ANK SOLAR ENERGY,anksolarenergy@gmail.com,9724816510,0,0
GUJARAT,Kachchh,ANGEL SOLTECH,angelsoltech@gmail.com,8511029776,0,0
GUJARAT,Kachchh,ANGEL PUMPS PVT.LTD.,solar1@pumpsangel.com,9904809409,0,0
GUJARAT,Kachchh,ANANYA SOLAR ENTERPRISE,ananyasolarenterprise@gmail.com,9537638499,0,0
GUJARAT,Kachchh,ANANYA RENEWABLE ENERGY LLP,energy.ananyarenewable@gmail.com,9327003360,0,0
GUJARAT,Kachchh,ANANT SOLAR ENRGY,anantsolarenergy@gmail.com,9904198764,0,0
GUJARAT,Kachchh,ANANT SOLAR,anantsolar4242@gmail.com,8401714242,0,0
GUJARAT,Kachchh,ANANT ENERGY,anantenergy1910@gmai.com,9773476431,0,0
GUJARAT,Kachchh,ANAND AND ANAND ASSOCIATES,yogeshanandk@gmail.com,9426546256,0,0
GUJARAT,Kachchh,AMUL ENTERPRISE,amulenterprise92@gmail.com,9898618448,0,0
GUJARAT,Kachchh,AMSUNTECH SOLAR,amsuntechsolar@gmail.com,8238150585,0,0
GUJARAT,Kachchh,AMRUTAM RENEWABLE ENERGY,info@amrenergy.in,9016352248,0,0
GUJARAT,Kachchh,AMPLE SOLAR PVT LTD,ravi@amplesolar.in,9979792403,0,0
GUJARAT,Kachchh,ALPHA ENTERPRISE,maulik.solar@gmail.com,9725957991,0,0
GUJARAT,Kachchh,ALFA SOLAR ENERGY PVT. LTD.,alfaenergypvtltd24@gmail.com,9825374299,0,0
GUJARAT,Kachchh,ALFA SOLAR ENERGY,alfasolarenergy2020@gmail.com,9825374250,0,0
GUJARAT,Kachchh,ALAYNA GREEN ENERGY,taharkhantna@gmail.com,6353439659,0,0
GUJARAT,Kachchh,AKUNTHA PROJECTS PVT LTD,ravi@akuntha.com,9426402423,0,0
GUJARAT,Kachchh,AKHANDDEEP SOLAR SOLUTION,akhanddeepsolar@gmail.com,9978643099,0,0
GUJARAT,Kachchh,AKHAND SHAKTI SOLAR,apparanjape@gmail.com,9427003484,0,0
GUJARAT,Kachchh,AK GREEN ENERGY,akgreenenergy49@gmail.com,9974846833,0,0
GUJARAT,Kachchh,AIRSUN SOLAR ENERGY LLP,jatin@airsunsolarenergy.in,8799571627,0,0
GUJARAT,Kachchh,AILIS ENERGY PRIVATE LIMITED,suryagujarat@ailisenergy.com,8401541048,0,0
GUJARAT,Kachchh,AHAD SOLARTECH,ahad.solartech@gmail.com,9724259440,0,0
GUJARAT,Kachchh,AHAD ENERGY,info@ahadenergy.in,9737673768,0,0
GUJARAT,Kachchh,AEW SMART SERVICES PVT. LTD.,netmetering@aewsmart.com,8851047092,0,0
GUJARAT,Kachchh,AEROVOLT ENERGY PRIVATE LIMITED,aerovoltenergy@gmail.com,9558002201,0,0
GUJARAT,Kachchh,ADVANCE SOLAR,advancesolar139@gmail.com,7698756075,0,0
GUJARAT,Kachchh,ADVANCE ENERGY SOLUTION,info.advanceenergysolution@gmail.com,8799359849,0,0
GUJARAT,Kachchh,ADITYAURJA,info.adityaurjasolar@gmail.com,7359935517,0,0
GUJARAT,Kachchh,ADINSON ENERGY LLP,adinsonenergy2022@gmail.com,9724272728,0,0
GUJARAT,Kachchh,ACTIVE POWER INFRA,activepowerinfra@gmail.com,7228828738,0,0
GUJARAT,Kachchh,ACCURATE INFOTECH,accurateinfotech1@gmail.com,8866445623,0,0
GUJARAT,Kachchh,ACCLIMATE SYSTEMS PRIVATE LIMITED,acclimatesystem@gmail.com,7878538141,0,0
GUJARAT,Kachchh,AC DC PROJECTS,acdcprojects1@gmail.com,8200193182,0,0
GUJARAT,Kachchh,ABS SOLAR ENERGY,abssolar16@gmail.com,7574010721,0,0
GUJARAT,Kachchh,ABR ENERGY,abrenergy2019@gmail.com,9375208266,0,0
GUJARAT,Kachchh,AATREY SOLUTIONS,aatreysolutions@gmail.com,7698120241,0,0
GUJARAT,Kachchh,AATREY ASSOCIATES PRIVATE LIMITED,aatreyassociates@gmail.com,9824089144,0,0
GUJARAT,Kachchh,AASHA SOLAR ENERGY,aashasolarenergy1@gmail.com,7016775306,0,0
GUJARAT,Kachchh,AARUSH ENTERPRISE,info@aarushsolar.com,9724302078,0,0
GUJARAT,Kachchh,AAROHI SOLAR ENERGY,pram8384@gmail.com,8347341291,0,0
GUJARAT,Kachchh,AARAMBH RENEWABLE,aarambhrenewable@gamil.com,8487861888,0,0
GUJARAT,Kachchh,AANJNEY ENTERPRISE,aanjneysolar@gmail.com,6353161531,0,0
GUJARAT,Kachchh,AANGI SOLAR,aangisolar@gmail.com,8000848307,0,0
GUJARAT,Kachchh,AAMOKSH ELECTRICALS PRIVATE LIMITED,hardik.pandya4166@gmail.com,9998367462,0,0
GUJARAT,Kachchh,AAJIVAN SOLAR POWER,aajivansolarpower@gmail.com,9106798337,0,0
GUJARAT,Kachchh,AADITYA SOLAR,adityasolarnarmada@gmail.com,9265740687,0,0
GUJARAT,Kachchh,AA SOLAR,enquiry.aasolar@gmail.com,7984392322,0,0
GUJARAT,Kachchh,A S SOLAR ENTERPRISE,assolarenterprise@gmail.com,9510572504,0,0
GUJARAT,Kachchh,A S RENEWABLE ENERGY PRIVATE LIMITED,info@asre.co.in,9067207226,0,0
GUJARAT,Kachchh,A J INFRATECH AND SOLAR,aryanpatelvisnagar@gmail.com,9429083193,0,0
GUJARAT,Kachchh,A J DREAM SOLAR ENERGY,ajdreamsolarenegy@gmail.com,9725551751,0,0
GUJARAT,Kachchh,A D ENERGY SOLUTIONS,adenergysolutions64@gmail.com,9924503387,0,0
GUJARAT,Kachchh,5 RAYS ENERGY,5raysenergy@gmail.com,9979595404,0,0
GUJARAT,Kachchh,24R ENERGY,abhinav.24renergy@gmail.com,9898881359,0,0
