state,district,company_name,emails,contact_numbers,total_installed_capacity_kwp,no_of_installations
GUJARAT,Mahesana,SHREE UMIYA CORPORATION,shreeumiyacorp@gmail.com,8866731185,3205,917
GUJARAT,Mahesana,SKY POWER,skypowersvp@gmail.com,9723070267,2477,734
GUJARAT,Mahesana,ELLENCE ENERGY LLP,dhaval@ellenceenergy.com,9054073345,2188,702
GUJARAT,Mahesana,MAHADEV SALES AGENCY,mahadevsolarproject@gmail.com,7393939139,2385,694
GUJARAT,Mahesana,AUSTRALIAN PREMIUM SOLAR INDIA PVT LTD,systems@australianpremiumsolar.co.in,7966006600,2185,654
GUJARAT,Mahesana,SHREE KHODIYAR REFRIGERATION SALES AND SERVICE,shreekhodiyarref85@gmail.com,9825289293,2275,648
GUJARAT,Mahesana,SUNSPOT,msn.sunspot@gmail.com,6356810701,2116,581
GUJARAT,Mahesana,FUSION TECHNOLOGIES,fusiontech025@gmail.com,8200697067,1794,513
GUJARAT,Mahesana,IDEAL ELECTRICAL,idealelectric7@gmail.com,9638324167,1595,462
GUJARAT,Mahesana,NEOCENT SOLAR SYSTEM LLP,m.neocent@gmail.com,9974710486,1324,460
GUJARAT,Mahesana,DGR ENERGY PRIVATE LIMITED,dgrenergygroup@gmail.com,8128603082,1556,431
GUJARAT,Mahesana,DELUXE ENTERPRISE,infodeluxeenterprise@gmail.com,9429040663,1158,328
GUJARAT,Mahesana,SOLAR ACE,project.solarace@gmail.com,9909037803,1050,296
GUJARAT,Mahesana,SUNLIGHT GREEN ENERGY,sunlightgreenmeh@gmail.com,8460043385,1027,295
GUJARAT,Mahesana,SOLAR EARTH RENEWABLES PRIVATE LIMITED,ser@solarearth.in,7990378370,941,283
GUJARAT,Mahesana,SNETRIC POWER,snetricpower@gmail.com,8487013107,983,283
GUJARAT,Mahesana,SANELITE SOLAR PVT LTD,bhavesh.modi@sanelitesolar.com,9374021722,925,272
GUJARAT,Mahesana,SHIVAM SOLAR,solar.shivam2020@gmail.com,7575007551,926,258
GUJARAT,Mahesana,EFARM INTERNATIONAL PRIVATE LIMITED,info@efarmenergy.com,9723610012,858,254
GUJARAT,Mahesana,SATYASARA ENERGY PRIVATE LIMITED,satyasaraenergy@gmail.com,9909365808,871,249
GUJARAT,Mahesana,MAHAVEER ENTRPRISE,me.solarmaster@gmail.com,7878647771,886,245
GUJARAT,Mahesana,HELIOSNATURAL RENEWTECH PRIVATE LIMITED,marketing@heliosnatural.com,7600052305,868,245
GUJARAT,Mahesana,WATERSUN ELECTRICAL SOLUTIONS PVT LTD,watersunelectrical@gmail.com,7016589864,721,240
GUJARAT,Mahesana,SAVALIYA BROTHERS,SB.SAVALIYABROTHERS@GMAIL.COM,9687651107,875,233
GUJARAT,Mahesana,R V SOLAR,rvsolarvijapur@gmail.com,9726801070,771,232
GUJARAT,Mahesana,SOLINE SOLAR PRIVATE LIMITED,info@soline.in,9898535056,843,227
GUJARAT,Mahesana,SHRI SAI ELECTRICAL,rooftop@shrisaielectrical.co.in,6353970979,770,225
GUJARAT,Mahesana,KSQUARE ENERGY PVT LTD,projects@ksquareenergy.com,9725218150,814,223
GUJARAT,Mahesana,SOLAR EARTH,solarearth7@gmail.com,7990378370,758,222
GUJARAT,Mahesana,GANESH CORPORATION,ganeshcorporation3003@gmail.com,9979856236,789,219
GUJARAT,Mahesana,AHAD SOLARTECH,ahad.solartech@gmail.com,9724259440,756,218
GUJARAT,Mahesana,SUNROOF ELECTRICAL ENERGY,sunroofenergy100@gmail.com,9687893989,755,213
GUJARAT,Mahesana,P C LINK ENTERPRISE,pclinkenterprise@gmail.com,8238053941,703,211
GUJARAT,Mahesana,AVDHOOT ELECTRICAL INFRA,avdhootelectrical.infra@gmail.com,9586547798,770,210
GUJARAT,Mahesana,SURYAM ENERGY,dhavalpatel7037@gmail.com,8320698043,672,207
GUJARAT,Mahesana,R K ENTERPRICE,jayswal.ravi@ymail.com,9722252875,726,207
GUJARAT,Mahesana,UMA POWER SOLUTIONS,umapowersolution@gmail.com,9638953281,744,206
GUJARAT,Mahesana,TARA SOLAR ENERGY,tara.solar.2111@gmail.com,9408966600,699,203
GUJARAT,Mahesana,KHODIYAR ELECTRICAL (VISNAGAR),khodiyar.electrical210@gmail.com,9979632702,691,202
GUJARAT,Mahesana,SOLARIUM GREEN ENERGY LIMITED,np@solariumenergy.in,9687133338,675,193
GUJARAT,Mahesana,ADINSON ENERGY LLP,adinsonenergy2022@gmail.com,9724272728,657,191
GUJARAT,Mahesana,GUJARAT ENERGY,info@gujaratenergy.in,9723431234,641,188
GUJARAT,Mahesana,ELCON POWER,elconpower@outlook.com,8200061494,670,187
GUJARAT,Mahesana,A J INFRATECH AND SOLAR,aryanpatelvisnagar@gmail.com,9429083193,592,186
GUJARAT,Mahesana,MAPSTECH SYSTEMS,mapstechsystems@gmail.com,9998854510,671,181
GUJARAT,Mahesana,GURUKRUPA SOLAR AND AGRO INDUSTRIES,vishal@vishal-group.com,9328854525,618,179
GUJARAT,Mahesana,SOLAR SMART PVT LTD,solarsmart2021@gmail.com,7284000580,527,166
GUJARAT,Mahesana,LIGHTFLOW INDIA SOLAR,lightflowindia@gmail.com,8000835616,531,160
GUJARAT,Mahesana,ARK SOLAR ENERGY SOLUTIONS,arksolarenergy3@gmail.com,7874463444,559,158
GUJARAT,Mahesana,SKY WINGS SOLAR ENERGY,skywingssolar@gmail.com,9974839830,537,155
GUJARAT,Mahesana,V POWER SOLAR SERVICES,vpowersolarservices@gmail.com,9904254440,582,153
GUJARAT,Mahesana,R V ENERGY,rvenergy5@gmail.com,9427507035,517,151
GUJARAT,Mahesana,NINE TECH AUTOMATION,ninetechautomation09@gmail.com,9313375388,514,149
GUJARAT,Mahesana,M R ENTERPRISE,mr.enterprise1324@gmail.com,9099408818,486,145
GUJARAT,Mahesana,EURO SOLAR SYSTEM,eurosolarsystem@gmail.com,6351892467,480,145
GUJARAT,Mahesana,H AND S ENGINEERING,HSENGINEERING9698@GMAIL.COM,8980818699,488,144
GUJARAT,Mahesana,RK SUN POWER LLP,rksunpowertrading@gmail.com,9913785000,455,135
GUJARAT,Mahesana,HARI INFRA PROJECTS,info@hariindia.in,9998037067,434,126
GUJARAT,Mahesana,TROM INDUSTRIES LIMITED,marketing@tromsolar.in,9081017444,418,124
GUJARAT,Mahesana,AEILUS RENEWABLE ENERGY,aeilusrenewableenergy@gmail.com,8866581528,412,122
GUJARAT,Mahesana,ASV ENERGY SOLUTIONS,vikas30.asv@gmail.com,7879064335,433,120
GUJARAT,Mahesana,SUNBOOST PRIVATE LTD,info@sunboostenergy.com,9104227788,425,118
GUJARAT,Mahesana,SPEED O ENERGY,INFO.SPEEDOENERGY@GMAIL.COM,7016826003,379,117
GUJARAT,Mahesana,ICON ENERGY,info@iconenergy.in,9909999162,406,115
GUJARAT,Mahesana,SRI BALAJI SUN ENERGY,info@sribalajienergy.com,7878375444,240,106
GUJARAT,Mahesana,SOLAR GREEN DEVELOPERS,solargreendevelopers@gmail.com,9924507751,366,106
GUJARAT,Mahesana,RADHE ELECTRICAL,radheelectrical24@gmail.com,9601294783,368,106
GUJARAT,Mahesana,HIRANYA,chintan6310@gmail.com,9909009425,356,104
GUJARAT,Mahesana,OM SOLAR,VIPULKUMARPATEL43@YAHOO.IN,9714384884,293,103
GUJARAT,Mahesana,JAY SARDAR SOLAR POWER PRIVATE LIMITED,dbchaudhary108@gmail.com,9737550593,367,102
GUJARAT,Mahesana,DAY LIGHT SOLAR ENRGY,daylightsolarahm@gmail.com,8401605515,333,101
GUJARAT,Mahesana,A D ENERGY SOLUTIONS,adenergysolutions64@gmail.com,9924503387,352,97
GUJARAT,Mahesana,MARUTI ENTERPRISE,maruti.enterprise0915@hotmail.com,8866239646,346,96
GUJARAT,Mahesana,RAYS RENEWABLE ENERGY,raysrenewableenergy@gmail.com,7069175139,329,93
GUJARAT,Mahesana,HIYA ELECTRO ENGINEERS,hiyaelectroengineers@gmail.com,8128672333,326,90
GUJARAT,Mahesana,GAJANAND ENERGY INFRA,gajanandenergyinfra@gmail.com,9709768868,256,80
GUJARAT,Mahesana,D R ENTERPRISE,DRENTERPRISE3029@GMAIL.COM,7990689506,270,80
GUJARAT,Mahesana,U R ENERGY INDIA PVT LTD,india@urenergyglobal.com,9512040442,271,79
GUJARAT,Mahesana,SHREEJI MARKETING - TALOD,rajuksales@gmail.com,9974612008,272,79
GUJARAT,Mahesana,QORX ENERGY,qorxenergy1366@gmail.com,9904000629,261,77
GUJARAT,Mahesana,SIMMS ENGINEERING PVT LTD,simms_eng@yahoo.co.in,9825142376,271,73
GUJARAT,Mahesana,SHREE KRISHNA SALES AND SERVICES,info@skss.co.in,9998990694,246,73
GUJARAT,Mahesana,HEMALI ELECTRICALS,hemali_elect@rocketmail.com,9979874161,263,73
GUJARAT,Mahesana,SOLAR CLEAN ENERGY,socleanenergy@gmail.com,6354418196,246,68
GUJARAT,Mahesana,PLUGIN ELECTRICAL,info@pluginelectrical.in,9512020316,225,68
GUJARAT,Mahesana,I-TECH STORE,info.itechsolar@gmail.com,9879603933,237,68
GUJARAT,Mahesana,GSL ENERGY,gslenergy09@gmail.com,8320945187,255,68
GUJARAT,Mahesana,JAYVEER ELECTRICAL PRIVATE LIMITED,jayveerelectrical@gmail.com,9601679621,229,66
GUJARAT,Mahesana,4D ENERGY,4d.energy01@gmail.com,9574772407,231,65
GUJARAT,Mahesana,INVENTRIK ENTERPRISE,info@inventrik.co.in,8238083000,217,64
GUJARAT,Mahesana,SPIKE ENERGY,vspikeenergy@gmail.com,9662485355,216,63
GUJARAT,Mahesana,APS ROOFTOP SOLAR PRIVATE LIMITED,info@apsrooftopsolar.co.in,7966009900,220,62
GUJARAT,Mahesana,BADAL INDUSTRIES,badalindustries@gmail.com,9824594844,221,61
GUJARAT,Mahesana,ABHI ENERGETIC PVT LTD,abhi_electrical13@yahoo.com,9824345369,209,61
GUJARAT,Mahesana,PROSTARM INFO SYSTEMS LIMITED,mktg.ahm@prostarm.com,9316466272,210,59
GUJARAT,Mahesana,PAVAN ENERGY,pavanenergy1209@gmail.com,7016265112,198,59
GUJARAT,Mahesana,PEAKSUN ENERGY PRIVATE LIMITED,info@peaksunenergy.co.in,7486089901,187,58
GUJARAT,Mahesana,JAY SARDAR SOLAR PVT.LTD.,jaysardarsolar@gmail.com,8141500062,197,57
GUJARAT,Mahesana,SOLARISE TECHNOLOGIES,solarisetechnologies1@gmail.com,6351562596,203,53
GUJARAT,Mahesana,INFRAX RENEWABLE LIMITED,pmsg@infraxrenewable.com,9033260985,177,52
GUJARAT,Mahesana,NRS SOLAR SOLUTION,info.nrssolarsolution@gmail.com,8488953026,180,51
GUJARAT,Mahesana,SIDDHI ELECTRICAL ENGINEER AND CONTRACTOR,siddhielectrical77@gmail.com,9662061492,186,50
GUJARAT,Mahesana,DEVASYAM ENTERPRISE LLP,abpatel4318@gmail.com,9106684467,172,47
GUJARAT,Mahesana,360 POWER TECH,360powertech@gmail.com,8200827285,165,47
GUJARAT,Mahesana,SUNDROP POWER,powersundrop@gmail.com,9429482526,163,43
GUJARAT,Mahesana,ARRAY ENERGY SOLUTION,ceo.arrayenergysolution@gmail.com,9979898440,153,43
GUJARAT,Mahesana,KOTSON PROJECTS PRIVATE LIMITED,kotsonprojects@gmail.com,9978909595,145,42
GUJARAT,Mahesana,AMPERE GREEN ENERGY,amperegreenenergy@gmail.com,9033116472,139,41
GUJARAT,Mahesana,DHAVAL ELECTRIC SOLUTION,dhavalelectricsolution@gmail.com,8490990138,134,39
GUJARAT,Mahesana,CELESTIAL RENEWABLE ENERGY,celestialrenewableenergy@gmail.com,9099033033,132,38
GUJARAT,Mahesana,AMPLE SOLAR PVT LTD,ravi@amplesolar.in,9979792403,128,37
GUJARAT,Mahesana,SHINE SOLAR,shinesolar.marketing@gmail.com,7622023355,118,36
GUJARAT,Mahesana,SURYA SOLAR AND WATERS,rooftop@suryasolarwaters.com,9033266039,135,35
GUJARAT,Mahesana,MAPS TECHNO SOLUTIONS,mapstechnosolutions@gmail.com,9974386038,126,35
GUJARAT,Mahesana,ENJOY TECHNOLOGY,care.enjoytechnology@gmail.com,9727718887,116,35
GUJARAT,Mahesana,ZODIAC ENERGY LIMITED,info@zodiacenergy.com,7861852582,115,33
GUJARAT,Mahesana,JANSA SOLAR SOLUTIONS PVT LTD,jansa@kalptaru.co.in,9998000769,116,33
GUJARAT,Mahesana,VEE SECURE,veesecure.in@gmail.com,9825070982,116,32
GUJARAT,Mahesana,TECHNO ENERGY SOLUTIONS,tes010421@gmail.com,9725022866,110,32
GUJARAT,Mahesana,SUNSHREE SOLAR,sunshreesolar@gmail.com,9157838777,109,32
GUJARAT,Mahesana,PHOENIX CREATIONS LIMITED,phoenixcreations2011@gmail.com,9978578599,109,32
GUJARAT,Mahesana,NEELKANTHESHWAR SOLAR ENERGY,neelkantheshwarsolarenergy@gmail.com,8460048549,109,32
GUJARAT,Mahesana,NATURE CARE ADVISORS,naturecare.gujarat@gmail.com,8469991098,117,32
GUJARAT,Mahesana,AYAN SOLAR ENERGY,ayansolar25@gmail.com,7623886775,102,30
GUJARAT,Mahesana,SUNSPOT ENERGY LLP,info.sunspotenergy@gmail.com,8866110577,96,29
GUJARAT,Mahesana,SUNCENTER SOLAR ENERGY,suncentersolarenergy@gmail.com,8905055513,108,29
GUJARAT,Mahesana,ELITO ENERGY PRIVATE LIMITED,info@elitoenergy.com,7226024441,33,29
GUJARAT,Mahesana,UMAA ENTERPRISE,sales.umaa@gmail.com,9898701758,92,28
GUJARAT,Mahesana,SHRI KHATRI BATTERY SERVICE,khatribattery@gmail.com,9426029459,97,28
GUJARAT,Mahesana,EARTH SOLAR,earthsollar@gmail.com,9879911777,108,28
GUJARAT,Mahesana,SMIT ENGINEERING SOLUTION,smitengineering10@gmail.com,9033381684,95,27
GUJARAT,Mahesana,AARKA SOLAR AND AUTOMATION,aarkasolarandautomation@gmail.com,8511330941,96,27
GUJARAT,Mahesana,FARMSON ENERGY,info.pv@farmsonsolar.com,9687692733,93,26
GUJARAT,Mahesana,ANGEL SOLTECH,angelsoltech@gmail.com,8511029776,91,26
GUJARAT,Mahesana,URJASTROT PRIVATE LIMITED,urjastrotenterprise@gmail.com,7621010012,81,25
GUJARAT,Mahesana,SPARCO MULTIPLAST PVT LTD,info@sparcoenergy.com,9409269062,81,25
GUJARAT,Mahesana,SOLARNOVA ENERGY,solarnovaenergy@gmail.com,9913161358,84,25
GUJARAT,Mahesana,SHIVHARDHA SHD PROJECTS,shivhardha@gmail.com,9898692603,79,24
GUJARAT,Mahesana,P AND N ENGINEERING AND MARKETING,pandnsolarenergy@gmail.com,7622023251,84,24
GUJARAT,Mahesana,VISHWAKARMA ELECTRICALS,info.vishwakarmaelectricals@gmail.com,9426730030,77,23
GUJARAT,Mahesana,ARYA ELECTRICALS,arya.electricals2013@gmail.com,9428266003,84,23
GUJARAT,Mahesana,NYSA POWER,ronakpatel7319@gmail.com,9081819955,74,22
GUJARAT,Mahesana,MAHISAGAR SOLAR ENERGY,mahisagarsolarenergy23@gmail.com,8200154972,80,22
GUJARAT,Mahesana,SOLEOS GREEN ENERGY PRIVATE LIMITED,pruthvi@soleos.in,9512448900,71,21
GUJARAT,Mahesana,KITE SOLAR ENERGY,kitesolarenergy@gmail.com,6352523489,72,21
GUJARAT,Mahesana,JAYKAMAL ENERGY,JAYKAMAL.ENERGY@GMAIL.COM,9726862780,75,21
GUJARAT,Mahesana,EXCEL ELECTRICAL INFRA,info@excelelectricalinfra.com,8866900379,78,21
GUJARAT,Mahesana,NIDHI ELECTRICALS,thakkarumang82@gmail.com,9409322020,82,20
GUJARAT,Mahesana,GREEN ENERGY - RAJKOT,greenenergy123@gmail.com,9428010202,66,20
GUJARAT,Mahesana,ELEREN,director@ele-ren.com,9979788449,70,20
GUJARAT,Mahesana,RADIANT GREEN SOLUTIONS,davda.manthan@yahoo.in,9978911803,70,19
GUJARAT,Mahesana,INFRAX INTERNATIONAL,info@infraxsolar.com,7778002780,64,19
GUJARAT,Mahesana,GEER AGRO WORKS,geeragro@gmail.com,9898799789,72,19
GUJARAT,Mahesana,MAHADEV SOLAR ENTERPRISE,mahadevsolar2526@gmail.com,8758610449,60,18
GUJARAT,Mahesana,RABBIT ELECTRICAL AND SOLAR PVT. LTD.,respvtltd24@gmai.com,9727646420,63,17
GUJARAT,Mahesana,E2 SOLUTIONS,e2solutions.ahm@gmail.com,9409049645,58,17
GUJARAT,Mahesana,DHWANIL LIGHT ZONE,patelrikin3054@gmail.com,9409505790,57,17
GUJARAT,Mahesana,SURYAKAMAL INFRA PVT.LTD.,sales@suryakamalinfra.com,9727756866,58,16
GUJARAT,Mahesana,HET CONSULTANCY,hetconsultancy01@gmail.com,9586618784,54,16
GUJARAT,Mahesana,GRACE RENEWABLE ENERGY PVT LTD,project1@gracerenew.com,7573027788,55,16
GUJARAT,Mahesana,ZAVICH INFRASTRUCTURE AND POWER PVT LTD,zavichinfra@gmail.com,9106129608,56,15
GUJARAT,Mahesana,SOLWAVE ENGINEERING AND TRADING,solwave.energy24@gmail.com,9054220440,51,15
GUJARAT,Mahesana,HITECH SOLAR,jayesh@hitechsolar.in,7600059073,51,15
GUJARAT,Mahesana,ADVANCED ELETRICAL SOLUTIONS,info.aessolar@gmail.com,7574880300,73,15
GUJARAT,Mahesana,AAROHI SOLAR ENERGY,pram8384@gmail.com,8347341291,51,15
GUJARAT,Mahesana,SOLAR CLEAN ENERGY LIMITED,socleanenergy@gmail.com,9712666866,55,14
GUJARAT,Mahesana,SHIVRON INDUSTRY,shivronind.contr@gmail.com,9925248752,53,14
GUJARAT,Mahesana,GREEN EVER SYSTEMS PRIVATE LIMITED,greeneversystems@gmail.com,8866167111,47,14
GUJARAT,Mahesana,CHEHAR ENERGY,cheharenergy@gmail.com,9998077796,49,14
GUJARAT,Mahesana,ZEBRON SOLAR POWER SOLUTIONS,zebronsolar@gmail.com,9510370572,50,13
GUJARAT,Mahesana,V SOLAR,vsolar8521@gmail.com,7698297821,42,13
GUJARAT,Mahesana,PDF ENGINEERS PRIVATE LIMITED,project2.pepl@gmail.com,8803910391,46,13
GUJARAT,Mahesana,MADHAV ENERGY SOLUTION,info.madhavenergy@gmail.com,9408354018,46,13
GUJARAT,Mahesana,GRIDSOL ENERGY,GRIDSOLENERGY@GMAIL.COM,9724634747,43,13
GUJARAT,Mahesana,GARUDA POWER,garudapower26@gmail.com,9016555765,44,13
GUJARAT,Mahesana,EURO PREMIUM SOLAR SYSTEM (INDIA) PRIVATE LIMITED,info@europremiumsolar.com,7622023253,53,13
GUJARAT,Mahesana,AATREY SOLUTIONS,aatreysolutions@gmail.com,7698120241,43,13
GUJARAT,Mahesana,SUCCESS TECHNOCRAT,khatri292@gmail.com,9624001021,41,12
GUJARAT,Mahesana,SOHAM TECHNO SOLUTIONS,stssolar.document@gmail.com,9274349757,41,12
GUJARAT,Mahesana,MADHAV ENTERPRISE,madhavsolarshop@gmail.com,7990485674,39,12
GUJARAT,Mahesana,JAIMAX SUNBIM PVT LTD,jaimaxsunbim@gmail.com,8980024055,46,12
GUJARAT,Mahesana,ASHISH ELECTROMECH,ashishelectromech@gmail.com,9426048587,43,12
GUJARAT,Mahesana,APOLLO GREEN ENEGRY,apollogreenenergy2024@gmail.com,9825249415,44,12
GUJARAT,Mahesana,SUN LIGHT SOLAR,sunlightsolar0106@gmail.com,9726215972,38,11
GUJARAT,Mahesana,SOLARATIVE ENERGY SOLUTION,pavan.solarative@gmail.com,9327151411,40,11
GUJARAT,Mahesana,SHAURYAM ENTERPRISE,shauryamsolarenterprise@gmail.com,9173645491,40,11
GUJARAT,Mahesana,RAYBOTIX TECHNOLOGIES PVT LTD,info@raybotix.com,9978100900,39,11
GUJARAT,Mahesana,HEER SOLAR ENERGY,heersolarenergy@gmail.com,9427063399,35,11
GUJARAT,Mahesana,ZENITH SUNSPARK,zenithsunspark@gmail.com,8140946909,38,10
GUJARAT,Mahesana,VIRTA ENTERPRISE,INFO.VIRTAENTERPRISE@GMAIL.COM,7698432673,36,10
GUJARAT,Mahesana,KAGI RENEWABLE ENERGY,info.kagirenew@gmail.com,8401935902,38,10
GUJARAT,Mahesana,EVITUS ENERGY SOLUTIONS,evitusenergysolutions@gmail.com,8156006133,32,10
GUJARAT,Mahesana,CAPTAIN POLYPLAST LIMITED,solar@captainpolyplast.in,9313925889,33,10
GUJARAT,Mahesana,VIMAL ELECTRONICS,kcpatel@vimalelectronics.com,9099777176,40,9
GUJARAT,Mahesana,VIDE ENERGY,ankita.videenergy@gmail.com,9712668268,30,9
GUJARAT,Mahesana,SAUR SOLAR SOLUTION LLP,piyushpatel1974@gmail.com,9909417258,32,9
GUJARAT,Mahesana,LAKSH POWER TECH,lakshpowertech777@gmail.com,9825692073,32,9
GUJARAT,Mahesana,HERMES TECHNOLOGIES PRIVATE LIMITED,info@hermesdrives.com,9825066778,29,9
GUJARAT,Mahesana,HARIPRIY INDUSTRIES,haripriyindustries@gmail.com,9725022146,29,9
GUJARAT,Mahesana,AUTO FORGE ENGINEERS,autoforge2300@gmail.com,9925237321,30,9
GUJARAT,Mahesana,AARISH POWER,harshpatel5268@gmail.com,7600621060,29,9
GUJARAT,Mahesana,VINARA SOLUTIONS,vinarasolutions@gmail.com,8320754771,26,8
GUJARAT,Mahesana,SURYASE ENERGY,suryaseenergy@gmail.com,9662047390,27,8
GUJARAT,Mahesana,SUNTECH ENERGY,sales@suntechenergy.co.in,7383932396,26,8
GUJARAT,Mahesana,SUNPAY RENEWABLE ENERGY LLP,urvesh@sunpays.in,7383171515,28,8
GUJARAT,Mahesana,SUNHIT SOLAR SOLUTION LLP,sunil@sunhit.in,9712892197,30,8
GUJARAT,Mahesana,SOL ENERGY,solenergyn@gmail.com,7621852735,28,8
GUJARAT,Mahesana,SHINE ENERGY SOLUTION,info@shineenergysolution.in,9687959342,24,8
GUJARAT,Mahesana,PARTH SALES,parthsalessolar@gmail.com,9712426671,26,8
GUJARAT,Mahesana,NEETY EURO ASIA SOLAR ENERGY,falgun@nease.in,9909595442,34,8
GUJARAT,Mahesana,HYSUN SOLAR PRIVATE LIMITED,prajapatiomaram62@gmail.com,7573999961,30,8
GUJARAT,Mahesana,FASTRISE ENTERPRISE PRIVATE LIMITED,FASTRISEENTERPRISE@GMAIL.COM,7862079768,28,8
GUJARAT,Mahesana,AARU SOLAR PRIVATE LIMITED,sharad.aarusolar@gmail.com,9427954432,27,8
GUJARAT,Mahesana,VOLTEX SOLUTION,info.voltexsolution@gmail.com,9104629229,25,7
GUJARAT,Mahesana,SHIVAY SOLAR ENERGY PRIVATE LIMITED,sanjay1482@gmail.com,7490013700,24,7
GUJARAT,Mahesana,P.M.BAROT GREEN ENERGY,jaybarotkdbm@gmail.com,9327129667,22,7
GUJARAT,Mahesana,KREYA ENTERPRISES,kreyaentp@gmail.com,6359233332,30,7
GUJARAT,Mahesana,JAFFINS ENTERPRISE,solarbhavnagar@gmail.com,9375465252,26,7
GUJARAT,Mahesana,VIVAAN INFRA,info@vivaaninfra.in,9909916448,21,6
GUJARAT,Mahesana,UTSAV ELECTRICALS,info.utsavelectricals@gmail.com,9106623744,19,6
GUJARAT,Mahesana,UMA SOLAR,umasolar1995@gmail.com,9924491881,22,6
GUJARAT,Mahesana,SKYWIN SOLAR,skywinsolar@gmail.com,7984435493,21,6
GUJARAT,Mahesana,RELIABLE ELECTRIX,reliableelectrix@gmail.com,9925448033,19,6
GUJARAT,Mahesana,PRIME ENERGY,primeenergy321@gmail.com,9512022199,26,6
GUJARAT,Mahesana,N J ENERGY,nj.energy9@gmail.com,7487022943,19,6
GUJARAT,Mahesana,J S COMPANY,jscompany9@gmail.com,7990307424,19,6
GUJARAT,Mahesana,GREEN SOLAR ENERGY ENTERPRISES,greensolar.ahmedabad@gmail.com,9712909823,20,6
GUJARAT,Mahesana,DIVINE ENERGY,divineenergy42@gmail.com,6354051676,18,6
GUJARAT,Mahesana,CELESTRA SOLAR PVT LTD,info@celestrasolar.com,9998805002,25,6
GUJARAT,Mahesana,AILIS ENERGY PRIVATE LIMITED,suryagujarat@ailisenergy.com,8401541048,21,6
GUJARAT,Mahesana,SUNISTIC SOLAR ENERGY LLP,info@sunisticsolarenergy.com,9909507507,17,5
GUJARAT,Mahesana,STAR ENERGY SYSTEMS,starenergyindia@gmail.com,9825014314,17,5
GUJARAT,Mahesana,SOLIS ENERGY SYSTEM,bhargavpaneliya@solisenergysystem.com,9601270077,16,5
GUJARAT,Mahesana,SOLEAF ENERGY,infosolarsoleaf@gmail.com,7600008915,16,5
GUJARAT,Mahesana,SOHAM SOLAR SOLUTION,sohamsolarsolution@yahoo.com,9601751327,17,5
GUJARAT,Mahesana,PRISHA CORPORATION,prishacorporation183@gmail.com,9825505023,17,5
GUJARAT,Mahesana,MEKTECH SOLUTION,mektechsolution@gmail.com,7984595405,17,5
GUJARAT,Mahesana,MADYSON ELECTRICAL,madyson.electrical41@gmail.com,9998864567,18,5
GUJARAT,Mahesana,INQILAB ENGINEERING PRIVATE LIMITED,inqilabengineering@gmail.com,9099598998,16,5
GUJARAT,Mahesana,INFINITY RENEWABLE ENERGY,anand.infinityrenewableenergy@gmail.com,9913784000,20,5
GUJARAT,Mahesana,INFINITE ENERGY ANS TECHNOLOGY,planning@infiniteenergy.co.in,9099971778,19,5
GUJARAT,Mahesana,HI TECH ENERGY,hitechenergy17@gmail.com,9924388540,18,5
GUJARAT,Mahesana,HELIOS SELENE,sales@heliosselene.in,7600132252,16,5
GUJARAT,Mahesana,H.K ENERGY,hkenergy001@gmail.com,9586401312,17,5
GUJARAT,Mahesana,GREEN POWER SOLUTION,darjihardik777@gmail.com,8141216635,17,5
GUJARAT,Mahesana,BEACON ELECTROTECH LLP,info@beaconelectrotech.com,8460314011,15,5
GUJARAT,Mahesana,B-SOLAR CONSULTANT AND ENGINEER PVT LTD,md@bsolar.in,8000888019,16,5
GUJARAT,Mahesana,AHAD ENERGY,info@ahadenergy.in,9737673768,16,5
GUJARAT,Mahesana,AARSUN ENERGY SOLUTIONS,aarsunenergy@gmail.com,8200328869,16,5
GUJARAT,Mahesana,TULAJA ENTERPRISE,tulajaenterprise@gmail.com,9904866630,12,4
GUJARAT,Mahesana,SWAMI ENERGY,jigar.swamienergy@gmail.com,9725451293,15,4
GUJARAT,Mahesana,SURYA URJA SYSTEMS,suryaurjasystems@gmail.com,9824276142,14,4
GUJARAT,Mahesana,SOLAR ONLINE SKP,onlinesk044@gmail.com,8238539443,13,4
GUJARAT,Mahesana,SIGNAL AUTOMATION,solarservices1188@gmail.com,9978215636,14,4
GUJARAT,Mahesana,SHREE SOLAR POWER,nileshsorthiya2@gmail.com,9727620417,14,4
GUJARAT,Mahesana,SAVARIYA CORPORATION,savariyacorporation@gmail.com,9274166507,15,4
GUJARAT,Mahesana,PERFECT RENEWTECH PRIVATE LIMITED,info@perfectrenewtech.com,9965200700,16,4
GUJARAT,Mahesana,MJR INDUSTRIES PRIVATE LIMITED,mjrindustriespvtltd@gmail.com,9426998993,14,4
GUJARAT,Mahesana,KOSOL ENERGIE PVT. LTD.,bharat@sunray.co.in,8799696356,13,4
GUJARAT,Mahesana,GHANPRIYA ENERGY SOLUTION PRIVATE LIMITED,subsidy@ghanpriyaenergy.com,9958676060,14,4
GUJARAT,Mahesana,CHALAKNESI ENERGY,CHALAKNESHIENERGY@GMAIL.COM,9408539887,16,4
GUJARAT,Mahesana,AZOLE POWER,azolepower9998@gmail.com,9998743101,16,4
GUJARAT,Mahesana,ARENA AUTOMATION,arenaautomationb@gmail.com,9904018887,17,4
GUJARAT,Mahesana,AMPBEAT SOLUTION,ampbeatsolution@gmail.com,7575015022,14,4
GUJARAT,Mahesana,ALPHA ENTERPRISE,maulik.solar@gmail.com,9725957991,17,4
GUJARAT,Mahesana,ADARSH ANUKAMPA SERVICES,info@adarshindia.net,9825389314,14,4
GUJARAT,Mahesana,VR ENERGY,vrenergy4@gmail.com,9924390293,9,3
GUJARAT,Mahesana,VOLLT SOLAR ENERGY,volltsolar@gmail.com,8128550011,10,3
GUJARAT,Mahesana,VA PATEL INFRA PRIVATE LIMITED,mayurdhavajsinhgohil00@gmail.com,9428269204,9,3
GUJARAT,Mahesana,SOMPOWER ENTERPRISE,sompower.enterprise@gmail.com,9879615264,11,3
GUJARAT,Mahesana,SOLMECH ENERGY,solmechenergy@gmail.com,9998930960,10,3
GUJARAT,Mahesana,SOLAR TECHNOLOGY,info@solartechnology.in,9998063204,9,3
GUJARAT,Mahesana,SN GROUP OF COMPANY,sngroupofcompany2022@gmail.com,9725324439,9,3
GUJARAT,Mahesana,SHIV ENTERPRISE,shiventerprisesolor@gmail.com,7600438578,11,3
GUJARAT,Mahesana,SAMPTEL ENERGY PRIVATE LIMITED,project@samptelenergy.com,9727755187,9,3
GUJARAT,Mahesana,RISING ENERGY SOLUTIONS,risingenergy@yahoo.com,7990391839,10,3
GUJARAT,Mahesana,RADHASWAMI CORPOPRATION,radhaswamicorporation1@gmail.com,9687607072,12,3
GUJARAT,Mahesana,PAHAL SOLAR EPC LLP,avinash@pahalsolar.com,9512323223,9,3
GUJARAT,Mahesana,MATRIX ENTERPRISE,matrixsolar41@gmail.com,8905314234,9,3
GUJARAT,Mahesana,JAY BALOJ ENTERPRISE,umang066@gmail.com,7874165037,9,3
GUJARAT,Mahesana,JANETA SOLAR,info.janetasolar90@gmail.com,8734829145,12,3
GUJARAT,Mahesana,INFINITE URJA LLP,info@infiniteurja.in,8000049380,12,3
GUJARAT,Mahesana,H K SOLAR ENERGY,hkenergy16@gmail.com,9714516576,10,3
GUJARAT,Mahesana,GURU RENEWABLE,gururenewable@gmail.com,9687672620,11,3
GUJARAT,Mahesana,EVERGREEN RENEWABLE TECHNOLOGIES,ashishpanchal888@gmail.com,7359743295,9,3
GUJARAT,Mahesana,ENERZYTECH INDUSTRIES PRIVATE LIMITED,deep.bhojani@enerzytech.com,9727139999,9,3
GUJARAT,Mahesana,DIMAN SOLAR PVT LTD (FORMERLY KNOWN AS DIMAN OVERSEAS PVT LTD),info@dimansolar.com,9909928959,12,3
GUJARAT,Mahesana,CRYSTASOL ENERGY SOLUTIONS PRIVATE LIMITED,n.s.pathak18@gmail.com,7069335544,10,3
GUJARAT,Mahesana,BLEO ENERGY,bleoenergy@gmail.com,9924982211,10,3
GUJARAT,Mahesana,ANUPAM SMART ENERGY SOLAR,anupamsmartenergy@gmail.com,9601719818,10,3
GUJARAT,Mahesana,ALAYNA GREEN ENERGY,taharkhantna@gmail.com,6353439659,10,3
GUJARAT,Mahesana,VMD SOLAR ENERGY PRIVATE LIMITED,info@vmdsolarenergy.com,9974095302,7,2
GUJARAT,Mahesana,VIBRANT SOLAR SYSTEMS,sales.vibrantsolar@gmail.com,9408330692,6,2
GUJARAT,Mahesana,UTSAV TECHNO ENTERPRISE,utsavtechnoenterprise@gmail.com,7046612340,6,2
GUJARAT,Mahesana,URATOM SOLAR INDIA PVT LTD,pv@uratom.com,9925099249,8,2
GUJARAT,Mahesana,UMIYA ENTERPRISE - NARODA,umiyaenterprise1981@gmail.com,9725033295,6,2
GUJARAT,Mahesana,SUN MICRA RENEWABLE ENERGY,info@sunmicra.co.in,7990662677,6,2
GUJARAT,Mahesana,SOLARWAVE ENERGY,solarwaveenergy2@gmail.com,7490083005,7,2
GUJARAT,Mahesana,SOLARTRONICS ENERGY,info.solartronics@gmail.com,9426424973,6,2
GUJARAT,Mahesana,SOLARAM POWER INFRASTRUCTURE PRIVATE LIMITED,solarampower@gmail.com,9898041008,8,2
GUJARAT,Mahesana,SKY SUN ENTERPRISE,skysunenterprise@gmail.com,9408931070,7,2
GUJARAT,Mahesana,SHREEMAD ENGINEERS,shreemadbg@gmail.com,9913721961,6,2
GUJARAT,Mahesana,SHREEJI ELECTRICAL - ISANPUR,shreejielec312@yahoo.com,9408197081,6,2
GUJARAT,Mahesana,SHREE LALGHAR CORPORATION,shreelalgharcorporation@gmail.com,8200149120,10,2
GUJARAT,Mahesana,SCORP ENERGY PRIVATE LIMITED,mohit@scorpenergy.com,9925345121,6,2
GUJARAT,Mahesana,SATYAM ELECTRICALS,satyamelectrical@yahoo.com,9824256257,6,2
GUJARAT,Mahesana,RK RENEWABLE ENERGY & ENGINEERING WORKS,rkrenewable.engineering2020@gmail.com,9824961523,6,2
GUJARAT,Mahesana,RELIGHT ENERGY LLP,relightenergy.info@gmail.com,8000194738,6,2
GUJARAT,Mahesana,RD ENERGY SOLUTIONS,rdenergysolutions@outlook.com,8866226473,7,2
GUJARAT,Mahesana,RAYOLT ENERGY LLP,info@rayolt.com,9998745706,6,2
GUJARAT,Mahesana,RAJ GREEN ENERGY,rgeresource@gmail.com,9712911189,8,2
GUJARAT,Mahesana,R B RENEWABLES LLP,info@brrenewables.com,9898985672,6,2
GUJARAT,Mahesana,PURNIMA SOLAR ENERGY,rpateldeesa@gmail.com,9824320856,6,2
GUJARAT,Mahesana,PRODES CONSULTING ENGINEERS PRIVATE LIMITED,rajiv.ranjan.prakash786@gmail.com,8690444556,6,2
GUJARAT,Mahesana,PRIDE SOLAR ENERGY LLP,Pridesolarenergyllp@outlook.com,9664975264,4,2
GUJARAT,Mahesana,PRAVEG SOLAR,office.praveg@gmail.com,9081714161,6,2
GUJARAT,Mahesana,POWERSHINE ENERGY,powershineenergy1993@gmail.com,9723096888,8,2
GUJARAT,Mahesana,MAXIFLUENCE TECHNOVATE LLP,info@maxifluencetechnovate.com,9662298809,6,2
GUJARAT,Mahesana,MARUTI SUNSOLREN,marutisunsolren@gmail.com,8238145153,8,2
GUJARAT,Mahesana,MAKE INSIDE SOLUTIONS,info@makeinside.co.in,9898302030,7,2
GUJARAT,Mahesana,MADHAV SOLAR ENERGY LIMITED (FORMERLY KNOWN AS MADHAV ENTERPRISE - SURAT),info@madhavsolarenergy.com,8849299212,6,2
GUJARAT,Mahesana,KHUSHI SOLAR,khushisolar13.info@gmail.com,7600094866,6,2
GUJARAT,Mahesana,GANESH GREEN BHARAT LIMITED,sales@ganeshgreen.com,9519518951,5,2
GUJARAT,Mahesana,E-TECH SOLUTION & SOLAR,etechsolution.solar@gmail.com,9099563174,6,2
GUJARAT,Mahesana,DEVDEEP ELECTRICALS,devdeepelectricals@gmail.com,9726879009,6,2
GUJARAT,Mahesana,CITIZEN SOLAR PVT. LTD.,tsjain@citizensolar.com,9825144499,6,2
GUJARAT,Mahesana,CHAUDHARY DESIGNERS & FABRICATORS,cdfsolarpv@gmail.com,9712922019,7,2
GUJARAT,Mahesana,BHAVANI ELECTRICALS,beplpatan@gmail.com,9824014075,9,2
GUJARAT,Mahesana,BHAKTINANDAN POWER PVTLTD,bhaktinandanpower@gmail.com,9724031529,6,2
GUJARAT,Mahesana,BHAGIRATH ELECTRICAL SERVICES,bhagirathelectricalservices@gmail.com,7990606284,6,2
GUJARAT,Mahesana,APEX RENEWABLE ENERGY,apexenergy95@gmail.com,9737972543,7,2
GUJARAT,Mahesana,ANANT ENERGY,anantenergy1910@gmai.com,9773476431,8,2
GUJARAT,Mahesana,AIRSUN SOLAR ENERGY LLP,jatin@airsunsolarenergy.in,8799571627,6,2
GUJARAT,Mahesana,WISEN ENERGY LLP,info@wisenenergyllp.com,9016979007,3,1
GUJARAT,Mahesana,WISE GOAL SERVICES PRIVATE LIMITED,hr.wisegoal@gmail.com,7567161902,3,1
GUJARAT,Mahesana,VIYA ELECTRIC PRIVATE LIMITED,info@viyaelectric.com,9033092026,3,1
GUJARAT,Mahesana,VISHVAM POWER PRIVATE LIMITED,vishvampowerpl@gmail.com,9723191446,4,1
GUJARAT,Mahesana,VERTEX SOLAR SOLUTIONS PVT LTD,vertexnad@gmail.com,8758614088,3,1
GUJARAT,Mahesana,VARUN ENGINEERING,varunpatel2027@gmail.com,9727854101,3,1
GUJARAT,Mahesana,VARIZONE SOLAR PRIVATE LIMITED,varizonesolar@gmail.com,9426111113,3,1
GUJARAT,Mahesana,V S INDUSTRIES,info@vsindustry.in,6354165443,4,1
GUJARAT,Mahesana,URJA ASSISTANCE,gujarat@urjaassistance.com,9724806341,5,1
GUJARAT,Mahesana,UPVOLTAGE SOLUTIONS LLP,upvoltagesolutions@gmail.com,7990618259,3,1
GUJARAT,Mahesana,TROPICAL SOLAR ENERGY PRIVATE LIMITED,connect@tropicalsolar.in,8160023355,3,1
GUJARAT,Mahesana,TRIZONE POWER,trizonepower05@gmail.com,9638052084,3,1
GUJARAT,Mahesana,SURYA ENTERPRISE,suryaenterprise8324@gmail.com,9687975891,3,1
GUJARAT,Mahesana,SUNSAI SOLAR SYSTEMS,solar@sunsai.co.in,9925808788,3,1
GUJARAT,Mahesana,SUNREST INFRA ENERGY,sunrestinfraenergy@gmail.com,9638063381,3,1
GUJARAT,Mahesana,SUNPLUG TECHNOLOGIES LLP,hnchavda87@gmail.com,9427020496,4,1
GUJARAT,Mahesana,SUNNOVATIVE SOLAR ENERGY SOLUTION PVT LTD,ravi@sunnovative.com,8153819531,4,1
GUJARAT,Mahesana,SUNFRAA RENEWABLES LLP,partner@sunfraa.com,6354296570,5,1
GUJARAT,Mahesana,SUNFLARE SOLUTIONS AND SERVICES PVT LTD,info@sunflaresns.com,9998430407,3,1
GUJARAT,Mahesana,SUNCELL SOLAR LLP,suncellsolarenergy@gmail.com,9512668884,3,1
GUJARAT,Mahesana,SP POWERTECH,sppowertech44@gmail.com,9408129713,3,1
GUJARAT,Mahesana,SOM ENERGY SYSTEMS,info@somenergysystems.com,8401909576,3,1
GUJARAT,Mahesana,SOLWAVE SOLAR,solwave4solar@gmail.com,9409344465,3,1
GUJARAT,Mahesana,SOLARMAX ENERGY PRIVATE LIMITED,info@solarmaxenergy.in,9409222221,3,1
GUJARAT,Mahesana,SOL MAX SOLUTION,mpboricha111@gmail.com,9429343757,3,1
GUJARAT,Mahesana,SMART ENERGY SOLUTIONS,smartenergysolutions99@gmail.com,8511495982,3,1
GUJARAT,Mahesana,SKYLINE SOLAR SYSTEM,skylinesolarsystem@gmail.com,9106430159,3,1
GUJARAT,Mahesana,SILVER CYPHER TECHNOLOGIES,silvercyphersolar@gmail.com,8460699699,4,1
GUJARAT,Mahesana,SILVER CONSUMER ELECTRICALS LIMITED (FORMERLY KNOWN AS SILVER CONSUMER ELECTRICALS PRIVATE LIMITED),kevin.patel@silverpumps.com,7486059400,3,1
GUJARAT,Mahesana,SIGMA ENGINEERING,sigma_engg@yahoo.co.in,9825205934,3,1
GUJARAT,Mahesana,SHREEJI SOLAR,info.shreejisolar@gmail.com,9904351125,2,1
GUJARAT,Mahesana,SHANTINIKETAN COMPUTER AND COMMUNICATION PVT LTD,shantiniketan@hotmail.com,9428444211,3,1
GUJARAT,Mahesana,SAVIOR SOLAR ENERGY,saviorsolarenergy@outlook.com,8980517729,3,1
GUJARAT,Mahesana,SAAN ELECTRICAL,saanelectrical@gmail.com,9033735490,3,1
GUJARAT,Mahesana,S DIPAK AND CO,sdipaksolar@gmail.com,9898664858,6,1
GUJARAT,Mahesana,RUDRASOL ENERGY PRIVATE LIMITED,rudrasolenergy@gmail.com,9408397604,3,1
GUJARAT,Mahesana,RISING SUN ENERGY,risingsunenergy2018@gmail.com,7405303305,3,1
GUJARAT,Mahesana,RENESYS POWER SYSTEMS PRIVATE LIMITED,project@renesys.in,7069751110,9,1
GUJARAT,Mahesana,REDREN ENERGY PVT LTD,rooftop@redren.in,9104591041,3,1
GUJARAT,Mahesana,RE360,gogreen@re360.in,8258976667,4,1
GUJARAT,Mahesana,RARA-AVIS RENEWABLE ENERGY PRIVATE LIMITED,info@raraavisenergy.com,7043374434,3,1
GUJARAT,Mahesana,RAICHURA ENERGY,raichuraenergy@gmail.com,9879152830,3,1
GUJARAT,Mahesana,RADIANT SOLAR SOLUTIONS,paresh@radiantsolarsolution.com,9979632096,3,1
GUJARAT,Mahesana,RADIANT GREENS SOLAR,info@radiantgreens.in,8140316334,4,1
GUJARAT,Mahesana,PROMECH SOLAR ENERGY,promechsolarenergy@gmail.com,9662026679,3,1
GUJARAT,Mahesana,PRINIX POWER OPC PRIVATE LIMITED,prinixpower@gmail.com,7600755058,3,1
GUJARAT,Mahesana,PRASHANT ENTERPRISE,prashantenterprise.solar@gmail.com,9409337000,3,1
GUJARAT,Mahesana,PRANIK POWER INFRA PRIVATE LIMITED,solar.pranik@gmail.com,9925237347,3,1
GUJARAT,Mahesana,PRACHI GREEN GREEN ENERGY PVT LTD,prachigreenenergy@gmail.com,9737830854,3,1
GUJARAT,Mahesana,POWERTRAC INDUSTRIES LIMITED,info@powertracsolar.com,7573014610,3,1
GUJARAT,Mahesana,POINTER INSTRUMENTS SERVICES,pointer1729@gmail.com,9033543187,3,1
GUJARAT,Mahesana,PIXON GREEN ENERGY PRIVATE LIMITED,tender@pixonenergy.in,7229035912,5,1
GUJARAT,Mahesana,PHOTOVOLTAIC SOLAR,info@photovoltaicsolar.in,8866488000,3,1
GUJARAT,Mahesana,PARTHKUMAR VIKRAMBHAI KAMANIYA,kpv2322@gmail.com,9313098584,3,1
GUJARAT,Mahesana,PARAS TECHNOCRAT PVT. LTD,info@parastechnocrat.in,7621983131,3,1
GUJARAT,Mahesana,ONIX RENEWABLE LIMITED,naman.viradiya@onixrenewable.in,9586043661,3,1
GUJARAT,Mahesana,OCEANIC POWER ENGINEERS PRIVATE LIMITED,oceanicpower.in@gmail.com,7778065600,3,1
GUJARAT,Mahesana,NIL ENGINEERING,nil.engineering@yahoo.com,9228387183,3,1
GUJARAT,Mahesana,NEXUS RENEWTECH,nexusrenewtech@gmail.com,8849277955,3,1
GUJARAT,Mahesana,MBTION ENGINEERING,mbtionengineering@gmail.com,8320565108,3,1
GUJARAT,Mahesana,MAXIM ENERGY,maximenergy21@gmail.com,9265123804,3,1
GUJARAT,Mahesana,MARUTI ELECTRICALS,info.maruti16@yahoo.com,9727474683,3,1
GUJARAT,Mahesana,MANYAH ENERGY PVTLTD,manyahenergy@gmail.com,9925065224,3,1
GUJARAT,Mahesana,LOGICTECH SOLAR AND AUTOMATION PVT LTD,logictechsolar@gmail.com,9429580846,3,1
GUJARAT,Mahesana,LA CARTE RETAILERS PVT LTD,lacarte09@gmail.com,9909920700,3,1
GUJARAT,Mahesana,KRIVA ENTERPRISE,krivaenterprise22@gmail.com,9722740977,5,1
GUJARAT,Mahesana,KK ENTERPRISE,LATHIYA410@GMAIL.COM,9925590208,3,1
GUJARAT,Mahesana,KHUSHI IRRIGATION AND SOLAR,khushi.irrigationandsolar@gmail.com,9638370303,3,1
GUJARAT,Mahesana,KALPTARU RENEWABLE POWER PVT LTD,support@kalptaru.co,7600780720,4,1
GUJARAT,Mahesana,JIGS ELECTRICAL,jigselectrical@gmail.com,9979129392,2,1
GUJARAT,Mahesana,JAY DADA SOLAR,jaydadasolar@gmail.com,6353659868,3,1
GUJARAT,Mahesana,JANTA RENEWABLE ENRGY,jantarenewableenergy@gmail.com,9898897373,3,1
GUJARAT,Mahesana,INSTANT TECHNOLOGY,info@instantgroup.live,8200782232,3,1
GUJARAT,Mahesana,INFINITY SOLAR - RAJKOT,infinitysolar2022@gmail.com,7201070799,3,1
GUJARAT,Mahesana,INFINITY POWER,infinitypower1026@gmail.com,8758875751,3,1
GUJARAT,Mahesana,IMAGINE POWERTREE PRIVATE LIMITED,imagine.powertree@gmail.com,9586121111,3,1
GUJARAT,Mahesana,H S ENTERPRISE,hiralpatel3031@gmail.com,9773257603,4,1
GUJARAT,Mahesana,GWE INFRA PROJECTS PRIVATE LIMITED,dhaval.gwe@gmail.com,9726198989,3,1
GUJARAT,Mahesana,GROW EARTH RENEWABLE TECHNOLOGIES,divyesh@growearthsolar.com,9104495364,3,1
GUJARAT,Mahesana,GREYANAS INDUSTRIES PRIVATE LIMITED,greyanassolar@gmail.com,9408715033,4,1
GUJARAT,Mahesana,GREENNETIC RENEWABLE PRIVATE LIMITED,sales.greenneticrenewable@gmail.com,8320563819,3,1
GUJARAT,Mahesana,GREENLEAF SOLAR ENERGY,info.greenleaf1@gmail.com,9313945225,3,1
GUJARAT,Mahesana,GREEN SUN ENERGY,teamgreensun@gmail.com,9274525232,3,1
GUJARAT,Mahesana,GITANJALI DEVELOPERS,dhavalparmar.dp39@gmail.com,8200332871,3,1
GUJARAT,Mahesana,GEETANJALI INDUSTRIES,jaskoenergy@gmail.com,8866200620,6,1
GUJARAT,Mahesana,FRELIT ENERGY PRIVATE LIMITED,frelitenergy@gmail.com,9512700130,4,1
GUJARAT,Mahesana,ENERSOL SOLUTIONS LLP,karan@enersol.co.in,7069555533,3,1
GUJARAT,Mahesana,EMISSIONS FREE WORLD PVT LTD,emissionsfreeworld@gmail.com,8320097477,4,1
GUJARAT,Mahesana,EMDERS ENTERPRISE,info.emders@gmail.com,7016614013,3,1
GUJARAT,Mahesana,EFFORTS SOLAR PRIVATE LIMITED (FORMERLY KNOWN AS EFFORTS ENTERPRISES),admin@effortsgroup.in,9067817117,3,1
GUJARAT,Mahesana,ECOWATT ENERGY,ecowattenergy18@gmail.com,9978638437,4,1
GUJARAT,Mahesana,E-POWER SOLAR ENERGY,epowerenergyinfo@gmail.com,9484784798,3,1
GUJARAT,Mahesana,DESIGNLUX PRIVATE LIMITED,info@designlux.in,9825868523,5,1
GUJARAT,Mahesana,DESAI'S SOLAR ENERGY,desaisolarenergy@gmail.com,9429021070,3,1
GUJARAT,Mahesana,COSMIC POWER TECH,cosmicpowertech@gmail.com,9313720672,0,1
GUJARAT,Mahesana,CONCEPT SOLAR ENERGY,conceptsolarenergy21@gmail.com,9662414865,3,1
GUJARAT,Mahesana,BHANU PV SOLAR PVT LTD,bhanupvsolarpvtltd@gmail.com,9510398989,3,1
GUJARAT,Mahesana,BANAS POWER,banaspower2020@gmail.com,9998418825,3,1
GUJARAT,Mahesana,AVEE ENERGY,dhavalpatel1973@yahoo.in,9898233244,4,1
GUJARAT,Mahesana,ARKAY ICONIC PRIVATE LIMITED,arkaysolar@gmail.com,8401236600,3,1
GUJARAT,Mahesana,AMRUTAM RENEWABLE ENERGY,info@amrenergy.in,9016352248,3,1
GUJARAT,Mahesana,AADITYA SOLAR,adityasolarnarmada@gmail.com,9265740687,3,1
GUJARAT,Mahesana,A U ENTERPRISE,contact.auenterprise@gmail.com,8140570688,3,1
GUJARAT,Mahesana,ZY ENTERPRISE,zyenterprise12@gmail.com,8460313094,0,0
GUJARAT,Mahesana,ZUNROOF TECH PVT LTD,gosolar@zunroof.com,9205893368,0,0
GUJARAT,Mahesana,ZMR ENERGY INCORPORATION,zmrenergyincorporation@gmail.com,9924818113,0,0
GUJARAT,Mahesana,ZEEPO ELECTRICAL SERVICES PRIVATE LIMITED,zeepoelectricalservices@gmail.com,9664823942,0,0
GUJARAT,Mahesana,ZALA HAKUBHA NARSISINH,solar.hakubha1508@gmail.com,9925103777,0,0
GUJARAT,Mahesana,YUVARAYS SOLAR,yuvarayssolar@gmail.com,9824624497,0,0
GUJARAT,Mahesana,YUVAAN ENERGY PRIVATE LIMITED,sales@yuvaanenergy.com,9825045890,0,0
GUJARAT,Mahesana,YUG SOLAR,yugsolar@gmail.com,6359410052,0,0
GUJARAT,Mahesana,YOGI BATTERY CENTRE,yogipowersystem@yahoo.co.in,9824088156,0,0
GUJARAT,Mahesana,YOG ENTERPRISE,yogenterprise.vallabhipur@gmail.com,7600790079,0,0
GUJARAT,Mahesana,YELLOWFELLOW ENERGIES LLP,viraj@yellowfellow.in,8200955676,0,0
GUJARAT,Mahesana,YELLOWCREST ENERGY LLP,yellowcrestenergy@gmail.com,9904675445,0,0
GUJARAT,Mahesana,YELLOW RAY SOLAR,yellowraysolar@gmail.com,9427443581,0,0
GUJARAT,Mahesana,YASHVI ENTERPRISE,yashvientsami@gmail.com,8849331593,0,0
GUJARAT,Mahesana,YASHONAND ELECTRO SERVICE PVT LTD,yashonand2022@gmail.com,9157197171,0,0
GUJARAT,Mahesana,YAGNIKKUMAR VALLABHBHAI SAVALIYA,yagniks1999@gmail.com,9409326590,0,0
GUJARAT,Mahesana,Y CAME SYSTEMS,ycamesystem009@gmail.com,8320408867,0,0
GUJARAT,Mahesana,WHITESUN GREEN ENERGY PRIVATE LIMITED,rakesh.bhudia14@hotmail.com,8511740671,0,0
GUJARAT,Mahesana,WHITEDESERT POWER PROJECTS PVT. LTD.,wdplnkt@gmail.com,9427760723,0,0
GUJARAT,Mahesana,VSG ENTERPRISE,SURYAKANTGORASIYA3024@GMAIL.COM,9979632447,0,0
GUJARAT,Mahesana,VRUND ENERGY,vrundenergy@gmail.com,9574779572,0,0
GUJARAT,Mahesana,VRAJ ENTERPRISE,vrajsolarsolutions@gmail.com,8140000903,0,0
GUJARAT,Mahesana,VOLTECH ELECTRICALS,voltechelectricals156@gmail.com,7567771900,0,0
GUJARAT,Mahesana,VOLT'S LEGACY ENERGY SOLUTION,contact@voltslegacy.com,9998765059,0,0
GUJARAT,Mahesana,VIVAN ENERGY,vivanenergy09@gmail.com,9979890230,0,0
GUJARAT,Mahesana,VITRAG TECHNO PRIVATE LIMITED,ad.vitragsolar@gmail.com,7778882668,0,0
GUJARAT,Mahesana,VISWAN ENERGY SOLUTIONS,viswanenergy@gmail.com,8866641649,0,0
GUJARAT,Mahesana,VISION SOLAR,visionenergy196@gmail.com,6351131196,0,0
GUJARAT,Mahesana,VISION INFOSYS,info@vision-infosys.in,9825061749,0,0
GUJARAT,Mahesana,VISHWASH ENTERPRISE,vishwashenterprise2422@gmail.com,6355098324,0,0
GUJARAT,Mahesana,VISHWAS SOLAR ENERGY,vishwassolar25@gmail.com,9426486257,0,0
GUJARAT,Mahesana,VISHWA SOLAR EXPERT,vishwasolar68@gmail.com,9724968018,0,0
GUJARAT,Mahesana,VISAKA GREEN PRIVATE LIMITED,vsolar@visaka.in,8770905614,0,0
GUJARAT,Mahesana,VIRAJBHAI VISUBHAI KHACHAR,gchauhan17388@gmail.com,9898986662,0,0
GUJARAT,Mahesana,VIJAY SOLAR ENERGY,vijaysolarenergy940@gmail.com,6351211549,0,0
GUJARAT,Mahesana,VIJAY ELECTRIC COMPANY,vijayelectricco@rediffmail.com,8200337720,0,0
GUJARAT,Mahesana,VIDHYUT URJA,vidhyut.urja10@gmail.com,9664845692,0,0
GUJARAT,Mahesana,VIDHYUT SOLAR,vidhyutsolarenergy@gmail.com,8347838900,0,0
GUJARAT,Mahesana,VIABLE SOLAR,viable.solar9990@gmail.com,9913344841,0,0
GUJARAT,Mahesana,VIA ELECTRIC,hello.viaelectric@gmail.com,9925203764,0,0
GUJARAT,Mahesana,VENUS ENTERPRISE,venusenergy2228@gmail.com,7990678583,0,0
GUJARAT,Mahesana,VENTURE SOLAR SOLUTION,info@venturesolarsolution.com,9979632050,0,0
GUJARAT,Mahesana,VEERASOL TECHNOLOGY,info@veerasol.com,9558899931,0,0
GUJARAT,Mahesana,VEER SOLAR GREEN ENERGY,veersolar2024@gmail.com,8347173977,0,0
GUJARAT,Mahesana,VEDA ENTERPRISE,info.vedaenterprise@gmail.com,8401103393,0,0
GUJARAT,Mahesana,VECTON ENERGY,vectonenergy@gmail.com,8000140159,0,0
GUJARAT,Mahesana,VCL ENERGY,vclenergy777@gmail.com,9825492605,0,0
GUJARAT,Mahesana,VASUSENA SOLAR ENERGY,vasusenasolarenergy07@gmail.com,9265356623,0,0
GUJARAT,Mahesana,VASHRAMBHAI LAKHABHAI GHED,satrang.com@gmail.com,9624152555,0,0
GUJARAT,Mahesana,VASANI SOLAR SOLUTION,vasani.solar.solution@gmail.com,9998404646,0,0
GUJARAT,Mahesana,VARRCHASVA ENERGY PRIVATE LIMITED,vaibhav@varrchasva.com,9100520101,0,0
GUJARAT,Mahesana,VARDHAN SALES,vardhansolar91@gmail.com,9512020935,0,0
GUJARAT,Mahesana,VALAM ENTERPRISE,valamenterprise007@gmail.com,9824881693,0,0
GUJARAT,Mahesana,VAKRATUND INNOVATION PRIVATE LIMITED,operation@vakratundinnovation.com,6351039120,0,0
GUJARAT,Mahesana,VAIJNATH GLOBAL,vaijnathglobal@gmail.com,9106991946,0,0
GUJARAT,Mahesana,VAGHASIA HITESH B,vaghasia_hitesh@yahoo.com,9979773121,0,0
GUJARAT,Mahesana,VAATI POWER,vaatipower@gmail.com,9510010005,0,0
GUJARAT,Mahesana,V-GUARD INDUSTRIES LIMITED,solar@vguard.in,9895550313,0,0
GUJARAT,Mahesana,UVR TECHSOL PRIVATE LIMITED,uvrtechsol@gmail.com,9227106799,0,0
GUJARAT,Mahesana,URJA GLOBAL LIMITED,bhagwan.verma@urjaglobal.in,7290005823,0,0
GUJARAT,Mahesana,URJA ELECTRICALS,urja.electricals.dhg@gmail.com,8469551508,0,0
GUJARAT,Mahesana,UNIVERSE ENTERPRISE,muljinakum1103@gmail.com,7878789968,0,0
GUJARAT,Mahesana,UNITY ENERGY SOLUTION,unityenergysolution@gmail.com,9099094027,0,0
GUJARAT,Mahesana,UNIQUE SOLAR SERVICE,UNIQUESOLARSERVICERAJKOT@GMAIL.COM,7046082382,0,0
GUJARAT,Mahesana,UNIQUE ELECTRICAL,sales.epc2016@gmail.com,9099000148,0,0
GUJARAT,Mahesana,UNICORN ENTERPRISE,unicornsolarvyara@gmail.com,8200121328,0,0
GUJARAT,Mahesana,UNICORN ELECTRICALS AND PROJECTS,unicornelectricals20@gmail.com,9510968626,0,0
GUJARAT,Mahesana,UNICON ENERGY,info@uniconenergy.com,9974545444,0,0
GUJARAT,Mahesana,UMIYA TRADING COMPANY,umiyatradingcompany1287@gmail.com,9998850299,0,0
GUJARAT,Mahesana,ULTRAVIOLET SOLAR PVT.LTD.,info@uvrays.co.in,7878699099,0,0
GUJARAT,Mahesana,ULTRASUN ENERGY,info@ultrasunenergy.com,9909911071,0,0
GUJARAT,Mahesana,ULTRA RAYS ENERGY SOLUTION,ultrarays2019@gmail.com,7984482472,0,0
GUJARAT,Mahesana,UKEL AUTOMATION LLP,ukelautomation@gmail.com,9998008889,0,0
GUJARAT,Mahesana,UJALA COMPANY,ujalasolarcompany@gmail.com,7874157474,0,0
GUJARAT,Mahesana,UDB ENERGY PVT. LTD.,udbenergypvtltd@gmail.com,7077014714,0,0
GUJARAT,Mahesana,TVARIT ENERGY LLP,meet@tvritenergy.in,8511600853,0,0
GUJARAT,Mahesana,TRINITY RENEWABLE ENERGY,info.trinityrenewableenergy@gmail.com,9227000392,0,0
GUJARAT,Mahesana,TRIDENT POWER,trident.power24@gmail.com,7698264402,0,0
GUJARAT,Mahesana,TRADE X,tradex.solarenergy22@gmail.com,9106834748,0,0
GUJARAT,Mahesana,TOUCHCORE CONSULTANCY,touchcore27@gmail.com,9909284285,0,0
GUJARAT,Mahesana,TIRUPATI SOLAR,tirupatisolar@hotmail.com,7043343509,0,0
GUJARAT,Mahesana,THE WOLT TECHNIQUES,director@woltsolarproducts.com,9904238777,0,0
GUJARAT,Mahesana,THE SHIVSHAKTI ENTERPRISE,Shivshakti2688@gmail.com,9913418634,0,0
GUJARAT,Mahesana,THE MOON KNIGHT,themoonknight913@gmail.com,9081313777,0,0
GUJARAT,Mahesana,THE MECHTECH SOLUTIONS,themechtechsolutions@gmail.com,9714928728,0,0
GUJARAT,Mahesana,TERAIYA ENTERPRISE,teraiyaenterprise@gmail.com,8780802225,0,0
GUJARAT,Mahesana,TEJ ENERGY LLP,director@tejenergy.com,9426856508,0,0
GUJARAT,Mahesana,TECHSUNBIO GREEN ENERGY PRIVATE LIMITED,info@techsunbio.com,9925336536,0,0
GUJARAT,Mahesana,TECHNOVATIVE GREEN ENERGY SOLUTIONS,technovativesolar@gmail.com,6354031108,0,0
GUJARAT,Mahesana,TECHNOGOODS ENTERPRISES,TechnoGoods@outlook.com,9904709693,0,0
GUJARAT,Mahesana,TECHNOCRATS ENGINEERS,technocratsengineers007@gmail.com,9974214007,0,0
GUJARAT,Mahesana,TECHNOCELL INDUSTRIAL SERVICES,skg23aqua@yahoo.in,9979348446,0,0
GUJARAT,Mahesana,TECHNO POWER,technopower0001@gmail.com,8200360798,0,0
GUJARAT,Mahesana,TECHNO ELECTRONICS,sales@technopower.co.in,9825236894,0,0
GUJARAT,Mahesana,TATVAM INDUSTRIES,parth.tatvam@protonmail.com,7990101643,0,0
GUJARAT,Mahesana,TATSAT NRGS,tatsatnrgs@gmail.com,7984576567,0,0
GUJARAT,Mahesana,TARUN AND CO,taruncopwr@gmail.com,9879534866,0,0
GUJARAT,Mahesana,TAPTI SOLAR,taptisolar@gmail.com,9157028811,0,0
GUJARAT,Mahesana,TAJ ELECTRICALS,tajelectricals.daman@gmail.com,9824790965,0,0
GUJARAT,Mahesana,TAIYO SOLAR SYTEM INTEGRATOR LLP,info@taiyosolar.co.in,9825324580,0,0
GUJARAT,Mahesana,SYSTEM RENEWABLE ENERGY,nbagwan8@gmail.com,9662361740,0,0
GUJARAT,Mahesana,SYSTEM LEVEL SOLUTIONS INDIA PVT LTD,sales@getsunsights.com,7486992856,0,0
GUJARAT,Mahesana,SYNNOVE POWER TECHNOLOGY,synnovepowertechnology@gmail.com,9033346701,0,0
GUJARAT,Mahesana,SYNCHRO ENERGY,synchroenergy389@gmail.com,9974737316,0,0
GUJARAT,Mahesana,SYNC GLOBAL SOLUTIONS,syncenergyindia@gmail.com,8854084325,0,0
GUJARAT,Mahesana,SWEV INDIA PVT LIMITED,swevindia@gmail.com,7984328691,0,0
GUJARAT,Mahesana,SWASTIK SOLAR SYSTEM,swastiksolar07@gmail.com,9712412011,0,0
GUJARAT,Mahesana,SWARG INDUSTRIES PVT LTD,info@swargworld.com,9824999527,0,0
GUJARAT,Mahesana,SWAMI INTEGRATOR AND CONSULTANTS LLP,sanjib@swamisolar.com,8980800743,0,0
GUJARAT,Mahesana,SUTARIAS SOLUTIONS PRIVATE LTD,sspl.hasmukh@gmail.com,9099510408,0,0
GUJARAT,Mahesana,SURYOSA SOLAR PRIVATE LIMITED,info@suryosa.com,9998018314,0,0
GUJARAT,Mahesana,SURYATRIC SOLAR PVT LTD,info.suryatrick@gmail.com,9979652010,0,0
GUJARAT,Mahesana,SURYASTRA GREEN INITIATIVES PRIVATE LIMITED,suryastraindia@gmail.com,8128007602,0,0
GUJARAT,Mahesana,SURYASIDDHI ENERGY SOLUTION PRIVATE LIMITED,suryasiddhienergysolutions@gmail.com,8460641891,0,0
GUJARAT,Mahesana,SURYANCE SOLAR,suryancesolar@gmail.com,9664504655,0,0
GUJARAT,Mahesana,SURYAMANI SOLAR,suryamanisolar@gmail.com,8140000257,0,0
GUJARAT,Mahesana,SURYAMAAN ENERGY,info.suryamaan@gmail.com,9722243637,0,0
GUJARAT,Mahesana,SURYAM INTERNATIONAL PRIVATE LIMITED,marketing@groupsurya.co.in,8093011632,0,0
GUJARAT,Mahesana,SURYADEV SOLAR,suryadevsolar4@gmail.com,9327175676,0,0
GUJARAT,Mahesana,SURYADEV SALES & SERVICE,suryadev2k20@gmail.com,7016946571,0,0
GUJARAT,Mahesana,SURYABHUMI SOLAR ENERGY,suryabhumisolarenergy@gmail.com,8866019146,0,0
GUJARAT,Mahesana,SURYA SHAKTI SOLAR,suryashaktisolar09@gmail.com,7567992734,0,0
GUJARAT,Mahesana,SURYA SHAKTI,suryashaktisolar.18@gmail.com,8488010488,0,0
GUJARAT,Mahesana,SURYA INTERNATIONAL,suryavishnu159@yahoo.com,9825802298,0,0
GUJARAT,Mahesana,SUREWORTH SOLAR,Sureworthsolar@gmail.com,7698763040,0,0
GUJARAT,Mahesana,SURESHBHAI SADURBHAI BARBACHIYA,surechbarbachiya41@gmail.com,9879299136,0,0
GUJARAT,Mahesana,SURAYAY NAMAH ENERGY PRIVATE LIMITED,rahul@surayaynamahenergy.com,9554055565,0,0
GUJARAT,Mahesana,SURAJGEMA POWER,SURAJGEMAPOWER@GMAIL.COM,8460515124,0,0
GUJARAT,Mahesana,SUPER WATT POWER SOLUTIONS LLP,power.superwatt@gmail.com,9920320366,0,0
GUJARAT,Mahesana,SUNWAY SOLAR,sunwaysolar02@gmail.com,7698832340,0,0
GUJARAT,Mahesana,SUNWAVE ENERGY,sunwave.energy123@gmail.com,7046070468,0,0
GUJARAT,Mahesana,SUNVINE RENEWABLE,sunvinerenewable@gmail.com,8000050580,0,0
GUJARAT,Mahesana,SUNTRAC SOLAR,suntrac.jh@gmail.com,9979363442,0,0
GUJARAT,Mahesana,SUNSPARK SOLAR SOLUTIONS (FORMERLY KNOWN AS SUSSPARK SOLAR SOLUTIONS ),sunsparksolarsolutions23@gmail.com,9664693254,0,0
GUJARAT,Mahesana,SUNSOLAR SOLUTIONS (INDIA) PRIVATE LIMITED,jigar@sunsolarsolutions.co.in,9638189589,0,0
GUJARAT,Mahesana,SUNSNATCH SOLUTIONS LLP,monark.sunsnatch@gmail.com,7698536878,0,0
GUJARAT,Mahesana,SUNSKY SOLAR,trdesai@sunskysolar.co.in,9727518665,0,0
GUJARAT,Mahesana,SUNSHINE SOLUTIONS,modimehul26@gmail.com,9016959291,0,0
GUJARAT,Mahesana,SUNSHINE SOLAR,sunshinesolarsurat@gmail.com,9537733133,0,0
GUJARAT,Mahesana,SUNSHAPE ENERGY,sunshapeenergy@gmail.com,9913783302,0,0
GUJARAT,Mahesana,SUNSETLIFE SOLAR PRIVATE LIMITED,sunsetlifesolar@gmail.com,9574427119,0,0
GUJARAT,Mahesana,SUNSAFE INFRA SERVICES,INFO@SUNSAFE.IN,9033673308,0,0
GUJARAT,Mahesana,SUNSAFE INFRA PRIVATE LIMITED,sunsafe.np@gmail.com,7227050091,0,0
GUJARAT,Mahesana,SUNRUN GREEN ENERGY,sunrungreenenergy@gmail.com,6354883949,0,0
GUJARAT,Mahesana,SUNRISE INDIA,satyanarayantiwari2022@gmail.com,7208291414,0,0
GUJARAT,Mahesana,SUNRISE ENTERPRISE,sunriseenterprise6388@gmail.com,9904889087,0,0
GUJARAT,Mahesana,SUNRAYS ENERGY,keyursheth.14@gmail.com,9978724010,0,0
GUJARAT,Mahesana,SUNRAISE INDUSTRIES,info@sunraiseindustries.com,9722106810,0,0
GUJARAT,Mahesana,SUNPOWER ENERGY,sunpowerenergy.solar@gmail.com,7405095299,0,0
GUJARAT,Mahesana,SUNLIGHT SOLAR ENTERPRISE,bhaveshparmar4793@gmail.com,8320866769,0,0
GUJARAT,Mahesana,SUNLIGHT INFRA ENERGY PRIVATE LIMITED,tender@sunlights.in,9998374580,0,0
GUJARAT,Mahesana,SUNLIGHT ENERGY SOLUTIONS,sunlightenergysolutions01@gmail.com,9824668001,0,0
GUJARAT,Mahesana,SUNLAND SOLAR ENERGY,sunlandsolarenergy@gmail.com,8141810505,0,0
GUJARAT,Mahesana,SUNIFY SOLAR LLP,sunifysolar@gmail.com,8141455505,0,0
GUJARAT,Mahesana,SUNGOLD ENTERPRISE,sungoldenterprise123@gmail.com,9737147433,0,0
GUJARAT,Mahesana,SUNCARE ENERTECH PVT LTD,suncaresolar3@gmail.com,7405450545,0,0
GUJARAT,Mahesana,SUNBYTE ENERGY SOLUTIONS LLP,info.sunbyteenergy@gmail.com,7698971717,0,0
GUJARAT,Mahesana,SUNBUY RENEWABLES PVT LTD,darshan@sunbuy.in,9328281611,0,0
GUJARAT,Mahesana,SUNBURST GREEN ENERGY LLP,office@sunburstgreen.com,9879514559,0,0
GUJARAT,Mahesana,SUNBLOOM ENERGY PRIVATE LIMITED,info@sunbloomenergy.com,9662874669,0,0
GUJARAT,Mahesana,SUNARC ELECTRICALS,sunarcelectricals@gmail.com,9687025729,0,0
GUJARAT,Mahesana,SUN VISION SOLAR,info@sunvisionsolar.in,9924112225,0,0
GUJARAT,Mahesana,SUN TECH ENERGY SOLUTION,suntech.rutvij@gmail.com,8320301975,0,0
GUJARAT,Mahesana,SUN SPARKLE ENERGY,sunsparkleenergy@gmail.com,9016093505,0,0
GUJARAT,Mahesana,SUN ENERGY,sunenergybharat@gmail.com,9427352326,0,0
GUJARAT,Mahesana,SUMERU SOLUTION,sumerusolution22@gmail.com,8866426625,0,0
GUJARAT,Mahesana,SUKOON POWER TECHNOLOGY,sukoonpowertech@gmail.com,9712946594,0,0
GUJARAT,Mahesana,SUKARM,sukarmsolar@gmail.com,9925045163,0,0
GUJARAT,Mahesana,STRONG SUN SOLAR ENERGY,strongsunsolarenergy@gmail.com,7622011292,0,0
GUJARAT,Mahesana,STEELHACKS INDUSTRIES,unisolsolar2000@yahoo.com,9825049997,0,0
GUJARAT,Mahesana,STARLUMEN ENERGY LLP,sales.starlumen@gmail.com,8758737125,0,0
GUJARAT,Mahesana,STAR ELECTRICALS,starhalol389350@gmail.com,9909118137,0,0
GUJARAT,Mahesana,STANDARD ENGINEERS & CONTRACTORS,standardelectricals7177@gmail.com,8140080726,0,0
GUJARAT,Mahesana,SSB ICONIC LLP,s2belectricals@gmail.com,9016903767,0,0
GUJARAT,Mahesana,SPY AUTOMATION,spyautomation61@gmail.com,7227000497,0,0
GUJARAT,Mahesana,SPARQ ENERTECH PVT LTD,info@sparqenertech.com,9558971268,0,0
GUJARAT,Mahesana,SP TECHNOLOGY,Sptechnology2023@gmail.com,9586267664,0,0
GUJARAT,Mahesana,SP EPC SOLUTIONS,psbuma@gmail.com,9537824788,0,0
GUJARAT,Mahesana,SP ENGINEERING,sp.engineering2k19@gmail.com,6353577489,0,0
GUJARAT,Mahesana,SOULSHINE RENEWABLE ENERGY,epc.soulshine@gmail.com,9913895893,0,0
GUJARAT,Mahesana,SOR ENTERPRISE,sorsolar@yahoo.com,9824428293,0,0
GUJARAT,Mahesana,SOORYABHUMI ENERGY,sooryabhumienergy2024@gmail.com,8155887304,0,0
GUJARAT,Mahesana,SONIK SOLAR POWER SOLUTION,Sonikpanchal27@gmail.com,8200291250,0,0
GUJARAT,Mahesana,SOMNATH ENERGY,somnath.solarenergy@gmail.com,7600250096,0,0
GUJARAT,Mahesana,SOLYUG RENEWABLES,info@solyugrenewables.com,9099562009,0,0
GUJARAT,Mahesana,SOLVEIG SOLAR PRIVATE LIMITED,solveigsolar@gmail.com,9724362544,0,0
GUJARAT,Mahesana,SOLSKIN ENERGY LLP,solskinenergy@gmail.com,8128988878,0,0
GUJARAT,Mahesana,SOLNCE ENERGY PRIVATE LIMITED,NATIONALPORTALSOLNCE@GMAIL.COM,7990480061,0,0
GUJARAT,Mahesana,SOLISTA ENERGY,solistaenergy8@gmail.com,9106194946,0,0
GUJARAT,Mahesana,SOLEXY SOLAR POWER PVT. LTD.,ssepl1962@gmail.com,9810725280,0,0
GUJARAT,Mahesana,SOLEX GREEN ENERGY PRIVATE LIMITED,pravin.d@solex.in,9376820081,0,0
GUJARAT,Mahesana,SOLEX ENERGY LIMITED,solexcd@gmail.com,6354605180,0,0
GUJARAT,Mahesana,SOLARWISE-NEXG PRIVATE LIMITED,solarwise69@gmail.com,9910803171,0,0
GUJARAT,Mahesana,SOLART,solart.sunfuel@gmail.com,8866506193,0,0
GUJARAT,Mahesana,SOLARSYS GREENTECH PRIVATE LIMITED,deepak@solarsysgreentech.in,8488976829,0,0
GUJARAT,Mahesana,SOLARLOGIX PRIVATE LIMITED,contact@solarlogix.in,7979053489,0,0
GUJARAT,Mahesana,SOLARIZE RENEWABLES PVT. LTD.,info@solarizerenewables.com,9081999400,0,0
GUJARAT,Mahesana,SOLARIS TECHNO,solaristechno@gmail.com,8767917570,0,0
GUJARAT,Mahesana,SOLARIS 360,info@solaris360.com,9998117531,0,0
GUJARAT,Mahesana,SOLARINA RENEWABLE PRIVATE LIMITED,solarinarenewable@gmail.com,9824351021,0,0
GUJARAT,Mahesana,SOLARBERG SOLUTIONS,sureshbavishiya@gmail.com,9879200821,0,0
GUJARAT,Mahesana,SOLAR4U ENTERPRISE,solar4uenterprise1@gmail.com,9510708411,0,0
GUJARAT,Mahesana,SOLAR SUNPOWER,solarsunpower2020@gmail.com,8238835771,0,0
GUJARAT,Mahesana,SOLAR ENERGY,solarpioneer19@gmail.com,9033868265,0,0
GUJARAT,Mahesana,SOLAR EDITION,solaredition18@gmail.com,7990909838,0,0
GUJARAT,Mahesana,SOHAM ENTERPRISE,sachinpatel3132@gmail.com,9924142513,0,0
GUJARAT,Mahesana,SODHA ELECTRIC SERVICE,sohail.sodha@gmail.com,8000093095,0,0
GUJARAT,Mahesana,SNS ENERGY PVT. LTD.,sujitsharma@snsenergy.co.in,7043136049,0,0
GUJARAT,Mahesana,SNAP SOLAR,snapsolar7@gmail.com,7572851098,0,0
GUJARAT,Mahesana,SMIT SOLAR SOLUTIONS,smitsolarsolutions@gmail.com,9924793020,0,0
GUJARAT,Mahesana,SMART SOLAR ENERGY,smartsolarenergy8542@gmail.com,7435907512,0,0
GUJARAT,Mahesana,SMART SECURE SOLUTIONS,mahanand@smartsecure.net.in,9737117888,0,0
GUJARAT,Mahesana,SMART ROOF SOLAR SOLUTION PVT. LTD.,enquiry@gosmartroof.com,9971481718,0,0
GUJARAT,Mahesana,SKYVOLT POWER TECHNOLOGIES LLP,skyvoltpower25@gmail.com,9909798222,0,0
GUJARAT,Mahesana,SKYVIEW POWER,skyviewpower17@gmail.com,8140055305,0,0
GUJARAT,Mahesana,SKYLIGHT SOLAR,skylightsolar03@gmail.com,9510905126,0,0
GUJARAT,Mahesana,SKYLAR INDIA,darshansolarkheda@gmail.com,8530252952,0,0
GUJARAT,Mahesana,SKY TECH ENERGY,info.skytechenergy@gmail.com,6355092898,0,0
GUJARAT,Mahesana,SKY RISE SOLAR,skyrisesolar@gmail.com,9328009285,0,0
GUJARAT,Mahesana,SKY RENEWABLE,piush123.pp@gmail.com,9638166779,0,0
GUJARAT,Mahesana,SKY POWER ENERGY,skypowerenergy03@gmail.com,8849719837,0,0
GUJARAT,Mahesana,SKY LARK SOLAR PRIVATE LIMITED,skylarksolar7@gmail.com,7016360083,0,0
GUJARAT,Mahesana,SKY ENTERPRISE,skyenterprise.re@gmail.com,9428164222,0,0
GUJARAT,Mahesana,SKY BLUE SOLAR PVT .LTD,Skybluesolarpvtltd@gmail.com,9104566242,0,0
GUJARAT,Mahesana,SKY BLUE SOLAR,skybluesolar56@gmail.com,9824965349,0,0
GUJARAT,Mahesana,SIYAVAR ENERGY,SIYAVARENERGY@GMAIL.COM,9773131455,0,0
GUJARAT,Mahesana,SITARAM CORPORATION,sitaramcorporation2025@gmail.com,8141427041,0,0
GUJARAT,Mahesana,SIGMA SUN ENERGY,info.sigmasunenergy@gmail.com,9726764498,0,0
GUJARAT,Mahesana,SIDOM SYNERGY PRIVATE LIMITED,sidomsynergy@gmail.com,9408454029,0,0
GUJARAT,Mahesana,SIDDHIVINAYAK ENGINEERING COMPANY,shreeganeshaquva@gmail.com,9904954348,0,0
GUJARAT,Mahesana,SHYAM SOLAR ENERGY,vschohla@GMAIL.COM,8140796593,0,0
GUJARAT,Mahesana,SHYAM ENTERPRISE,shyamsolarenergy10@gmail.com,8000145645,0,0
GUJARAT,Mahesana,SHRI RAM SOLAR ENERGY LLP,admin@shriramsolarenergy.com,9712912421,0,0
GUJARAT,Mahesana,SHRI MARUTI ENTERPRISE,tdoshi76@gmail.com,9428358150,0,0
GUJARAT,Mahesana,SHRI KHODIYAR ENTERPRISE,shrikhodiyar1978@gmail.com,9727358029,0,0
GUJARAT,Mahesana,SHREYISHA ENGINEERING,shreyishaengineering@gmail.com,8460445802,0,0
GUJARAT,Mahesana,SHREEJI SOLAR SYSTEM,shreejisolars@gmail.com,9265296741,0,0
GUJARAT,Mahesana,SHREEJI SOLAR SOLUTION,npparikh@hotmail.com,9879537250,0,0
GUJARAT,Mahesana,SHREEJI SOLAR ENERGY SYSTEMS,snpatel2605@gmail.com,9712914272,0,0
GUJARAT,Mahesana,SHREEJI SOLAR & SERVICES,NILVADERA141@GMAIL.COM,9106331904,0,0
GUJARAT,Mahesana,SHREEJI SALES - KARAMSAD,shreejisales125@gmail.com,9586548051,0,0
GUJARAT,Mahesana,SHREEJI POWER SOLUTIONS,shreejiss@yahoo.com,9824338633,0,0
GUJARAT,Mahesana,SHREEJI GRIN SOLAR,shrijigreensolar@gmail.com,7203005770,0,0
GUJARAT,Mahesana,SHREEJI ENTERPRISES - WADI,Sandipgandhi113@gmail.com,9825077605,0,0
GUJARAT,Mahesana,SHREEJI ENTERPRISES - BHAYLI,shreejie1@gmail.com,9099710184,0,0
GUJARAT,Mahesana,SHREEJI ENTERPRISE-SURAT,epc.solar@shreejiconstruction.com,9825108890,0,0
GUJARAT,Mahesana,SHREEJI ENTERPRISE - MANJALPUR,shreejienergy844@gmail.com,7041803421,0,0
GUJARAT,Mahesana,SHREEJI ENERGY SOLUTION,shreejienergysolution@gmail.com,8460595980,0,0
GUJARAT,Mahesana,SHREEJI ELECTRICALS,shreejiele@gmail.com,9825089343,0,0
GUJARAT,Mahesana,SHREE VISHNU SALES AGENCY,shreevishnusalesagency@gmail.com,9825324608,0,0
GUJARAT,Mahesana,SHREE SURYA SOLAR SOLUTION,shreesurya2016@gmail.com,8000720006,0,0
GUJARAT,Mahesana,SHREE SOLAR VENTURE PVT LTD,shreesolarventure@gmail.com,9571211118,0,0
GUJARAT,Mahesana,SHREE SOLAR,dinkarparekh1983@gmail.com,9104030777,0,0
GUJARAT,Mahesana,SHREE SAI SOLAR,Hiteshrane37@gmail.com,9879268362,0,0
GUJARAT,Mahesana,SHREE SAI ENTERPRISE,shreesaienterprise75@gmail.com,8128171111,0,0
GUJARAT,Mahesana,SHREE RAM SOLAR RAJKOT,vikeshchovatiya@gmail.com,9898921527,0,0
GUJARAT,Mahesana,SHREE RAM SOLAR,shreeramsolar12@gmail.com,9726671212,0,0
GUJARAT,Mahesana,SHREE RADHE ELECTRICALS,shreeradhesolar24@gmail.com,9974842981,0,0
GUJARAT,Mahesana,SHREE OFFICE SOLUTIONS PRIVATE LIMITED,rajranipa.sospl@gmail.com,9898084466,0,0
GUJARAT,Mahesana,SHREE MARUTI ELECTRIFICATION ENGINEERS,shreemarutieleCtrificationengi@gmail.com,7016480100,0,0
GUJARAT,Mahesana,SHREE KRISHNA ENERGY,shreekrishna.energy@gmail.com,9979559334,0,0
GUJARAT,Mahesana,SHREE KHODIYAR SOLAR PRIVATE LIMITED,sk.solar@yahoo.com,9825820612,0,0
GUJARAT,Mahesana,SHREE KHODIYAR SOLAR & ENTERPRISE,s60358186@gmail.com,9313405580,0,0
GUJARAT,Mahesana,SHREE HARI SOLAR,patelravit1@gmail.com,9819049759,0,0
GUJARAT,Mahesana,SHREE HARI SALES & SERVICES,shreeharisales16@gmail.com,7698916121,0,0
GUJARAT,Mahesana,SHREE HARGANGESHWAR WATER CARE,shreehargangeshwarenergy@gmail.com,8128362108,0,0
GUJARAT,Mahesana,SHREE GOR SOLAR,shreegorsolar@gmail.com,6361983041,0,0
GUJARAT,Mahesana,SHREE GOKUL ENTERPRISE,shreegokulenterprise123@gmail.com,8160000871,0,0
GUJARAT,Mahesana,SHREE GAUTAM RENEWABLES AND CLEAN ENERGIES,shreegautam.energy@gmail.com,9408188809,0,0
GUJARAT,Mahesana,SHREE GANGESHWAR ENGINEERING PRIVATE LIMITED,shreegangeshwarengineering@gmail.com,9157974445,0,0
GUJARAT,Mahesana,SHREE GAJANAND SOLAR,gajanandsolar@gmail.com,8347972590,0,0
GUJARAT,Mahesana,SHREE GAJANAND ENERGIES,magicwithparth@gmail.com,6351126699,0,0
GUJARAT,Mahesana,SHREE ENERGY SOLUTIONS,shreeenergysolution8@gmail.com,9904335293,0,0
GUJARAT,Mahesana,SHREE CHAMUNDESHVARI TRADING,hareshdodiya75@gmail.com,9327523737,0,0
GUJARAT,Mahesana,SHREE BRAHMANI ELECTRICALS,shreebrahmanisolar@gmail.com,9909995675,0,0
GUJARAT,Mahesana,SHREE AMBIKA AGENCIES,niravambika@rediffmail.com,9426158047,0,0
GUJARAT,Mahesana,SHOOLIN WATT PRIVATE LIMITED,shoolinwattpvtltd@gmail.com,9909967894,0,0
GUJARAT,Mahesana,SHIVIK ENTERPRISE,shivikenterprise@gmail.com,9512839262,0,0
GUJARAT,Mahesana,SHIVDHARA SALES,shivdharasales8060@gmail.com,7433004040,0,0
GUJARAT,Mahesana,SHIVAS SOLAR,shivassolar4418@gmail.com,9537611795,0,0
GUJARAT,Mahesana,SHIVAM SOLAR AND SERVICES,Parmardivyraj.77@gmail.com,8320732424,0,0
GUJARAT,Mahesana,SHIVAM PHOTOVOLTICS PVT LTD,tenders@spvpl.com,9426023829,0,0
GUJARAT,Mahesana,SHIVAM ENERGY TECH,shivamenergytech2023@gmail.com,9687001450,0,0
GUJARAT,Mahesana,SHIVAM ELECTRICAL,kaushaldave2@gmail.com,9687575600,0,0
GUJARAT,Mahesana,SHIVA SOLAR ENERGY,admin@shivasolarenergy.com,9624220197,0,0
GUJARAT,Mahesana,SHIV TRADERS,shivtraders7233@gmail.com,9998820863,0,0
GUJARAT,Mahesana,SHIV SALES AGENCY,ghadiyabhaisolar08@gmail.com,9428798679,0,0
GUJARAT,Mahesana,SHIV ENERGY,shivenergy23@gmail.com,9409142500,0,0
GUJARAT,Mahesana,SHAYONAAM ENTERPRISE,shayonaam12@gmail.com,9638766943,0,0
GUJARAT,Mahesana,SHATRAS AGRI,shatrasagri@gmail.com,9714616040,0,0
GUJARAT,Mahesana,SHARVA SOLAR,sharvasolar@gmail.com,9909449650,0,0
GUJARAT,Mahesana,SHANTI CORPORATION,info.shanticorporation@gmail.com,8980524444,0,0
GUJARAT,Mahesana,SHAKTI SOLAR SERVICE,ktptl52@gmail.com,9737854634,0,0
GUJARAT,Mahesana,SHAKTI GREEN ENERGY SERVICES,shakti.green25@gmail.com,9898860648,0,0
GUJARAT,Mahesana,SHAKTI GREEN ENERGY,shaktigreenenergy96@gmail.com,7405252123,0,0
GUJARAT,Mahesana,SHAKTI ENTERPRISE,shaktienterprise082025@gmal.com,8511288555,0,0
GUJARAT,Mahesana,SHAKTI ENTERPRISE,shaktienterprise0507@gmail.com,8866124840,0,0
GUJARAT,Mahesana,SHAILEE PROJECTS PRIVATE LIMITED,shaileeprojects99@gmail.com,7600755058,0,0
GUJARAT,Mahesana,SGK SOLAR,sgksolarrjt@gmail.com,9313885348,0,0
GUJARAT,Mahesana,SEVENTH SKY RENEWABLE LLP,seventhskyrenewable@gmail.com,7874524574,0,0
GUJARAT,Mahesana,SEVEN SOLAR ENERGY,divyang@sevensolarenergy.com,9825554277,0,0
GUJARAT,Mahesana,SERVOTECH POWER SYSTEMS LIMITED,pmsuryaghar@servotechindia.com,9266918120,0,0
GUJARAT,Mahesana,SCION POWER,scionpower@yahoo.com,7043511106,0,0
GUJARAT,Mahesana,SAVEGRID ENERGY,savegridenergy@gmail.com,6355785758,0,0
GUJARAT,Mahesana,SAURASHTRA SOLAR SERVICES LLP,SaurashtraSolar.Gujrat@gmail.com,9925448033,0,0
GUJARAT,Mahesana,SATYAY SOLAR,satyaysolar@gmail.com,9157716540,0,0
GUJARAT,Mahesana,SATYAM SOLAR,satyamsolar823@gmail.com,9227941770,0,0
GUJARAT,Mahesana,SATYAM SALES,kishanagroagencyamreli@gmail.com,9825360183,0,0
GUJARAT,Mahesana,SATYAKRISHNA LIGHTING,SATYAKRISHNALIGHTING@GMAIL.COM,9428369990,0,0
GUJARAT,Mahesana,SATTVA ENERGIES,sattvaenergies@gmail.com,8401156604,0,0
GUJARAT,Mahesana,SAT GREENTECH PRIVATE LIMITED,satgreentech25@gmail.com,8758957741,0,0
GUJARAT,Mahesana,SASA ENERGY LLP,sasaenergyllp@gmail.com,9099207722,0,0
GUJARAT,Mahesana,SARVAYOGAM SOLAR PRIVATE LIMITED,sarvayogamsolar@gmail.com,6356633355,0,0
GUJARAT,Mahesana,SARVAYOGAM,sarvayogamgroup@gmail.com,9510356575,0,0
GUJARAT,Mahesana,SARJAN CONSTRUCTION PVT LTD,info.solardiv@sarjanconstruction.com,8000052226,0,0
GUJARAT,Mahesana,SARDAR SOLAR ENERGY PRIVATE LIMITED,sardarsolarenergypvtltd015@gmail.com,9664915598,0,0
GUJARAT,Mahesana,SANTKRUPA ELECTRICALS,santkrupaelectricals19@gmail.com,8849254993,0,0
GUJARAT,Mahesana,SANJEE ENTERPRISE,sanjee.enterprise@gmail.com,9157353735,0,0
GUJARAT,Mahesana,SANJAY SOLAR,sbheaters@gmail.com,7016893192,0,0
GUJARAT,Mahesana,SANGANI ENTERPRISE,sanganienterprise1610@gmail.com,8347958992,0,0
GUJARAT,Mahesana,SANGAM ELECTRONICS CO,info.sangamsolar@gmail.com,9825929552,0,0
GUJARAT,Mahesana,SAMRUDDH SOLAR,samruddhsolar1@gmail.com,7859827859,0,0
GUJARAT,Mahesana,SAMRUDDDHI ENTERPRISE,samruddhienterprise22@gmail.com,9033676399,0,0
GUJARAT,Mahesana,SAMAR SOLAR,samarsolar183@gmail.com,7046164346,0,0
GUJARAT,Mahesana,SAMAR ENERGY SOLUTIONS,samarenergysolutions@gmail.com,9662727432,0,0
GUJARAT,Mahesana,SAICAB TECH PVT LTD,info@saicabtech.com,8511130328,0,0
GUJARAT,Mahesana,SAHJANAND ENTERPRISE,sahjanandeprise@gmail.com,9737671777,0,0
GUJARAT,Mahesana,SAHAYOG ENERGY,sahayogenergy@gmail.com,9429124424,0,0
GUJARAT,Mahesana,SAHAJ SOLAR PRIVATE LIMITED,bparmar@sahajsolar.com,7573006832,0,0
GUJARAT,Mahesana,SAFVI ELECTRICALS SOLUTIONS,safvielectricalssolutions2013@gmail.com,9374754648,0,0
GUJARAT,Mahesana,SAFFRON RENEWTECH,saffronrenewtech24@gmail.com,7600507557,0,0
GUJARAT,Mahesana,SAFECON INDUSTRIAL MAINTENANCE & ENGINEERING SERVICES,safeconservices2013@gmail.com,9925854491,0,0
GUJARAT,Mahesana,SADGURU SOLAR SYSTEMS,sadgurusolarsystems@gmail.com,9687621666,0,0
GUJARAT,Mahesana,SADGURU ELECTRICALS,sadguruelectricals23@gmail.com,9714715649,0,0
GUJARAT,Mahesana,S P MULTI ENGINEERING SERVICES,spmultiengineeringservices@gmail.com,9104556095,0,0
GUJARAT,Mahesana,S MEERA ELECTRICALS,s.meeraelectricals@gmail.com,9328249939,0,0
GUJARAT,Mahesana,RVV SOLAR PRIVATE LIMITED,rvvsolarpvtltd@gmail.com,8160825026,0,0
GUJARAT,Mahesana,RVMOVALIYA CONSTRUCTION CO,rvmovaliya.solarenergy@gmail.com,9724543742,0,0
GUJARAT,Mahesana,RV INFOTECH,rvinfotech2020@gmail.com,8141560037,0,0
GUJARAT,Mahesana,RUTVIK ENGINEERING PRIVATE LIMITED,rutvikengpvtltd@gmail.com,9824030144,0,0
GUJARAT,Mahesana,RUPABHAI MAGANBHAI PATEL,RMP.GEMPORTAL@GMAIL.COM,9426004861,0,0
GUJARAT,Mahesana,RUDRAKSH SOLAR POWER,rudrakshsolarpower@gmail.com,9016203365,0,0
GUJARAT,Mahesana,RUDRAKSH ELECTRICALS,rudrakshelectricals4@gmail.com,6353460657,0,0
GUJARAT,Mahesana,RUDRA SOLAR ENERGY,info.rudrasolar@gmail.com,9427903084,0,0
GUJARAT,Mahesana,RUDRA SOLAR AND ELECTRICAL,rudrasolar2019@gmail.com,9510514672,0,0
GUJARAT,Mahesana,RUDRA ENTERPRISE,rudraenterprise1110@gmail.com,8758462848,0,0
GUJARAT,Mahesana,RUDRA ELECTRICALS,ravi.sabhani@rudraelectricals.co.in,9722643233,0,0
GUJARAT,Mahesana,RSV POWER ENGINEERING,rsv.power.engineering@gmail.com,9033590507,0,0
GUJARAT,Mahesana,ROYAL ENTERPRISE,royalenterprise.vadodara@gmail.com,6352205345,0,0
GUJARAT,Mahesana,ROLEX GREEN ENERGY,ghediyamilan@gmail.com,9429476592,0,0
GUJARAT,Mahesana,RITUDHAN SOLAR POWER,ritudhansolarpower@gmail.com,9879111390,0,0
GUJARAT,Mahesana,RISING GREEN ENERGY,rgesolar@gmail.com,9033119375,0,0
GUJARAT,Mahesana,RISHAV POWERTECH LLP,rishavpowertech@gmail.com,9898203470,0,0
GUJARAT,Mahesana,RIMPLE CORPORATION LLP,rimpleco@gmail.com,6351076702,0,0
GUJARAT,Mahesana,RIGHT POWER INFRA PVT LTD,darshana@right-infra.com,9898661067,0,0
GUJARAT,Mahesana,RIDHAM ENTERPRISE,ridhamenterprise770@gmail.com,6351158633,0,0
GUJARAT,Mahesana,RIDDLE ENERGY PVT. LTD.,riddleenergy2101@gmail.com,9879556196,0,0
GUJARAT,Mahesana,RIA SOLAR,riasolar2021@gmail.com,8320210323,0,0
GUJARAT,Mahesana,RIA POWER,riapower24@gmail.com,8758463929,0,0
GUJARAT,Mahesana,RG SOLAR SOLUTIONS,info@rgsolarsolutions.com,7718719713,0,0
GUJARAT,Mahesana,REVA RENEWABLES,revarenewables@gmail.com,6358844490,0,0
GUJARAT,Mahesana,RESONAGE GREEN ENERGY PRIVATE LIMITED,rgepl2024gujarat@gmail.com,9879402000,0,0
GUJARAT,Mahesana,RENEWZA ENERGY,renewzaenergy@gmail.com,8511148225,0,0
GUJARAT,Mahesana,RENEWIX INNOVATIONS PVT LTD,hello@renewix.in,9998980947,0,0
GUJARAT,Mahesana,RENEWABLE SUN SOLAR,renewablesunsolar@gmail.com,7600201198,0,0
GUJARAT,Mahesana,RENEW ENERGIES,information.renew@gmail.com,7405507073,0,0
GUJARAT,Mahesana,RENEVIK SOLAR SOLUTIONS PRIVATE LIMITED,sejal.c@vikasaryagroup.com,9327572645,0,0
GUJARAT,Mahesana,RENEURJA ENERGY,reneurjaenergy@gmail.com,8460611110,0,0
GUJARAT,Mahesana,RENAISSANCE CORPORATE SOLUTIONS PVT. LTD.,rcplsolar@gmail.com,9572032363,0,0
GUJARAT,Mahesana,REKSON ELECTROTECH,REKSONELECTROTECH37@GMAIL.COM,9904994494,0,0
GUJARAT,Mahesana,REGAL ELECTRICALS,balochvikarali60@gmail.com,8141028100,0,0
GUJARAT,Mahesana,REFLECTION SOLAR & ENERGY PRIVATE LIMITED,piyushraval.1984@gmail.com,9725019493,0,0
GUJARAT,Mahesana,REFLECT SOLAR,reflect.solar.energy@gmail.com,9998419211,0,0
GUJARAT,Mahesana,REEWA SOLAR ENERGY,reewasolarenergy@gmail.com,9879353053,0,0
GUJARAT,Mahesana,REDSUN SOLAR INDUSTRIES,info@redsunin.com,9825632875,0,0
GUJARAT,Mahesana,RECARE ELECTRICAL LLP,projects.recare@gmail.com,7600184425,0,0
GUJARAT,Mahesana,REAL MULTIPLE SOLUTIONS,rmssolar.bhavnagar@rediffmail.com,9099722722,0,0
GUJARAT,Mahesana,RAYS TECH SOLAR SOLUTIONS,raystechsolarsolutions@gmail.com,9510147343,0,0
GUJARAT,Mahesana,RAYCAL POWER INFRA PVT LTD,darshan@raycal.in,6358196472,0,0
GUJARAT,Mahesana,RAY ENERGY,info.rayenergy@gmail.com,8401481453,0,0
GUJARAT,Mahesana,RAVIJA ENTERPRISES,ravijaenterprises09@gmail.com,6356956938,0,0
GUJARAT,Mahesana,RANJAN INDUSTRIES,ranjan28496@gmail.com,9924818113,0,0
GUJARAT,Mahesana,RAMESH POWER POINTS,rameshpowerpoint@gmail.com,9825225585,0,0
GUJARAT,Mahesana,RAMDEV SOLAR SYSTEM,ramdevsolarsytem@gmail.com,8758911969,0,0
GUJARAT,Mahesana,RAMAA SOLAR,ramaasolar@gmail.com,8866697632,0,0
GUJARAT,Mahesana,RAJKOT E-BIKES AND SOLAR,rajkotebikesandsolar@gmail.com,8306020890,0,0
GUJARAT,Mahesana,RAJDEEP SOLAR ENERGY PVT. LTD.,dharmesh@rajdeepsolarnergy.com,9099089749,0,0
GUJARAT,Mahesana,RAJAVI ELECTRICAL SERVICES,rajvielectricalservices@gmail.com,9723613718,0,0
GUJARAT,Mahesana,RAJANJI ENTERPRISE,RAJANJI72.LV@GMAIL.COM,8849116749,0,0
GUJARAT,Mahesana,RAJANI MOTORS,rajanimotors21@gmail.com,7227807262,0,0
GUJARAT,Mahesana,RAJ ELECTRICALS,solar.rajelectricals@gmail.com,9998656539,0,0
GUJARAT,Mahesana,RAJ CORPORATION,raj.corporation07@gmail.com,7990452182,0,0
GUJARAT,Mahesana,RAGHURAM SOLAR POWER GREEN ENERGY LLP,raghuramsolar9@gmail.com,7575019877,0,0
GUJARAT,Mahesana,RADIANT SOLAR SYSTEMS,bhargavec40@gmail.com,9408503198,0,0
GUJARAT,Mahesana,RADIANT SOLAR ENERGY,info@radiantsolarenergy.co.in,9512337513,0,0
GUJARAT,Mahesana,RADIANT INDIA,RADIANTINDIA007@GMAIL.COM,9163559963,0,0
GUJARAT,Mahesana,RAASON ENERTECH LLP,info@raasonenertech.com,9624768483,0,0
GUJARAT,Mahesana,R. K. CONSTRUCTION,rkconstruction101@gmail.com,9106065865,0,0
GUJARAT,Mahesana,R N SALES CORPORATION,r.tech.2000@gmail.com,9574472134,0,0
GUJARAT,Mahesana,R K BHABHOR,rkbhabhor78@gmail.com,9909161378,0,0
GUJARAT,Mahesana,R C ELECTRICALS,info@rcelectricals.in,9824757160,0,0
GUJARAT,Mahesana,PYRAMID PROJECTS,pyramidsolarindia@gmail.com,9726430137,0,0
GUJARAT,Mahesana,PV RENEWABLES,keyurdudhat871@gmail.com,9714872871,0,0
GUJARAT,Mahesana,PV RAYS ENERGY,pvraysenergy@gmail.com,9898097222,0,0
GUJARAT,Mahesana,PURMA ENERGY PVT LTD,purmaenergy@gmail.com,7069628193,0,0
GUJARAT,Mahesana,PRUTHVI SOLAR ENERGY,pruthvisolar@yahoo.com,9537659989,0,0
GUJARAT,Mahesana,PROTON POWER SERVICE,sprotonpower@gmail.com,9033765370,0,0
GUJARAT,Mahesana,PROSPER ENTERPRISE,prosperenterprise07@gmail.com,9824420913,0,0
GUJARAT,Mahesana,PROFILE POWER,profilepower123@gmail.com,9726299965,0,0
GUJARAT,Mahesana,PRIYANKA ENTERPRISE,enterpriseriya8002@gmail.com,9913032779,0,0
GUJARAT,Mahesana,PRIVA ENTERPRISE,vickysheth1987@gmail.com,9825241949,0,0
GUJARAT,Mahesana,PRISM ECOENERGIA PRIVATE LIMITED,info@prismecoenergia.com,9704710101,0,0
GUJARAT,Mahesana,PRINCE ELECTRICAL,princeelectrical20@gmail.com,8866507173,0,0
GUJARAT,Mahesana,PRAYOSHAM SOLAR ENERGY,jayrajp880@gmail.com,9574242883,0,0
GUJARAT,Mahesana,PRAYOSHA CORPORATION,prayoshacorporation.india@gmail.com,9825390162,0,0
GUJARAT,Mahesana,PRATYUSH RENEWABLE ENERGY PRIVATE LIMITED,pratyushrenewables@gmail.com,8780737839,0,0
GUJARAT,Mahesana,PRATIKSHA ENTERPRISE,pratikshaenterprise1006@gmail.com,8238516417,0,0
GUJARAT,Mahesana,PRANIL CORPORATION,riddhistart@yahoo.co.in,9825411575,0,0
GUJARAT,Mahesana,PRAKASH PUMP INDUSTRIES,prakashpumpindustries@gmail.com,9687222263,0,0
GUJARAT,Mahesana,PRAHAR SOLAR SOLUTIONS,info.praharsolar@gmail.com,9016360702,0,0
GUJARAT,Mahesana,PRAGATI URZA PRIVATE LIMITED,pragatiurza@gmail.com,8347009697,0,0
GUJARAT,Mahesana,PRAGATI ENTERPRISE,pragatienterprise1985@gmail.com,9825254567,0,0
GUJARAT,Mahesana,POWERTRONICS TECHNOLOGY,powertronics1990@gmail.com,9974772070,0,0
GUJARAT,Mahesana,POWERTECH ENGINEERS SURAT,sanatbarot@gmail.com,9377625242,0,0
GUJARAT,Mahesana,POWERSOL,office@re.digital,9016681762,0,0
GUJARAT,Mahesana,POWERON ELECTRICAL,poweron.electricalservice@gmail.com,7990528002,0,0
GUJARAT,Mahesana,POWERMAC TECHNOLOGY,info@powermacgroup.com,9099939972,0,0
GUJARAT,Mahesana,POWER TECH ENERGY SOLUTUIONS,epc@ptes.in,6357502081,0,0
GUJARAT,Mahesana,POWER SYSTEM,powersystem2k11@gmail.com,9898068224,0,0
GUJARAT,Mahesana,POWER SOLAR,hpenterprise1436@gmail.com,8490007316,0,0
GUJARAT,Mahesana,POWER RISE,powerrise16@gmail.com,8460145311,0,0
GUJARAT,Mahesana,POWER PLUS ENERGY,powerplussolarenergy@gmail.com,9998183339,0,0
GUJARAT,Mahesana,POWER PLUS,powerplusbhabhar@gmail.com,8128435584,0,0
GUJARAT,Mahesana,POWER PACK SOLUTIONS,powerpacksolutions12195@gmail.com,9725787004,0,0
GUJARAT,Mahesana,POWER GENESYS ENERGY SOLUTIONS PRIVATE LIMITED,subbu@powergenesys.com,8618279431,0,0
GUJARAT,Mahesana,POOJA ELECTRICALS,PE9711@gmail.com,8758668166,0,0
GUJARAT,Mahesana,POOJA ELECTRICALS,poojaelectrical21@gmail.com,7434034056,0,0
GUJARAT,Mahesana,PHOTONICS WATERTECH PRIVATE LIMITED,vasant@photonicslights.com,6353704460,0,0
GUJARAT,Mahesana,PHOENIX RENEWABLE ENERGY,PHOENIXRE6@GMAIL.COM,9586110114,0,0
GUJARAT,Mahesana,PETLAD SOJITRA TALUKA SAURAURJA UTPADAK SAHKARI MANDALI LIMITED,pssumandali@gmail.com,8140968999,0,0
GUJARAT,Mahesana,PEGASUS POWER AND INFRA LLP,info@pegasusllp.com,8160259454,0,0
GUJARAT,Mahesana,PATIDAR ENTERPRISE,patidarenterprise13@gmail.com,8980312782,0,0
GUJARAT,Mahesana,PATEL JOYATABHAI GALABHAI,pateljoytabhai1134@gmail.com,9724674544,0,0
GUJARAT,Mahesana,PATEL GREEN ENERGY SALES AND SERVICE,patelgreenenergyinfo@gmail.com,9427412983,0,0
GUJARAT,Mahesana,PATEL ELECTRONICS,hardikpatelelec@gmail.com,9377767508,0,0
GUJARAT,Mahesana,PATEL ELECTRICALS,info.patelelectricals@gmail.com,9998896555,0,0
GUJARAT,Mahesana,PASHAVA ENERGY PRIVATE LIMITED,pashavaenergy@yahoo.com,9909904332,0,0
GUJARAT,Mahesana,PAROT RENEWABLES LIMITED,gn@parotrenewables.com,9274692942,0,0
GUJARAT,Mahesana,PARMAR ENTERPRISE,parmarenterprise2024@gmail.com,9574944345,0,0
GUJARAT,Mahesana,PARK SHELDRAKE,parksheldrake@gmail.com,7862991878,0,0
GUJARAT,Mahesana,PARISHRAM INFOENERGY,parishraminfoenergy@gmail.com,9909433132,0,0
GUJARAT,Mahesana,PARESH S. VAIDYA,parvaidya2012@gmail.com,9879529203,0,0
GUJARAT,Mahesana,PARECHA ENTERPRISES,sagarmparecha999@gmail.com,9537704244,0,0
GUJARAT,Mahesana,PANAROOF ENERGY,panaroofenergy@outlook.com,9428449365,0,0
GUJARAT,Mahesana,P V ENERGY,pvenergy999@gmail.com,9924195999,0,0
GUJARAT,Mahesana,OXEN ENERGIES,oxenenergies@gmail.com,8866699444,0,0
GUJARAT,Mahesana,ORTEX CORPORATION,ortexcorporation@gmail.com,9276103457,0,0
GUJARAT,Mahesana,OORJA ELECTRIC,oorjaforeveryone@gmail.com,9067598727,0,0
GUJARAT,Mahesana,ONEVOLT GREEN PVT LTD,onevoltgreens@gmail.com,9925292721,0,0
GUJARAT,Mahesana,ONETIME SOLAR SYSTEM,onetimesolarsystem@gmail.com,9925296957,0,0
GUJARAT,Mahesana,OMKARA INFOTECH,omkarinfotechlakhani@gmail.com,9428847854,0,0
GUJARAT,Mahesana,OMEGA POWER,omegapower2018@gmail.com,7990226349,0,0
GUJARAT,Mahesana,OMEGA ELECTRICALS,omele452@gmail.com,9979888452,0,0
GUJARAT,Mahesana,OM SOLAR SYSTEMS,omsolarsystems.rjt@gmail.com,8141405557,0,0
GUJARAT,Mahesana,OM SHANTI SOLAR GROUP,omshantisolar@gmail.com,8530122612,0,0
GUJARAT,Mahesana,OM SHANTI MACHINERIES EXIM,grandosolar@gmail.com,9824868078,0,0
GUJARAT,Mahesana,OM SALES ENTERPRISE,rahul.redrenbardoli@gmail.com,9428631515,0,0
GUJARAT,Mahesana,OM ELECTRICALS SERVICES,omelectricals2104@gmail.com,9998004891,0,0
GUJARAT,Mahesana,OM ELECTRICALS,jaydratsinhzala09@gmail.com,9265589234,0,0
GUJARAT,Mahesana,ODHAV ENTERPRISE,odhaventerpriseindia@gmail.com,9033231303,0,0
GUJARAT,Mahesana,OCTA ENTERPRISE,octaenterprise7@gmail.com,8469023543,0,0
GUJARAT,Mahesana,NYALKARAN RENEWABLE ENERGY,nyalkaranrenewableenergy@gmail.com,9998473073,0,0
GUJARAT,Mahesana,NYALKARAN ENERGY LLP,kaushik@nyalkaranenergy.com,9825412783,0,0
GUJARAT,Mahesana,NVVP GREEN ENERGY PRIVATE LIMITED,nvvpgreenepl@gmail.com,9979941234,0,0
GUJARAT,Mahesana,NUJUM INDUSTRIES PRIVATE LIMITED,thenujum@gmail.com,9375188422,0,0
GUJARAT,Mahesana,NU SOLAR INFRACON PRIVATE LIMITED,nu.solar.infracon@gmail.com,9033181196,0,0
GUJARAT,Mahesana,NP RENEWABLE ENERGY,nprenewableenergy@gmail.com,7016917174,0,0
GUJARAT,Mahesana,NORTHGREEN ENERGY PVT LTD,solar@northgreenenergy.com,9099931707,0,0
GUJARAT,Mahesana,NOBLE INFOTECH,sankhala2002@gmail.com,9909986188,0,0
GUJARAT,Mahesana,NJ ELECTRICALS,njelectricals.21@gmail.com,9886309619,0,0
GUJARAT,Mahesana,NIVAN ENERGY,nivanenergy@gmail.com,9998820905,0,0
GUJARAT,Mahesana,NISHRAY SOLAR,mkshahexport@gmail.com,9825409639,0,0
GUJARAT,Mahesana,NIRAJ TRADERS,nirajtraders@yahoo.com,9825030321,0,0
GUJARAT,Mahesana,NILKANTH ENTERPRISE,nilkanthenterprise96@gmail.com,9157369603,0,0
GUJARAT,Mahesana,NILESH ENGINEERS,nileshengineers57@gmail.com,9033005732,0,0
GUJARAT,Mahesana,NIHAL ENTERPRISE,rehanadonakiya786@gmail.com,8733978072,0,0
GUJARAT,Mahesana,NEWYORK ENGINEERING CO.,akashenergysolar@gmail.com,9824206059,0,0
GUJARAT,Mahesana,NEW RESEARCH TECHNOLOGY,nrtsolar@gmail.com,9427809253,0,0
GUJARAT,Mahesana,NES ENERGY SOLUTIONS,info.nesenergy@gmail.com,9825071551,0,0
GUJARAT,Mahesana,NEOTERIX SOLUTION PVT. LTD.,neoterixsolutions@gmail.com,9414010579,0,0
GUJARAT,Mahesana,ND ENERGY INDIA PRIVATE LIMITED,ndenergyindia@gmail.com,8000001124,0,0
GUJARAT,Mahesana,NAYRA ELECTRONICS,info.nayraelectronics@gmail.com,9054244430,0,0
GUJARAT,Mahesana,NAVKAR POWER SOLUTIONS,contact@navkarpower.co.in,9879613334,0,0
GUJARAT,Mahesana,NAVKALP GROUPS,navkalprenewable@gmail.com,8460109090,0,0
GUJARAT,Mahesana,NAVI ENERGY,contact@navienergy.in,9979435742,0,0
GUJARAT,Mahesana,NATIONAL ELECTRICALS AND ELECTRONICS CORPORATION,ashokpatel@neec.in,9429136631,0,0
GUJARAT,Mahesana,NARMADA RENEWABLES,narmadarenewables@gmail.com,7623870035,0,0
GUJARAT,Mahesana,NAMAH SOLAR ENERGY,namahsolar@gmail.com,6351500821,0,0
GUJARAT,Mahesana,NAKSHATRA INFOSYS,nakshatrainfosys178@gmail.com,9909697193,0,0
GUJARAT,Mahesana,NAKSH POWER,bhumikarana1989@gmail.com,8141113593,0,0
GUJARAT,Mahesana,MS SOLAR SPARK,mssolarspark7@gmail.com,9825590311,0,0
GUJARAT,Mahesana,MS SOLAR,shersiyamujahid@gmail.com,9725097291,0,0
GUJARAT,Mahesana,MOVA GREEN ENERGY,movagreenenergy1112@gmail.com,7778033298,0,0
GUJARAT,Mahesana,MOTHER ELECTRICALS,motherelectricals@yahoo.com,8128105018,0,0
GUJARAT,Mahesana,MNS GLOBAL ENGINEERING AND SERVICES,mnsglobalengineeringservices@gmail.com,9727207075,0,0
GUJARAT,Mahesana,MK ENTERPRISE,mkenterprise061@gmail.com,8780069239,0,0
GUJARAT,Mahesana,MK ELECTRICALS,digant.shah10@gmail.com,9825349554,0,0
GUJARAT,Mahesana,MK ELECTRICAL AND CO,mkelectrical.co@gmail.com,8866525483,0,0
GUJARAT,Mahesana,MITTALS GREEN ENERGY PRIVATE LIMITED,info@mittalsgreenenergy.com,8053004999,0,0
GUJARAT,Mahesana,MITRAYA ELECTRICAL,mitrayaelectrical@gmail.com,7016415834,0,0
GUJARAT,Mahesana,MITRAY ENGINEERING,mitray.engineering@gmail.com,7621895796,0,0
GUJARAT,Mahesana,MITCON CONSULTANCY AND ENGINEERING SERVICES LTD,tendercell@mitconindia.com,7447420680,0,0
GUJARAT,Mahesana,MICROVISE SOLUTIONS,info@microviseindia.com,7778092462,0,0
GUJARAT,Mahesana,MH POWER SYSTEM,info.mhpowersystem@gmail.com,9016581006,0,0
GUJARAT,Mahesana,MFINS SERVICES PVT. LTD.,vidya@m-fins.in,8356843342,0,0
GUJARAT,Mahesana,MESHWA ENTERPRISE,meshwaelectricals@gmail.com,9574409148,0,0
GUJARAT,Mahesana,MERIDIAN INTERNATIONAL,ghetiya.ashish@gmail.com,7990847552,0,0
GUJARAT,Mahesana,MEHUL ELECTRIC,fivestarsolar2025@gmail.com,7984547908,0,0
GUJARAT,Mahesana,MEGHAL POWER,meghalpower23@gmail.com,9712726390,0,0
GUJARAT,Mahesana,MEERASUN ENERGY,meerasunenergy@gmail.com,9016680239,0,0
GUJARAT,Mahesana,MEERA SUN ENERGIES,info@meerasunenergies.com,8200447359,0,0
GUJARAT,Mahesana,MEENA SOLAR,ripalsonpal@gmail.com,8408944904,0,0
GUJARAT,Mahesana,MECPOWER SOLUTIONS LIMITED,tender@mecpower.in,9328911577,0,0
GUJARAT,Mahesana,MEAN RAYS RENEWABLE POWER PRIVATE LIMITED,sales.meanrays@gmail.com,9898251352,0,0
GUJARAT,Mahesana,MD ENERGIES,mdenergies01@gmail.com,9099260004,0,0
GUJARAT,Mahesana,MAXSUN ENERGY PRIVATE LIMITED,maxsunsolarenergy@gmail.com,7990361324,0,0
GUJARAT,Mahesana,MARUTI SOLAR SYSTEMS,dinesh.navar@gmail.com,9409080149,0,0
GUJARAT,Mahesana,MARUTI SOLAR PUMP SYSTEM,patelsandip0226@gmail.com,9426849250,0,0
GUJARAT,Mahesana,MARUTI ENTERPRISE,marutienterprise148@gmail.com,7698803938,0,0
GUJARAT,Mahesana,MARUTI ENERGY,marutienrgy@gmail.com,9033408939,0,0
GUJARAT,Mahesana,MARUTI ELECTIRCAL (VAPI),marutielec@rediffmail.com,9377000055,0,0
GUJARAT,Mahesana,MANGROLIYA NIKUNJ J.,nikunjmangroliya54@gmail.com,8866685082,0,0
GUJARAT,Mahesana,MANAN SOLAR,manansolar2022@gmail.com,9714352719,0,0
GUJARAT,Mahesana,MAKKWANA INDUSTRIES,rooftopindia@gmail.com,9879398464,0,0
GUJARAT,Mahesana,MAHEK SOLAR POWER,mahek.tech1@gmail.com,9925805953,0,0
GUJARAT,Mahesana,MAHALAXMI ELECTRICALS - AHEMDABAD,mahalaxmi.electricals_07@yahoo.com,8238914975,0,0
GUJARAT,Mahesana,MAHAKALI POWER,mahakalipower9252@gmail.com,9687209519,0,0
GUJARAT,Mahesana,MAHADEV SOLAR ENETERPRISE,mahadevsolarjamnagar@gmail.com,9978999939,0,0
GUJARAT,Mahesana,MAGLARE TECHNOLOGIES PVT.LTD.,info@maglare.com,8460183838,0,0
GUJARAT,Mahesana,MADHVAN POLYPLAST PVT. LTD.,cmp.madhavanpolyplast@gmail.com,9104306162,0,0
GUJARAT,Mahesana,MADHULI CORPORATION,madhulicorporation@gmail.com,9904990630,0,0
GUJARAT,Mahesana,MADHAV GREEN ENERGY,madhavgreene@gmail.com,9408102358,0,0
GUJARAT,Mahesana,MADHAV ELECTRICAL,madhavelectrical23@gmail.com,9426755766,0,0
GUJARAT,Mahesana,MAA MOGAL ENTERPRISE,maamogale1999@gmail.com,8401237990,0,0
GUJARAT,Mahesana,M SUN ENERGY,msunenergy30@gmail.com,9104145599,0,0
GUJARAT,Mahesana,M R ENTERPRISE,mrenterprisesolar@gmail.com,9924370232,0,0
GUJARAT,Mahesana,M M PARMAR,sunlightenergy09@outlook.com,9227092099,0,0
GUJARAT,Mahesana,M AND P POWER SOLUTIONS,mnppowersolutions2021@gmail.com,9537006733,0,0
GUJARAT,Mahesana,LUCRATIVE ENERGY PRIVATE LIMITED,lucrativein24@gmail.com,9408152427,0,0
GUJARAT,Mahesana,LUCIDUS ENERGY PRIVATE LIMITED,lucidusenergy21@gmail.com,9327990722,0,0
GUJARAT,Mahesana,LOBEL SOLAR POWER SYSTEM,info@lobelpower.com,9327007854,0,0
GUJARAT,Mahesana,LIPO TECHNOLOGY PRIVATE LIMITED,kalpesh@lipotechnology.in,9722266550,0,0
GUJARAT,Mahesana,LIGHTRIC POWER SOLUTION,lightricpower@gmail.com,6355768984,0,0
GUJARAT,Mahesana,LIFE MAGIC MARVELL STORE PRIVATE LIMITED,lifemagicmarvel@gmail.com,9098698493,0,0
GUJARAT,Mahesana,LGM ENERGY AND INFRACON LLP,lgmenergyandinfraconllp@gmail.com,7574000906,0,0
GUJARAT,Mahesana,LED LIGHT HOUSE,ledlighthouse161921@gmail.com,9624132754,0,0
GUJARAT,Mahesana,LAXMI HI TECH,laxmihitech36@gmail.com,7046494649,0,0
GUJARAT,Mahesana,L L ELECTRICALS,llelect89@yahoo.com,9879078908,0,0
GUJARAT,Mahesana,L G ELECTRICALS,lgelectricals29@gmail.com,9825949200,0,0
GUJARAT,Mahesana,KVP SOLAR AND SOLUTION,kvpsolarandsolution.22@gmail.com,9033343105,0,0
GUJARAT,Mahesana,KUTCH SOLAR AND EV,kutchsolarev@gmail.com,9725436751,0,0
GUJARAT,Mahesana,KUNTHU CONSULTANTS PVT LTD,neelesh@kunthusolar.com,7405992700,0,0
GUJARAT,Mahesana,KT SOLAR ENERGY,KTSOLARENERGY14418@GMAIL.COM,9033092122,0,0
GUJARAT,Mahesana,KSHETRAPAL GREEN ENERGY,kshetrapalgreenenergy@gmail.com,7874098869,0,0
GUJARAT,Mahesana,KRIVI ENERGY PRIVATE LIMITED,solar@krivienergy.com,9326275972,0,0
GUJARAT,Mahesana,KRIVA TECHNOLOGIES,krivasolartechnologies@gmail.com,7227074480,0,0
GUJARAT,Mahesana,KRITA GREEN ENERGY,admin@kritagreenenergy.in,9824998266,0,0
GUJARAT,Mahesana,KRISHNA ENTERPRISE,krishnaenterprise4568@gmail.com,9712658209,0,0
GUJARAT,Mahesana,KRISHIVA INNOVATIVES,info@krishivainnovatives.com,9409435861,0,0
GUJARAT,Mahesana,KRISHIV ENTERPRISE,jevinpansuriya4@gmail.com,7359294060,0,0
GUJARAT,Mahesana,KRISHA SOLAR & AGRO INDUSTRIES,krishasolarandagro21@gmail.com,9574856582,0,0
GUJARAT,Mahesana,KP GREEN ENGINEERING LIMITED,imam.syed@kpgroup.co,9104677596,0,0
GUJARAT,Mahesana,KP GREEN ENERGY,kpgreenenergy46@gmail.com,7048370774,0,0
GUJARAT,Mahesana,KOTHIYA ELECTRIC CONTRACTOR,kothiyaelectric@gmail.com,9913212056,0,0
GUJARAT,Mahesana,KOMAL ELECTRIC,chetanramprasadi@gmail.com,9825047503,0,0
GUJARAT,Mahesana,KK SOLAR TECHNOLOGY,kksolartechnology@gmail.com,9586118331,0,0
GUJARAT,Mahesana,KIRTAN MARKETING,kirtanmarketing@gmail.com,9714440026,0,0
GUJARAT,Mahesana,KIRTAN BATTERIES,kirtanbatteries26@gmail.com,7043337333,0,0
GUJARAT,Mahesana,KIRAN SOLAR TECH PT. LT,info@kiransolartech.com,9800932333,0,0
GUJARAT,Mahesana,KHODIYAR ENTERPRISE,k_enter_m@rediffmail.com,9825162853,0,0
GUJARAT,Mahesana,KHODIYAR ELECTRICAL,khodiyarelectrical9199@gmail.com,6355714181,0,0
GUJARAT,Mahesana,KHODAL CORPORATION,khodalcorporation10@gmail.com,9974129558,0,0
GUJARAT,Mahesana,KHANAK SYSTEM,khanaksystem@yahoo.com,9824751581,0,0
GUJARAT,Mahesana,KESHWALA ENGINEERING CO.,RKESHWALA26@GMAIL.COM,7575082097,0,0
GUJARAT,Mahesana,KESHRI NANDANAM ENERGY,keshrinandanamenergy@gmail.com,8200147522,0,0
GUJARAT,Mahesana,KASTBHANJAN SOLAR,kastbhanjansolar@gmail.com,9099863647,0,0
GUJARAT,Mahesana,KASHYAP INFRAPROJECTS PVT. LTD.,info@kashyap.in,9898031010,0,0
GUJARAT,Mahesana,KARTAVY AGROTECH,kartavysolar@gmail.com,9426465233,0,0
GUJARAT,Mahesana,KARMA POWER,karmapower001@gmail.com,8849370511,0,0
GUJARAT,Mahesana,KARM ENTERPRISE,KARMSOLAR24@GMAIL.COM,9586363071,0,0
GUJARAT,Mahesana,KANHA ENTERPRISE,kanhaenterprise4161@gmail.com,6355636703,0,0
GUJARAT,Mahesana,KAMAXI ELECTRICAL ENGINEERS,dharmesh@kamaxielectricals.com,9974744036,0,0
GUJARAT,Mahesana,KAIZEN UNIVERSAL PRIVATE LIMITED,ketan@kaizen.in,9825119674,0,0
GUJARAT,Mahesana,KAIZEN NOW,kaizennowahd@gmail.com,9978985558,0,0
GUJARAT,Mahesana,KAASHIVA POWER INNOVATIONS PVT LTD,nikunjprajapati@kaashiva.com,7227854857,0,0
GUJARAT,Mahesana,KAARVI GREEN ENERGY,kaarvienergy01@gmail.com,9824094291,0,0
GUJARAT,Mahesana,K T ELECTRICALS,ktthakkar567@gmail.com,8905168423,0,0
GUJARAT,Mahesana,K P ENTERPRISE,kpenterprise39@gmail.com,9974383839,0,0
GUJARAT,Mahesana,K K SOLAR SOLUTIONS,kksolarsolutions@gmail.com,9537279900,0,0
GUJARAT,Mahesana,K AND J ENTERPRISE,kjenterprise15515@gmail.com,8320957225,0,0
GUJARAT,Mahesana,JUPISOL POWER INDIA PRIVATE LIMITED,spatel@jupisolpower.com,9879284007,0,0
GUJARAT,Mahesana,JOYSTICK BIO HEALTH,jstvalsad@gmail.com,9714163052,0,0
GUJARAT,Mahesana,JJV CORPORATION,info@jjvcorporation.in,9016987377,0,0
GUJARAT,Mahesana,JJ PV SOLAR PRIVATE LIMITED,rajesh@jjpvsolar.com,9904809006,0,0
GUJARAT,Mahesana,JIYAAN SOLAR COMPANY,jiyaansolar.co@gmail.com,8160645436,0,0
GUJARAT,Mahesana,JIGAR SYSTEM TECHNOLOGY,jigar@jigarsystems.com,9511768710,0,0
GUJARAT,Mahesana,JD SOLAR,jdsolar5005@gmail.com,9157590905,0,0
GUJARAT,Mahesana,JD INFRA ENERGY PRIVATE LIMITED,jdinfraenergy0725@gmail.com,9714061118,0,0
GUJARAT,Mahesana,JAYRAJ SOLAR LLP,tejas@jayrajsolar.com,9033963450,0,0
GUJARAT,Mahesana,JAYDEV ENERGY,jaydevenergy83@gmail.com,9824885237,0,0
GUJARAT,Mahesana,JAY KHODIYAR IMPEX,pareshramoliya310@gmail.com,9537164431,0,0
GUJARAT,Mahesana,JAY ELECTRICALS,jayelec2021@gmail.com,9427261002,0,0
GUJARAT,Mahesana,JAY CONSTRUCTION CO,greenerenergy48@gmail.com,8200558867,0,0
GUJARAT,Mahesana,JAY AMBE GREEN ENERGY,jayambegreenenergy@gmail.com,9824328725,0,0
GUJARAT,Mahesana,JAY AMBE ELECTRICALS,jayambeelectricals091@gmail.com,6355252020,0,0
GUJARAT,Mahesana,JAY ADITYA SOLAR,darshit.dj619@gmail.com,8160931631,0,0
GUJARAT,Mahesana,JASMIN J BAMBHAROLIYA,jasmin.bambharolia14@gmail.com,8140916256,0,0
GUJARAT,Mahesana,JANGID SOLAR ENERGY PVT LTD,info@jsepl.in,6358931609,0,0
GUJARAT,Mahesana,JALESHWAR GREEN ENERGY,info.jaleshwargreen@gmail.com,8140023662,0,0
GUJARAT,Mahesana,JALARK SOLAR SOLUTIONS OPC PVT LTD,infojalark@gmail.com,9426661857,0,0
GUJARAT,Mahesana,JAISHANAVI SOLAR,rishikeshthakkar@gmail.com,9974143899,0,0
GUJARAT,Mahesana,JAI SOMNATH ENTERPRISE,msjaisomnathenterprise@gmail.com,9979990909,0,0
GUJARAT,Mahesana,JAI INDUSTRIES,jaielectronic@yahoo.com,9828104233,0,0
GUJARAT,Mahesana,JAGRUTI TRADERS,jagrutitraders.solar@gmail.com,8980498030,0,0
GUJARAT,Mahesana,JAGDAMBA TRADERS,jagdambatraders.padra@gmail.com,7284841054,0,0
GUJARAT,Mahesana,JAGDAMBA ENTERPRISE,adarshrajput542@gmail.com,9316321978,0,0
GUJARAT,Mahesana,JAAC TECHNO SERVICES PVT LTD,jwalant.raval@jaacservices.com,9824000545,0,0
GUJARAT,Mahesana,JAAC TECHNO SERVICES PVT LTD,Jwalant.raval@jaacservice.com,9824000545,0,0
GUJARAT,Mahesana,J K MACHINE TOOLS (GUJARAT) PVT. LTD.,jk.solarium@gmail.com,9328290518,0,0
GUJARAT,Mahesana,J D ELECTRICAL AND TRADING,jdelectrical26@gmail.com,8320397049,0,0
GUJARAT,Mahesana,J B POWER SOLAR,jbpowersolar@gmail.com,9173390835,0,0
GUJARAT,Mahesana,IZZY ENERGY SOLUTION,izzyenergysolution@gmail.com,9909236062,0,0
GUJARAT,Mahesana,ISHITA ENGINEERING,ishitaengineering13@gmail.com,8866649177,0,0
GUJARAT,Mahesana,ISHA SALES,ishasolar027@gmail.com,9824739373,0,0
GUJARAT,Mahesana,INTEGRITY DESIGN ENGINEERING,neelpathak19@gmail.com,9638888049,0,0
GUJARAT,Mahesana,INSTANT ELECTRIC SERVICES,instantelectricservices@gmail.com,9909415407,0,0
GUJARAT,Mahesana,INRAYS TECHNOLOGY,inraystechnology@gmail.com,9898878734,0,0
GUJARAT,Mahesana,INOX SOLAR ENERGY,inoxsolarenergy@gmail.com,9904604047,0,0
GUJARAT,Mahesana,INFLUX SOLAR SOLUTIONS,influxsolarsolution@gmail.com,6352563582,0,0
GUJARAT,Mahesana,INFINITY SOLAR - SURAT,infinity.solar01@gmail.com,8866860686,0,0
GUJARAT,Mahesana,IMPULSE SYSTEM,info@impulsesystem.in,9426471057,0,0
GUJARAT,Mahesana,IMMIX SOLUTION,immixsolution@gmail.com,9265493249,0,0
GUJARAT,Mahesana,IDEAL RENEWABLE LLP,idealrenewable@gmail.com,9979083323,0,0
GUJARAT,Mahesana,ICONIC SOLAR ENERGY,iconicsolarenergy26@gmail.com,7698504095,0,0
GUJARAT,Mahesana,I SQUARE SOLAR,work.srbudheliya@gmail.com,9722272775,0,0
GUJARAT,Mahesana,I K SOLAR ENERGY,iksolarenergy2302@gmail.com,6353941652,0,0
GUJARAT,Mahesana,I CARE ENGINEERING,icareengr@gmail.com,9978920284,0,0
GUJARAT,Mahesana,HORIZON POWER SOLUTIONS,horizonpowersolutions2024@gmail.com,9909009525,0,0
GUJARAT,Mahesana,HIYASHA SOLAR SYSTEMS LLP,hiyashasolarsystems@gmail.com,9727097250,0,0
GUJARAT,Mahesana,HIPANAX ENERGY,hipanaxenergy@outlook.com,9727063026,0,0
GUJARAT,Mahesana,HINDUSTAN SOLAR AND POWER PACK,hindustansolar86@gmail.com,7016087359,0,0
GUJARAT,Mahesana,HIMSON ENERGY,himson.energy@gmail.com,9825242728,0,0
GUJARAT,Mahesana,HILTON RENEWABLES,hiltonrenewables.amr@gmail.com,8181080800,0,0
GUJARAT,Mahesana,HILL LIGHTING,rndungrani@gmail.com,9328385858,0,0
GUJARAT,Mahesana,HI TECH SOLAR SOLUTION,hitechsolarsolu@gmail.com,8140535380,0,0
GUJARAT,Mahesana,HEM SOLAR ENERGY & IRRIGATION,hemirrigtion@gmail.com,7698309718,0,0
GUJARAT,Mahesana,HELIOPATH SOLAR TECHNOLOGIES,enquiry.heliopath@gmail.com,8238664332,0,0
GUJARAT,Mahesana,HEAVEN GREEN ENERGY LTD. (FORMERLY KNOWN AS HEAVEN SOLAR ENERGY PVT LTD),heavensolarenergy@gmail.com,9979532167,0,0
GUJARAT,Mahesana,HAVTON INDIA,ravivarmora0803@gmail.com,9265496953,0,0
GUJARAT,Mahesana,HATKESH ENGINEERING,hatkeshengineering@gmail.com,9898105579,0,0
GUJARAT,Mahesana,HARSIDDHI ENGINEERING WORKS,harsiddiengineering@yahoo.com,9428342940,0,0
GUJARAT,Mahesana,HARSH ENTERPRISE,harshenterprise.ele@gmail.com,9586703597,0,0
GUJARAT,Mahesana,HARSH COMMUNICATION,harshcomm.solar@gmail.com,9137373727,0,0
GUJARAT,Mahesana,HARISH ENGINEERING WORKS,harish.engg91@gmail.com,9428618859,0,0
GUJARAT,Mahesana,HARIOM ENGINEERING,hariomsolarbotad@gmail.com,8140771766,0,0
GUJARAT,Mahesana,HARIOM ELECTRICS,manoj.patiwala.in@gmail.com,8140438508,0,0
GUJARAT,Mahesana,HAPPY ENTERPRISE,divyeshchavda007@gmail.com,9510887781,0,0
GUJARAT,Mahesana,HANU ENTERPRISE,hanuenterprise2023@gmail.com,9067322910,0,0
GUJARAT,Mahesana,HADAF GREEN ENERGY PRIVATE LIMITED,hadafgreenenergy@gmail.com,8320986239,0,0
GUJARAT,Mahesana,H & M COMPANY,info@hmcompany.in,9157768561,0,0
GUJARAT,Mahesana,GURUKRUPA ENTERPRISE,gurukrupaenterprise.head9@gmail.com,8320627280,0,0
GUJARAT,Mahesana,GUJARAT SUN ENERGY,info.gujaratsunenergy@gmail.com,9825608662,0,0
GUJARAT,Mahesana,GUJARAT SOLAR ENERGY,gujaratsolarenergy010@gmail.com,9898472919,0,0
GUJARAT,Mahesana,GS POWERTECH,info.gspowertech@gmail.com,7567438385,0,0
GUJARAT,Mahesana,GROWW SOLAR ENERGY,growwsolarenergy8@gmail.com,7874707545,0,0
GUJARAT,Mahesana,GROWTECH ENERGY,growtechenergy91@gmail.com,9998435528,0,0
GUJARAT,Mahesana,GROWSUN RENEWABLE LLP,info.growsunrenewablellp@gmail.com,9925590193,0,0
GUJARAT,Mahesana,GROW ENERGY SOLAR SOLUTION,growenergysolarsolution@gmail.com,7778999695,0,0
GUJARAT,Mahesana,GRIWA INTERNATIONAL LLP,prakashkoriya17@gmail.com,8200988481,0,0
GUJARAT,Mahesana,GREENTECH ENERGY,bhuvapiyush89@gmail.com,7990053035,0,0
GUJARAT,Mahesana,GREENMAX ENERGY PVT. LTD.,sales1@greenmaxenergy.in,9601100759,0,0
GUJARAT,Mahesana,GREENLAND,greenlandsolar.np@gmail.com,9825545043,0,0
GUJARAT,Mahesana,GREENLAND,greenlandsolar.projects@gmail.com,9825545043,0,0
GUJARAT,Mahesana,GREENEXCEL ENERGY SOLUTION PVT LTD,info@greenexcelenergy.com,9898949719,0,0
GUJARAT,Mahesana,GREENERGY SOLAR SOLUTIONS,greenergysolarsolutions26@gmail.com,9409215712,0,0
GUJARAT,Mahesana,GREENERGEE,greenergee@vikasaryagroup.com,9374635103,0,0
GUJARAT,Mahesana,GREENERA ENERTECH PVT LTD,greenera.solarenergy@gmail.com,9427726620,0,0
GUJARAT,Mahesana,GREENCUBE ENERGIES PRIVATE LIMITED,nirankush@gcepl.in,9106836019,0,0
GUJARAT,Mahesana,GREENCLEAN POWER SOLUTION,greencleanpowersolution@gmail.com,9909047056,0,0
GUJARAT,Mahesana,GREENBRILLIANCE RENEWABLE ENERGY LLP,jay.patel@gbreenergy.com,9879611302,0,0
GUJARAT,Mahesana,GREENARCH SOLAR PRIVATE LIMITED,greenarchsolar@gmail.com,9879262766,0,0
GUJARAT,Mahesana,GREEN WATT SOLAR ENERGY,greenwattsolarenergy2022@gmail.com,9898383910,0,0
GUJARAT,Mahesana,GREEN SUN SOLAR,greensunsolar07@gmail.com,7600649582,0,0
GUJARAT,Mahesana,GREEN SOLAR ENERGY,info@greenssolar.in,9687222261,0,0
GUJARAT,Mahesana,GREEN POWER ENERGY,info.greenenergy07@gmail.com,8780002027,0,0
GUJARAT,Mahesana,GREEN LIGHT ENERGY,glenergy2024@gmail.com,9998754265,0,0
GUJARAT,Mahesana,GREEN IMPAQ SOLAR ENERGY,greenimpaqsolarenergypm@mail.com,9974414600,0,0
GUJARAT,Mahesana,GREEN FEEDS,greenfeedsolar@gmail.com,9426780778,0,0
GUJARAT,Mahesana,GREEN ERA SYSTEM,greenerasystem@gmail.com,8320221647,0,0
GUJARAT,Mahesana,GREEN ENERGY-VALSAD,solar@greenenergy.ind.in,8866249369,0,0
GUJARAT,Mahesana,GREEN ENERGY SOLAR,ges.solar24@gmail.com,8866993164,0,0
GUJARAT,Mahesana,GREEN E SOLAR,greene.vb@hotmail.com,9925751589,0,0
GUJARAT,Mahesana,GREEN ARTH,info@greenarth.co.in,8780623141,0,0
GUJARAT,Mahesana,GREAT SOLUTION,greatsolution07@gmail.com,9924131317,0,0
GUJARAT,Mahesana,GRE ELECTRONICS PVT. LTD.,info@greindia.com,9825070480,0,0
GUJARAT,Mahesana,GRACE OF THE SUN ENERGY,gotssolar@gmail.com,8320258395,0,0
GUJARAT,Mahesana,GOVINDJI POWER,priyankvaghani86@gmail.com,9726643435,0,0
GUJARAT,Mahesana,GOPI TECHNOLOGIES,epc@gopitechnologies.com,8866077344,0,0
GUJARAT,Mahesana,GOPAL ENTERPRISE,gokulbharvad@gmail.com,9727756664,0,0
GUJARAT,Mahesana,GOLDSUN SOLAR,dhruvpadasumbiya@gmail.com,9409016021,0,0
GUJARAT,Mahesana,GOLDI SOLAR PRIVATE LIMITED,info@goldisolar.com,7211134134,0,0
GUJARAT,Mahesana,GLOBAL SOLAR SOLUTION,moxakboda111@gmail.com,8460820618,0,0
GUJARAT,Mahesana,GLOBAL SOLAR ENERGY,globalsolar99@gmail.com,8866190358,0,0
GUJARAT,Mahesana,GLOBAL ENTERPRISE,globalsolarent@gmail.com,9924900304,0,0
GUJARAT,Mahesana,GIR ENTERPRISES,ankitbhaiankit88@gmail.com,8686869015,0,0
GUJARAT,Mahesana,GHANSHYAM SOLAR ENERGY,ghanshyam.solar.energy@gmail.com,9510734317,0,0
GUJARAT,Mahesana,GHADIYA RENEWABLE ENERGY,KALPESHPATEL8914@GMAIL.COM,9714000952,0,0
GUJARAT,Mahesana,GESTIC SELICON ENERGY,shivammourya0987@gmail.com,9157621253,0,0
GUJARAT,Mahesana,GENESIS ELECTRICAL,genesiselectricalindia@gmail.com,8200480623,0,0
GUJARAT,Mahesana,GAYATRI SOLAR ENERGY,info@gayatrisolarenergy.com,8866778940,0,0
GUJARAT,Mahesana,GAYATRI CONSTRUCTION,chetansinh270@gmail.com,7408636363,0,0
GUJARAT,Mahesana,GALO ENERGY PRIVATE LIMITED,info@galo.co.in,9773988289,0,0
GUJARAT,Mahesana,GALAXY ENTERPRISE,galaxyenterprise265@gmail.com,9998017765,0,0
GUJARAT,Mahesana,GALAXY ENERGY SOLUTION,galaxyenergysolution@protonmail.com,9428158678,0,0
GUJARAT,Mahesana,GAJGATI STEEL AND ENERGY PVT LTD.,sales@gajgati.com,7990480061,0,0
GUJARAT,Mahesana,G-POWER PLUS,gpowerplus.in@gmail.com,9898420613,0,0
GUJARAT,Mahesana,FRIENDLY FOOTPRINTS LLP,infosolar.ff@gmail.com,7874833399,0,0
GUJARAT,Mahesana,FOURSUN SOLAR,project@foursunsolar.co.in,7435023502,0,0
GUJARAT,Mahesana,FOURCELL ENERGY PRIVATE LIMITED,fourcellenergy@gmail.com,9377776564,0,0
GUJARAT,Mahesana,FORTUNE TECHNOLOGIST,fortunetechnologist@gmail.com,9427597246,0,0
GUJARAT,Mahesana,FOREXT GREEN ENERGY PRIVATE LIMITED,Forextgreen@gmail.com,9227145384,0,0
GUJARAT,Mahesana,FLORIAN VENTURE PVT.LTD.,florianventurepvt.ltd@gmail.com,9081684444,0,0
GUJARAT,Mahesana,FLAME SOLREN PRIVATE LIMITED,operations@flamesolren.com,8849478907,0,0
GUJARAT,Mahesana,FERUS ENERGIES CO,info@ferusenergies.com,9913341342,0,0
GUJARAT,Mahesana,FATHUN RENEWABLE ENERGY (FORMERLY KNOWN AS KENVUE ENERGY),fathunrenewable@gmail.com,9898589612,0,0
GUJARAT,Mahesana,F Z ENERGY,info@fzenergy.in,9227153030,0,0
GUJARAT,Mahesana,F SOLAR ROOFTOP,fsolarrooftop@gmail.com,8469525856,0,0
GUJARAT,Mahesana,EXPERT POWER SOLUTION,info.expertpowersolution@gmail.com,8780287091,0,0
GUJARAT,Mahesana,EXIDE INDUSTRIES LIMITED,pramit.mukherjee@exide.co.in,6291226448,0,0
GUJARAT,Mahesana,EWC SOLAR PRIVITED LIMITED (FORMERLY KNOWN AS ENERGY POWER SYSTEMS),ewcsolarpvtltd@gmail.com,8141150688,0,0
GUJARAT,Mahesana,EWALK ENERGY,info.ewalkenergy@gmail.com,9054927675,0,0
GUJARAT,Mahesana,EWAA SOLAR TECHNOLOGY PRIVATE LIMITED,info@ewaasolartech.com,6356008400,0,0
GUJARAT,Mahesana,EVOTAR TECHNOLOGIES PRIVATE LIMITED,info@evotartech.com,6358999573,0,0
GUJARAT,Mahesana,EVERSHINE ENERGY,contact@evershineenergy.com,8460167441,0,0
GUJARAT,Mahesana,EVAANTA ENERGY,info@evaantaenergy.com,9712326261,0,0
GUJARAT,Mahesana,EUROSOLAR ENERGY INDUSTRIES,modasaeurosolar@gmail.com,9558823245,0,0
GUJARAT,Mahesana,EUROLITE SOLAR,harshil.patel@euroliteindia.com,7490007847,0,0
GUJARAT,Mahesana,ETERNAL SOLAR ENERGY,hiren.p.rathod@gmail.com,9879203040,0,0
GUJARAT,Mahesana,ETECH ENERGY,admin@etechenergy.com,9328509877,0,0
GUJARAT,Mahesana,ERA ENVIRO SOLUTIONS,info.eraenviro@gmail.com,9227849825,0,0
GUJARAT,Mahesana,EQUINOX SOLAR PRIVATE LIMITED,info@equinoxsolar.in,7573044078,0,0
GUJARAT,Mahesana,ENWATECH SOLUTION PVT.LTD,enwatechsolutionpvtltd@gmail.com,9427269089,0,0
GUJARAT,Mahesana,ENERGY O & M SERVICES PVT LTD,dhirajsummit@gmail.com,9512775551,0,0
GUJARAT,Mahesana,ENERGY EQUIPMENTS,energysolar58@gmail.com,9909923110,0,0
GUJARAT,Mahesana,ENERGETIC SOLAR,energeticsolar03@gmail.com,9537137427,0,0
GUJARAT,Mahesana,EMPYREAL SOLAR,liaison@empyreAlsolar.in,9099526261,0,0
GUJARAT,Mahesana,EMERALD ENTERPRISE,emerald.vadodara@outlook.com,9173591485,0,0
GUJARAT,Mahesana,ELIOS ENERGY,info@eliosenergy.co.in,7016192219,0,0
GUJARAT,Mahesana,ELECTROMECH DEVICES MANUFACTURING COMPANY,edmc.rpr@gmail.com,7000189225,0,0
GUJARAT,Mahesana,EFFICIENT ENERTECH PVT LTD,info@efficientenergyindia.com,9925624989,0,0
GUJARAT,Mahesana,ECOVIBE RENEWTECH ENERGY,ecoviberenewtechenergy@gmail.com,8401168101,0,0
GUJARAT,Mahesana,ECOLUX SOLAR,ecoluxsolar007@gmail.com,8980088806,0,0
GUJARAT,Mahesana,ECLIPTIC SOLAR,davevishalkumar@gmail.com,9825023276,0,0
GUJARAT,Mahesana,EARTHWAVE TECHNOLOGY PRIVATE LIMITED,EARTHWAVETECHNOLOGY@GMAIL.COM,9426373334,0,0
GUJARAT,Mahesana,EARTHTECH INNOVATIONS PRIVATE LIMITED,earthtechinnovations@gmail.com,8490850276,0,0
GUJARAT,Mahesana,EARTH WISE ENERGIES,earthwiseenergies@gmail.com,9033330463,0,0
GUJARAT,Mahesana,EARTH SOLARISM,earthsolarism@gmail.com,9724990231,0,0
GUJARAT,Mahesana,EARTH SOLAR ENERGY,EARTHSOLARE@GMAIL.COM,8200115874,0,0
GUJARAT,Mahesana,DWARKESH SOLAR ENERGY,nileshchavda1881@gmail.com,8000799990,0,0
GUJARAT,Mahesana,DUDANI RENEWABLES LLP,dudanirenewables@gmail.com,9429744710,0,0
GUJARAT,Mahesana,DREAM MART,dreammart108@gmail.com,9099975489,0,0
GUJARAT,Mahesana,DRAYS ENERGY SOLUTIONS,draysenergy@gmail.com,7802893258,0,0
GUJARAT,Mahesana,DRASHTI LIGHT CARE,drashti3411@gmail.com,9825430097,0,0
GUJARAT,Mahesana,DIWAKAR SOLAR ENTERPRISE,info.diwakarsolar@gmail.com,9104746612,0,0
GUJARAT,Mahesana,DIVY SOLAR TECHNOLOGY,divysolartechnology@gmail.com,9978551782,0,0
GUJARAT,Mahesana,DIVU ENTERPRISE,divuenterprise2023@gmail.com,7383114133,0,0
GUJARAT,Mahesana,DIVINE TECHNO SOLAR INDIA LLP,divinetechnosolar@gmail.com,9825229205,0,0
GUJARAT,Mahesana,DIVINE SOLAR ENERGY,divinesolarenergy33@gmail.com,7069853208,0,0
GUJARAT,Mahesana,DIVINE ENERGY INC,divinein17@gmail.com,7874391679,0,0
GUJARAT,Mahesana,DINESHBHAI CHATURBHAI NANDANA,nandanadinesh62@gmail.com,6351782902,0,0
GUJARAT,Mahesana,DIGI SOLAR ENERGY,digisolarenergy@gmail.com,9687818686,0,0
GUJARAT,Mahesana,DHVANI ENERGY,dhvanisolar@gmail.com,9537928064,0,0
GUJARAT,Mahesana,DHRUVIN ELECTRICALS,kirtipatel86665@gmail.com,9974814614,0,0
GUJARAT,Mahesana,DHRUVA ENTERPRISE,dhruvaenterprise123@gmail.com,9978124597,0,0
GUJARAT,Mahesana,DHRUV ENTERPRISE,dhruv.enterprise@aol.com,9825123335,0,0
GUJARAT,Mahesana,DHM SOLAR POWER PVT LTD,dhmsolarpower@gmail.com,8980508730,0,0
GUJARAT,Mahesana,DHARMANANDAN SOLAR ENERGY,mayurdhariyaparmar@gmail.com,9016367556,0,0
GUJARAT,Mahesana,DEV TECHNO,devtechno14@gmail.com,9898242190,0,0
GUJARAT,Mahesana,DEV ENTERPRISE,deventerprise424@gmail.com,9428121408,0,0
GUJARAT,Mahesana,DEV ELECTRICALS,develectricals2024@gmail.com,9974821967,0,0
GUJARAT,Mahesana,DELTA SOLAR ENERGY,deltasolarenergy1@gmail.com,9427539663,0,0
GUJARAT,Mahesana,DELICATE SOLAR PRIVATE LIMITED,gabanijemish3@gmail.com,8238340836,0,0
GUJARAT,Mahesana,DEK AND MAVERICKS GREEN ENERGY LIMITED,lalji.goltar@dmgel.in,8780289470,0,0
GUJARAT,Mahesana,D.K. & CO.,dkandcompanyrajkot@gmail.com,9925008040,0,0
GUJARAT,Mahesana,D.J.SOLAR & GENERAL,djsolar111@gmail.com,8401183303,0,0
GUJARAT,Mahesana,D-LIGHT SOLAR ENERGY LLP,epc@dlightsolarenergy.in,9898511535,0,0
GUJARAT,Mahesana,D SUN SOLAR,dsunsolar429@gmail.com,9904131777,0,0
GUJARAT,Mahesana,D S POWER SOLUTION,vipulas094@gmail.com,9106304356,0,0
GUJARAT,Mahesana,CYMENS ENTERPRISE,jaymakwana2062@gmail.com,9157133330,0,0
GUJARAT,Mahesana,CYBRID INFRATECH PRIVATE LIMITED,DEEPAK@CYBRIDINFRA.COM,9925299942,0,0
GUJARAT,Mahesana,CYBRIA SOLUTIONS,jagdish@cybriasolutions.com,9925026091,0,0
GUJARAT,Mahesana,CTONE METAL INDUSTRIES,hasmukhjoshi82@gmail.com,9909517156,0,0
GUJARAT,Mahesana,CROMPTON GREAVES CONSUMER ELECTRICALS LIMITED,solar.rooftop@crompton.co.in,9599589665,0,0
GUJARAT,Mahesana,CREST ENERGY SOLUTIONS,crestenergysolutions@gmail.com,9327415839,0,0
GUJARAT,Mahesana,CREASUN ENERGY,creasunenergy25@gmail.com,9624120591,0,0
GUJARAT,Mahesana,COSMIC SOLAR EPC PVT LTD,cosmicsolarepc@gmail.com,7984721299,0,0
GUJARAT,Mahesana,COSMIC ENTERPRISE,cosmicenergy13.info@gmail.com,9429213406,0,0
GUJARAT,Mahesana,CORWIND RENERGY LLP,corwind.renergy@gmail.com,9428490118,0,0
GUJARAT,Mahesana,CONVEX SOLAR,convexsolar92@gmail.com,9737710095,0,0
GUJARAT,Mahesana,CONNECT POWER PRIVATE LIMITED,hannan@connect-power.in,9898195122,0,0
GUJARAT,Mahesana,COMPUTER SHOP,pradeep_deputy@yahoo.com,7043402514,0,0
GUJARAT,Mahesana,COMPASS ENERGIES,abhishek@compassenergies.in,9974458840,0,0
GUJARAT,Mahesana,COMET EVSOL,cometevsol@gmail.com,8780440726,0,0
GUJARAT,Mahesana,CMPLUS QUALITY SERVICES PRIVATE LIMITED,chandramauli_india@yahoo.com,9868881112,0,0
GUJARAT,Mahesana,CHUDASAMA TEMUBHA BALVANTSINH,adityasolar1987@gmail.com,8200459492,0,0
GUJARAT,Mahesana,CHEMITEX EXPORTS PVT LTD,shrijichem@hotmail.com,9099940535,0,0
GUJARAT,Mahesana,CHARLES SOLAR POWER ENERGY,charlessolarpowerenergy1990@gmail.com,7016170076,0,0
GUJARAT,Mahesana,CHAMUNDA ELECTRICAL,chamundaelectrical1@gmail.coml,9723603864,0,0
GUJARAT,Mahesana,CEYONE SOLAR,ceyonesolar@gmail.com,7567091000,0,0
GUJARAT,Mahesana,CER ROOFTOP PVT LTD,susanta.hota@cer-inc.com,8586971731,0,0
GUJARAT,Mahesana,CAPITAL WELDING,freexindia@gmail.com,9499602041,0,0
GUJARAT,Mahesana,BURAK ENERGY,burakenergy7@gmail.com,9173110729,0,0
GUJARAT,Mahesana,BSN ELECTRICS PRIVATE LIMITED,bsnelectrics162018@gmail.com,9925249658,0,0
GUJARAT,Mahesana,BSAFAL RENEWABLE ENERGIES PVT LTD,nita.maru@bsrepl.com,9723706665,0,0
GUJARAT,Mahesana,BRITI ENERGY,britienergy2021@gmail.com,8460227728,0,0
GUJARAT,Mahesana,BRIHASPATHI TECHNOLOGIES PVT LTD,ramu@brihaspathi.com,9989999197,0,0
GUJARAT,Mahesana,BRIGHT SUN SOLAR SOLUTIONS,brightsun2029@gmai.com,9033398401,0,0
GUJARAT,Mahesana,BRAHMADIP ENTERPRISE,brahmadip.solar@yahoo.com,9427230047,0,0
GUJARAT,Mahesana,BOND SOLAR,bondsolar9@gmail.com,9998118505,0,0
GUJARAT,Mahesana,BLUTH SERVICES LLP,contact@bluthservices.com,8630697093,0,0
GUJARAT,Mahesana,BK GROUP & ASSOCIATES,irfansama2704@gmail.com,9879933662,0,0
GUJARAT,Mahesana,BISON ENGINEERS,bisonengineers19@gmail.com,7573984542,0,0
GUJARAT,Mahesana,BILIPATRA ENTERPRISE,prajapatijalpesh24@gmail.com,9427928892,0,0
GUJARAT,Mahesana,BHUMI POLYMERS PRIVATE LIMITED (FORMERLY KNOWN AS BHUMI POLYMERS PRIVATE LIMITES),solar@bhumipolymers.com,9099084938,0,0
GUJARAT,Mahesana,BHUMI GREEN POWER,bhumigreenpower@gmail.com,9824956161,0,0
GUJARAT,Mahesana,BHSQUARE SOLAR INSTALLATION SERVICES,harshwork2422@gmail.com,9909431526,0,0
GUJARAT,Mahesana,BHAVI URJA,bhaviurja@gmail.com,9377359007,0,0
GUJARAT,Mahesana,BHAVI SOLAR AND ELECTRICALS,chaudharid04@gmail.com,9099754254,0,0
GUJARAT,Mahesana,BHAUTIK ENGINEERING CO.,vegadabhautik2410@gmail.com,9825690528,0,0
GUJARAT,Mahesana,BHASKAR SOLAR ENTERPRISE,info.bhaskarsolar@gmail.com,8980451231,0,0
GUJARAT,Mahesana,BHASKAR RAY ENERGY,bhaskarray018@gmail.com,9426975552,0,0
GUJARAT,Mahesana,BHARTI SOLAR,bhartisolar1@gmail.com,8160804583,0,0
GUJARAT,Mahesana,BHARAT ENERGY,bharatenergy8889@gmail.com,9714131394,0,0
GUJARAT,Mahesana,BHANU ENTERPRISES,akkothari1964@gmail.com,9263635946,0,0
GUJARAT,Mahesana,BHAGWATI ELECTRICALS,bhagwatielectricals99091@gmail.com,7990883575,0,0
GUJARAT,Mahesana,BHAGVATI SOLAR POWER,info@bhagvatisolarpower.com,7770007502,0,0
GUJARAT,Mahesana,BHAGAT SOLAR ENERGY,bhujbhagatsolarenergy@gmail.com,9930432027,0,0
GUJARAT,Mahesana,BEYOND ENERGY,beyondenergy2025@gmail.com,8849608389,0,0
GUJARAT,Mahesana,BESIGNATURE SOLAR ENERGY PVT.LTD,signaturesolar975@gmail.com,7265996001,0,0
GUJARAT,Mahesana,BENCHMARK AGENCIES PRIVATE LIMITED,tarang@benchmarkagencies.com,8200267346,0,0
GUJARAT,Mahesana,BELIEVER RENEWAL ENERGY,bre.solar20@gmail.com,7434972242,0,0
GUJARAT,Mahesana,BELIEVE TECH ENERGY SERVICES,infobtes@gmail.com,9499631316,0,0
GUJARAT,Mahesana,BELIEF GREEN TECH PVT LTD,mandaviyakanji@gmail.com,6351555029,0,0
GUJARAT,Mahesana,BELIANCE ENERGY INDIA PVT.LTD.,belianceenergy@gmail.com,8511651364,0,0
GUJARAT,Mahesana,BASP ENTERPRISE PVT LTD,baspenterprise@gmail.com,9099912130,0,0
GUJARAT,Mahesana,BAPASITARAM ELECTRICAL,besolarenergy3386@gmail.com,9737632777,0,0
GUJARAT,Mahesana,BAPA SITARAM SOLAR POWER PVT LTD,bapasitaramsolarpower@gmail.com,8511362222,0,0
GUJARAT,Mahesana,BAPA SITARAM RENEWABLE ENERGY,BSREVADODARA@GMAIL.COM,9925557878,0,0
GUJARAT,Mahesana,BANSIDHAR SOLAR ENERGY,banshidharsolarenergy@gmail.com,9726035143,0,0
GUJARAT,Mahesana,BALA SOLAR,balasolar@yahoo.com,9879188034,0,0
GUJARAT,Mahesana,BAHUBALI CONSTRUCTION,pintudabhi626@gmail.com,8490005005,0,0
GUJARAT,Mahesana,BACKBONE ELECTRICALS,backbone.electricals@gmail.com,6356044325,0,0
GUJARAT,Mahesana,AYKKA TECHNOVISION PRIVATE LIMITED,aykka@outlook.in,9586508907,0,0
GUJARAT,Mahesana,AXIS ENERTECH,meet@axisenertech.com,9428028009,0,0
GUJARAT,Mahesana,AWAAS SEWA PRIVATE LIMITED,ADMIN@AWAAS.IN,9099189893,0,0
GUJARAT,Mahesana,AVIRAT ENERGY PVT LTD,aviratenergy@gmail.com,9697443344,0,0
GUJARAT,Mahesana,AVINYA POWER SOLUTION,avinyapowersolution@gmail.com,9099317212,0,0
GUJARAT,Mahesana,AVI APPLIANCES PVT. LTD.,design01@avi-products.com,9913759764,0,0
GUJARAT,Mahesana,AVATAR SOLAR PVT LTD,bharat@avatarsolar.com,9687055273,0,0
GUJARAT,Mahesana,AVANTA,info@avantasolar.com,9586355511,0,0
GUJARAT,Mahesana,ATRI ENERGY,atrienergy@gmail.com,7622838008,0,0
GUJARAT,Mahesana,ATLAS MATRIX PVT LTD,atlassolar01@gmail.com,9016955068,0,0
GUJARAT,Mahesana,ATHARV ENERTECH,montu.dedakiya@gmail.com,9998943833,0,0
GUJARAT,Mahesana,ASTHA ENTERPRISE,asthaenterprise8010@gmail.com,9925668010,0,0
GUJARAT,Mahesana,ASHAPURA SOLAR POWER,ashapurasolarpower2025@gmail.com,7778095905,0,0
GUJARAT,Mahesana,ASCENT ENERGY,ascentenergys@gmail.com,8799447675,0,0
GUJARAT,Mahesana,ARRAYCOM INDIA LIMITED,solar@arraycom.co.in,9909941004,0,0
GUJARAT,Mahesana,ARKURJA INNOVATIONS PRIVATE LIMITED,arkurjarenewables@gmail.com,7383188631,0,0
GUJARAT,Mahesana,ARKTEC RENEWABLE ENERGY LLP,arktecrenewableenergy@gmail.com,8160038659,0,0
GUJARAT,Mahesana,ARKAY SOLAR ENERGY LLP,arkaysolar02@gmail.com,9737636600,0,0
GUJARAT,Mahesana,ARJUN ENTERPRISE,arjunenter2013@gmail.com,8780886508,0,0
GUJARAT,Mahesana,ARJAN SOLAR,info@arjansolar.com,9638064824,0,0
GUJARAT,Mahesana,ARIHAA SOLAR PVT LTD,ashish.arihaasolar@gmail.com,9825877888,0,0
GUJARAT,Mahesana,ARETE ELECTROPOWER PVT LTD,projects@arelectropower.com,9099940283,0,0
GUJARAT,Mahesana,ARCHER RENEWABLE PRIVATE LIMITED,info@archersolar.in,8000041003,0,0
GUJARAT,Mahesana,ARBUDA SOLAR,manan.chaudhari@hotmail.com,9638732097,0,0
GUJARAT,Mahesana,AQUILINE ENERGY SOLUTION,aquilineenergysolution@gmail.com,7016762587,0,0
GUJARAT,Mahesana,AQUA AIR ENVIRONMENTAL ENGINEERS PVT LTD,aquasolarsurat@gmail.com,9898068808,0,0
GUJARAT,Mahesana,APOLLO SOLAR POWER,dhavalsavani@icloud.com,9099006748,0,0
GUJARAT,Mahesana,APN SOLAR ENERGY PVT LTD,nationalportal@apnsolar.com,9702034043,0,0
GUJARAT,Mahesana,AONE RENEWABLE ENERGY,md.aonerenewableenergy@gmail.com,7435061657,0,0
GUJARAT,Mahesana,ANK SOLAR ENERGY,anksolarenergy@gmail.com,9724816510,0,0
GUJARAT,Mahesana,ANGEL PUMPS PVT.LTD.,solar1@pumpsangel.com,9904809409,0,0
GUJARAT,Mahesana,ANANYA SOLAR ENTERPRISE,ananyasolarenterprise@gmail.com,9537638499,0,0
GUJARAT,Mahesana,ANANYA RENEWABLE ENERGY LLP,energy.ananyarenewable@gmail.com,9327003360,0,0
GUJARAT,Mahesana,ANANT SOLAR ENRGY,anantsolarenergy@gmail.com,9904198764,0,0
GUJARAT,Mahesana,ANANT SOLAR,anantsolar4242@gmail.com,8401714242,0,0
GUJARAT,Mahesana,ANAND AND ANAND ASSOCIATES,yogeshanandk@gmail.com,9426546256,0,0
GUJARAT,Mahesana,AMUL ENTERPRISE,amulenterprise92@gmail.com,9898618448,0,0
GUJARAT,Mahesana,AMRUT ENGINEERS,amrutengineersbhuj@gmail.com,9033492711,0,0
GUJARAT,Mahesana,AMPLE ELECTRICAL SYSTEMS,ample.info.in@gmail.com,9924391221,0,0
GUJARAT,Mahesana,AMAR JYOT SPRAY PUMP,ajagriandsolar@gmail.com,9722227299,0,0
GUJARAT,Mahesana,ALFA SOLAR ENERGY PVT. LTD.,alfaenergypvtltd24@gmail.com,9825374299,0,0
GUJARAT,Mahesana,ALFA SOLAR ENERGY,alfasolarenergy2020@gmail.com,9825374250,0,0
GUJARAT,Mahesana,AKUNTHA PROJECTS PVT LTD,ravi@akuntha.com,9426402423,0,0
GUJARAT,Mahesana,AKSHAR SOLAR ENERGY,aksharsolarenergy@gmail.com,8200328133,0,0
GUJARAT,Mahesana,AKHANDDEEP SOLAR SOLUTION,akhanddeepsolar@gmail.com,9978643099,0,0
GUJARAT,Mahesana,AKHAND SHAKTI SOLAR,apparanjape@gmail.com,9427003484,0,0
GUJARAT,Mahesana,AK GREEN ENERGY,akgreenenergy49@gmail.com,9974846833,0,0
GUJARAT,Mahesana,AGARIA ENTERPRISE,mahammadikbalagariya@gmail.com,8200605756,0,0
GUJARAT,Mahesana,AEW SMART SERVICES PVT. LTD.,netmetering@aewsmart.com,8851047092,0,0
GUJARAT,Mahesana,AEROVOLT ENERGY PRIVATE LIMITED,aerovoltenergy@gmail.com,9558002201,0,0
GUJARAT,Mahesana,ADVANCE SOLAR,advancesolar139@gmail.com,7698756075,0,0
GUJARAT,Mahesana,ADVANCE ENERGY SOLUTION,info.advanceenergysolution@gmail.com,8799359849,0,0
GUJARAT,Mahesana,ADITYAURJA,info.adityaurjasolar@gmail.com,7359935517,0,0
GUJARAT,Mahesana,ACTIVE POWER INFRA,activepowerinfra@gmail.com,7228828738,0,0
GUJARAT,Mahesana,ACHYUT ENERGY,achyutenergy@gmail.com,9275382879,0,0
GUJARAT,Mahesana,ACCURATE INFOTECH,accurateinfotech1@gmail.com,8866445623,0,0
GUJARAT,Mahesana,ACCLIMATE SYSTEMS PRIVATE LIMITED,acclimatesystem@gmail.com,7878538141,0,0
GUJARAT,Mahesana,AC DC PROJECTS,acdcprojects1@gmail.com,8200193182,0,0
GUJARAT,Mahesana,ABS SOLAR ENERGY,abssolar16@gmail.com,7574010721,0,0
GUJARAT,Mahesana,AATREY ASSOCIATES PRIVATE LIMITED,aatreyassociates@gmail.com,9824089144,0,0
GUJARAT,Mahesana,AASHA SOLAR ENERGY,aashasolarenergy1@gmail.com,7016775306,0,0
GUJARAT,Mahesana,AARUSH ENTERPRISE,info@aarushsolar.com,9724302078,0,0
GUJARAT,Mahesana,AARAMBH RENEWABLE,aarambhrenewable@gamil.com,8487861888,0,0
GUJARAT,Mahesana,AANJNEY ENTERPRISE,aanjneysolar@gmail.com,6353161531,0,0
GUJARAT,Mahesana,AANGI SOLAR,aangisolar@gmail.com,8000848307,0,0
GUJARAT,Mahesana,AAMOKSH ELECTRICALS PRIVATE LIMITED,hardik.pandya4166@gmail.com,9998367462,0,0
GUJARAT,Mahesana,AAKASH ENTERPRISES,Enterprise.aakash2010@gmail.com,8735074986,0,0
GUJARAT,Mahesana,AAJIVAN SOLAR POWER,aajivansolarpower@gmail.com,9106798337,0,0
GUJARAT,Mahesana,AA SOLAR,enquiry.aasolar@gmail.com,7984392322,0,0
GUJARAT,Mahesana,A S SOLAR ENTERPRISE,assolarenterprise@gmail.com,9510572504,0,0
GUJARAT,Mahesana,A S RENEWABLE ENERGY PRIVATE LIMITED,info@asre.co.in,9067207226,0,0
GUJARAT,Mahesana,7 STAR SOLAR ENERGY,7STAR51751@GMAIL.COM,9624899019,0,0
GUJARAT,Mahesana,5 RAYS ENERGY,5raysenergy@gmail.com,9979595404,0,0
GUJARAT,Mahesana,4THVED AGROTECH,4thvedagro@gmail.com,9377126082,0,0
GUJARAT,Mahesana,4SUN POWER,4sunpower.ahd@gmail.com,8000859548,0,0
GUJARAT,Mahesana,24R ENERGY,abhinav.24renergy@gmail.com,9898881359,0,0
